solid ASCII
  facet normal 0.000000e+00 -0.000000e+00 1.000000e+00
    outer loop
      vertex   -1.823959e+01 9.049415e+00 -1.700000e+00
      vertex   -1.674241e+01 9.049415e+00 -1.700000e+00
      vertex   -1.826600e+01 9.250000e+00 -1.700000e+00
    endloop
  endfacet
  facet normal -0.000000e+00 0.000000e+00 1.000000e+00
    outer loop
      vertex   -1.826600e+01 9.250000e+00 -1.700000e+00
      vertex   -1.674241e+01 9.049415e+00 -1.700000e+00
      vertex   -1.671600e+01 9.250000e+00 -1.700000e+00
    endloop
  endfacet
  facet normal 0.000000e+00 0.000000e+00 1.000000e+00
    outer loop
      vertex   -1.826600e+01 9.250000e+00 -1.700000e+00
      vertex   -1.671600e+01 9.250000e+00 -1.700000e+00
      vertex   -1.823959e+01 9.450585e+00 -1.700000e+00
    endloop
  endfacet
  facet normal -0.000000e+00 0.000000e+00 1.000000e+00
    outer loop
      vertex   -1.823959e+01 9.450585e+00 -1.700000e+00
      vertex   -1.671600e+01 9.250000e+00 -1.700000e+00
      vertex   -1.674241e+01 9.450585e+00 -1.700000e+00
    endloop
  endfacet
  facet normal 0.000000e+00 0.000000e+00 1.000000e+00
    outer loop
      vertex   -1.823959e+01 9.450585e+00 -1.700000e+00
      vertex   -1.674241e+01 9.450585e+00 -1.700000e+00
      vertex   -1.816217e+01 9.637500e+00 -1.700000e+00
    endloop
  endfacet
  facet normal -0.000000e+00 0.000000e+00 1.000000e+00
    outer loop
      vertex   -1.816217e+01 9.637500e+00 -1.700000e+00
      vertex   -1.674241e+01 9.450585e+00 -1.700000e+00
      vertex   -1.681983e+01 9.637500e+00 -1.700000e+00
    endloop
  endfacet
  facet normal 0.000000e+00 0.000000e+00 1.000000e+00
    outer loop
      vertex   -1.816217e+01 9.637500e+00 -1.700000e+00
      vertex   -1.681983e+01 9.637500e+00 -1.700000e+00
      vertex   -1.803901e+01 9.798008e+00 -1.700000e+00
    endloop
  endfacet
  facet normal -0.000000e+00 0.000000e+00 1.000000e+00
    outer loop
      vertex   -1.803901e+01 9.798008e+00 -1.700000e+00
      vertex   -1.681983e+01 9.637500e+00 -1.700000e+00
      vertex   -1.694299e+01 9.798008e+00 -1.700000e+00
    endloop
  endfacet
  facet normal 0.000000e+00 0.000000e+00 1.000000e+00
    outer loop
      vertex   -1.803901e+01 9.798008e+00 -1.700000e+00
      vertex   -1.694299e+01 9.798008e+00 -1.700000e+00
      vertex   -1.787850e+01 9.921170e+00 -1.700000e+00
    endloop
  endfacet
  facet normal -0.000000e+00 0.000000e+00 1.000000e+00
    outer loop
      vertex   -1.787850e+01 9.921170e+00 -1.700000e+00
      vertex   -1.694299e+01 9.798008e+00 -1.700000e+00
      vertex   -1.710350e+01 9.921170e+00 -1.700000e+00
    endloop
  endfacet
  facet normal 0.000000e+00 0.000000e+00 1.000000e+00
    outer loop
      vertex   -1.787850e+01 9.921170e+00 -1.700000e+00
      vertex   -1.710350e+01 9.921170e+00 -1.700000e+00
      vertex   -1.769158e+01 9.998593e+00 -1.700000e+00
    endloop
  endfacet
  facet normal -0.000000e+00 0.000000e+00 1.000000e+00
    outer loop
      vertex   -1.769158e+01 9.998593e+00 -1.700000e+00
      vertex   -1.710350e+01 9.921170e+00 -1.700000e+00
      vertex   -1.729042e+01 9.998593e+00 -1.700000e+00
    endloop
  endfacet
  facet normal 0.000000e+00 0.000000e+00 1.000000e+00
    outer loop
      vertex   -1.769158e+01 9.998593e+00 -1.700000e+00
      vertex   -1.729042e+01 9.998593e+00 -1.700000e+00
      vertex   -1.749100e+01 1.002500e+01 -1.700000e+00
    endloop
  endfacet
  facet normal 0.000000e+00 0.000000e+00 1.000000e+00
    outer loop
      vertex   -1.674241e+01 9.049415e+00 -1.700000e+00
      vertex   -1.823959e+01 9.049415e+00 -1.700000e+00
      vertex   -1.681983e+01 8.862500e+00 -1.700000e+00
    endloop
  endfacet
  facet normal 0.000000e+00 0.000000e+00 1.000000e+00
    outer loop
      vertex   -1.681983e+01 8.862500e+00 -1.700000e+00
      vertex   -1.823959e+01 9.049415e+00 -1.700000e+00
      vertex   -1.816217e+01 8.862500e+00 -1.700000e+00
    endloop
  endfacet
  facet normal 0.000000e+00 0.000000e+00 1.000000e+00
    outer loop
      vertex   -1.681983e+01 8.862500e+00 -1.700000e+00
      vertex   -1.816217e+01 8.862500e+00 -1.700000e+00
      vertex   -1.694299e+01 8.701992e+00 -1.700000e+00
    endloop
  endfacet
  facet normal 0.000000e+00 0.000000e+00 1.000000e+00
    outer loop
      vertex   -1.694299e+01 8.701992e+00 -1.700000e+00
      vertex   -1.816217e+01 8.862500e+00 -1.700000e+00
      vertex   -1.803901e+01 8.701992e+00 -1.700000e+00
    endloop
  endfacet
  facet normal 0.000000e+00 0.000000e+00 1.000000e+00
    outer loop
      vertex   -1.694299e+01 8.701992e+00 -1.700000e+00
      vertex   -1.803901e+01 8.701992e+00 -1.700000e+00
      vertex   -1.710350e+01 8.578830e+00 -1.700000e+00
    endloop
  endfacet
  facet normal 0.000000e+00 0.000000e+00 1.000000e+00
    outer loop
      vertex   -1.710350e+01 8.578830e+00 -1.700000e+00
      vertex   -1.803901e+01 8.701992e+00 -1.700000e+00
      vertex   -1.787850e+01 8.578830e+00 -1.700000e+00
    endloop
  endfacet
  facet normal 0.000000e+00 0.000000e+00 1.000000e+00
    outer loop
      vertex   -1.710350e+01 8.578830e+00 -1.700000e+00
      vertex   -1.787850e+01 8.578830e+00 -1.700000e+00
      vertex   -1.729042e+01 8.501407e+00 -1.700000e+00
    endloop
  endfacet
  facet normal 0.000000e+00 0.000000e+00 1.000000e+00
    outer loop
      vertex   -1.729042e+01 8.501407e+00 -1.700000e+00
      vertex   -1.787850e+01 8.578830e+00 -1.700000e+00
      vertex   -1.769158e+01 8.501407e+00 -1.700000e+00
    endloop
  endfacet
  facet normal 0.000000e+00 0.000000e+00 1.000000e+00
    outer loop
      vertex   -1.729042e+01 8.501407e+00 -1.700000e+00
      vertex   -1.769158e+01 8.501407e+00 -1.700000e+00
      vertex   -1.749100e+01 8.475000e+00 -1.700000e+00
    endloop
  endfacet
  facet normal 0.000000e+00 -0.000000e+00 1.000000e+00
    outer loop
      vertex   -1.823959e+01 -9.950585e+00 -1.700000e+00
      vertex   -1.674241e+01 -9.950585e+00 -1.700000e+00
      vertex   -1.826600e+01 -9.750000e+00 -1.700000e+00
    endloop
  endfacet
  facet normal -0.000000e+00 0.000000e+00 1.000000e+00
    outer loop
      vertex   -1.826600e+01 -9.750000e+00 -1.700000e+00
      vertex   -1.674241e+01 -9.950585e+00 -1.700000e+00
      vertex   -1.671600e+01 -9.750000e+00 -1.700000e+00
    endloop
  endfacet
  facet normal 0.000000e+00 0.000000e+00 1.000000e+00
    outer loop
      vertex   -1.826600e+01 -9.750000e+00 -1.700000e+00
      vertex   -1.671600e+01 -9.750000e+00 -1.700000e+00
      vertex   -1.823959e+01 -9.549415e+00 -1.700000e+00
    endloop
  endfacet
  facet normal 0.000000e+00 0.000000e+00 1.000000e+00
    outer loop
      vertex   -1.823959e+01 -9.549415e+00 -1.700000e+00
      vertex   -1.671600e+01 -9.750000e+00 -1.700000e+00
      vertex   -1.674241e+01 -9.549415e+00 -1.700000e+00
    endloop
  endfacet
  facet normal -0.000000e+00 0.000000e+00 1.000000e+00
    outer loop
      vertex   -1.823959e+01 -9.549415e+00 -1.700000e+00
      vertex   -1.674241e+01 -9.549415e+00 -1.700000e+00
      vertex   -1.816217e+01 -9.362500e+00 -1.700000e+00
    endloop
  endfacet
  facet normal -0.000000e+00 0.000000e+00 1.000000e+00
    outer loop
      vertex   -1.816217e+01 -9.362500e+00 -1.700000e+00
      vertex   -1.674241e+01 -9.549415e+00 -1.700000e+00
      vertex   -1.681983e+01 -9.362500e+00 -1.700000e+00
    endloop
  endfacet
  facet normal 0.000000e+00 0.000000e+00 1.000000e+00
    outer loop
      vertex   -1.816217e+01 -9.362500e+00 -1.700000e+00
      vertex   -1.681983e+01 -9.362500e+00 -1.700000e+00
      vertex   -1.803901e+01 -9.201992e+00 -1.700000e+00
    endloop
  endfacet
  facet normal -0.000000e+00 0.000000e+00 1.000000e+00
    outer loop
      vertex   -1.803901e+01 -9.201992e+00 -1.700000e+00
      vertex   -1.681983e+01 -9.362500e+00 -1.700000e+00
      vertex   -1.694299e+01 -9.201992e+00 -1.700000e+00
    endloop
  endfacet
  facet normal 0.000000e+00 0.000000e+00 1.000000e+00
    outer loop
      vertex   -1.803901e+01 -9.201992e+00 -1.700000e+00
      vertex   -1.694299e+01 -9.201992e+00 -1.700000e+00
      vertex   -1.787850e+01 -9.078830e+00 -1.700000e+00
    endloop
  endfacet
  facet normal 0.000000e+00 0.000000e+00 1.000000e+00
    outer loop
      vertex   -1.787850e+01 -9.078830e+00 -1.700000e+00
      vertex   -1.694299e+01 -9.201992e+00 -1.700000e+00
      vertex   -1.710350e+01 -9.078830e+00 -1.700000e+00
    endloop
  endfacet
  facet normal -0.000000e+00 0.000000e+00 1.000000e+00
    outer loop
      vertex   -1.787850e+01 -9.078830e+00 -1.700000e+00
      vertex   -1.710350e+01 -9.078830e+00 -1.700000e+00
      vertex   -1.769158e+01 -9.001407e+00 -1.700000e+00
    endloop
  endfacet
  facet normal -0.000000e+00 0.000000e+00 1.000000e+00
    outer loop
      vertex   -1.769158e+01 -9.001407e+00 -1.700000e+00
      vertex   -1.710350e+01 -9.078830e+00 -1.700000e+00
      vertex   -1.729042e+01 -9.001407e+00 -1.700000e+00
    endloop
  endfacet
  facet normal 0.000000e+00 0.000000e+00 1.000000e+00
    outer loop
      vertex   -1.769158e+01 -9.001407e+00 -1.700000e+00
      vertex   -1.729042e+01 -9.001407e+00 -1.700000e+00
      vertex   -1.749100e+01 -8.975000e+00 -1.700000e+00
    endloop
  endfacet
  facet normal 0.000000e+00 0.000000e+00 1.000000e+00
    outer loop
      vertex   -1.674241e+01 -9.950585e+00 -1.700000e+00
      vertex   -1.823959e+01 -9.950585e+00 -1.700000e+00
      vertex   -1.681983e+01 -1.013750e+01 -1.700000e+00
    endloop
  endfacet
  facet normal 0.000000e+00 0.000000e+00 1.000000e+00
    outer loop
      vertex   -1.681983e+01 -1.013750e+01 -1.700000e+00
      vertex   -1.823959e+01 -9.950585e+00 -1.700000e+00
      vertex   -1.816217e+01 -1.013750e+01 -1.700000e+00
    endloop
  endfacet
  facet normal 0.000000e+00 0.000000e+00 1.000000e+00
    outer loop
      vertex   -1.681983e+01 -1.013750e+01 -1.700000e+00
      vertex   -1.816217e+01 -1.013750e+01 -1.700000e+00
      vertex   -1.694299e+01 -1.029801e+01 -1.700000e+00
    endloop
  endfacet
  facet normal 0.000000e+00 0.000000e+00 1.000000e+00
    outer loop
      vertex   -1.694299e+01 -1.029801e+01 -1.700000e+00
      vertex   -1.816217e+01 -1.013750e+01 -1.700000e+00
      vertex   -1.803901e+01 -1.029801e+01 -1.700000e+00
    endloop
  endfacet
  facet normal 0.000000e+00 0.000000e+00 1.000000e+00
    outer loop
      vertex   -1.694299e+01 -1.029801e+01 -1.700000e+00
      vertex   -1.803901e+01 -1.029801e+01 -1.700000e+00
      vertex   -1.710350e+01 -1.042117e+01 -1.700000e+00
    endloop
  endfacet
  facet normal 0.000000e+00 0.000000e+00 1.000000e+00
    outer loop
      vertex   -1.710350e+01 -1.042117e+01 -1.700000e+00
      vertex   -1.803901e+01 -1.029801e+01 -1.700000e+00
      vertex   -1.787850e+01 -1.042117e+01 -1.700000e+00
    endloop
  endfacet
  facet normal 0.000000e+00 0.000000e+00 1.000000e+00
    outer loop
      vertex   -1.710350e+01 -1.042117e+01 -1.700000e+00
      vertex   -1.787850e+01 -1.042117e+01 -1.700000e+00
      vertex   -1.729042e+01 -1.049859e+01 -1.700000e+00
    endloop
  endfacet
  facet normal 0.000000e+00 0.000000e+00 1.000000e+00
    outer loop
      vertex   -1.729042e+01 -1.049859e+01 -1.700000e+00
      vertex   -1.787850e+01 -1.042117e+01 -1.700000e+00
      vertex   -1.769158e+01 -1.049859e+01 -1.700000e+00
    endloop
  endfacet
  facet normal 0.000000e+00 0.000000e+00 1.000000e+00
    outer loop
      vertex   -1.729042e+01 -1.049859e+01 -1.700000e+00
      vertex   -1.769158e+01 -1.049859e+01 -1.700000e+00
      vertex   -1.749100e+01 -1.052500e+01 -1.700000e+00
    endloop
  endfacet
  facet normal 0.000000e+00 -0.000000e+00 1.000000e+00
    outer loop
      vertex   1.906221e+01 9.049415e+00 -1.700000e+00
      vertex   2.055939e+01 9.049415e+00 -1.700000e+00
      vertex   1.903580e+01 9.250000e+00 -1.700000e+00
    endloop
  endfacet
  facet normal -0.000000e+00 0.000000e+00 1.000000e+00
    outer loop
      vertex   1.903580e+01 9.250000e+00 -1.700000e+00
      vertex   2.055939e+01 9.049415e+00 -1.700000e+00
      vertex   2.058580e+01 9.250000e+00 -1.700000e+00
    endloop
  endfacet
  facet normal 0.000000e+00 0.000000e+00 1.000000e+00
    outer loop
      vertex   1.903580e+01 9.250000e+00 -1.700000e+00
      vertex   2.058580e+01 9.250000e+00 -1.700000e+00
      vertex   1.906221e+01 9.450585e+00 -1.700000e+00
    endloop
  endfacet
  facet normal -0.000000e+00 0.000000e+00 1.000000e+00
    outer loop
      vertex   1.906221e+01 9.450585e+00 -1.700000e+00
      vertex   2.058580e+01 9.250000e+00 -1.700000e+00
      vertex   2.055939e+01 9.450585e+00 -1.700000e+00
    endloop
  endfacet
  facet normal 0.000000e+00 0.000000e+00 1.000000e+00
    outer loop
      vertex   1.906221e+01 9.450585e+00 -1.700000e+00
      vertex   2.055939e+01 9.450585e+00 -1.700000e+00
      vertex   1.913963e+01 9.637500e+00 -1.700000e+00
    endloop
  endfacet
  facet normal -0.000000e+00 0.000000e+00 1.000000e+00
    outer loop
      vertex   1.913963e+01 9.637500e+00 -1.700000e+00
      vertex   2.055939e+01 9.450585e+00 -1.700000e+00
      vertex   2.048197e+01 9.637500e+00 -1.700000e+00
    endloop
  endfacet
  facet normal 0.000000e+00 0.000000e+00 1.000000e+00
    outer loop
      vertex   1.913963e+01 9.637500e+00 -1.700000e+00
      vertex   2.048197e+01 9.637500e+00 -1.700000e+00
      vertex   1.926279e+01 9.798008e+00 -1.700000e+00
    endloop
  endfacet
  facet normal -0.000000e+00 0.000000e+00 1.000000e+00
    outer loop
      vertex   1.926279e+01 9.798008e+00 -1.700000e+00
      vertex   2.048197e+01 9.637500e+00 -1.700000e+00
      vertex   2.035881e+01 9.798008e+00 -1.700000e+00
    endloop
  endfacet
  facet normal 0.000000e+00 0.000000e+00 1.000000e+00
    outer loop
      vertex   1.926279e+01 9.798008e+00 -1.700000e+00
      vertex   2.035881e+01 9.798008e+00 -1.700000e+00
      vertex   1.942330e+01 9.921170e+00 -1.700000e+00
    endloop
  endfacet
  facet normal -0.000000e+00 0.000000e+00 1.000000e+00
    outer loop
      vertex   1.942330e+01 9.921170e+00 -1.700000e+00
      vertex   2.035881e+01 9.798008e+00 -1.700000e+00
      vertex   2.019830e+01 9.921170e+00 -1.700000e+00
    endloop
  endfacet
  facet normal 0.000000e+00 0.000000e+00 1.000000e+00
    outer loop
      vertex   1.942330e+01 9.921170e+00 -1.700000e+00
      vertex   2.019830e+01 9.921170e+00 -1.700000e+00
      vertex   1.961022e+01 9.998593e+00 -1.700000e+00
    endloop
  endfacet
  facet normal -0.000000e+00 0.000000e+00 1.000000e+00
    outer loop
      vertex   1.961022e+01 9.998593e+00 -1.700000e+00
      vertex   2.019830e+01 9.921170e+00 -1.700000e+00
      vertex   2.001138e+01 9.998593e+00 -1.700000e+00
    endloop
  endfacet
  facet normal 0.000000e+00 0.000000e+00 1.000000e+00
    outer loop
      vertex   1.961022e+01 9.998593e+00 -1.700000e+00
      vertex   2.001138e+01 9.998593e+00 -1.700000e+00
      vertex   1.981080e+01 1.002500e+01 -1.700000e+00
    endloop
  endfacet
  facet normal 0.000000e+00 0.000000e+00 1.000000e+00
    outer loop
      vertex   2.055939e+01 9.049415e+00 -1.700000e+00
      vertex   1.906221e+01 9.049415e+00 -1.700000e+00
      vertex   2.048197e+01 8.862500e+00 -1.700000e+00
    endloop
  endfacet
  facet normal 0.000000e+00 0.000000e+00 1.000000e+00
    outer loop
      vertex   2.048197e+01 8.862500e+00 -1.700000e+00
      vertex   1.906221e+01 9.049415e+00 -1.700000e+00
      vertex   1.913963e+01 8.862500e+00 -1.700000e+00
    endloop
  endfacet
  facet normal 0.000000e+00 0.000000e+00 1.000000e+00
    outer loop
      vertex   2.048197e+01 8.862500e+00 -1.700000e+00
      vertex   1.913963e+01 8.862500e+00 -1.700000e+00
      vertex   2.035881e+01 8.701992e+00 -1.700000e+00
    endloop
  endfacet
  facet normal 0.000000e+00 0.000000e+00 1.000000e+00
    outer loop
      vertex   2.035881e+01 8.701992e+00 -1.700000e+00
      vertex   1.913963e+01 8.862500e+00 -1.700000e+00
      vertex   1.926279e+01 8.701992e+00 -1.700000e+00
    endloop
  endfacet
  facet normal 0.000000e+00 0.000000e+00 1.000000e+00
    outer loop
      vertex   2.035881e+01 8.701992e+00 -1.700000e+00
      vertex   1.926279e+01 8.701992e+00 -1.700000e+00
      vertex   2.019830e+01 8.578830e+00 -1.700000e+00
    endloop
  endfacet
  facet normal 0.000000e+00 0.000000e+00 1.000000e+00
    outer loop
      vertex   2.019830e+01 8.578830e+00 -1.700000e+00
      vertex   1.926279e+01 8.701992e+00 -1.700000e+00
      vertex   1.942330e+01 8.578830e+00 -1.700000e+00
    endloop
  endfacet
  facet normal 0.000000e+00 0.000000e+00 1.000000e+00
    outer loop
      vertex   2.019830e+01 8.578830e+00 -1.700000e+00
      vertex   1.942330e+01 8.578830e+00 -1.700000e+00
      vertex   2.001138e+01 8.501407e+00 -1.700000e+00
    endloop
  endfacet
  facet normal 0.000000e+00 0.000000e+00 1.000000e+00
    outer loop
      vertex   2.001138e+01 8.501407e+00 -1.700000e+00
      vertex   1.942330e+01 8.578830e+00 -1.700000e+00
      vertex   1.961022e+01 8.501407e+00 -1.700000e+00
    endloop
  endfacet
  facet normal 0.000000e+00 0.000000e+00 1.000000e+00
    outer loop
      vertex   2.001138e+01 8.501407e+00 -1.700000e+00
      vertex   1.961022e+01 8.501407e+00 -1.700000e+00
      vertex   1.981080e+01 8.475000e+00 -1.700000e+00
    endloop
  endfacet
  facet normal 0.000000e+00 0.000000e+00 1.000000e+00
    outer loop
      vertex   2.055939e+01 -9.549415e+00 -1.700000e+00
      vertex   1.906221e+01 -9.549415e+00 -1.700000e+00
      vertex   2.058580e+01 -9.750000e+00 -1.700000e+00
    endloop
  endfacet
  facet normal 0.000000e+00 0.000000e+00 1.000000e+00
    outer loop
      vertex   2.058580e+01 -9.750000e+00 -1.700000e+00
      vertex   1.906221e+01 -9.549415e+00 -1.700000e+00
      vertex   1.903580e+01 -9.750000e+00 -1.700000e+00
    endloop
  endfacet
  facet normal 0.000000e+00 0.000000e+00 1.000000e+00
    outer loop
      vertex   2.058580e+01 -9.750000e+00 -1.700000e+00
      vertex   1.903580e+01 -9.750000e+00 -1.700000e+00
      vertex   2.055939e+01 -9.950585e+00 -1.700000e+00
    endloop
  endfacet
  facet normal 0.000000e+00 0.000000e+00 1.000000e+00
    outer loop
      vertex   2.055939e+01 -9.950585e+00 -1.700000e+00
      vertex   1.903580e+01 -9.750000e+00 -1.700000e+00
      vertex   1.906221e+01 -9.950585e+00 -1.700000e+00
    endloop
  endfacet
  facet normal 0.000000e+00 0.000000e+00 1.000000e+00
    outer loop
      vertex   2.055939e+01 -9.950585e+00 -1.700000e+00
      vertex   1.906221e+01 -9.950585e+00 -1.700000e+00
      vertex   2.048197e+01 -1.013750e+01 -1.700000e+00
    endloop
  endfacet
  facet normal 0.000000e+00 0.000000e+00 1.000000e+00
    outer loop
      vertex   2.048197e+01 -1.013750e+01 -1.700000e+00
      vertex   1.906221e+01 -9.950585e+00 -1.700000e+00
      vertex   1.913963e+01 -1.013750e+01 -1.700000e+00
    endloop
  endfacet
  facet normal 0.000000e+00 0.000000e+00 1.000000e+00
    outer loop
      vertex   2.048197e+01 -1.013750e+01 -1.700000e+00
      vertex   1.913963e+01 -1.013750e+01 -1.700000e+00
      vertex   2.035881e+01 -1.029801e+01 -1.700000e+00
    endloop
  endfacet
  facet normal 0.000000e+00 0.000000e+00 1.000000e+00
    outer loop
      vertex   2.035881e+01 -1.029801e+01 -1.700000e+00
      vertex   1.913963e+01 -1.013750e+01 -1.700000e+00
      vertex   1.926279e+01 -1.029801e+01 -1.700000e+00
    endloop
  endfacet
  facet normal 0.000000e+00 0.000000e+00 1.000000e+00
    outer loop
      vertex   2.035881e+01 -1.029801e+01 -1.700000e+00
      vertex   1.926279e+01 -1.029801e+01 -1.700000e+00
      vertex   2.019830e+01 -1.042117e+01 -1.700000e+00
    endloop
  endfacet
  facet normal 0.000000e+00 0.000000e+00 1.000000e+00
    outer loop
      vertex   2.019830e+01 -1.042117e+01 -1.700000e+00
      vertex   1.926279e+01 -1.029801e+01 -1.700000e+00
      vertex   1.942330e+01 -1.042117e+01 -1.700000e+00
    endloop
  endfacet
  facet normal 0.000000e+00 0.000000e+00 1.000000e+00
    outer loop
      vertex   2.019830e+01 -1.042117e+01 -1.700000e+00
      vertex   1.942330e+01 -1.042117e+01 -1.700000e+00
      vertex   2.001138e+01 -1.049859e+01 -1.700000e+00
    endloop
  endfacet
  facet normal 0.000000e+00 0.000000e+00 1.000000e+00
    outer loop
      vertex   2.001138e+01 -1.049859e+01 -1.700000e+00
      vertex   1.942330e+01 -1.042117e+01 -1.700000e+00
      vertex   1.961022e+01 -1.049859e+01 -1.700000e+00
    endloop
  endfacet
  facet normal 0.000000e+00 0.000000e+00 1.000000e+00
    outer loop
      vertex   2.001138e+01 -1.049859e+01 -1.700000e+00
      vertex   1.961022e+01 -1.049859e+01 -1.700000e+00
      vertex   1.981080e+01 -1.052500e+01 -1.700000e+00
    endloop
  endfacet
  facet normal 0.000000e+00 0.000000e+00 1.000000e+00
    outer loop
      vertex   1.906221e+01 -9.549415e+00 -1.700000e+00
      vertex   2.055939e+01 -9.549415e+00 -1.700000e+00
      vertex   1.913963e+01 -9.362500e+00 -1.700000e+00
    endloop
  endfacet
  facet normal -0.000000e+00 0.000000e+00 1.000000e+00
    outer loop
      vertex   1.913963e+01 -9.362500e+00 -1.700000e+00
      vertex   2.055939e+01 -9.549415e+00 -1.700000e+00
      vertex   2.048197e+01 -9.362500e+00 -1.700000e+00
    endloop
  endfacet
  facet normal 0.000000e+00 0.000000e+00 1.000000e+00
    outer loop
      vertex   1.913963e+01 -9.362500e+00 -1.700000e+00
      vertex   2.048197e+01 -9.362500e+00 -1.700000e+00
      vertex   1.926279e+01 -9.201992e+00 -1.700000e+00
    endloop
  endfacet
  facet normal -0.000000e+00 0.000000e+00 1.000000e+00
    outer loop
      vertex   1.926279e+01 -9.201992e+00 -1.700000e+00
      vertex   2.048197e+01 -9.362500e+00 -1.700000e+00
      vertex   2.035881e+01 -9.201992e+00 -1.700000e+00
    endloop
  endfacet
  facet normal 0.000000e+00 0.000000e+00 1.000000e+00
    outer loop
      vertex   1.926279e+01 -9.201992e+00 -1.700000e+00
      vertex   2.035881e+01 -9.201992e+00 -1.700000e+00
      vertex   1.942330e+01 -9.078830e+00 -1.700000e+00
    endloop
  endfacet
  facet normal -0.000000e+00 0.000000e+00 1.000000e+00
    outer loop
      vertex   1.942330e+01 -9.078830e+00 -1.700000e+00
      vertex   2.035881e+01 -9.201992e+00 -1.700000e+00
      vertex   2.019830e+01 -9.078830e+00 -1.700000e+00
    endloop
  endfacet
  facet normal 0.000000e+00 0.000000e+00 1.000000e+00
    outer loop
      vertex   1.942330e+01 -9.078830e+00 -1.700000e+00
      vertex   2.019830e+01 -9.078830e+00 -1.700000e+00
      vertex   1.961022e+01 -9.001407e+00 -1.700000e+00
    endloop
  endfacet
  facet normal -0.000000e+00 0.000000e+00 1.000000e+00
    outer loop
      vertex   1.961022e+01 -9.001407e+00 -1.700000e+00
      vertex   2.019830e+01 -9.078830e+00 -1.700000e+00
      vertex   2.001138e+01 -9.001407e+00 -1.700000e+00
    endloop
  endfacet
  facet normal 0.000000e+00 0.000000e+00 1.000000e+00
    outer loop
      vertex   1.961022e+01 -9.001407e+00 -1.700000e+00
      vertex   2.001138e+01 -9.001407e+00 -1.700000e+00
      vertex   1.981080e+01 -8.975000e+00 -1.700000e+00
    endloop
  endfacet
  facet normal -9.914449e-01 1.305262e-01 -5.796527e-17
    outer loop
      vertex   -1.823959e+01 -9.549415e+00 -1.700000e+00
      vertex   -1.823959e+01 -9.549415e+00 -5.700000e+00
      vertex   -1.826600e+01 -9.750000e+00 -1.700000e+00
    endloop
  endfacet
  facet normal -9.914449e-01 1.305262e-01 0.000000e+00
    outer loop
      vertex   -1.826600e+01 -9.750000e+00 -1.700000e+00
      vertex   -1.823959e+01 -9.549415e+00 -5.700000e+00
      vertex   -1.826600e+01 -9.750000e+00 -5.700000e+00
    endloop
  endfacet
  facet normal -9.914449e-01 -1.305262e-01 -0.000000e+00
    outer loop
      vertex   -1.826600e+01 -9.750000e+00 -1.700000e+00
      vertex   -1.826600e+01 -9.750000e+00 -5.700000e+00
      vertex   -1.823959e+01 -9.950585e+00 -1.700000e+00
    endloop
  endfacet
  facet normal -9.914449e-01 -1.305262e-01 5.796527e-17
    outer loop
      vertex   -1.823959e+01 -9.950585e+00 -1.700000e+00
      vertex   -1.826600e+01 -9.750000e+00 -5.700000e+00
      vertex   -1.823959e+01 -9.950585e+00 -5.700000e+00
    endloop
  endfacet
  facet normal -9.238795e-01 -3.826834e-01 1.699456e-16
    outer loop
      vertex   -1.823959e+01 -9.950585e+00 -1.700000e+00
      vertex   -1.823959e+01 -9.950585e+00 -5.700000e+00
      vertex   -1.816217e+01 -1.013750e+01 -1.700000e+00
    endloop
  endfacet
  facet normal -9.238795e-01 -3.826834e-01 -0.000000e+00
    outer loop
      vertex   -1.816217e+01 -1.013750e+01 -1.700000e+00
      vertex   -1.823959e+01 -9.950585e+00 -5.700000e+00
      vertex   -1.816217e+01 -1.013750e+01 -5.700000e+00
    endloop
  endfacet
  facet normal -7.933533e-01 -6.087614e-01 -0.000000e+00
    outer loop
      vertex   -1.816217e+01 -1.013750e+01 -1.700000e+00
      vertex   -1.816217e+01 -1.013750e+01 -5.700000e+00
      vertex   -1.803901e+01 -1.029801e+01 -1.700000e+00
    endloop
  endfacet
  facet normal -7.933533e-01 -6.087614e-01 -0.000000e+00
    outer loop
      vertex   -1.803901e+01 -1.029801e+01 -1.700000e+00
      vertex   -1.816217e+01 -1.013750e+01 -5.700000e+00
      vertex   -1.803901e+01 -1.029801e+01 -5.700000e+00
    endloop
  endfacet
  facet normal -6.087614e-01 -7.933533e-01 -0.000000e+00
    outer loop
      vertex   -1.803901e+01 -1.029801e+01 -1.700000e+00
      vertex   -1.803901e+01 -1.029801e+01 -5.700000e+00
      vertex   -1.787850e+01 -1.042117e+01 -1.700000e+00
    endloop
  endfacet
  facet normal -6.087614e-01 -7.933533e-01 -5.406888e-16
    outer loop
      vertex   -1.787850e+01 -1.042117e+01 -1.700000e+00
      vertex   -1.803901e+01 -1.029801e+01 -5.700000e+00
      vertex   -1.787850e+01 -1.042117e+01 -5.700000e+00
    endloop
  endfacet
  facet normal -3.826834e-01 -9.238795e-01 -3.398912e-16
    outer loop
      vertex   -1.787850e+01 -1.042117e+01 -1.700000e+00
      vertex   -1.787850e+01 -1.042117e+01 -5.700000e+00
      vertex   -1.769158e+01 -1.049859e+01 -1.700000e+00
    endloop
  endfacet
  facet normal -3.826834e-01 -9.238795e-01 8.205699e-16
    outer loop
      vertex   -1.769158e+01 -1.049859e+01 -1.700000e+00
      vertex   -1.787850e+01 -1.042117e+01 -5.700000e+00
      vertex   -1.769158e+01 -1.049859e+01 -5.700000e+00
    endloop
  endfacet
  facet normal -1.305262e-01 -9.914449e-01 8.805799e-16
    outer loop
      vertex   -1.769158e+01 -1.049859e+01 -1.700000e+00
      vertex   -1.769158e+01 -1.049859e+01 -5.700000e+00
      vertex   -1.749100e+01 -1.052500e+01 -1.700000e+00
    endloop
  endfacet
  facet normal -1.305262e-01 -9.914449e-01 -0.000000e+00
    outer loop
      vertex   -1.749100e+01 -1.052500e+01 -1.700000e+00
      vertex   -1.769158e+01 -1.049859e+01 -5.700000e+00
      vertex   -1.749100e+01 -1.052500e+01 -5.700000e+00
    endloop
  endfacet
  facet normal 1.305262e-01 -9.914449e-01 0.000000e+00
    outer loop
      vertex   -1.749100e+01 -1.052500e+01 -1.700000e+00
      vertex   -1.749100e+01 -1.052500e+01 -5.700000e+00
      vertex   -1.729042e+01 -1.049859e+01 -1.700000e+00
    endloop
  endfacet
  facet normal 1.305262e-01 -9.914449e-01 0.000000e+00
    outer loop
      vertex   -1.729042e+01 -1.049859e+01 -1.700000e+00
      vertex   -1.749100e+01 -1.052500e+01 -5.700000e+00
      vertex   -1.729042e+01 -1.049859e+01 -5.700000e+00
    endloop
  endfacet
  facet normal 3.826834e-01 -9.238795e-01 0.000000e+00
    outer loop
      vertex   -1.729042e+01 -1.049859e+01 -1.700000e+00
      vertex   -1.729042e+01 -1.049859e+01 -5.700000e+00
      vertex   -1.710350e+01 -1.042117e+01 -1.700000e+00
    endloop
  endfacet
  facet normal 3.826834e-01 -9.238795e-01 3.398912e-16
    outer loop
      vertex   -1.710350e+01 -1.042117e+01 -1.700000e+00
      vertex   -1.729042e+01 -1.049859e+01 -5.700000e+00
      vertex   -1.710350e+01 -1.042117e+01 -5.700000e+00
    endloop
  endfacet
  facet normal 6.087614e-01 -7.933533e-01 5.406888e-16
    outer loop
      vertex   -1.710350e+01 -1.042117e+01 -1.700000e+00
      vertex   -1.710350e+01 -1.042117e+01 -5.700000e+00
      vertex   -1.694299e+01 -1.029801e+01 -1.700000e+00
    endloop
  endfacet
  facet normal 6.087614e-01 -7.933533e-01 0.000000e+00
    outer loop
      vertex   -1.694299e+01 -1.029801e+01 -1.700000e+00
      vertex   -1.710350e+01 -1.042117e+01 -5.700000e+00
      vertex   -1.694299e+01 -1.029801e+01 -5.700000e+00
    endloop
  endfacet
  facet normal 7.933533e-01 -6.087614e-01 0.000000e+00
    outer loop
      vertex   -1.694299e+01 -1.029801e+01 -1.700000e+00
      vertex   -1.694299e+01 -1.029801e+01 -5.700000e+00
      vertex   -1.681983e+01 -1.013750e+01 -1.700000e+00
    endloop
  endfacet
  facet normal 7.933533e-01 -6.087614e-01 0.000000e+00
    outer loop
      vertex   -1.681983e+01 -1.013750e+01 -1.700000e+00
      vertex   -1.694299e+01 -1.029801e+01 -5.700000e+00
      vertex   -1.681983e+01 -1.013750e+01 -5.700000e+00
    endloop
  endfacet
  facet normal 9.238795e-01 -3.826834e-01 0.000000e+00
    outer loop
      vertex   -1.681983e+01 -1.013750e+01 -1.700000e+00
      vertex   -1.681983e+01 -1.013750e+01 -5.700000e+00
      vertex   -1.674241e+01 -9.950585e+00 -1.700000e+00
    endloop
  endfacet
  facet normal 9.238795e-01 -3.826834e-01 0.000000e+00
    outer loop
      vertex   -1.674241e+01 -9.950585e+00 -1.700000e+00
      vertex   -1.681983e+01 -1.013750e+01 -5.700000e+00
      vertex   -1.674241e+01 -9.950585e+00 -5.700000e+00
    endloop
  endfacet
  facet normal 9.914449e-01 -1.305262e-01 0.000000e+00
    outer loop
      vertex   -1.674241e+01 -9.950585e+00 -1.700000e+00
      vertex   -1.674241e+01 -9.950585e+00 -5.700000e+00
      vertex   -1.671600e+01 -9.750000e+00 -1.700000e+00
    endloop
  endfacet
  facet normal 9.914449e-01 -1.305262e-01 0.000000e+00
    outer loop
      vertex   -1.671600e+01 -9.750000e+00 -1.700000e+00
      vertex   -1.674241e+01 -9.950585e+00 -5.700000e+00
      vertex   -1.671600e+01 -9.750000e+00 -5.700000e+00
    endloop
  endfacet
  facet normal 9.914449e-01 1.305262e-01 0.000000e+00
    outer loop
      vertex   -1.671600e+01 -9.750000e+00 -1.700000e+00
      vertex   -1.671600e+01 -9.750000e+00 -5.700000e+00
      vertex   -1.674241e+01 -9.549415e+00 -1.700000e+00
    endloop
  endfacet
  facet normal 9.914449e-01 1.305262e-01 0.000000e+00
    outer loop
      vertex   -1.674241e+01 -9.549415e+00 -1.700000e+00
      vertex   -1.671600e+01 -9.750000e+00 -5.700000e+00
      vertex   -1.674241e+01 -9.549415e+00 -5.700000e+00
    endloop
  endfacet
  facet normal 9.238795e-01 3.826834e-01 0.000000e+00
    outer loop
      vertex   -1.674241e+01 -9.549415e+00 -1.700000e+00
      vertex   -1.674241e+01 -9.549415e+00 -5.700000e+00
      vertex   -1.681983e+01 -9.362500e+00 -1.700000e+00
    endloop
  endfacet
  facet normal 9.238795e-01 3.826834e-01 0.000000e+00
    outer loop
      vertex   -1.681983e+01 -9.362500e+00 -1.700000e+00
      vertex   -1.674241e+01 -9.549415e+00 -5.700000e+00
      vertex   -1.681983e+01 -9.362500e+00 -5.700000e+00
    endloop
  endfacet
  facet normal 7.933533e-01 6.087614e-01 0.000000e+00
    outer loop
      vertex   -1.681983e+01 -9.362500e+00 -1.700000e+00
      vertex   -1.681983e+01 -9.362500e+00 -5.700000e+00
      vertex   -1.694299e+01 -9.201992e+00 -1.700000e+00
    endloop
  endfacet
  facet normal 7.933533e-01 6.087614e-01 0.000000e+00
    outer loop
      vertex   -1.694299e+01 -9.201992e+00 -1.700000e+00
      vertex   -1.681983e+01 -9.362500e+00 -5.700000e+00
      vertex   -1.694299e+01 -9.201992e+00 -5.700000e+00
    endloop
  endfacet
  facet normal 6.087614e-01 7.933533e-01 0.000000e+00
    outer loop
      vertex   -1.694299e+01 -9.201992e+00 -1.700000e+00
      vertex   -1.694299e+01 -9.201992e+00 -5.700000e+00
      vertex   -1.710350e+01 -9.078830e+00 -1.700000e+00
    endloop
  endfacet
  facet normal 6.087614e-01 7.933533e-01 -5.406888e-16
    outer loop
      vertex   -1.710350e+01 -9.078830e+00 -1.700000e+00
      vertex   -1.694299e+01 -9.201992e+00 -5.700000e+00
      vertex   -1.710350e+01 -9.078830e+00 -5.700000e+00
    endloop
  endfacet
  facet normal 3.826834e-01 9.238795e-01 -3.398912e-16
    outer loop
      vertex   -1.710350e+01 -9.078830e+00 -1.700000e+00
      vertex   -1.710350e+01 -9.078830e+00 -5.700000e+00
      vertex   -1.729042e+01 -9.001407e+00 -1.700000e+00
    endloop
  endfacet
  facet normal 3.826834e-01 9.238795e-01 0.000000e+00
    outer loop
      vertex   -1.729042e+01 -9.001407e+00 -1.700000e+00
      vertex   -1.710350e+01 -9.078830e+00 -5.700000e+00
      vertex   -1.729042e+01 -9.001407e+00 -5.700000e+00
    endloop
  endfacet
  facet normal 1.305262e-01 9.914449e-01 0.000000e+00
    outer loop
      vertex   -1.729042e+01 -9.001407e+00 -1.700000e+00
      vertex   -1.729042e+01 -9.001407e+00 -5.700000e+00
      vertex   -1.749100e+01 -8.975000e+00 -1.700000e+00
    endloop
  endfacet
  facet normal 1.305262e-01 9.914449e-01 0.000000e+00
    outer loop
      vertex   -1.749100e+01 -8.975000e+00 -1.700000e+00
      vertex   -1.729042e+01 -9.001407e+00 -5.700000e+00
      vertex   -1.749100e+01 -8.975000e+00 -5.700000e+00
    endloop
  endfacet
  facet normal -1.305262e-01 9.914449e-01 0.000000e+00
    outer loop
      vertex   -1.749100e+01 -8.975000e+00 -1.700000e+00
      vertex   -1.749100e+01 -8.975000e+00 -5.700000e+00
      vertex   -1.769158e+01 -9.001407e+00 -1.700000e+00
    endloop
  endfacet
  facet normal -1.305262e-01 9.914449e-01 0.000000e+00
    outer loop
      vertex   -1.769158e+01 -9.001407e+00 -1.700000e+00
      vertex   -1.749100e+01 -8.975000e+00 -5.700000e+00
      vertex   -1.769158e+01 -9.001407e+00 -5.700000e+00
    endloop
  endfacet
  facet normal -3.826834e-01 9.238795e-01 0.000000e+00
    outer loop
      vertex   -1.769158e+01 -9.001407e+00 -1.700000e+00
      vertex   -1.769158e+01 -9.001407e+00 -5.700000e+00
      vertex   -1.787850e+01 -9.078830e+00 -1.700000e+00
    endloop
  endfacet
  facet normal -3.826834e-01 9.238795e-01 -7.039377e-17
    outer loop
      vertex   -1.787850e+01 -9.078830e+00 -1.700000e+00
      vertex   -1.769158e+01 -9.001407e+00 -5.700000e+00
      vertex   -1.787850e+01 -9.078830e+00 -5.700000e+00
    endloop
  endfacet
  facet normal -6.087614e-01 7.933533e-01 1.883691e-16
    outer loop
      vertex   -1.787850e+01 -9.078830e+00 -1.700000e+00
      vertex   -1.787850e+01 -9.078830e+00 -5.700000e+00
      vertex   -1.803901e+01 -9.201992e+00 -1.700000e+00
    endloop
  endfacet
  facet normal -6.087614e-01 7.933533e-01 0.000000e+00
    outer loop
      vertex   -1.803901e+01 -9.201992e+00 -1.700000e+00
      vertex   -1.787850e+01 -9.078830e+00 -5.700000e+00
      vertex   -1.803901e+01 -9.201992e+00 -5.700000e+00
    endloop
  endfacet
  facet normal -7.933533e-01 6.087614e-01 0.000000e+00
    outer loop
      vertex   -1.803901e+01 -9.201992e+00 -1.700000e+00
      vertex   -1.803901e+01 -9.201992e+00 -5.700000e+00
      vertex   -1.816217e+01 -9.362500e+00 -1.700000e+00
    endloop
  endfacet
  facet normal -7.933533e-01 6.087614e-01 0.000000e+00
    outer loop
      vertex   -1.816217e+01 -9.362500e+00 -1.700000e+00
      vertex   -1.803901e+01 -9.201992e+00 -5.700000e+00
      vertex   -1.816217e+01 -9.362500e+00 -5.700000e+00
    endloop
  endfacet
  facet normal -9.238795e-01 3.826834e-01 0.000000e+00
    outer loop
      vertex   -1.816217e+01 -9.362500e+00 -1.700000e+00
      vertex   -1.816217e+01 -9.362500e+00 -5.700000e+00
      vertex   -1.823959e+01 -9.549415e+00 -1.700000e+00
    endloop
  endfacet
  facet normal -9.238795e-01 3.826834e-01 -1.699456e-16
    outer loop
      vertex   -1.823959e+01 -9.549415e+00 -1.700000e+00
      vertex   -1.816217e+01 -9.362500e+00 -5.700000e+00
      vertex   -1.823959e+01 -9.549415e+00 -5.700000e+00
    endloop
  endfacet
  facet normal 9.914449e-01 -1.305262e-01 0.000000e+00
    outer loop
      vertex   2.055939e+01 -9.950585e+00 -1.700000e+00
      vertex   2.055939e+01 -9.950585e+00 -5.700000e+00
      vertex   2.058580e+01 -9.750000e+00 -1.700000e+00
    endloop
  endfacet
  facet normal 9.914449e-01 -1.305262e-01 0.000000e+00
    outer loop
      vertex   2.058580e+01 -9.750000e+00 -1.700000e+00
      vertex   2.055939e+01 -9.950585e+00 -5.700000e+00
      vertex   2.058580e+01 -9.750000e+00 -5.700000e+00
    endloop
  endfacet
  facet normal 9.914449e-01 1.305262e-01 0.000000e+00
    outer loop
      vertex   2.058580e+01 -9.750000e+00 -1.700000e+00
      vertex   2.058580e+01 -9.750000e+00 -5.700000e+00
      vertex   2.055939e+01 -9.549415e+00 -5.700000e+00
    endloop
  endfacet
  facet normal 9.238795e-01 -3.826834e-01 0.000000e+00
    outer loop
      vertex   2.055939e+01 -9.950585e+00 -5.700000e+00
      vertex   2.055939e+01 -9.950585e+00 -1.700000e+00
      vertex   2.048197e+01 -1.013750e+01 -5.700000e+00
    endloop
  endfacet
  facet normal 9.238795e-01 -3.826834e-01 0.000000e+00
    outer loop
      vertex   2.048197e+01 -1.013750e+01 -5.700000e+00
      vertex   2.055939e+01 -9.950585e+00 -1.700000e+00
      vertex   2.048197e+01 -1.013750e+01 -1.700000e+00
    endloop
  endfacet
  facet normal 7.933533e-01 -6.087614e-01 0.000000e+00
    outer loop
      vertex   2.048197e+01 -1.013750e+01 -5.700000e+00
      vertex   2.048197e+01 -1.013750e+01 -1.700000e+00
      vertex   2.035881e+01 -1.029801e+01 -5.700000e+00
    endloop
  endfacet
  facet normal 7.933533e-01 -6.087614e-01 0.000000e+00
    outer loop
      vertex   2.035881e+01 -1.029801e+01 -5.700000e+00
      vertex   2.048197e+01 -1.013750e+01 -1.700000e+00
      vertex   2.035881e+01 -1.029801e+01 -1.700000e+00
    endloop
  endfacet
  facet normal 6.087614e-01 -7.933533e-01 0.000000e+00
    outer loop
      vertex   2.035881e+01 -1.029801e+01 -5.700000e+00
      vertex   2.035881e+01 -1.029801e+01 -1.700000e+00
      vertex   2.019830e+01 -1.042117e+01 -5.700000e+00
    endloop
  endfacet
  facet normal 6.087614e-01 -7.933533e-01 7.290579e-16
    outer loop
      vertex   2.019830e+01 -1.042117e+01 -5.700000e+00
      vertex   2.035881e+01 -1.029801e+01 -1.700000e+00
      vertex   2.019830e+01 -1.042117e+01 -1.700000e+00
    endloop
  endfacet
  facet normal 3.826834e-01 -9.238795e-01 2.694974e-16
    outer loop
      vertex   2.019830e+01 -1.042117e+01 -5.700000e+00
      vertex   2.019830e+01 -1.042117e+01 -1.700000e+00
      vertex   2.001138e+01 -1.049859e+01 -5.700000e+00
    endloop
  endfacet
  facet normal 3.826834e-01 -9.238795e-01 0.000000e+00
    outer loop
      vertex   2.001138e+01 -1.049859e+01 -5.700000e+00
      vertex   2.019830e+01 -1.042117e+01 -1.700000e+00
      vertex   2.001138e+01 -1.049859e+01 -1.700000e+00
    endloop
  endfacet
  facet normal 1.305262e-01 -9.914449e-01 0.000000e+00
    outer loop
      vertex   2.001138e+01 -1.049859e+01 -5.700000e+00
      vertex   2.001138e+01 -1.049859e+01 -1.700000e+00
      vertex   1.981080e+01 -1.052500e+01 -5.700000e+00
    endloop
  endfacet
  facet normal 1.305262e-01 -9.914449e-01 0.000000e+00
    outer loop
      vertex   1.981080e+01 -1.052500e+01 -5.700000e+00
      vertex   2.001138e+01 -1.049859e+01 -1.700000e+00
      vertex   1.981080e+01 -1.052500e+01 -1.700000e+00
    endloop
  endfacet
  facet normal -1.305262e-01 -9.914449e-01 0.000000e+00
    outer loop
      vertex   1.981080e+01 -1.052500e+01 -5.700000e+00
      vertex   1.981080e+01 -1.052500e+01 -1.700000e+00
      vertex   1.961022e+01 -1.049859e+01 -5.700000e+00
    endloop
  endfacet
  facet normal -1.305262e-01 -9.914449e-01 0.000000e+00
    outer loop
      vertex   1.961022e+01 -1.049859e+01 -5.700000e+00
      vertex   1.981080e+01 -1.052500e+01 -1.700000e+00
      vertex   1.961022e+01 -1.049859e+01 -1.700000e+00
    endloop
  endfacet
  facet normal -3.826834e-01 -9.238795e-01 0.000000e+00
    outer loop
      vertex   1.961022e+01 -1.049859e+01 -5.700000e+00
      vertex   1.961022e+01 -1.049859e+01 -1.700000e+00
      vertex   1.942330e+01 -1.042117e+01 -5.700000e+00
    endloop
  endfacet
  facet normal -3.826834e-01 -9.238795e-01 4.102850e-16
    outer loop
      vertex   1.942330e+01 -1.042117e+01 -5.700000e+00
      vertex   1.961022e+01 -1.049859e+01 -1.700000e+00
      vertex   1.942330e+01 -1.042117e+01 -1.700000e+00
    endloop
  endfacet
  facet normal -6.087614e-01 -7.933533e-01 3.523197e-16
    outer loop
      vertex   1.942330e+01 -1.042117e+01 -5.700000e+00
      vertex   1.942330e+01 -1.042117e+01 -1.700000e+00
      vertex   1.926279e+01 -1.029801e+01 -5.700000e+00
    endloop
  endfacet
  facet normal -6.087614e-01 -7.933533e-01 0.000000e+00
    outer loop
      vertex   1.926279e+01 -1.029801e+01 -5.700000e+00
      vertex   1.942330e+01 -1.042117e+01 -1.700000e+00
      vertex   1.926279e+01 -1.029801e+01 -1.700000e+00
    endloop
  endfacet
  facet normal -7.933533e-01 -6.087614e-01 0.000000e+00
    outer loop
      vertex   1.926279e+01 -1.029801e+01 -5.700000e+00
      vertex   1.926279e+01 -1.029801e+01 -1.700000e+00
      vertex   1.913963e+01 -1.013750e+01 -5.700000e+00
    endloop
  endfacet
  facet normal -7.933533e-01 -6.087614e-01 0.000000e+00
    outer loop
      vertex   1.913963e+01 -1.013750e+01 -5.700000e+00
      vertex   1.926279e+01 -1.029801e+01 -1.700000e+00
      vertex   1.913963e+01 -1.013750e+01 -1.700000e+00
    endloop
  endfacet
  facet normal -9.238795e-01 -3.826834e-01 0.000000e+00
    outer loop
      vertex   1.913963e+01 -1.013750e+01 -5.700000e+00
      vertex   1.913963e+01 -1.013750e+01 -1.700000e+00
      vertex   1.906221e+01 -9.950585e+00 -5.700000e+00
    endloop
  endfacet
  facet normal -9.238795e-01 -3.826834e-01 0.000000e+00
    outer loop
      vertex   1.906221e+01 -9.950585e+00 -5.700000e+00
      vertex   1.913963e+01 -1.013750e+01 -1.700000e+00
      vertex   1.906221e+01 -9.950585e+00 -1.700000e+00
    endloop
  endfacet
  facet normal -9.914449e-01 -1.305262e-01 0.000000e+00
    outer loop
      vertex   1.906221e+01 -9.950585e+00 -5.700000e+00
      vertex   1.906221e+01 -9.950585e+00 -1.700000e+00
      vertex   1.903580e+01 -9.750000e+00 -5.700000e+00
    endloop
  endfacet
  facet normal -9.914449e-01 -1.305262e-01 0.000000e+00
    outer loop
      vertex   1.903580e+01 -9.750000e+00 -5.700000e+00
      vertex   1.906221e+01 -9.950585e+00 -1.700000e+00
      vertex   1.903580e+01 -9.750000e+00 -1.700000e+00
    endloop
  endfacet
  facet normal -9.914449e-01 1.305262e-01 0.000000e+00
    outer loop
      vertex   1.903580e+01 -9.750000e+00 -5.700000e+00
      vertex   1.903580e+01 -9.750000e+00 -1.700000e+00
      vertex   1.906221e+01 -9.549415e+00 -5.700000e+00
    endloop
  endfacet
  facet normal -9.914449e-01 1.305262e-01 0.000000e+00
    outer loop
      vertex   1.906221e+01 -9.549415e+00 -5.700000e+00
      vertex   1.903580e+01 -9.750000e+00 -1.700000e+00
      vertex   1.906221e+01 -9.549415e+00 -1.700000e+00
    endloop
  endfacet
  facet normal -9.238795e-01 3.826834e-01 0.000000e+00
    outer loop
      vertex   1.906221e+01 -9.549415e+00 -5.700000e+00
      vertex   1.906221e+01 -9.549415e+00 -1.700000e+00
      vertex   1.913963e+01 -9.362500e+00 -5.700000e+00
    endloop
  endfacet
  facet normal -9.238795e-01 3.826834e-01 0.000000e+00
    outer loop
      vertex   1.913963e+01 -9.362500e+00 -5.700000e+00
      vertex   1.906221e+01 -9.549415e+00 -1.700000e+00
      vertex   1.913963e+01 -9.362500e+00 -1.700000e+00
    endloop
  endfacet
  facet normal -7.933533e-01 6.087614e-01 0.000000e+00
    outer loop
      vertex   1.913963e+01 -9.362500e+00 -5.700000e+00
      vertex   1.913963e+01 -9.362500e+00 -1.700000e+00
      vertex   1.926279e+01 -9.201992e+00 -5.700000e+00
    endloop
  endfacet
  facet normal -7.933533e-01 6.087614e-01 0.000000e+00
    outer loop
      vertex   1.926279e+01 -9.201992e+00 -5.700000e+00
      vertex   1.913963e+01 -9.362500e+00 -1.700000e+00
      vertex   1.926279e+01 -9.201992e+00 -1.700000e+00
    endloop
  endfacet
  facet normal -6.087614e-01 7.933533e-01 0.000000e+00
    outer loop
      vertex   1.926279e+01 -9.201992e+00 -5.700000e+00
      vertex   1.926279e+01 -9.201992e+00 -1.700000e+00
      vertex   1.942330e+01 -9.078830e+00 -5.700000e+00
    endloop
  endfacet
  facet normal -6.087614e-01 7.933533e-01 0.000000e+00
    outer loop
      vertex   1.942330e+01 -9.078830e+00 -5.700000e+00
      vertex   1.926279e+01 -9.201992e+00 -1.700000e+00
      vertex   1.942330e+01 -9.078830e+00 -1.700000e+00
    endloop
  endfacet
  facet normal -3.826834e-01 9.238795e-01 0.000000e+00
    outer loop
      vertex   1.942330e+01 -9.078830e+00 -5.700000e+00
      vertex   1.942330e+01 -9.078830e+00 -1.700000e+00
      vertex   1.961022e+01 -9.001407e+00 -5.700000e+00
    endloop
  endfacet
  facet normal -3.826834e-01 9.238795e-01 0.000000e+00
    outer loop
      vertex   1.961022e+01 -9.001407e+00 -5.700000e+00
      vertex   1.942330e+01 -9.078830e+00 -1.700000e+00
      vertex   1.961022e+01 -9.001407e+00 -1.700000e+00
    endloop
  endfacet
  facet normal -1.305262e-01 9.914449e-01 0.000000e+00
    outer loop
      vertex   1.961022e+01 -9.001407e+00 -5.700000e+00
      vertex   1.961022e+01 -9.001407e+00 -1.700000e+00
      vertex   1.981080e+01 -8.975000e+00 -5.700000e+00
    endloop
  endfacet
  facet normal -1.305262e-01 9.914449e-01 0.000000e+00
    outer loop
      vertex   1.981080e+01 -8.975000e+00 -5.700000e+00
      vertex   1.961022e+01 -9.001407e+00 -1.700000e+00
      vertex   1.981080e+01 -8.975000e+00 -1.700000e+00
    endloop
  endfacet
  facet normal 1.305262e-01 9.914449e-01 -0.000000e+00
    outer loop
      vertex   1.981080e+01 -8.975000e+00 -5.700000e+00
      vertex   1.981080e+01 -8.975000e+00 -1.700000e+00
      vertex   2.001138e+01 -9.001407e+00 -5.700000e+00
    endloop
  endfacet
  facet normal 1.305262e-01 9.914449e-01 -0.000000e+00
    outer loop
      vertex   2.001138e+01 -9.001407e+00 -5.700000e+00
      vertex   1.981080e+01 -8.975000e+00 -1.700000e+00
      vertex   2.001138e+01 -9.001407e+00 -1.700000e+00
    endloop
  endfacet
  facet normal 3.826834e-01 9.238795e-01 -0.000000e+00
    outer loop
      vertex   2.001138e+01 -9.001407e+00 -5.700000e+00
      vertex   2.001138e+01 -9.001407e+00 -1.700000e+00
      vertex   2.019830e+01 -9.078830e+00 -5.700000e+00
    endloop
  endfacet
  facet normal 3.826834e-01 9.238795e-01 -6.797824e-16
    outer loop
      vertex   2.019830e+01 -9.078830e+00 -5.700000e+00
      vertex   2.001138e+01 -9.001407e+00 -1.700000e+00
      vertex   2.019830e+01 -9.078830e+00 -1.700000e+00
    endloop
  endfacet
  facet normal 6.087614e-01 7.933533e-01 -1.081378e-15
    outer loop
      vertex   2.019830e+01 -9.078830e+00 -5.700000e+00
      vertex   2.019830e+01 -9.078830e+00 -1.700000e+00
      vertex   2.035881e+01 -9.201992e+00 -5.700000e+00
    endloop
  endfacet
  facet normal 6.087614e-01 7.933533e-01 -0.000000e+00
    outer loop
      vertex   2.035881e+01 -9.201992e+00 -5.700000e+00
      vertex   2.019830e+01 -9.078830e+00 -1.700000e+00
      vertex   2.035881e+01 -9.201992e+00 -1.700000e+00
    endloop
  endfacet
  facet normal 7.933533e-01 6.087614e-01 -0.000000e+00
    outer loop
      vertex   2.035881e+01 -9.201992e+00 -5.700000e+00
      vertex   2.035881e+01 -9.201992e+00 -1.700000e+00
      vertex   2.048197e+01 -9.362500e+00 -5.700000e+00
    endloop
  endfacet
  facet normal 7.933533e-01 6.087614e-01 -0.000000e+00
    outer loop
      vertex   2.048197e+01 -9.362500e+00 -5.700000e+00
      vertex   2.035881e+01 -9.201992e+00 -1.700000e+00
      vertex   2.048197e+01 -9.362500e+00 -1.700000e+00
    endloop
  endfacet
  facet normal 9.238795e-01 3.826834e-01 -0.000000e+00
    outer loop
      vertex   2.048197e+01 -9.362500e+00 -5.700000e+00
      vertex   2.048197e+01 -9.362500e+00 -1.700000e+00
      vertex   2.055939e+01 -9.549415e+00 -5.700000e+00
    endloop
  endfacet
  facet normal 9.238795e-01 3.826834e-01 -0.000000e+00
    outer loop
      vertex   2.055939e+01 -9.549415e+00 -5.700000e+00
      vertex   2.048197e+01 -9.362500e+00 -1.700000e+00
      vertex   2.055939e+01 -9.549415e+00 -1.700000e+00
    endloop
  endfacet
  facet normal 9.914449e-01 1.305262e-01 -0.000000e+00
    outer loop
      vertex   2.055939e+01 -9.549415e+00 -5.700000e+00
      vertex   2.055939e+01 -9.549415e+00 -1.700000e+00
      vertex   2.058580e+01 -9.750000e+00 -1.700000e+00
    endloop
  endfacet
  facet normal 1.000000e+00 0.000000e+00 0.000000e+00
    outer loop
      vertex   -1.550000e+01 -1.210000e+01 -7.200000e+00
      vertex   -1.550000e+01 1.210000e+01 -7.200000e+00
      vertex   -1.550000e+01 -1.210000e+01 -5.700000e+00
    endloop
  endfacet
  facet normal 1.000000e+00 -0.000000e+00 0.000000e+00
    outer loop
      vertex   -1.550000e+01 -1.210000e+01 -5.700000e+00
      vertex   -1.550000e+01 1.210000e+01 -7.200000e+00
      vertex   -1.550000e+01 1.210000e+01 -5.700000e+00
    endloop
  endfacet
  facet normal 0.000000e+00 0.000000e+00 1.000000e+00
    outer loop
      vertex   -1.823959e+01 -9.950585e+00 -5.700000e+00
      vertex   -1.826600e+01 -9.750000e+00 -5.700000e+00
      vertex   -2.122500e+01 -1.210000e+01 -5.700000e+00
    endloop
  endfacet
  facet normal 0.000000e+00 0.000000e+00 1.000000e+00
    outer loop
      vertex   -2.122500e+01 -1.210000e+01 -5.700000e+00
      vertex   -1.826600e+01 -9.750000e+00 -5.700000e+00
      vertex   -1.823959e+01 -9.549415e+00 -5.700000e+00
    endloop
  endfacet
  facet normal 0.000000e+00 0.000000e+00 1.000000e+00
    outer loop
      vertex   -2.122500e+01 -1.210000e+01 -5.700000e+00
      vertex   -1.823959e+01 -9.549415e+00 -5.700000e+00
      vertex   -1.822402e+01 8.998379e+00 -5.700000e+00
    endloop
  endfacet
  facet normal 0.000000e+00 0.000000e+00 1.000000e+00
    outer loop
      vertex   -1.822402e+01 8.998379e+00 -5.700000e+00
      vertex   -1.823959e+01 -9.549415e+00 -5.700000e+00
      vertex   -1.816217e+01 -9.362500e+00 -5.700000e+00
    endloop
  endfacet
  facet normal 0.000000e+00 0.000000e+00 1.000000e+00
    outer loop
      vertex   -1.822402e+01 8.998379e+00 -5.700000e+00
      vertex   -1.816217e+01 -9.362500e+00 -5.700000e+00
      vertex   -1.813391e+01 8.817235e+00 -5.700000e+00
    endloop
  endfacet
  facet normal 0.000000e+00 0.000000e+00 1.000000e+00
    outer loop
      vertex   -1.813391e+01 8.817235e+00 -5.700000e+00
      vertex   -1.816217e+01 -9.362500e+00 -5.700000e+00
      vertex   -1.803901e+01 -9.201992e+00 -5.700000e+00
    endloop
  endfacet
  facet normal -1.432848e-06 -7.546782e-09 1.000000e+00
    outer loop
      vertex   -1.813391e+01 8.817235e+00 -5.700000e+00
      vertex   -1.803901e+01 -9.201992e+00 -5.700000e+00
      vertex   -1.800000e+01 8.665582e+00 -5.700000e+00
    endloop
  endfacet
  facet normal 8.204896e-09 -1.069283e-08 1.000000e+00
    outer loop
      vertex   -1.800000e+01 8.665582e+00 -5.700000e+00
      vertex   -1.803901e+01 -9.201992e+00 -5.700000e+00
      vertex   -1.787850e+01 -9.078830e+00 -5.700000e+00
    endloop
  endfacet
  facet normal 1.129271e-06 -3.016637e-09 1.000000e+00
    outer loop
      vertex   -1.800000e+01 8.665582e+00 -5.700000e+00
      vertex   -1.787850e+01 -9.078830e+00 -5.700000e+00
      vertex   -1.783140e+01 8.553757e+00 -5.700000e+00
    endloop
  endfacet
  facet normal 0.000000e+00 0.000000e+00 1.000000e+00
    outer loop
      vertex   -1.783140e+01 8.553757e+00 -5.700000e+00
      vertex   -1.787850e+01 -9.078830e+00 -5.700000e+00
      vertex   -1.769158e+01 -9.001407e+00 -5.700000e+00
    endloop
  endfacet
  facet normal 0.000000e+00 0.000000e+00 1.000000e+00
    outer loop
      vertex   -1.783140e+01 8.553757e+00 -5.700000e+00
      vertex   -1.769158e+01 -9.001407e+00 -5.700000e+00
      vertex   -1.763960e+01 8.489379e+00 -5.700000e+00
    endloop
  endfacet
  facet normal 0.000000e+00 0.000000e+00 1.000000e+00
    outer loop
      vertex   -1.763960e+01 8.489379e+00 -5.700000e+00
      vertex   -1.769158e+01 -9.001407e+00 -5.700000e+00
      vertex   -1.749100e+01 -8.975000e+00 -5.700000e+00
    endloop
  endfacet
  facet normal 0.000000e+00 0.000000e+00 1.000000e+00
    outer loop
      vertex   -1.763960e+01 8.489379e+00 -5.700000e+00
      vertex   -1.749100e+01 -8.975000e+00 -5.700000e+00
      vertex   -1.743767e+01 8.476837e+00 -5.700000e+00
    endloop
  endfacet
  facet normal 0.000000e+00 0.000000e+00 1.000000e+00
    outer loop
      vertex   -1.743767e+01 8.476837e+00 -5.700000e+00
      vertex   -1.749100e+01 -8.975000e+00 -5.700000e+00
      vertex   -1.729042e+01 -9.001407e+00 -5.700000e+00
    endloop
  endfacet
  facet normal -0.000000e+00 0.000000e+00 1.000000e+00
    outer loop
      vertex   -1.743767e+01 8.476837e+00 -5.700000e+00
      vertex   -1.729042e+01 -9.001407e+00 -5.700000e+00
      vertex   -1.723938e+01 8.516984e+00 -5.700000e+00
    endloop
  endfacet
  facet normal 0.000000e+00 0.000000e+00 1.000000e+00
    outer loop
      vertex   -1.723938e+01 8.516984e+00 -5.700000e+00
      vertex   -1.729042e+01 -9.001407e+00 -5.700000e+00
      vertex   -1.710350e+01 -9.078830e+00 -5.700000e+00
    endloop
  endfacet
  facet normal -0.000000e+00 0.000000e+00 1.000000e+00
    outer loop
      vertex   -1.723938e+01 8.516984e+00 -5.700000e+00
      vertex   -1.710350e+01 -9.078830e+00 -5.700000e+00
      vertex   -1.705823e+01 8.607085e+00 -5.700000e+00
    endloop
  endfacet
  facet normal 0.000000e+00 0.000000e+00 1.000000e+00
    outer loop
      vertex   -1.705823e+01 8.607085e+00 -5.700000e+00
      vertex   -1.710350e+01 -9.078830e+00 -5.700000e+00
      vertex   -1.694299e+01 -9.201992e+00 -5.700000e+00
    endloop
  endfacet
  facet normal -0.000000e+00 0.000000e+00 1.000000e+00
    outer loop
      vertex   -1.705823e+01 8.607085e+00 -5.700000e+00
      vertex   -1.694299e+01 -9.201992e+00 -5.700000e+00
      vertex   -1.690658e+01 8.741000e+00 -5.700000e+00
    endloop
  endfacet
  facet normal 0.000000e+00 0.000000e+00 1.000000e+00
    outer loop
      vertex   -1.690658e+01 8.741000e+00 -5.700000e+00
      vertex   -1.694299e+01 -9.201992e+00 -5.700000e+00
      vertex   -1.681983e+01 -9.362500e+00 -5.700000e+00
    endloop
  endfacet
  facet normal -0.000000e+00 0.000000e+00 1.000000e+00
    outer loop
      vertex   -1.690658e+01 8.741000e+00 -5.700000e+00
      vertex   -1.681983e+01 -9.362500e+00 -5.700000e+00
      vertex   -1.679476e+01 8.909602e+00 -5.700000e+00
    endloop
  endfacet
  facet normal 0.000000e+00 0.000000e+00 1.000000e+00
    outer loop
      vertex   -1.679476e+01 8.909602e+00 -5.700000e+00
      vertex   -1.681983e+01 -9.362500e+00 -5.700000e+00
      vertex   -1.674241e+01 -9.549415e+00 -5.700000e+00
    endloop
  endfacet
  facet normal -0.000000e+00 0.000000e+00 1.000000e+00
    outer loop
      vertex   -1.679476e+01 8.909602e+00 -5.700000e+00
      vertex   -1.674241e+01 -9.549415e+00 -5.700000e+00
      vertex   -1.673038e+01 9.101402e+00 -5.700000e+00
    endloop
  endfacet
  facet normal 0.000000e+00 0.000000e+00 1.000000e+00
    outer loop
      vertex   -1.673038e+01 9.101402e+00 -5.700000e+00
      vertex   -1.674241e+01 -9.549415e+00 -5.700000e+00
      vertex   -1.550000e+01 -1.210000e+01 -5.700000e+00
    endloop
  endfacet
  facet normal -0.000000e+00 0.000000e+00 1.000000e+00
    outer loop
      vertex   -1.673038e+01 9.101402e+00 -5.700000e+00
      vertex   -1.550000e+01 -1.210000e+01 -5.700000e+00
      vertex   -1.550000e+01 1.210000e+01 -5.700000e+00
    endloop
  endfacet
  facet normal 0.000000e+00 0.000000e+00 1.000000e+00
    outer loop
      vertex   -1.674241e+01 -9.549415e+00 -5.700000e+00
      vertex   -1.671600e+01 -9.750000e+00 -5.700000e+00
      vertex   -1.550000e+01 -1.210000e+01 -5.700000e+00
    endloop
  endfacet
  facet normal 0.000000e+00 0.000000e+00 1.000000e+00
    outer loop
      vertex   -1.550000e+01 -1.210000e+01 -5.700000e+00
      vertex   -1.671600e+01 -9.750000e+00 -5.700000e+00
      vertex   -1.674241e+01 -9.950585e+00 -5.700000e+00
    endloop
  endfacet
  facet normal 0.000000e+00 0.000000e+00 1.000000e+00
    outer loop
      vertex   -1.550000e+01 -1.210000e+01 -5.700000e+00
      vertex   -1.674241e+01 -9.950585e+00 -5.700000e+00
      vertex   -1.681983e+01 -1.013750e+01 -5.700000e+00
    endloop
  endfacet
  facet normal 0.000000e+00 0.000000e+00 1.000000e+00
    outer loop
      vertex   -1.681983e+01 -1.013750e+01 -5.700000e+00
      vertex   -1.694299e+01 -1.029801e+01 -5.700000e+00
      vertex   -1.550000e+01 -1.210000e+01 -5.700000e+00
    endloop
  endfacet
  facet normal 0.000000e+00 0.000000e+00 1.000000e+00
    outer loop
      vertex   -1.550000e+01 -1.210000e+01 -5.700000e+00
      vertex   -1.694299e+01 -1.029801e+01 -5.700000e+00
      vertex   -1.710350e+01 -1.042117e+01 -5.700000e+00
    endloop
  endfacet
  facet normal 0.000000e+00 0.000000e+00 1.000000e+00
    outer loop
      vertex   -1.550000e+01 -1.210000e+01 -5.700000e+00
      vertex   -1.710350e+01 -1.042117e+01 -5.700000e+00
      vertex   -1.729042e+01 -1.049859e+01 -5.700000e+00
    endloop
  endfacet
  facet normal 0.000000e+00 0.000000e+00 1.000000e+00
    outer loop
      vertex   -1.729042e+01 -1.049859e+01 -5.700000e+00
      vertex   -1.749100e+01 -1.052500e+01 -5.700000e+00
      vertex   -1.550000e+01 -1.210000e+01 -5.700000e+00
    endloop
  endfacet
  facet normal 0.000000e+00 0.000000e+00 1.000000e+00
    outer loop
      vertex   -1.550000e+01 -1.210000e+01 -5.700000e+00
      vertex   -1.749100e+01 -1.052500e+01 -5.700000e+00
      vertex   -1.769158e+01 -1.049859e+01 -5.700000e+00
    endloop
  endfacet
  facet normal 0.000000e+00 0.000000e+00 1.000000e+00
    outer loop
      vertex   -1.550000e+01 -1.210000e+01 -5.700000e+00
      vertex   -1.769158e+01 -1.049859e+01 -5.700000e+00
      vertex   -2.122500e+01 -1.210000e+01 -5.700000e+00
    endloop
  endfacet
  facet normal 0.000000e+00 0.000000e+00 1.000000e+00
    outer loop
      vertex   -2.122500e+01 -1.210000e+01 -5.700000e+00
      vertex   -1.769158e+01 -1.049859e+01 -5.700000e+00
      vertex   -1.787850e+01 -1.042117e+01 -5.700000e+00
    endloop
  endfacet
  facet normal 0.000000e+00 0.000000e+00 1.000000e+00
    outer loop
      vertex   -2.122500e+01 -1.210000e+01 -5.700000e+00
      vertex   -1.787850e+01 -1.042117e+01 -5.700000e+00
      vertex   -1.803901e+01 -1.029801e+01 -5.700000e+00
    endloop
  endfacet
  facet normal 0.000000e+00 0.000000e+00 1.000000e+00
    outer loop
      vertex   -1.803901e+01 -1.029801e+01 -5.700000e+00
      vertex   -1.816217e+01 -1.013750e+01 -5.700000e+00
      vertex   -2.122500e+01 -1.210000e+01 -5.700000e+00
    endloop
  endfacet
  facet normal 0.000000e+00 0.000000e+00 1.000000e+00
    outer loop
      vertex   -2.122500e+01 -1.210000e+01 -5.700000e+00
      vertex   -1.816217e+01 -1.013750e+01 -5.700000e+00
      vertex   -1.823959e+01 -9.950585e+00 -5.700000e+00
    endloop
  endfacet
  facet normal 0.000000e+00 0.000000e+00 1.000000e+00
    outer loop
      vertex   -2.122500e+01 -1.210000e+01 -5.700000e+00
      vertex   -1.822402e+01 8.998379e+00 -5.700000e+00
      vertex   -2.122500e+01 1.210000e+01 -5.700000e+00
    endloop
  endfacet
  facet normal 0.000000e+00 0.000000e+00 1.000000e+00
    outer loop
      vertex   -2.122500e+01 1.210000e+01 -5.700000e+00
      vertex   -1.822402e+01 8.998379e+00 -5.700000e+00
      vertex   -1.826416e+01 9.196672e+00 -5.700000e+00
    endloop
  endfacet
  facet normal 0.000000e+00 0.000000e+00 1.000000e+00
    outer loop
      vertex   -2.122500e+01 1.210000e+01 -5.700000e+00
      vertex   -1.826416e+01 9.196672e+00 -5.700000e+00
      vertex   -1.825162e+01 9.398598e+00 -5.700000e+00
    endloop
  endfacet
  facet normal 0.000000e+00 -0.000000e+00 1.000000e+00
    outer loop
      vertex   -1.825162e+01 9.398598e+00 -5.700000e+00
      vertex   -1.818724e+01 9.590398e+00 -5.700000e+00
      vertex   -2.122500e+01 1.210000e+01 -5.700000e+00
    endloop
  endfacet
  facet normal 0.000000e+00 0.000000e+00 1.000000e+00
    outer loop
      vertex   -2.122500e+01 1.210000e+01 -5.700000e+00
      vertex   -1.818724e+01 9.590398e+00 -5.700000e+00
      vertex   -1.807542e+01 9.759000e+00 -5.700000e+00
    endloop
  endfacet
  facet normal 0.000000e+00 0.000000e+00 1.000000e+00
    outer loop
      vertex   -2.122500e+01 1.210000e+01 -5.700000e+00
      vertex   -1.807542e+01 9.759000e+00 -5.700000e+00
      vertex   -1.792377e+01 9.892915e+00 -5.700000e+00
    endloop
  endfacet
  facet normal 0.000000e+00 -0.000000e+00 1.000000e+00
    outer loop
      vertex   -1.792377e+01 9.892915e+00 -5.700000e+00
      vertex   -1.774262e+01 9.983016e+00 -5.700000e+00
      vertex   -2.122500e+01 1.210000e+01 -5.700000e+00
    endloop
  endfacet
  facet normal -0.000000e+00 0.000000e+00 1.000000e+00
    outer loop
      vertex   -2.122500e+01 1.210000e+01 -5.700000e+00
      vertex   -1.774262e+01 9.983016e+00 -5.700000e+00
      vertex   -1.550000e+01 1.210000e+01 -5.700000e+00
    endloop
  endfacet
  facet normal 0.000000e+00 0.000000e+00 1.000000e+00
    outer loop
      vertex   -1.550000e+01 1.210000e+01 -5.700000e+00
      vertex   -1.774262e+01 9.983016e+00 -5.700000e+00
      vertex   -1.754433e+01 1.002316e+01 -5.700000e+00
    endloop
  endfacet
  facet normal 0.000000e+00 0.000000e+00 1.000000e+00
    outer loop
      vertex   -1.550000e+01 1.210000e+01 -5.700000e+00
      vertex   -1.754433e+01 1.002316e+01 -5.700000e+00
      vertex   -1.734240e+01 1.001062e+01 -5.700000e+00
    endloop
  endfacet
  facet normal -0.000000e+00 0.000000e+00 1.000000e+00
    outer loop
      vertex   -1.734240e+01 1.001062e+01 -5.700000e+00
      vertex   -1.715060e+01 9.946243e+00 -5.700000e+00
      vertex   -1.550000e+01 1.210000e+01 -5.700000e+00
    endloop
  endfacet
  facet normal 0.000000e+00 0.000000e+00 1.000000e+00
    outer loop
      vertex   -1.550000e+01 1.210000e+01 -5.700000e+00
      vertex   -1.715060e+01 9.946243e+00 -5.700000e+00
      vertex   -1.698200e+01 9.834418e+00 -5.700000e+00
    endloop
  endfacet
  facet normal 0.000000e+00 0.000000e+00 1.000000e+00
    outer loop
      vertex   -1.550000e+01 1.210000e+01 -5.700000e+00
      vertex   -1.698200e+01 9.834418e+00 -5.700000e+00
      vertex   -1.684809e+01 9.682765e+00 -5.700000e+00
    endloop
  endfacet
  facet normal -0.000000e+00 0.000000e+00 1.000000e+00
    outer loop
      vertex   -1.684809e+01 9.682765e+00 -5.700000e+00
      vertex   -1.675798e+01 9.501621e+00 -5.700000e+00
      vertex   -1.550000e+01 1.210000e+01 -5.700000e+00
    endloop
  endfacet
  facet normal 0.000000e+00 0.000000e+00 1.000000e+00
    outer loop
      vertex   -1.550000e+01 1.210000e+01 -5.700000e+00
      vertex   -1.675798e+01 9.501621e+00 -5.700000e+00
      vertex   -1.671784e+01 9.303328e+00 -5.700000e+00
    endloop
  endfacet
  facet normal 0.000000e+00 0.000000e+00 1.000000e+00
    outer loop
      vertex   -1.550000e+01 1.210000e+01 -5.700000e+00
      vertex   -1.671784e+01 9.303328e+00 -5.700000e+00
      vertex   -1.673038e+01 9.101402e+00 -5.700000e+00
    endloop
  endfacet
  facet normal 0.000000e+00 0.000000e+00 1.000000e+00
    outer loop
      vertex   -1.562593e+00 1.584395e+01 4.800000e+00
      vertex   -2.487889e+00 1.574578e+01 4.800000e+00
      vertex   -1.600000e+00 1.550000e+01 4.800000e+00
    endloop
  endfacet
  facet normal 0.000000e+00 0.000000e+00 1.000000e+00
    outer loop
      vertex   -1.600000e+00 1.550000e+01 4.800000e+00
      vertex   -2.487889e+00 1.574578e+01 4.800000e+00
      vertex   -2.493020e+00 1.531332e+01 4.800000e+00
    endloop
  endfacet
  facet normal 0.000000e+00 0.000000e+00 1.000000e+00
    outer loop
      vertex   -1.600000e+00 1.550000e+01 4.800000e+00
      vertex   -2.493020e+00 1.531332e+01 4.800000e+00
      vertex   -1.562593e+00 1.515605e+01 4.800000e+00
    endloop
  endfacet
  facet normal 0.000000e+00 0.000000e+00 1.000000e+00
    outer loop
      vertex   -1.562593e+00 1.515605e+01 4.800000e+00
      vertex   -2.493020e+00 1.531332e+01 4.800000e+00
      vertex   -2.423540e+00 1.488644e+01 4.800000e+00
    endloop
  endfacet
  facet normal 0.000000e+00 0.000000e+00 1.000000e+00
    outer loop
      vertex   -1.562593e+00 1.515605e+01 4.800000e+00
      vertex   -2.423540e+00 1.488644e+01 4.800000e+00
      vertex   -1.452121e+00 1.482818e+01 4.800000e+00
    endloop
  endfacet
  facet normal 0.000000e+00 0.000000e+00 1.000000e+00
    outer loop
      vertex   -1.452121e+00 1.482818e+01 4.800000e+00
      vertex   -2.423540e+00 1.488644e+01 4.800000e+00
      vertex   -2.281527e+00 1.447793e+01 4.800000e+00
    endloop
  endfacet
  facet normal 0.000000e+00 0.000000e+00 1.000000e+00
    outer loop
      vertex   -1.452121e+00 1.482818e+01 4.800000e+00
      vertex   -2.281527e+00 1.447793e+01 4.800000e+00
      vertex   -1.273749e+00 1.453172e+01 4.800000e+00
    endloop
  endfacet
  facet normal 0.000000e+00 0.000000e+00 1.000000e+00
    outer loop
      vertex   -1.273749e+00 1.453172e+01 4.800000e+00
      vertex   -2.281527e+00 1.447793e+01 4.800000e+00
      vertex   -2.071232e+00 1.410000e+01 4.800000e+00
    endloop
  endfacet
  facet normal 0.000000e+00 0.000000e+00 1.000000e+00
    outer loop
      vertex   -1.273749e+00 1.453172e+01 4.800000e+00
      vertex   -2.071232e+00 1.410000e+01 4.800000e+00
      vertex   -1.035818e+00 1.428054e+01 4.800000e+00
    endloop
  endfacet
  facet normal 0.000000e+00 0.000000e+00 1.000000e+00
    outer loop
      vertex   -1.035818e+00 1.428054e+01 4.800000e+00
      vertex   -2.071232e+00 1.410000e+01 4.800000e+00
      vertex   -7.494535e-01 1.408638e+01 4.800000e+00
    endloop
  endfacet
  facet normal 0.000000e+00 0.000000e+00 1.000000e+00
    outer loop
      vertex   -7.494535e-01 1.408638e+01 4.800000e+00
      vertex   -2.071232e+00 1.410000e+01 4.800000e+00
      vertex   -4.280453e-01 1.395832e+01 4.800000e+00
    endloop
  endfacet
  facet normal 0.000000e+00 0.000000e+00 1.000000e+00
    outer loop
      vertex   -4.280453e-01 1.395832e+01 4.800000e+00
      vertex   -2.071232e+00 1.410000e+01 4.800000e+00
      vertex   -8.662225e-02 1.390235e+01 4.800000e+00
    endloop
  endfacet
  facet normal 0.000000e+00 0.000000e+00 1.000000e+00
    outer loop
      vertex   -8.662225e-02 1.390235e+01 4.800000e+00
      vertex   -2.071232e+00 1.410000e+01 4.800000e+00
      vertex   -2.122500e+01 1.210000e+01 4.800000e+00
    endloop
  endfacet
  facet normal -1.998152e-17 2.343484e-16 1.000000e+00
    outer loop
      vertex   -8.662225e-02 1.390235e+01 4.800000e+00
      vertex   -2.122500e+01 1.210000e+01 4.800000e+00
      vertex   2.322500e+01 1.210000e+01 4.800000e+00
    endloop
  endfacet
  facet normal 0.000000e+00 0.000000e+00 1.000000e+00
    outer loop
      vertex   -2.487889e+00 1.574578e+01 4.800000e+00
      vertex   -1.562593e+00 1.584395e+01 4.800000e+00
      vertex   -2.408299e+00 1.617089e+01 4.800000e+00
    endloop
  endfacet
  facet normal -0.000000e+00 0.000000e+00 1.000000e+00
    outer loop
      vertex   -2.408299e+00 1.617089e+01 4.800000e+00
      vertex   -1.562593e+00 1.584395e+01 4.800000e+00
      vertex   -1.452121e+00 1.617182e+01 4.800000e+00
    endloop
  endfacet
  facet normal 0.000000e+00 0.000000e+00 1.000000e+00
    outer loop
      vertex   -2.408299e+00 1.617089e+01 4.800000e+00
      vertex   -1.452121e+00 1.617182e+01 4.800000e+00
      vertex   -2.256632e+00 1.657592e+01 4.800000e+00
    endloop
  endfacet
  facet normal 0.000000e+00 0.000000e+00 1.000000e+00
    outer loop
      vertex   -2.256632e+00 1.657592e+01 4.800000e+00
      vertex   -1.452121e+00 1.617182e+01 4.800000e+00
      vertex   -1.273749e+00 1.646828e+01 4.800000e+00
    endloop
  endfacet
  facet normal -0.000000e+00 0.000000e+00 1.000000e+00
    outer loop
      vertex   -2.256632e+00 1.657592e+01 4.800000e+00
      vertex   -1.273749e+00 1.646828e+01 4.800000e+00
      vertex   -2.037429e+00 1.694875e+01 4.800000e+00
    endloop
  endfacet
  facet normal 0.000000e+00 0.000000e+00 1.000000e+00
    outer loop
      vertex   -2.037429e+00 1.694875e+01 4.800000e+00
      vertex   -1.273749e+00 1.646828e+01 4.800000e+00
      vertex   -1.035818e+00 1.671946e+01 4.800000e+00
    endloop
  endfacet
  facet normal -0.000000e+00 0.000000e+00 1.000000e+00
    outer loop
      vertex   -2.037429e+00 1.694875e+01 4.800000e+00
      vertex   -1.035818e+00 1.671946e+01 4.800000e+00
      vertex   -1.757248e+00 1.727822e+01 4.800000e+00
    endloop
  endfacet
  facet normal 0.000000e+00 0.000000e+00 1.000000e+00
    outer loop
      vertex   -1.757248e+00 1.727822e+01 4.800000e+00
      vertex   -1.035818e+00 1.671946e+01 4.800000e+00
      vertex   -7.494535e-01 1.691362e+01 4.800000e+00
    endloop
  endfacet
  facet normal -0.000000e+00 0.000000e+00 1.000000e+00
    outer loop
      vertex   -1.757248e+00 1.727822e+01 4.800000e+00
      vertex   -7.494535e-01 1.691362e+01 4.800000e+00
      vertex   -1.424476e+00 1.755447e+01 4.800000e+00
    endloop
  endfacet
  facet normal -0.000000e+00 0.000000e+00 1.000000e+00
    outer loop
      vertex   -1.424476e+00 1.755447e+01 4.800000e+00
      vertex   -7.494535e-01 1.691362e+01 4.800000e+00
      vertex   -1.049072e+00 1.776924e+01 4.800000e+00
    endloop
  endfacet
  facet normal 0.000000e+00 0.000000e+00 1.000000e+00
    outer loop
      vertex   -1.049072e+00 1.776924e+01 4.800000e+00
      vertex   -7.494535e-01 1.691362e+01 4.800000e+00
      vertex   -4.280453e-01 1.704168e+01 4.800000e+00
    endloop
  endfacet
  facet normal -0.000000e+00 0.000000e+00 1.000000e+00
    outer loop
      vertex   -1.049072e+00 1.776924e+01 4.800000e+00
      vertex   -4.280453e-01 1.704168e+01 4.800000e+00
      vertex   -6.422709e-01 1.791609e+01 4.800000e+00
    endloop
  endfacet
  facet normal 0.000000e+00 0.000000e+00 1.000000e+00
    outer loop
      vertex   -6.422709e-01 1.791609e+01 4.800000e+00
      vertex   -4.280453e-01 1.704168e+01 4.800000e+00
      vertex   -8.662225e-02 1.709765e+01 4.800000e+00
    endloop
  endfacet
  facet normal -0.000000e+00 0.000000e+00 1.000000e+00
    outer loop
      vertex   -6.422709e-01 1.791609e+01 4.800000e+00
      vertex   -8.662225e-02 1.709765e+01 4.800000e+00
      vertex   -2.162476e-01 1.799063e+01 4.800000e+00
    endloop
  endfacet
  facet normal -0.000000e+00 0.000000e+00 1.000000e+00
    outer loop
      vertex   -2.162476e-01 1.799063e+01 4.800000e+00
      vertex   -8.662225e-02 1.709765e+01 4.800000e+00
      vertex   2.162476e-01 1.799063e+01 4.800000e+00
    endloop
  endfacet
  facet normal 0.000000e+00 0.000000e+00 1.000000e+00
    outer loop
      vertex   2.162476e-01 1.799063e+01 4.800000e+00
      vertex   -8.662225e-02 1.709765e+01 4.800000e+00
      vertex   2.588512e-01 1.707892e+01 4.800000e+00
    endloop
  endfacet
  facet normal 0.000000e+00 0.000000e+00 1.000000e+00
    outer loop
      vertex   2.162476e-01 1.799063e+01 4.800000e+00
      vertex   2.588512e-01 1.707892e+01 4.800000e+00
      vertex   6.422709e-01 1.791609e+01 4.800000e+00
    endloop
  endfacet
  facet normal 0.000000e+00 0.000000e+00 1.000000e+00
    outer loop
      vertex   6.422709e-01 1.791609e+01 4.800000e+00
      vertex   2.588512e-01 1.707892e+01 4.800000e+00
      vertex   1.049072e+00 1.776924e+01 4.800000e+00
    endloop
  endfacet
  facet normal 0.000000e+00 0.000000e+00 1.000000e+00
    outer loop
      vertex   1.049072e+00 1.776924e+01 4.800000e+00
      vertex   2.588512e-01 1.707892e+01 4.800000e+00
      vertex   5.922210e-01 1.698636e+01 4.800000e+00
    endloop
  endfacet
  facet normal 0.000000e+00 0.000000e+00 1.000000e+00
    outer loop
      vertex   1.049072e+00 1.776924e+01 4.800000e+00
      vertex   5.922210e-01 1.698636e+01 4.800000e+00
      vertex   1.424476e+00 1.755447e+01 4.800000e+00
    endloop
  endfacet
  facet normal 0.000000e+00 0.000000e+00 1.000000e+00
    outer loop
      vertex   1.424476e+00 1.755447e+01 4.800000e+00
      vertex   5.922210e-01 1.698636e+01 4.800000e+00
      vertex   8.978993e-01 1.682430e+01 4.800000e+00
    endloop
  endfacet
  facet normal 0.000000e+00 0.000000e+00 1.000000e+00
    outer loop
      vertex   1.424476e+00 1.755447e+01 4.800000e+00
      vertex   8.978993e-01 1.682430e+01 4.800000e+00
      vertex   1.757248e+00 1.727822e+01 4.800000e+00
    endloop
  endfacet
  facet normal 0.000000e+00 0.000000e+00 1.000000e+00
    outer loop
      vertex   1.757248e+00 1.727822e+01 4.800000e+00
      vertex   8.978993e-01 1.682430e+01 4.800000e+00
      vertex   1.161593e+00 1.660032e+01 4.800000e+00
    endloop
  endfacet
  facet normal 0.000000e+00 0.000000e+00 1.000000e+00
    outer loop
      vertex   1.757248e+00 1.727822e+01 4.800000e+00
      vertex   1.161593e+00 1.660032e+01 4.800000e+00
      vertex   2.037429e+00 1.694875e+01 4.800000e+00
    endloop
  endfacet
  facet normal 0.000000e+00 0.000000e+00 1.000000e+00
    outer loop
      vertex   2.037429e+00 1.694875e+01 4.800000e+00
      vertex   1.161593e+00 1.660032e+01 4.800000e+00
      vertex   1.370971e+00 1.632489e+01 4.800000e+00
    endloop
  endfacet
  facet normal 0.000000e+00 0.000000e+00 1.000000e+00
    outer loop
      vertex   2.037429e+00 1.694875e+01 4.800000e+00
      vertex   1.370971e+00 1.632489e+01 4.800000e+00
      vertex   2.256632e+00 1.657592e+01 4.800000e+00
    endloop
  endfacet
  facet normal 0.000000e+00 0.000000e+00 1.000000e+00
    outer loop
      vertex   2.256632e+00 1.657592e+01 4.800000e+00
      vertex   1.370971e+00 1.632489e+01 4.800000e+00
      vertex   1.516245e+00 1.601088e+01 4.800000e+00
    endloop
  endfacet
  facet normal 0.000000e+00 0.000000e+00 1.000000e+00
    outer loop
      vertex   2.256632e+00 1.657592e+01 4.800000e+00
      vertex   1.516245e+00 1.601088e+01 4.800000e+00
      vertex   2.408299e+00 1.617089e+01 4.800000e+00
    endloop
  endfacet
  facet normal 0.000000e+00 0.000000e+00 1.000000e+00
    outer loop
      vertex   2.408299e+00 1.617089e+01 4.800000e+00
      vertex   1.516245e+00 1.601088e+01 4.800000e+00
      vertex   2.487889e+00 1.574578e+01 4.800000e+00
    endloop
  endfacet
  facet normal 0.000000e+00 0.000000e+00 1.000000e+00
    outer loop
      vertex   2.487889e+00 1.574578e+01 4.800000e+00
      vertex   1.516245e+00 1.601088e+01 4.800000e+00
      vertex   1.590621e+00 1.567299e+01 4.800000e+00
    endloop
  endfacet
  facet normal 0.000000e+00 0.000000e+00 1.000000e+00
    outer loop
      vertex   2.487889e+00 1.574578e+01 4.800000e+00
      vertex   1.590621e+00 1.567299e+01 4.800000e+00
      vertex   2.493020e+00 1.531332e+01 4.800000e+00
    endloop
  endfacet
  facet normal 0.000000e+00 0.000000e+00 1.000000e+00
    outer loop
      vertex   2.493020e+00 1.531332e+01 4.800000e+00
      vertex   1.590621e+00 1.567299e+01 4.800000e+00
      vertex   1.590621e+00 1.532701e+01 4.800000e+00
    endloop
  endfacet
  facet normal 0.000000e+00 0.000000e+00 1.000000e+00
    outer loop
      vertex   2.493020e+00 1.531332e+01 4.800000e+00
      vertex   1.590621e+00 1.532701e+01 4.800000e+00
      vertex   2.423540e+00 1.488644e+01 4.800000e+00
    endloop
  endfacet
  facet normal 0.000000e+00 0.000000e+00 1.000000e+00
    outer loop
      vertex   2.423540e+00 1.488644e+01 4.800000e+00
      vertex   1.590621e+00 1.532701e+01 4.800000e+00
      vertex   1.516245e+00 1.498912e+01 4.800000e+00
    endloop
  endfacet
  facet normal 0.000000e+00 0.000000e+00 1.000000e+00
    outer loop
      vertex   2.423540e+00 1.488644e+01 4.800000e+00
      vertex   1.516245e+00 1.498912e+01 4.800000e+00
      vertex   2.281527e+00 1.447793e+01 4.800000e+00
    endloop
  endfacet
  facet normal 0.000000e+00 0.000000e+00 1.000000e+00
    outer loop
      vertex   2.281527e+00 1.447793e+01 4.800000e+00
      vertex   1.516245e+00 1.498912e+01 4.800000e+00
      vertex   1.370971e+00 1.467511e+01 4.800000e+00
    endloop
  endfacet
  facet normal 0.000000e+00 0.000000e+00 1.000000e+00
    outer loop
      vertex   2.281527e+00 1.447793e+01 4.800000e+00
      vertex   1.370971e+00 1.467511e+01 4.800000e+00
      vertex   2.071232e+00 1.410000e+01 4.800000e+00
    endloop
  endfacet
  facet normal 0.000000e+00 0.000000e+00 1.000000e+00
    outer loop
      vertex   2.071232e+00 1.410000e+01 4.800000e+00
      vertex   1.370971e+00 1.467511e+01 4.800000e+00
      vertex   1.161593e+00 1.439968e+01 4.800000e+00
    endloop
  endfacet
  facet normal 0.000000e+00 0.000000e+00 1.000000e+00
    outer loop
      vertex   2.071232e+00 1.410000e+01 4.800000e+00
      vertex   1.161593e+00 1.439968e+01 4.800000e+00
      vertex   8.978993e-01 1.417570e+01 4.800000e+00
    endloop
  endfacet
  facet normal 0.000000e+00 0.000000e+00 1.000000e+00
    outer loop
      vertex   8.978993e-01 1.417570e+01 4.800000e+00
      vertex   5.922210e-01 1.401364e+01 4.800000e+00
      vertex   2.071232e+00 1.410000e+01 4.800000e+00
    endloop
  endfacet
  facet normal 0.000000e+00 0.000000e+00 1.000000e+00
    outer loop
      vertex   2.071232e+00 1.410000e+01 4.800000e+00
      vertex   5.922210e-01 1.401364e+01 4.800000e+00
      vertex   2.588512e-01 1.392108e+01 4.800000e+00
    endloop
  endfacet
  facet normal -2.144708e-17 2.172460e-16 1.000000e+00
    outer loop
      vertex   2.071232e+00 1.410000e+01 4.800000e+00
      vertex   2.588512e-01 1.392108e+01 4.800000e+00
      vertex   2.322500e+01 1.210000e+01 4.800000e+00
    endloop
  endfacet
  facet normal -1.570498e-17 2.896613e-16 1.000000e+00
    outer loop
      vertex   2.322500e+01 1.210000e+01 4.800000e+00
      vertex   2.588512e-01 1.392108e+01 4.800000e+00
      vertex   -8.662225e-02 1.390235e+01 4.800000e+00
    endloop
  endfacet
  facet normal 0.000000e+00 0.000000e+00 1.000000e+00
    outer loop
      vertex   -1.562593e+00 -1.515605e+01 4.800000e+00
      vertex   -2.493020e+00 -1.531332e+01 4.800000e+00
      vertex   -1.600000e+00 -1.550000e+01 4.800000e+00
    endloop
  endfacet
  facet normal 0.000000e+00 0.000000e+00 1.000000e+00
    outer loop
      vertex   -1.600000e+00 -1.550000e+01 4.800000e+00
      vertex   -2.493020e+00 -1.531332e+01 4.800000e+00
      vertex   -2.487889e+00 -1.574578e+01 4.800000e+00
    endloop
  endfacet
  facet normal 0.000000e+00 0.000000e+00 1.000000e+00
    outer loop
      vertex   -1.600000e+00 -1.550000e+01 4.800000e+00
      vertex   -2.487889e+00 -1.574578e+01 4.800000e+00
      vertex   -1.562593e+00 -1.584395e+01 4.800000e+00
    endloop
  endfacet
  facet normal 0.000000e+00 0.000000e+00 1.000000e+00
    outer loop
      vertex   -1.562593e+00 -1.584395e+01 4.800000e+00
      vertex   -2.487889e+00 -1.574578e+01 4.800000e+00
      vertex   -2.408299e+00 -1.617089e+01 4.800000e+00
    endloop
  endfacet
  facet normal 0.000000e+00 0.000000e+00 1.000000e+00
    outer loop
      vertex   -1.562593e+00 -1.584395e+01 4.800000e+00
      vertex   -2.408299e+00 -1.617089e+01 4.800000e+00
      vertex   -1.452121e+00 -1.617182e+01 4.800000e+00
    endloop
  endfacet
  facet normal 0.000000e+00 0.000000e+00 1.000000e+00
    outer loop
      vertex   -1.452121e+00 -1.617182e+01 4.800000e+00
      vertex   -2.408299e+00 -1.617089e+01 4.800000e+00
      vertex   -2.256633e+00 -1.657592e+01 4.800000e+00
    endloop
  endfacet
  facet normal 0.000000e+00 0.000000e+00 1.000000e+00
    outer loop
      vertex   -1.452121e+00 -1.617182e+01 4.800000e+00
      vertex   -2.256633e+00 -1.657592e+01 4.800000e+00
      vertex   -1.273749e+00 -1.646828e+01 4.800000e+00
    endloop
  endfacet
  facet normal 0.000000e+00 0.000000e+00 1.000000e+00
    outer loop
      vertex   -1.273749e+00 -1.646828e+01 4.800000e+00
      vertex   -2.256633e+00 -1.657592e+01 4.800000e+00
      vertex   -2.037429e+00 -1.694875e+01 4.800000e+00
    endloop
  endfacet
  facet normal 0.000000e+00 0.000000e+00 1.000000e+00
    outer loop
      vertex   -1.273749e+00 -1.646828e+01 4.800000e+00
      vertex   -2.037429e+00 -1.694875e+01 4.800000e+00
      vertex   -1.035818e+00 -1.671946e+01 4.800000e+00
    endloop
  endfacet
  facet normal 0.000000e+00 0.000000e+00 1.000000e+00
    outer loop
      vertex   -1.035818e+00 -1.671946e+01 4.800000e+00
      vertex   -2.037429e+00 -1.694875e+01 4.800000e+00
      vertex   -1.757249e+00 -1.727822e+01 4.800000e+00
    endloop
  endfacet
  facet normal 0.000000e+00 0.000000e+00 1.000000e+00
    outer loop
      vertex   -1.035818e+00 -1.671946e+01 4.800000e+00
      vertex   -1.757249e+00 -1.727822e+01 4.800000e+00
      vertex   -7.494535e-01 -1.691362e+01 4.800000e+00
    endloop
  endfacet
  facet normal 0.000000e+00 0.000000e+00 1.000000e+00
    outer loop
      vertex   -7.494535e-01 -1.691362e+01 4.800000e+00
      vertex   -1.757249e+00 -1.727822e+01 4.800000e+00
      vertex   -1.424477e+00 -1.755447e+01 4.800000e+00
    endloop
  endfacet
  facet normal 0.000000e+00 0.000000e+00 1.000000e+00
    outer loop
      vertex   -7.494535e-01 -1.691362e+01 4.800000e+00
      vertex   -1.424477e+00 -1.755447e+01 4.800000e+00
      vertex   -1.049072e+00 -1.776924e+01 4.800000e+00
    endloop
  endfacet
  facet normal 0.000000e+00 0.000000e+00 1.000000e+00
    outer loop
      vertex   -2.493020e+00 -1.531332e+01 4.800000e+00
      vertex   -1.562593e+00 -1.515605e+01 4.800000e+00
      vertex   -2.423540e+00 -1.488644e+01 4.800000e+00
    endloop
  endfacet
  facet normal -0.000000e+00 0.000000e+00 1.000000e+00
    outer loop
      vertex   -2.423540e+00 -1.488644e+01 4.800000e+00
      vertex   -1.562593e+00 -1.515605e+01 4.800000e+00
      vertex   -1.452121e+00 -1.482818e+01 4.800000e+00
    endloop
  endfacet
  facet normal 0.000000e+00 0.000000e+00 1.000000e+00
    outer loop
      vertex   -2.423540e+00 -1.488644e+01 4.800000e+00
      vertex   -1.452121e+00 -1.482818e+01 4.800000e+00
      vertex   -2.281527e+00 -1.447793e+01 4.800000e+00
    endloop
  endfacet
  facet normal 0.000000e+00 0.000000e+00 1.000000e+00
    outer loop
      vertex   -2.281527e+00 -1.447793e+01 4.800000e+00
      vertex   -1.452121e+00 -1.482818e+01 4.800000e+00
      vertex   -1.273749e+00 -1.453172e+01 4.800000e+00
    endloop
  endfacet
  facet normal -0.000000e+00 0.000000e+00 1.000000e+00
    outer loop
      vertex   -2.281527e+00 -1.447793e+01 4.800000e+00
      vertex   -1.273749e+00 -1.453172e+01 4.800000e+00
      vertex   -2.071232e+00 -1.410000e+01 4.800000e+00
    endloop
  endfacet
  facet normal 0.000000e+00 0.000000e+00 1.000000e+00
    outer loop
      vertex   -2.071232e+00 -1.410000e+01 4.800000e+00
      vertex   -1.273749e+00 -1.453172e+01 4.800000e+00
      vertex   -1.035818e+00 -1.428054e+01 4.800000e+00
    endloop
  endfacet
  facet normal -0.000000e+00 0.000000e+00 1.000000e+00
    outer loop
      vertex   -2.071232e+00 -1.410000e+01 4.800000e+00
      vertex   -1.035818e+00 -1.428054e+01 4.800000e+00
      vertex   -7.494535e-01 -1.408638e+01 4.800000e+00
    endloop
  endfacet
  facet normal 0.000000e+00 -0.000000e+00 1.000000e+00
    outer loop
      vertex   -7.494535e-01 -1.408638e+01 4.800000e+00
      vertex   -4.280453e-01 -1.395832e+01 4.800000e+00
      vertex   -2.071232e+00 -1.410000e+01 4.800000e+00
    endloop
  endfacet
  facet normal 0.000000e+00 0.000000e+00 1.000000e+00
    outer loop
      vertex   -2.071232e+00 -1.410000e+01 4.800000e+00
      vertex   -4.280453e-01 -1.395832e+01 4.800000e+00
      vertex   -8.662225e-02 -1.390235e+01 4.800000e+00
    endloop
  endfacet
  facet normal 0.000000e+00 -0.000000e+00 1.000000e+00
    outer loop
      vertex   -2.071232e+00 -1.410000e+01 4.800000e+00
      vertex   -8.662225e-02 -1.390235e+01 4.800000e+00
      vertex   -2.122500e+01 -1.210000e+01 4.800000e+00
    endloop
  endfacet
  facet normal -1.998152e-17 -2.343484e-16 1.000000e+00
    outer loop
      vertex   -2.122500e+01 -1.210000e+01 4.800000e+00
      vertex   -8.662225e-02 -1.390235e+01 4.800000e+00
      vertex   2.322500e+01 -1.210000e+01 4.800000e+00
    endloop
  endfacet
  facet normal -1.570498e-17 -2.896613e-16 1.000000e+00
    outer loop
      vertex   2.322500e+01 -1.210000e+01 4.800000e+00
      vertex   -8.662225e-02 -1.390235e+01 4.800000e+00
      vertex   2.588512e-01 -1.392108e+01 4.800000e+00
    endloop
  endfacet
  facet normal -2.144708e-17 -2.172460e-16 1.000000e+00
    outer loop
      vertex   2.322500e+01 -1.210000e+01 4.800000e+00
      vertex   2.588512e-01 -1.392108e+01 4.800000e+00
      vertex   2.071232e+00 -1.410000e+01 4.800000e+00
    endloop
  endfacet
  facet normal 0.000000e+00 0.000000e+00 1.000000e+00
    outer loop
      vertex   2.071232e+00 -1.410000e+01 4.800000e+00
      vertex   2.588512e-01 -1.392108e+01 4.800000e+00
      vertex   5.922210e-01 -1.401364e+01 4.800000e+00
    endloop
  endfacet
  facet normal 0.000000e+00 0.000000e+00 1.000000e+00
    outer loop
      vertex   2.071232e+00 -1.410000e+01 4.800000e+00
      vertex   5.922210e-01 -1.401364e+01 4.800000e+00
      vertex   8.978993e-01 -1.417570e+01 4.800000e+00
    endloop
  endfacet
  facet normal -0.000000e+00 0.000000e+00 1.000000e+00
    outer loop
      vertex   8.978993e-01 -1.417570e+01 4.800000e+00
      vertex   1.161593e+00 -1.439968e+01 4.800000e+00
      vertex   2.071232e+00 -1.410000e+01 4.800000e+00
    endloop
  endfacet
  facet normal 0.000000e+00 0.000000e+00 1.000000e+00
    outer loop
      vertex   2.071232e+00 -1.410000e+01 4.800000e+00
      vertex   1.161593e+00 -1.439968e+01 4.800000e+00
      vertex   1.370971e+00 -1.467511e+01 4.800000e+00
    endloop
  endfacet
  facet normal 0.000000e+00 0.000000e+00 1.000000e+00
    outer loop
      vertex   2.071232e+00 -1.410000e+01 4.800000e+00
      vertex   1.370971e+00 -1.467511e+01 4.800000e+00
      vertex   2.281527e+00 -1.447793e+01 4.800000e+00
    endloop
  endfacet
  facet normal 0.000000e+00 0.000000e+00 1.000000e+00
    outer loop
      vertex   2.281527e+00 -1.447793e+01 4.800000e+00
      vertex   1.370971e+00 -1.467511e+01 4.800000e+00
      vertex   1.516245e+00 -1.498912e+01 4.800000e+00
    endloop
  endfacet
  facet normal 0.000000e+00 0.000000e+00 1.000000e+00
    outer loop
      vertex   2.281527e+00 -1.447793e+01 4.800000e+00
      vertex   1.516245e+00 -1.498912e+01 4.800000e+00
      vertex   2.423540e+00 -1.488644e+01 4.800000e+00
    endloop
  endfacet
  facet normal 0.000000e+00 0.000000e+00 1.000000e+00
    outer loop
      vertex   2.423540e+00 -1.488644e+01 4.800000e+00
      vertex   1.516245e+00 -1.498912e+01 4.800000e+00
      vertex   1.590621e+00 -1.532701e+01 4.800000e+00
    endloop
  endfacet
  facet normal 0.000000e+00 0.000000e+00 1.000000e+00
    outer loop
      vertex   2.423540e+00 -1.488644e+01 4.800000e+00
      vertex   1.590621e+00 -1.532701e+01 4.800000e+00
      vertex   2.493020e+00 -1.531332e+01 4.800000e+00
    endloop
  endfacet
  facet normal 0.000000e+00 0.000000e+00 1.000000e+00
    outer loop
      vertex   2.493020e+00 -1.531332e+01 4.800000e+00
      vertex   1.590621e+00 -1.532701e+01 4.800000e+00
      vertex   1.590621e+00 -1.567299e+01 4.800000e+00
    endloop
  endfacet
  facet normal 0.000000e+00 0.000000e+00 1.000000e+00
    outer loop
      vertex   2.493020e+00 -1.531332e+01 4.800000e+00
      vertex   1.590621e+00 -1.567299e+01 4.800000e+00
      vertex   2.487889e+00 -1.574578e+01 4.800000e+00
    endloop
  endfacet
  facet normal 0.000000e+00 0.000000e+00 1.000000e+00
    outer loop
      vertex   2.487889e+00 -1.574578e+01 4.800000e+00
      vertex   1.590621e+00 -1.567299e+01 4.800000e+00
      vertex   1.516245e+00 -1.601088e+01 4.800000e+00
    endloop
  endfacet
  facet normal 0.000000e+00 0.000000e+00 1.000000e+00
    outer loop
      vertex   2.487889e+00 -1.574578e+01 4.800000e+00
      vertex   1.516245e+00 -1.601088e+01 4.800000e+00
      vertex   2.408299e+00 -1.617089e+01 4.800000e+00
    endloop
  endfacet
  facet normal 0.000000e+00 0.000000e+00 1.000000e+00
    outer loop
      vertex   2.408299e+00 -1.617089e+01 4.800000e+00
      vertex   1.516245e+00 -1.601088e+01 4.800000e+00
      vertex   2.256632e+00 -1.657592e+01 4.800000e+00
    endloop
  endfacet
  facet normal 0.000000e+00 0.000000e+00 1.000000e+00
    outer loop
      vertex   2.256632e+00 -1.657592e+01 4.800000e+00
      vertex   1.516245e+00 -1.601088e+01 4.800000e+00
      vertex   1.370971e+00 -1.632489e+01 4.800000e+00
    endloop
  endfacet
  facet normal 0.000000e+00 0.000000e+00 1.000000e+00
    outer loop
      vertex   2.256632e+00 -1.657592e+01 4.800000e+00
      vertex   1.370971e+00 -1.632489e+01 4.800000e+00
      vertex   2.037429e+00 -1.694875e+01 4.800000e+00
    endloop
  endfacet
  facet normal 0.000000e+00 0.000000e+00 1.000000e+00
    outer loop
      vertex   2.037429e+00 -1.694875e+01 4.800000e+00
      vertex   1.370971e+00 -1.632489e+01 4.800000e+00
      vertex   1.161593e+00 -1.660032e+01 4.800000e+00
    endloop
  endfacet
  facet normal 0.000000e+00 0.000000e+00 1.000000e+00
    outer loop
      vertex   2.037429e+00 -1.694875e+01 4.800000e+00
      vertex   1.161593e+00 -1.660032e+01 4.800000e+00
      vertex   1.757248e+00 -1.727822e+01 4.800000e+00
    endloop
  endfacet
  facet normal 0.000000e+00 0.000000e+00 1.000000e+00
    outer loop
      vertex   1.757248e+00 -1.727822e+01 4.800000e+00
      vertex   1.161593e+00 -1.660032e+01 4.800000e+00
      vertex   8.978993e-01 -1.682430e+01 4.800000e+00
    endloop
  endfacet
  facet normal 0.000000e+00 0.000000e+00 1.000000e+00
    outer loop
      vertex   1.757248e+00 -1.727822e+01 4.800000e+00
      vertex   8.978993e-01 -1.682430e+01 4.800000e+00
      vertex   1.424476e+00 -1.755448e+01 4.800000e+00
    endloop
  endfacet
  facet normal 0.000000e+00 0.000000e+00 1.000000e+00
    outer loop
      vertex   1.424476e+00 -1.755448e+01 4.800000e+00
      vertex   8.978993e-01 -1.682430e+01 4.800000e+00
      vertex   5.922210e-01 -1.698636e+01 4.800000e+00
    endloop
  endfacet
  facet normal 0.000000e+00 0.000000e+00 1.000000e+00
    outer loop
      vertex   1.424476e+00 -1.755448e+01 4.800000e+00
      vertex   5.922210e-01 -1.698636e+01 4.800000e+00
      vertex   1.049072e+00 -1.776924e+01 4.800000e+00
    endloop
  endfacet
  facet normal 0.000000e+00 0.000000e+00 1.000000e+00
    outer loop
      vertex   1.049072e+00 -1.776924e+01 4.800000e+00
      vertex   5.922210e-01 -1.698636e+01 4.800000e+00
      vertex   2.588512e-01 -1.707892e+01 4.800000e+00
    endloop
  endfacet
  facet normal 0.000000e+00 0.000000e+00 1.000000e+00
    outer loop
      vertex   1.049072e+00 -1.776924e+01 4.800000e+00
      vertex   2.588512e-01 -1.707892e+01 4.800000e+00
      vertex   6.422707e-01 -1.791609e+01 4.800000e+00
    endloop
  endfacet
  facet normal 0.000000e+00 0.000000e+00 1.000000e+00
    outer loop
      vertex   6.422707e-01 -1.791609e+01 4.800000e+00
      vertex   2.588512e-01 -1.707892e+01 4.800000e+00
      vertex   2.162474e-01 -1.799063e+01 4.800000e+00
    endloop
  endfacet
  facet normal 0.000000e+00 -0.000000e+00 1.000000e+00
    outer loop
      vertex   2.162474e-01 -1.799063e+01 4.800000e+00
      vertex   2.588512e-01 -1.707892e+01 4.800000e+00
      vertex   -8.662225e-02 -1.709765e+01 4.800000e+00
    endloop
  endfacet
  facet normal 0.000000e+00 0.000000e+00 1.000000e+00
    outer loop
      vertex   2.162474e-01 -1.799063e+01 4.800000e+00
      vertex   -8.662225e-02 -1.709765e+01 4.800000e+00
      vertex   -2.162479e-01 -1.799063e+01 4.800000e+00
    endloop
  endfacet
  facet normal 0.000000e+00 -0.000000e+00 1.000000e+00
    outer loop
      vertex   -2.162479e-01 -1.799063e+01 4.800000e+00
      vertex   -8.662225e-02 -1.709765e+01 4.800000e+00
      vertex   -6.422712e-01 -1.791609e+01 4.800000e+00
    endloop
  endfacet
  facet normal 0.000000e+00 0.000000e+00 1.000000e+00
    outer loop
      vertex   -6.422712e-01 -1.791609e+01 4.800000e+00
      vertex   -8.662225e-02 -1.709765e+01 4.800000e+00
      vertex   -4.280453e-01 -1.704168e+01 4.800000e+00
    endloop
  endfacet
  facet normal 0.000000e+00 -0.000000e+00 1.000000e+00
    outer loop
      vertex   -6.422712e-01 -1.791609e+01 4.800000e+00
      vertex   -4.280453e-01 -1.704168e+01 4.800000e+00
      vertex   -1.049072e+00 -1.776924e+01 4.800000e+00
    endloop
  endfacet
  facet normal 0.000000e+00 0.000000e+00 1.000000e+00
    outer loop
      vertex   -1.049072e+00 -1.776924e+01 4.800000e+00
      vertex   -4.280453e-01 -1.704168e+01 4.800000e+00
      vertex   -7.494535e-01 -1.691362e+01 4.800000e+00
    endloop
  endfacet
  facet normal 0.000000e+00 0.000000e+00 1.000000e+00
    outer loop
      vertex   -2.071232e+00 -1.410000e+01 4.800000e+00
      vertex   -2.122500e+01 -1.210000e+01 4.800000e+00
      vertex   -2.322500e+01 -1.410000e+01 4.800000e+00
    endloop
  endfacet
  facet normal 0.000000e+00 0.000000e+00 1.000000e+00
    outer loop
      vertex   -2.322500e+01 -1.410000e+01 4.800000e+00
      vertex   -2.122500e+01 -1.210000e+01 4.800000e+00
      vertex   -2.122500e+01 1.210000e+01 4.800000e+00
    endloop
  endfacet
  facet normal 0.000000e+00 0.000000e+00 1.000000e+00
    outer loop
      vertex   -2.322500e+01 -1.410000e+01 4.800000e+00
      vertex   -2.122500e+01 1.210000e+01 4.800000e+00
      vertex   -2.322500e+01 1.410000e+01 4.800000e+00
    endloop
  endfacet
  facet normal -0.000000e+00 0.000000e+00 1.000000e+00
    outer loop
      vertex   -2.322500e+01 1.410000e+01 4.800000e+00
      vertex   -2.122500e+01 1.210000e+01 4.800000e+00
      vertex   -2.071232e+00 1.410000e+01 4.800000e+00
    endloop
  endfacet
  facet normal 0.000000e+00 4.440892e-16 1.000000e+00
    outer loop
      vertex   2.322500e+01 1.210000e+01 4.800000e+00
      vertex   2.322500e+01 1.410000e+01 4.800000e+00
      vertex   2.071232e+00 1.410000e+01 4.800000e+00
    endloop
  endfacet
  facet normal 0.000000e+00 -4.440892e-16 1.000000e+00
    outer loop
      vertex   2.071232e+00 -1.410000e+01 4.800000e+00
      vertex   2.322500e+01 -1.410000e+01 4.800000e+00
      vertex   2.322500e+01 -1.210000e+01 4.800000e+00
    endloop
  endfacet
  facet normal -4.182937e-06 -1.501588e-06 1.000000e+00
    outer loop
      vertex   2.055939e+01 -9.549415e+00 -5.700000e+00
      vertex   2.058580e+01 -9.750000e+00 -5.700000e+00
      vertex   2.147500e+01 -1.210000e+01 -5.700000e+00
    endloop
  endfacet
  facet normal 1.705235e-06 7.263956e-07 1.000000e+00
    outer loop
      vertex   2.147500e+01 -1.210000e+01 -5.700000e+00
      vertex   2.058580e+01 -9.750000e+00 -5.700000e+00
      vertex   2.055939e+01 -9.950585e+00 -5.700000e+00
    endloop
  endfacet
  facet normal 0.000000e+00 0.000000e+00 1.000000e+00
    outer loop
      vertex   2.147500e+01 -1.210000e+01 -5.700000e+00
      vertex   2.055939e+01 -9.950585e+00 -5.700000e+00
      vertex   2.048197e+01 -1.013750e+01 -5.700000e+00
    endloop
  endfacet
  facet normal 0.000000e+00 0.000000e+00 1.000000e+00
    outer loop
      vertex   2.048197e+01 -1.013750e+01 -5.700000e+00
      vertex   2.035881e+01 -1.029801e+01 -5.700000e+00
      vertex   2.147500e+01 -1.210000e+01 -5.700000e+00
    endloop
  endfacet
  facet normal 0.000000e+00 0.000000e+00 1.000000e+00
    outer loop
      vertex   2.147500e+01 -1.210000e+01 -5.700000e+00
      vertex   2.035881e+01 -1.029801e+01 -5.700000e+00
      vertex   2.019830e+01 -1.042117e+01 -5.700000e+00
    endloop
  endfacet
  facet normal 0.000000e+00 0.000000e+00 1.000000e+00
    outer loop
      vertex   2.147500e+01 -1.210000e+01 -5.700000e+00
      vertex   2.019830e+01 -1.042117e+01 -5.700000e+00
      vertex   2.001138e+01 -1.049859e+01 -5.700000e+00
    endloop
  endfacet
  facet normal 0.000000e+00 0.000000e+00 1.000000e+00
    outer loop
      vertex   2.001138e+01 -1.049859e+01 -5.700000e+00
      vertex   1.981080e+01 -1.052500e+01 -5.700000e+00
      vertex   2.147500e+01 -1.210000e+01 -5.700000e+00
    endloop
  endfacet
  facet normal 0.000000e+00 0.000000e+00 1.000000e+00
    outer loop
      vertex   2.147500e+01 -1.210000e+01 -5.700000e+00
      vertex   1.981080e+01 -1.052500e+01 -5.700000e+00
      vertex   1.961022e+01 -1.049859e+01 -5.700000e+00
    endloop
  endfacet
  facet normal 0.000000e+00 0.000000e+00 1.000000e+00
    outer loop
      vertex   2.147500e+01 -1.210000e+01 -5.700000e+00
      vertex   1.961022e+01 -1.049859e+01 -5.700000e+00
      vertex   1.942330e+01 -1.042117e+01 -5.700000e+00
    endloop
  endfacet
  facet normal 0.000000e+00 0.000000e+00 1.000000e+00
    outer loop
      vertex   2.147500e+01 -1.210000e+01 -5.700000e+00
      vertex   1.942330e+01 -1.042117e+01 -5.700000e+00
      vertex   1.403600e+01 -1.210000e+01 -5.700000e+00
    endloop
  endfacet
  facet normal 0.000000e+00 0.000000e+00 1.000000e+00
    outer loop
      vertex   1.403600e+01 -1.210000e+01 -5.700000e+00
      vertex   1.942330e+01 -1.042117e+01 -5.700000e+00
      vertex   1.926279e+01 -1.029801e+01 -5.700000e+00
    endloop
  endfacet
  facet normal 0.000000e+00 0.000000e+00 1.000000e+00
    outer loop
      vertex   1.403600e+01 -1.210000e+01 -5.700000e+00
      vertex   1.926279e+01 -1.029801e+01 -5.700000e+00
      vertex   1.913963e+01 -1.013750e+01 -5.700000e+00
    endloop
  endfacet
  facet normal 0.000000e+00 0.000000e+00 1.000000e+00
    outer loop
      vertex   1.913963e+01 -1.013750e+01 -5.700000e+00
      vertex   1.906221e+01 -9.950585e+00 -5.700000e+00
      vertex   1.403600e+01 -1.210000e+01 -5.700000e+00
    endloop
  endfacet
  facet normal 0.000000e+00 0.000000e+00 1.000000e+00
    outer loop
      vertex   1.403600e+01 -1.210000e+01 -5.700000e+00
      vertex   1.906221e+01 -9.950585e+00 -5.700000e+00
      vertex   1.903580e+01 -9.750000e+00 -5.700000e+00
    endloop
  endfacet
  facet normal 0.000000e+00 0.000000e+00 1.000000e+00
    outer loop
      vertex   1.403600e+01 -1.210000e+01 -5.700000e+00
      vertex   1.903580e+01 -9.750000e+00 -5.700000e+00
      vertex   1.906221e+01 -9.549415e+00 -5.700000e+00
    endloop
  endfacet
  facet normal 0.000000e+00 0.000000e+00 1.000000e+00
    outer loop
      vertex   1.403600e+01 -1.210000e+01 -5.700000e+00
      vertex   1.906221e+01 -9.549415e+00 -5.700000e+00
      vertex   1.906221e+01 9.049415e+00 -5.700000e+00
    endloop
  endfacet
  facet normal 0.000000e+00 0.000000e+00 1.000000e+00
    outer loop
      vertex   1.906221e+01 9.049415e+00 -5.700000e+00
      vertex   1.906221e+01 -9.549415e+00 -5.700000e+00
      vertex   1.913963e+01 -9.362500e+00 -5.700000e+00
    endloop
  endfacet
  facet normal 0.000000e+00 0.000000e+00 1.000000e+00
    outer loop
      vertex   1.906221e+01 9.049415e+00 -5.700000e+00
      vertex   1.913963e+01 -9.362500e+00 -5.700000e+00
      vertex   1.913963e+01 8.862500e+00 -5.700000e+00
    endloop
  endfacet
  facet normal 0.000000e+00 0.000000e+00 1.000000e+00
    outer loop
      vertex   1.913963e+01 8.862500e+00 -5.700000e+00
      vertex   1.913963e+01 -9.362500e+00 -5.700000e+00
      vertex   1.926279e+01 -9.201992e+00 -5.700000e+00
    endloop
  endfacet
  facet normal 0.000000e+00 0.000000e+00 1.000000e+00
    outer loop
      vertex   1.913963e+01 8.862500e+00 -5.700000e+00
      vertex   1.926279e+01 -9.201992e+00 -5.700000e+00
      vertex   1.926279e+01 8.701992e+00 -5.700000e+00
    endloop
  endfacet
  facet normal 0.000000e+00 0.000000e+00 1.000000e+00
    outer loop
      vertex   1.926279e+01 8.701992e+00 -5.700000e+00
      vertex   1.926279e+01 -9.201992e+00 -5.700000e+00
      vertex   1.942330e+01 -9.078830e+00 -5.700000e+00
    endloop
  endfacet
  facet normal 0.000000e+00 0.000000e+00 1.000000e+00
    outer loop
      vertex   1.926279e+01 8.701992e+00 -5.700000e+00
      vertex   1.942330e+01 -9.078830e+00 -5.700000e+00
      vertex   1.942330e+01 8.578830e+00 -5.700000e+00
    endloop
  endfacet
  facet normal 0.000000e+00 0.000000e+00 1.000000e+00
    outer loop
      vertex   1.942330e+01 8.578830e+00 -5.700000e+00
      vertex   1.942330e+01 -9.078830e+00 -5.700000e+00
      vertex   1.961022e+01 8.501407e+00 -5.700000e+00
    endloop
  endfacet
  facet normal 0.000000e+00 0.000000e+00 1.000000e+00
    outer loop
      vertex   1.961022e+01 8.501407e+00 -5.700000e+00
      vertex   1.942330e+01 -9.078830e+00 -5.700000e+00
      vertex   1.961022e+01 -9.001407e+00 -5.700000e+00
    endloop
  endfacet
  facet normal 0.000000e+00 0.000000e+00 1.000000e+00
    outer loop
      vertex   1.961022e+01 8.501407e+00 -5.700000e+00
      vertex   1.961022e+01 -9.001407e+00 -5.700000e+00
      vertex   1.981080e+01 8.475000e+00 -5.700000e+00
    endloop
  endfacet
  facet normal 0.000000e+00 0.000000e+00 1.000000e+00
    outer loop
      vertex   1.981080e+01 8.475000e+00 -5.700000e+00
      vertex   1.961022e+01 -9.001407e+00 -5.700000e+00
      vertex   1.981080e+01 -8.975000e+00 -5.700000e+00
    endloop
  endfacet
  facet normal 0.000000e+00 0.000000e+00 1.000000e+00
    outer loop
      vertex   1.981080e+01 8.475000e+00 -5.700000e+00
      vertex   1.981080e+01 -8.975000e+00 -5.700000e+00
      vertex   2.001138e+01 -9.001407e+00 -5.700000e+00
    endloop
  endfacet
  facet normal -0.000000e+00 0.000000e+00 1.000000e+00
    outer loop
      vertex   1.981080e+01 8.475000e+00 -5.700000e+00
      vertex   2.001138e+01 -9.001407e+00 -5.700000e+00
      vertex   2.001138e+01 8.501407e+00 -5.700000e+00
    endloop
  endfacet
  facet normal 0.000000e+00 0.000000e+00 1.000000e+00
    outer loop
      vertex   2.001138e+01 8.501407e+00 -5.700000e+00
      vertex   2.001138e+01 -9.001407e+00 -5.700000e+00
      vertex   2.019830e+01 -9.078830e+00 -5.700000e+00
    endloop
  endfacet
  facet normal -0.000000e+00 0.000000e+00 1.000000e+00
    outer loop
      vertex   2.001138e+01 8.501407e+00 -5.700000e+00
      vertex   2.019830e+01 -9.078830e+00 -5.700000e+00
      vertex   2.019830e+01 8.578830e+00 -5.700000e+00
    endloop
  endfacet
  facet normal 0.000000e+00 0.000000e+00 1.000000e+00
    outer loop
      vertex   2.019830e+01 8.578830e+00 -5.700000e+00
      vertex   2.019830e+01 -9.078830e+00 -5.700000e+00
      vertex   2.035881e+01 -9.201992e+00 -5.700000e+00
    endloop
  endfacet
  facet normal -0.000000e+00 0.000000e+00 1.000000e+00
    outer loop
      vertex   2.019830e+01 8.578830e+00 -5.700000e+00
      vertex   2.035881e+01 -9.201992e+00 -5.700000e+00
      vertex   2.035881e+01 8.701992e+00 -5.700000e+00
    endloop
  endfacet
  facet normal 0.000000e+00 0.000000e+00 1.000000e+00
    outer loop
      vertex   2.035881e+01 8.701992e+00 -5.700000e+00
      vertex   2.035881e+01 -9.201992e+00 -5.700000e+00
      vertex   2.048197e+01 -9.362500e+00 -5.700000e+00
    endloop
  endfacet
  facet normal -0.000000e+00 0.000000e+00 1.000000e+00
    outer loop
      vertex   2.035881e+01 8.701992e+00 -5.700000e+00
      vertex   2.048197e+01 -9.362500e+00 -5.700000e+00
      vertex   2.048197e+01 8.862500e+00 -5.700000e+00
    endloop
  endfacet
  facet normal 0.000000e+00 0.000000e+00 1.000000e+00
    outer loop
      vertex   2.048197e+01 8.862500e+00 -5.700000e+00
      vertex   2.048197e+01 -9.362500e+00 -5.700000e+00
      vertex   2.055939e+01 -9.549415e+00 -5.700000e+00
    endloop
  endfacet
  facet normal -0.000000e+00 0.000000e+00 1.000000e+00
    outer loop
      vertex   2.048197e+01 8.862500e+00 -5.700000e+00
      vertex   2.055939e+01 -9.549415e+00 -5.700000e+00
      vertex   2.055939e+01 9.049415e+00 -5.700000e+00
    endloop
  endfacet
  facet normal 0.000000e+00 0.000000e+00 1.000000e+00
    outer loop
      vertex   2.055939e+01 9.049415e+00 -5.700000e+00
      vertex   2.055939e+01 -9.549415e+00 -5.700000e+00
      vertex   2.147500e+01 -1.210000e+01 -5.700000e+00
    endloop
  endfacet
  facet normal -0.000000e+00 0.000000e+00 1.000000e+00
    outer loop
      vertex   2.055939e+01 9.049415e+00 -5.700000e+00
      vertex   2.147500e+01 -1.210000e+01 -5.700000e+00
      vertex   2.147500e+01 1.210000e+01 -5.700000e+00
    endloop
  endfacet
  facet normal 6.272519e-07 1.033473e-06 1.000000e+00
    outer loop
      vertex   1.906221e+01 9.049415e+00 -5.700000e+00
      vertex   1.903580e+01 9.250000e+00 -5.700000e+00
      vertex   1.403600e+01 1.210000e+01 -5.700000e+00
    endloop
  endfacet
  facet normal -4.687086e-07 -8.891874e-07 1.000000e+00
    outer loop
      vertex   1.403600e+01 1.210000e+01 -5.700000e+00
      vertex   1.903580e+01 9.250000e+00 -5.700000e+00
      vertex   1.906221e+01 9.450585e+00 -5.700000e+00
    endloop
  endfacet
  facet normal 0.000000e+00 0.000000e+00 1.000000e+00
    outer loop
      vertex   1.403600e+01 1.210000e+01 -5.700000e+00
      vertex   1.906221e+01 9.450585e+00 -5.700000e+00
      vertex   1.913963e+01 9.637500e+00 -5.700000e+00
    endloop
  endfacet
  facet normal 0.000000e+00 -0.000000e+00 1.000000e+00
    outer loop
      vertex   1.913963e+01 9.637500e+00 -5.700000e+00
      vertex   1.926279e+01 9.798008e+00 -5.700000e+00
      vertex   1.403600e+01 1.210000e+01 -5.700000e+00
    endloop
  endfacet
  facet normal 0.000000e+00 0.000000e+00 1.000000e+00
    outer loop
      vertex   1.403600e+01 1.210000e+01 -5.700000e+00
      vertex   1.926279e+01 9.798008e+00 -5.700000e+00
      vertex   1.942330e+01 9.921170e+00 -5.700000e+00
    endloop
  endfacet
  facet normal -0.000000e+00 0.000000e+00 1.000000e+00
    outer loop
      vertex   1.403600e+01 1.210000e+01 -5.700000e+00
      vertex   1.942330e+01 9.921170e+00 -5.700000e+00
      vertex   2.147500e+01 1.210000e+01 -5.700000e+00
    endloop
  endfacet
  facet normal 0.000000e+00 0.000000e+00 1.000000e+00
    outer loop
      vertex   2.147500e+01 1.210000e+01 -5.700000e+00
      vertex   1.942330e+01 9.921170e+00 -5.700000e+00
      vertex   1.961022e+01 9.998593e+00 -5.700000e+00
    endloop
  endfacet
  facet normal 0.000000e+00 0.000000e+00 1.000000e+00
    outer loop
      vertex   2.147500e+01 1.210000e+01 -5.700000e+00
      vertex   1.961022e+01 9.998593e+00 -5.700000e+00
      vertex   1.981080e+01 1.002500e+01 -5.700000e+00
    endloop
  endfacet
  facet normal -0.000000e+00 0.000000e+00 1.000000e+00
    outer loop
      vertex   1.981080e+01 1.002500e+01 -5.700000e+00
      vertex   2.001138e+01 9.998593e+00 -5.700000e+00
      vertex   2.147500e+01 1.210000e+01 -5.700000e+00
    endloop
  endfacet
  facet normal 0.000000e+00 0.000000e+00 1.000000e+00
    outer loop
      vertex   2.147500e+01 1.210000e+01 -5.700000e+00
      vertex   2.001138e+01 9.998593e+00 -5.700000e+00
      vertex   2.019830e+01 9.921170e+00 -5.700000e+00
    endloop
  endfacet
  facet normal 0.000000e+00 0.000000e+00 1.000000e+00
    outer loop
      vertex   2.147500e+01 1.210000e+01 -5.700000e+00
      vertex   2.019830e+01 9.921170e+00 -5.700000e+00
      vertex   2.035881e+01 9.798008e+00 -5.700000e+00
    endloop
  endfacet
  facet normal -0.000000e+00 0.000000e+00 1.000000e+00
    outer loop
      vertex   2.035881e+01 9.798008e+00 -5.700000e+00
      vertex   2.048197e+01 9.637500e+00 -5.700000e+00
      vertex   2.147500e+01 1.210000e+01 -5.700000e+00
    endloop
  endfacet
  facet normal 0.000000e+00 0.000000e+00 1.000000e+00
    outer loop
      vertex   2.147500e+01 1.210000e+01 -5.700000e+00
      vertex   2.048197e+01 9.637500e+00 -5.700000e+00
      vertex   2.055939e+01 9.450585e+00 -5.700000e+00
    endloop
  endfacet
  facet normal 0.000000e+00 0.000000e+00 1.000000e+00
    outer loop
      vertex   2.147500e+01 1.210000e+01 -5.700000e+00
      vertex   2.055939e+01 9.450585e+00 -5.700000e+00
      vertex   2.058580e+01 9.250000e+00 -5.700000e+00
    endloop
  endfacet
  facet normal -0.000000e+00 0.000000e+00 1.000000e+00
    outer loop
      vertex   2.058580e+01 9.250000e+00 -5.700000e+00
      vertex   2.055939e+01 9.049415e+00 -5.700000e+00
      vertex   2.147500e+01 1.210000e+01 -5.700000e+00
    endloop
  endfacet
  facet normal 0.000000e+00 0.000000e+00 1.000000e+00
    outer loop
      vertex   1.403600e+01 -1.210000e+01 -5.700000e+00
      vertex   1.906221e+01 9.049415e+00 -5.700000e+00
      vertex   1.403600e+01 1.210000e+01 -5.700000e+00
    endloop
  endfacet
  facet normal 0.000000e+00 -1.000000e+00 0.000000e+00
    outer loop
      vertex   2.147500e+01 1.210000e+01 -7.200000e+00
      vertex   2.322500e+01 1.210000e+01 -7.200000e+00
      vertex   2.147500e+01 1.210000e+01 -5.700000e+00
    endloop
  endfacet
  facet normal 0.000000e+00 -1.000000e+00 0.000000e+00
    outer loop
      vertex   2.147500e+01 1.210000e+01 -5.700000e+00
      vertex   2.322500e+01 1.210000e+01 -7.200000e+00
      vertex   2.322500e+01 1.210000e+01 4.800000e+00
    endloop
  endfacet
  facet normal 5.127971e-08 -1.000000e+00 -8.546620e-09
    outer loop
      vertex   2.147500e+01 1.210000e+01 -5.700000e+00
      vertex   2.322500e+01 1.210000e+01 4.800000e+00
      vertex   1.403600e+01 1.210000e+01 -5.700000e+00
    endloop
  endfacet
  facet normal -1.814844e-24 -1.000000e+00 3.633045e-08
    outer loop
      vertex   1.403600e+01 1.210000e+01 -5.700000e+00
      vertex   2.322500e+01 1.210000e+01 4.800000e+00
      vertex   -2.122500e+01 1.210000e+01 4.800000e+00
    endloop
  endfacet
  facet normal -2.346114e-16 -1.000000e+00 3.633045e-08
    outer loop
      vertex   1.403600e+01 1.210000e+01 -5.700000e+00
      vertex   -2.122500e+01 1.210000e+01 4.800000e+00
      vertex   -1.550000e+01 1.210000e+01 -5.700000e+00
    endloop
  endfacet
  facet normal 0.000000e+00 -1.000000e+00 3.633045e-08
    outer loop
      vertex   -1.550000e+01 1.210000e+01 -5.700000e+00
      vertex   -2.122500e+01 1.210000e+01 4.800000e+00
      vertex   -2.122500e+01 1.210000e+01 -5.700000e+00
    endloop
  endfacet
  facet normal 0.000000e+00 -1.000000e+00 0.000000e+00
    outer loop
      vertex   -1.550000e+01 1.210000e+01 -7.200000e+00
      vertex   1.403600e+01 1.210000e+01 -7.200000e+00
      vertex   -1.550000e+01 1.210000e+01 -5.700000e+00
    endloop
  endfacet
  facet normal 0.000000e+00 -1.000000e+00 0.000000e+00
    outer loop
      vertex   -1.550000e+01 1.210000e+01 -5.700000e+00
      vertex   1.403600e+01 1.210000e+01 -7.200000e+00
      vertex   1.403600e+01 1.210000e+01 -5.700000e+00
    endloop
  endfacet
  facet normal 1.000000e+00 0.000000e+00 0.000000e+00
    outer loop
      vertex   2.147500e+01 1.210000e+01 -5.700000e+00
      vertex   2.147500e+01 -1.210000e+01 -5.700000e+00
      vertex   2.147500e+01 1.210000e+01 -7.200000e+00
    endloop
  endfacet
  facet normal 1.000000e+00 0.000000e+00 0.000000e+00
    outer loop
      vertex   2.147500e+01 1.210000e+01 -7.200000e+00
      vertex   2.147500e+01 -1.210000e+01 -5.700000e+00
      vertex   2.147500e+01 -1.210000e+01 -7.200000e+00
    endloop
  endfacet
  facet normal 6.457708e-09 -5.060057e-08 -1.000000e+00
    outer loop
      vertex   1.403600e+01 -1.210000e+01 -7.200000e+00
      vertex   -8.662225e-02 -1.390235e+01 -7.200000e+00
      vertex   -1.550000e+01 -1.210000e+01 -7.200000e+00
    endloop
  endfacet
  facet normal 5.691804e-09 -5.715046e-08 -1.000000e+00
    outer loop
      vertex   -1.550000e+01 -1.210000e+01 -7.200000e+00
      vertex   -8.662225e-02 -1.390235e+01 -7.200000e+00
      vertex   -2.071232e+00 -1.410000e+01 -7.200000e+00
    endloop
  endfacet
  facet normal 0.000000e+00 -9.536741e-08 -1.000000e+00
    outer loop
      vertex   -1.550000e+01 -1.210000e+01 -7.200000e+00
      vertex   -2.071232e+00 -1.410000e+01 -7.200000e+00
      vertex   -2.322500e+01 -1.410000e+01 -7.200000e+00
    endloop
  endfacet
  facet normal 0.000000e+00 0.000000e+00 -1.000000e+00
    outer loop
      vertex   1.403600e+01 1.210000e+01 -7.200000e+00
      vertex   2.147500e+01 -1.210000e+01 -7.200000e+00
      vertex   1.403600e+01 -1.210000e+01 -7.200000e+00
    endloop
  endfacet
  facet normal 0.000000e+00 0.000000e+00 -1.000000e+00
    outer loop
      vertex   1.403600e+01 -1.210000e+01 -7.200000e+00
      vertex   2.147500e+01 -1.210000e+01 -7.200000e+00
      vertex   2.322500e+01 -1.410000e+01 -7.200000e+00
    endloop
  endfacet
  facet normal 0.000000e+00 -0.000000e+00 -1.000000e+00
    outer loop
      vertex   1.403600e+01 -1.210000e+01 -7.200000e+00
      vertex   2.322500e+01 -1.410000e+01 -7.200000e+00
      vertex   2.071232e+00 -1.410000e+01 -7.200000e+00
    endloop
  endfacet
  facet normal 6.457708e-09 5.060057e-08 -1.000000e+00
    outer loop
      vertex   -1.550000e+01 1.210000e+01 -7.200000e+00
      vertex   -8.662225e-02 1.390235e+01 -7.200000e+00
      vertex   1.403600e+01 1.210000e+01 -7.200000e+00
    endloop
  endfacet
  facet normal 0.000000e+00 0.000000e+00 -1.000000e+00
    outer loop
      vertex   1.403600e+01 1.210000e+01 -7.200000e+00
      vertex   -8.662225e-02 1.390235e+01 -7.200000e+00
      vertex   2.588512e-01 1.392108e+01 -7.200000e+00
    endloop
  endfacet
  facet normal 0.000000e+00 0.000000e+00 -1.000000e+00
    outer loop
      vertex   1.403600e+01 1.210000e+01 -7.200000e+00
      vertex   2.588512e-01 1.392108e+01 -7.200000e+00
      vertex   2.071232e+00 1.410000e+01 -7.200000e+00
    endloop
  endfacet
  facet normal 0.000000e+00 0.000000e+00 -1.000000e+00
    outer loop
      vertex   2.071232e+00 1.410000e+01 -7.200000e+00
      vertex   2.588512e-01 1.392108e+01 -7.200000e+00
      vertex   5.922210e-01 1.401364e+01 -7.200000e+00
    endloop
  endfacet
  facet normal -0.000000e+00 0.000000e+00 -1.000000e+00
    outer loop
      vertex   2.071232e+00 1.410000e+01 -7.200000e+00
      vertex   5.922210e-01 1.401364e+01 -7.200000e+00
      vertex   8.978993e-01 1.417570e+01 -7.200000e+00
    endloop
  endfacet
  facet normal -2.469060e-08 0.000000e+00 -1.000000e+00
    outer loop
      vertex   -1.550000e+01 -1.210000e+01 -7.200000e+00
      vertex   -2.322500e+01 -1.410000e+01 -7.200000e+00
      vertex   -1.550000e+01 1.210000e+01 -7.200000e+00
    endloop
  endfacet
  facet normal -2.469060e-08 0.000000e+00 -1.000000e+00
    outer loop
      vertex   -1.550000e+01 1.210000e+01 -7.200000e+00
      vertex   -2.322500e+01 -1.410000e+01 -7.200000e+00
      vertex   -2.322500e+01 1.410000e+01 -7.200000e+00
    endloop
  endfacet
  facet normal 0.000000e+00 9.536741e-08 -1.000000e+00
    outer loop
      vertex   -1.550000e+01 1.210000e+01 -7.200000e+00
      vertex   -2.322500e+01 1.410000e+01 -7.200000e+00
      vertex   -2.071232e+00 1.410000e+01 -7.200000e+00
    endloop
  endfacet
  facet normal 0.000000e+00 0.000000e+00 -1.000000e+00
    outer loop
      vertex   2.147500e+01 -1.210000e+01 -7.200000e+00
      vertex   1.403600e+01 1.210000e+01 -7.200000e+00
      vertex   2.147500e+01 1.210000e+01 -7.200000e+00
    endloop
  endfacet
  facet normal -0.000000e+00 0.000000e+00 -1.000000e+00
    outer loop
      vertex   2.147500e+01 1.210000e+01 -7.200000e+00
      vertex   1.403600e+01 1.210000e+01 -7.200000e+00
      vertex   2.322500e+01 1.410000e+01 -7.200000e+00
    endloop
  endfacet
  facet normal 0.000000e+00 0.000000e+00 -1.000000e+00
    outer loop
      vertex   2.147500e+01 1.210000e+01 -7.200000e+00
      vertex   2.322500e+01 1.410000e+01 -7.200000e+00
      vertex   2.322500e+01 1.210000e+01 -7.200000e+00
    endloop
  endfacet
  facet normal 0.000000e+00 0.000000e+00 -1.000000e+00
    outer loop
      vertex   2.147500e+01 -1.210000e+01 -7.200000e+00
      vertex   2.322500e+01 -1.210000e+01 -7.200000e+00
      vertex   2.322500e+01 -1.410000e+01 -7.200000e+00
    endloop
  endfacet
  facet normal -2.844839e-07 3.463886e-07 -1.000000e+00
    outer loop
      vertex   2.281527e+00 -1.447793e+01 -7.200000e+00
      vertex   1.370971e+00 -1.467511e+01 -7.200000e+00
      vertex   2.071232e+00 -1.410000e+01 -7.200000e+00
    endloop
  endfacet
  facet normal 0.000000e+00 0.000000e+00 -1.000000e+00
    outer loop
      vertex   2.071232e+00 -1.410000e+01 -7.200000e+00
      vertex   1.370971e+00 -1.467511e+01 -7.200000e+00
      vertex   1.161593e+00 -1.439968e+01 -7.200000e+00
    endloop
  endfacet
  facet normal 0.000000e+00 0.000000e+00 -1.000000e+00
    outer loop
      vertex   2.071232e+00 -1.410000e+01 -7.200000e+00
      vertex   1.161593e+00 -1.439968e+01 -7.200000e+00
      vertex   8.978993e-01 -1.417570e+01 -7.200000e+00
    endloop
  endfacet
  facet normal -1.903952e-07 -8.808618e-08 -1.000000e+00
    outer loop
      vertex   1.370971e+00 -1.467511e+01 -7.200000e+00
      vertex   2.281527e+00 -1.447793e+01 -7.200000e+00
      vertex   1.516245e+00 -1.498912e+01 -7.200000e+00
    endloop
  endfacet
  facet normal -2.022664e-07 -7.031429e-08 -1.000000e+00
    outer loop
      vertex   1.516245e+00 -1.498912e+01 -7.200000e+00
      vertex   2.281527e+00 -1.447793e+01 -7.200000e+00
      vertex   2.423540e+00 -1.488644e+01 -7.200000e+00
    endloop
  endfacet
  facet normal -2.051143e-07 -4.514907e-08 -1.000000e+00
    outer loop
      vertex   1.516245e+00 -1.498912e+01 -7.200000e+00
      vertex   2.423540e+00 -1.488644e+01 -7.200000e+00
      vertex   1.590621e+00 -1.532701e+01 -7.200000e+00
    endloop
  endfacet
  facet normal -2.108434e-07 -3.431775e-08 -1.000000e+00
    outer loop
      vertex   1.590621e+00 -1.532701e+01 -7.200000e+00
      vertex   2.423540e+00 -1.488644e+01 -7.200000e+00
      vertex   2.493020e+00 -1.531332e+01 -7.200000e+00
    endloop
  endfacet
  facet normal -2.113641e-07 -0.000000e+00 -1.000000e+00
    outer loop
      vertex   1.590621e+00 -1.532701e+01 -7.200000e+00
      vertex   2.493020e+00 -1.531332e+01 -7.200000e+00
      vertex   1.590621e+00 -1.567299e+01 -7.200000e+00
    endloop
  endfacet
  facet normal -2.123685e-07 2.519940e-09 -1.000000e+00
    outer loop
      vertex   1.590621e+00 -1.567299e+01 -7.200000e+00
      vertex   2.493020e+00 -1.531332e+01 -7.200000e+00
      vertex   2.487889e+00 -1.574578e+01 -7.200000e+00
    endloop
  endfacet
  facet normal -2.088435e-07 4.596992e-08 -1.000000e+00
    outer loop
      vertex   1.590621e+00 -1.567299e+01 -7.200000e+00
      vertex   2.487889e+00 -1.574578e+01 -7.200000e+00
      vertex   1.516245e+00 -1.601088e+01 -7.200000e+00
    endloop
  endfacet
  facet normal -2.068683e-07 3.873040e-08 -1.000000e+00
    outer loop
      vertex   1.516245e+00 -1.601088e+01 -7.200000e+00
      vertex   2.487889e+00 -1.574578e+01 -7.200000e+00
      vertex   2.408299e+00 -1.617089e+01 -7.200000e+00
    endloop
  endfacet
  facet normal -2.003579e-07 7.502541e-08 -1.000000e+00
    outer loop
      vertex   1.516245e+00 -1.601088e+01 -7.200000e+00
      vertex   2.408299e+00 -1.617089e+01 -7.200000e+00
      vertex   2.256632e+00 -1.657592e+01 -7.200000e+00
    endloop
  endfacet
  facet normal -1.903916e-07 8.808454e-08 -1.000000e+00
    outer loop
      vertex   1.516245e+00 -1.601088e+01 -7.200000e+00
      vertex   2.256632e+00 -1.657592e+01 -7.200000e+00
      vertex   1.370971e+00 -1.632489e+01 -7.200000e+00
    endloop
  endfacet
  facet normal -1.845958e-07 1.085323e-07 -1.000000e+00
    outer loop
      vertex   1.370971e+00 -1.632489e+01 -7.200000e+00
      vertex   2.256632e+00 -1.657592e+01 -7.200000e+00
      vertex   2.037429e+00 -1.694875e+01 -7.200000e+00
    endloop
  endfacet
  facet normal -1.672074e-07 1.271078e-07 -1.000000e+00
    outer loop
      vertex   1.370971e+00 -1.632489e+01 -7.200000e+00
      vertex   2.037429e+00 -1.694875e+01 -7.200000e+00
      vertex   1.161593e+00 -1.660032e+01 -7.200000e+00
    endloop
  endfacet
  facet normal -1.627233e-07 1.383792e-07 -1.000000e+00
    outer loop
      vertex   1.161593e+00 -1.660032e+01 -7.200000e+00
      vertex   2.037429e+00 -1.694875e+01 -7.200000e+00
      vertex   1.757248e+00 -1.727822e+01 -7.200000e+00
    endloop
  endfacet
  facet normal -1.368505e-07 1.611129e-07 -1.000000e+00
    outer loop
      vertex   1.161593e+00 -1.660032e+01 -7.200000e+00
      vertex   1.757248e+00 -1.727822e+01 -7.200000e+00
      vertex   8.978993e-01 -1.682430e+01 -7.200000e+00
    endloop
  endfacet
  facet normal -1.356442e-07 1.633967e-07 -1.000000e+00
    outer loop
      vertex   8.978993e-01 -1.682430e+01 -7.200000e+00
      vertex   1.757248e+00 -1.727822e+01 -7.200000e+00
      vertex   1.424476e+00 -1.755447e+01 -7.200000e+00
    endloop
  endfacet
  facet normal -1.001849e-07 1.889688e-07 -1.000000e+00
    outer loop
      vertex   8.978993e-01 -1.682430e+01 -7.200000e+00
      vertex   1.424476e+00 -1.755447e+01 -7.200000e+00
      vertex   5.922210e-01 -1.698636e+01 -7.200000e+00
    endloop
  endfacet
  facet normal -1.044948e-07 1.826549e-07 -1.000000e+00
    outer loop
      vertex   5.922210e-01 -1.698636e+01 -7.200000e+00
      vertex   1.424476e+00 -1.755447e+01 -7.200000e+00
      vertex   1.049072e+00 -1.776924e+01 -7.200000e+00
    endloop
  endfacet
  facet normal -5.821267e-08 2.096631e-07 -1.000000e+00
    outer loop
      vertex   5.922210e-01 -1.698636e+01 -7.200000e+00
      vertex   1.049072e+00 -1.776924e+01 -7.200000e+00
      vertex   2.588512e-01 -1.707892e+01 -7.200000e+00
    endloop
  endfacet
  facet normal -7.057654e-08 1.955099e-07 -1.000000e+00
    outer loop
      vertex   2.588512e-01 -1.707892e+01 -7.200000e+00
      vertex   1.049072e+00 -1.776924e+01 -7.200000e+00
      vertex   6.422709e-01 -1.791609e+01 -7.200000e+00
    endloop
  endfacet
  facet normal -3.690613e-08 2.109308e-07 -1.000000e+00
    outer loop
      vertex   2.588512e-01 -1.707892e+01 -7.200000e+00
      vertex   6.422709e-01 -1.791609e+01 -7.200000e+00
      vertex   2.162476e-01 -1.799063e+01 -7.200000e+00
    endloop
  endfacet
  facet normal -1.137164e-08 2.097376e-07 -1.000000e+00
    outer loop
      vertex   2.588512e-01 -1.707892e+01 -7.200000e+00
      vertex   2.162476e-01 -1.799063e+01 -7.200000e+00
      vertex   -8.662225e-02 -1.709765e+01 -7.200000e+00
    endloop
  endfacet
  facet normal 0.000000e+00 2.135945e-07 -1.000000e+00
    outer loop
      vertex   -8.662225e-02 -1.709765e+01 -7.200000e+00
      vertex   2.162476e-01 -1.799063e+01 -7.200000e+00
      vertex   -2.162476e-01 -1.799063e+01 -7.200000e+00
    endloop
  endfacet
  facet normal 3.644651e-08 2.083039e-07 -1.000000e+00
    outer loop
      vertex   -8.662225e-02 -1.709765e+01 -7.200000e+00
      vertex   -2.162476e-01 -1.799063e+01 -7.200000e+00
      vertex   -6.422709e-01 -1.791609e+01 -7.200000e+00
    endloop
  endfacet
  facet normal 3.437973e-08 2.097071e-07 -1.000000e+00
    outer loop
      vertex   -8.662225e-02 -1.709765e+01 -7.200000e+00
      vertex   -6.422709e-01 -1.791609e+01 -7.200000e+00
      vertex   -4.280453e-01 -1.704168e+01 -7.200000e+00
    endloop
  endfacet
  facet normal 7.234399e-08 2.004060e-07 -1.000000e+00
    outer loop
      vertex   -4.280453e-01 -1.704168e+01 -7.200000e+00
      vertex   -6.422709e-01 -1.791609e+01 -7.200000e+00
      vertex   -1.049072e+00 -1.776924e+01 -7.200000e+00
    endloop
  endfacet
  facet normal 7.794439e-08 1.956257e-07 -1.000000e+00
    outer loop
      vertex   -4.280453e-01 -1.704168e+01 -7.200000e+00
      vertex   -1.049072e+00 -1.776924e+01 -7.200000e+00
      vertex   -7.494535e-01 -1.691362e+01 -7.200000e+00
    endloop
  endfacet
  facet normal 1.062456e-07 1.857152e-07 -1.000000e+00
    outer loop
      vertex   -7.494535e-01 -1.691362e+01 -7.200000e+00
      vertex   -1.049072e+00 -1.776924e+01 -7.200000e+00
      vertex   -1.424476e+00 -1.755447e+01 -7.200000e+00
    endloop
  endfacet
  facet normal 1.318144e-07 1.587833e-07 -1.000000e+00
    outer loop
      vertex   -7.494535e-01 -1.691362e+01 -7.200000e+00
      vertex   -1.424476e+00 -1.755447e+01 -7.200000e+00
      vertex   -1.757248e+00 -1.727822e+01 -7.200000e+00
    endloop
  endfacet
  facet normal 1.234094e-07 1.820153e-07 -1.000000e+00
    outer loop
      vertex   -7.494535e-01 -1.691362e+01 -7.200000e+00
      vertex   -1.757248e+00 -1.727822e+01 -7.200000e+00
      vertex   -1.035818e+00 -1.671946e+01 -7.200000e+00
    endloop
  endfacet
  facet normal 1.593973e-07 1.355507e-07 -1.000000e+00
    outer loop
      vertex   -1.035818e+00 -1.671946e+01 -7.200000e+00
      vertex   -1.757248e+00 -1.727822e+01 -7.200000e+00
      vertex   -2.037429e+00 -1.694875e+01 -7.200000e+00
    endloop
  endfacet
  facet normal 1.564928e-07 1.482379e-07 -1.000000e+00
    outer loop
      vertex   -1.035818e+00 -1.671946e+01 -7.200000e+00
      vertex   -2.037429e+00 -1.694875e+01 -7.200000e+00
      vertex   -1.273749e+00 -1.646828e+01 -7.200000e+00
    endloop
  endfacet
  facet normal 1.823168e-07 1.071924e-07 -1.000000e+00
    outer loop
      vertex   -1.273749e+00 -1.646828e+01 -7.200000e+00
      vertex   -2.037429e+00 -1.694875e+01 -7.200000e+00
      vertex   -2.256632e+00 -1.657592e+01 -7.200000e+00
    endloop
  endfacet
  facet normal 1.820596e-07 1.095416e-07 -1.000000e+00
    outer loop
      vertex   -1.273749e+00 -1.646828e+01 -7.200000e+00
      vertex   -2.256632e+00 -1.657592e+01 -7.200000e+00
      vertex   -1.452121e+00 -1.617182e+01 -7.200000e+00
    endloop
  endfacet
  facet normal 1.995490e-07 7.472248e-08 -1.000000e+00
    outer loop
      vertex   -1.452121e+00 -1.617182e+01 -7.200000e+00
      vertex   -2.256632e+00 -1.657592e+01 -7.200000e+00
      vertex   -2.408299e+00 -1.617089e+01 -7.200000e+00
    endloop
  endfacet
  facet normal 1.995417e-07 6.723342e-08 -1.000000e+00
    outer loop
      vertex   -1.452121e+00 -1.617182e+01 -7.200000e+00
      vertex   -2.408299e+00 -1.617089e+01 -7.200000e+00
      vertex   -1.562593e+00 -1.584395e+01 -7.200000e+00
    endloop
  endfacet
  facet normal 2.103114e-07 3.937503e-08 -1.000000e+00
    outer loop
      vertex   -1.562593e+00 -1.584395e+01 -7.200000e+00
      vertex   -2.408299e+00 -1.617089e+01 -7.200000e+00
      vertex   -2.487889e+00 -1.574578e+01 -7.200000e+00
    endloop
  endfacet
  facet normal 2.085402e-07 2.268011e-08 -1.000000e+00
    outer loop
      vertex   -1.562593e+00 -1.584395e+01 -7.200000e+00
      vertex   -2.487889e+00 -1.574578e+01 -7.200000e+00
      vertex   -1.600000e+00 -1.550000e+01 -7.200000e+00
    endloop
  endfacet
  facet normal 2.141151e-07 2.540665e-09 -1.000000e+00
    outer loop
      vertex   -1.600000e+00 -1.550000e+01 -7.200000e+00
      vertex   -2.487889e+00 -1.574578e+01 -7.200000e+00
      vertex   -2.493020e+00 -1.531332e+01 -7.200000e+00
    endloop
  endfacet
  facet normal 2.088361e-07 -2.271230e-08 -1.000000e+00
    outer loop
      vertex   -1.600000e+00 -1.550000e+01 -7.200000e+00
      vertex   -2.493020e+00 -1.531332e+01 -7.200000e+00
      vertex   -1.562593e+00 -1.515605e+01 -7.200000e+00
    endloop
  endfacet
  facet normal 2.107965e-07 -3.431011e-08 -1.000000e+00
    outer loop
      vertex   -1.562593e+00 -1.515605e+01 -7.200000e+00
      vertex   -2.493020e+00 -1.531332e+01 -7.200000e+00
      vertex   -2.423540e+00 -1.488644e+01 -7.200000e+00
    endloop
  endfacet
  facet normal 2.003964e-07 -6.752141e-08 -1.000000e+00
    outer loop
      vertex   -1.562593e+00 -1.515605e+01 -7.200000e+00
      vertex   -2.423540e+00 -1.488644e+01 -7.200000e+00
      vertex   -1.452121e+00 -1.482818e+01 -7.200000e+00
    endloop
  endfacet
  facet normal 2.005277e-07 -6.970985e-08 -1.000000e+00
    outer loop
      vertex   -1.452121e+00 -1.482818e+01 -7.200000e+00
      vertex   -2.423540e+00 -1.488644e+01 -7.200000e+00
      vertex   -2.281527e+00 -1.447793e+01 -7.200000e+00
    endloop
  endfacet
  facet normal 1.833733e-07 -1.103320e-07 -1.000000e+00
    outer loop
      vertex   -1.452121e+00 -1.482818e+01 -7.200000e+00
      vertex   -2.281527e+00 -1.447793e+01 -7.200000e+00
      vertex   -1.273749e+00 -1.453172e+01 -7.200000e+00
    endloop
  endfacet
  facet normal 2.099663e-07 3.878536e-07 -1.000000e+00
    outer loop
      vertex   -1.273749e+00 -1.453172e+01 -7.200000e+00
      vertex   -2.281527e+00 -1.447793e+01 -7.200000e+00
      vertex   -2.071232e+00 -1.410000e+01 -7.200000e+00
    endloop
  endfacet
  facet normal 0.000000e+00 0.000000e+00 -1.000000e+00
    outer loop
      vertex   -1.273749e+00 -1.453172e+01 -7.200000e+00
      vertex   -2.071232e+00 -1.410000e+01 -7.200000e+00
      vertex   -1.035818e+00 -1.428054e+01 -7.200000e+00
    endloop
  endfacet
  facet normal 0.000000e+00 0.000000e+00 -1.000000e+00
    outer loop
      vertex   -1.035818e+00 -1.428054e+01 -7.200000e+00
      vertex   -2.071232e+00 -1.410000e+01 -7.200000e+00
      vertex   -7.494535e-01 -1.408638e+01 -7.200000e+00
    endloop
  endfacet
  facet normal -0.000000e+00 0.000000e+00 -1.000000e+00
    outer loop
      vertex   -7.494535e-01 -1.408638e+01 -7.200000e+00
      vertex   -2.071232e+00 -1.410000e+01 -7.200000e+00
      vertex   -4.280453e-01 -1.395832e+01 -7.200000e+00
    endloop
  endfacet
  facet normal -0.000000e+00 0.000000e+00 -1.000000e+00
    outer loop
      vertex   -4.280453e-01 -1.395832e+01 -7.200000e+00
      vertex   -2.071232e+00 -1.410000e+01 -7.200000e+00
      vertex   -8.662225e-02 -1.390235e+01 -7.200000e+00
    endloop
  endfacet
  facet normal 2.099663e-07 -3.878536e-07 -1.000000e+00
    outer loop
      vertex   -2.281527e+00 1.447793e+01 -7.200000e+00
      vertex   -1.273749e+00 1.453172e+01 -7.200000e+00
      vertex   -2.071232e+00 1.410000e+01 -7.200000e+00
    endloop
  endfacet
  facet normal 0.000000e+00 0.000000e+00 -1.000000e+00
    outer loop
      vertex   -2.071232e+00 1.410000e+01 -7.200000e+00
      vertex   -1.273749e+00 1.453172e+01 -7.200000e+00
      vertex   -1.035818e+00 1.428054e+01 -7.200000e+00
    endloop
  endfacet
  facet normal 0.000000e+00 0.000000e+00 -1.000000e+00
    outer loop
      vertex   -2.071232e+00 1.410000e+01 -7.200000e+00
      vertex   -1.035818e+00 1.428054e+01 -7.200000e+00
      vertex   -7.494535e-01 1.408638e+01 -7.200000e+00
    endloop
  endfacet
  facet normal 1.833733e-07 1.103320e-07 -1.000000e+00
    outer loop
      vertex   -1.273749e+00 1.453172e+01 -7.200000e+00
      vertex   -2.281527e+00 1.447793e+01 -7.200000e+00
      vertex   -1.452121e+00 1.482818e+01 -7.200000e+00
    endloop
  endfacet
  facet normal 2.005277e-07 6.970985e-08 -1.000000e+00
    outer loop
      vertex   -1.452121e+00 1.482818e+01 -7.200000e+00
      vertex   -2.281527e+00 1.447793e+01 -7.200000e+00
      vertex   -2.423540e+00 1.488644e+01 -7.200000e+00
    endloop
  endfacet
  facet normal 2.003964e-07 6.752141e-08 -1.000000e+00
    outer loop
      vertex   -1.452121e+00 1.482818e+01 -7.200000e+00
      vertex   -2.423540e+00 1.488644e+01 -7.200000e+00
      vertex   -1.562593e+00 1.515605e+01 -7.200000e+00
    endloop
  endfacet
  facet normal 2.107965e-07 3.431011e-08 -1.000000e+00
    outer loop
      vertex   -1.562593e+00 1.515605e+01 -7.200000e+00
      vertex   -2.423540e+00 1.488644e+01 -7.200000e+00
      vertex   -2.493020e+00 1.531332e+01 -7.200000e+00
    endloop
  endfacet
  facet normal 2.088361e-07 2.271230e-08 -1.000000e+00
    outer loop
      vertex   -1.562593e+00 1.515605e+01 -7.200000e+00
      vertex   -2.493020e+00 1.531332e+01 -7.200000e+00
      vertex   -1.600000e+00 1.550000e+01 -7.200000e+00
    endloop
  endfacet
  facet normal 2.141151e-07 -2.540665e-09 -1.000000e+00
    outer loop
      vertex   -1.600000e+00 1.550000e+01 -7.200000e+00
      vertex   -2.493020e+00 1.531332e+01 -7.200000e+00
      vertex   -2.487889e+00 1.574578e+01 -7.200000e+00
    endloop
  endfacet
  facet normal 2.085402e-07 -2.268011e-08 -1.000000e+00
    outer loop
      vertex   -1.600000e+00 1.550000e+01 -7.200000e+00
      vertex   -2.487889e+00 1.574578e+01 -7.200000e+00
      vertex   -1.562593e+00 1.584395e+01 -7.200000e+00
    endloop
  endfacet
  facet normal 2.103114e-07 -3.937503e-08 -1.000000e+00
    outer loop
      vertex   -1.562593e+00 1.584395e+01 -7.200000e+00
      vertex   -2.487889e+00 1.574578e+01 -7.200000e+00
      vertex   -2.408299e+00 1.617089e+01 -7.200000e+00
    endloop
  endfacet
  facet normal 1.995417e-07 -6.723342e-08 -1.000000e+00
    outer loop
      vertex   -1.562593e+00 1.584395e+01 -7.200000e+00
      vertex   -2.408299e+00 1.617089e+01 -7.200000e+00
      vertex   -1.452121e+00 1.617182e+01 -7.200000e+00
    endloop
  endfacet
  facet normal 1.995490e-07 -7.472248e-08 -1.000000e+00
    outer loop
      vertex   -1.452121e+00 1.617182e+01 -7.200000e+00
      vertex   -2.408299e+00 1.617089e+01 -7.200000e+00
      vertex   -2.256632e+00 1.657592e+01 -7.200000e+00
    endloop
  endfacet
  facet normal 1.820596e-07 -1.095416e-07 -1.000000e+00
    outer loop
      vertex   -1.452121e+00 1.617182e+01 -7.200000e+00
      vertex   -2.256632e+00 1.657592e+01 -7.200000e+00
      vertex   -1.273749e+00 1.646828e+01 -7.200000e+00
    endloop
  endfacet
  facet normal 1.823168e-07 -1.071924e-07 -1.000000e+00
    outer loop
      vertex   -1.273749e+00 1.646828e+01 -7.200000e+00
      vertex   -2.256632e+00 1.657592e+01 -7.200000e+00
      vertex   -2.037429e+00 1.694875e+01 -7.200000e+00
    endloop
  endfacet
  facet normal 1.564928e-07 -1.482379e-07 -1.000000e+00
    outer loop
      vertex   -1.273749e+00 1.646828e+01 -7.200000e+00
      vertex   -2.037429e+00 1.694875e+01 -7.200000e+00
      vertex   -1.035818e+00 1.671946e+01 -7.200000e+00
    endloop
  endfacet
  facet normal 1.593973e-07 -1.355507e-07 -1.000000e+00
    outer loop
      vertex   -1.035818e+00 1.671946e+01 -7.200000e+00
      vertex   -2.037429e+00 1.694875e+01 -7.200000e+00
      vertex   -1.757248e+00 1.727822e+01 -7.200000e+00
    endloop
  endfacet
  facet normal 1.234094e-07 -1.820153e-07 -1.000000e+00
    outer loop
      vertex   -1.035818e+00 1.671946e+01 -7.200000e+00
      vertex   -1.757248e+00 1.727822e+01 -7.200000e+00
      vertex   -7.494535e-01 1.691362e+01 -7.200000e+00
    endloop
  endfacet
  facet normal 1.318144e-07 -1.587833e-07 -1.000000e+00
    outer loop
      vertex   -7.494535e-01 1.691362e+01 -7.200000e+00
      vertex   -1.757248e+00 1.727822e+01 -7.200000e+00
      vertex   -1.424476e+00 1.755447e+01 -7.200000e+00
    endloop
  endfacet
  facet normal 1.062456e-07 -1.857152e-07 -1.000000e+00
    outer loop
      vertex   -7.494535e-01 1.691362e+01 -7.200000e+00
      vertex   -1.424476e+00 1.755447e+01 -7.200000e+00
      vertex   -1.049072e+00 1.776924e+01 -7.200000e+00
    endloop
  endfacet
  facet normal 7.794439e-08 -1.956257e-07 -1.000000e+00
    outer loop
      vertex   -7.494535e-01 1.691362e+01 -7.200000e+00
      vertex   -1.049072e+00 1.776924e+01 -7.200000e+00
      vertex   -4.280453e-01 1.704168e+01 -7.200000e+00
    endloop
  endfacet
  facet normal 7.234399e-08 -2.004060e-07 -1.000000e+00
    outer loop
      vertex   -4.280453e-01 1.704168e+01 -7.200000e+00
      vertex   -1.049072e+00 1.776924e+01 -7.200000e+00
      vertex   -6.422709e-01 1.791609e+01 -7.200000e+00
    endloop
  endfacet
  facet normal 3.437973e-08 -2.097071e-07 -1.000000e+00
    outer loop
      vertex   -4.280453e-01 1.704168e+01 -7.200000e+00
      vertex   -6.422709e-01 1.791609e+01 -7.200000e+00
      vertex   -8.662225e-02 1.709765e+01 -7.200000e+00
    endloop
  endfacet
  facet normal 3.644651e-08 -2.083039e-07 -1.000000e+00
    outer loop
      vertex   -8.662225e-02 1.709765e+01 -7.200000e+00
      vertex   -6.422709e-01 1.791609e+01 -7.200000e+00
      vertex   -2.162476e-01 1.799063e+01 -7.200000e+00
    endloop
  endfacet
  facet normal -1.713441e-21 -2.135945e-07 -1.000000e+00
    outer loop
      vertex   -8.662225e-02 1.709765e+01 -7.200000e+00
      vertex   -2.162476e-01 1.799063e+01 -7.200000e+00
      vertex   2.162476e-01 1.799063e+01 -7.200000e+00
    endloop
  endfacet
  facet normal -1.137164e-08 -2.097376e-07 -1.000000e+00
    outer loop
      vertex   -8.662225e-02 1.709765e+01 -7.200000e+00
      vertex   2.162476e-01 1.799063e+01 -7.200000e+00
      vertex   2.588512e-01 1.707892e+01 -7.200000e+00
    endloop
  endfacet
  facet normal -3.690613e-08 -2.109308e-07 -1.000000e+00
    outer loop
      vertex   2.588512e-01 1.707892e+01 -7.200000e+00
      vertex   2.162476e-01 1.799063e+01 -7.200000e+00
      vertex   6.422709e-01 1.791609e+01 -7.200000e+00
    endloop
  endfacet
  facet normal -7.057654e-08 -1.955099e-07 -1.000000e+00
    outer loop
      vertex   2.588512e-01 1.707892e+01 -7.200000e+00
      vertex   6.422709e-01 1.791609e+01 -7.200000e+00
      vertex   1.049072e+00 1.776924e+01 -7.200000e+00
    endloop
  endfacet
  facet normal -5.821267e-08 -2.096631e-07 -1.000000e+00
    outer loop
      vertex   2.588512e-01 1.707892e+01 -7.200000e+00
      vertex   1.049072e+00 1.776924e+01 -7.200000e+00
      vertex   5.922210e-01 1.698636e+01 -7.200000e+00
    endloop
  endfacet
  facet normal -1.044948e-07 -1.826549e-07 -1.000000e+00
    outer loop
      vertex   5.922210e-01 1.698636e+01 -7.200000e+00
      vertex   1.049072e+00 1.776924e+01 -7.200000e+00
      vertex   1.424476e+00 1.755447e+01 -7.200000e+00
    endloop
  endfacet
  facet normal -1.001849e-07 -1.889688e-07 -1.000000e+00
    outer loop
      vertex   5.922210e-01 1.698636e+01 -7.200000e+00
      vertex   1.424476e+00 1.755447e+01 -7.200000e+00
      vertex   8.978993e-01 1.682430e+01 -7.200000e+00
    endloop
  endfacet
  facet normal -1.356442e-07 -1.633967e-07 -1.000000e+00
    outer loop
      vertex   8.978993e-01 1.682430e+01 -7.200000e+00
      vertex   1.424476e+00 1.755447e+01 -7.200000e+00
      vertex   1.757248e+00 1.727822e+01 -7.200000e+00
    endloop
  endfacet
  facet normal -1.368505e-07 -1.611129e-07 -1.000000e+00
    outer loop
      vertex   8.978993e-01 1.682430e+01 -7.200000e+00
      vertex   1.757248e+00 1.727822e+01 -7.200000e+00
      vertex   1.161593e+00 1.660032e+01 -7.200000e+00
    endloop
  endfacet
  facet normal -1.627233e-07 -1.383792e-07 -1.000000e+00
    outer loop
      vertex   1.161593e+00 1.660032e+01 -7.200000e+00
      vertex   1.757248e+00 1.727822e+01 -7.200000e+00
      vertex   2.037429e+00 1.694875e+01 -7.200000e+00
    endloop
  endfacet
  facet normal -1.672074e-07 -1.271078e-07 -1.000000e+00
    outer loop
      vertex   1.161593e+00 1.660032e+01 -7.200000e+00
      vertex   2.037429e+00 1.694875e+01 -7.200000e+00
      vertex   1.370971e+00 1.632489e+01 -7.200000e+00
    endloop
  endfacet
  facet normal -1.845958e-07 -1.085323e-07 -1.000000e+00
    outer loop
      vertex   1.370971e+00 1.632489e+01 -7.200000e+00
      vertex   2.037429e+00 1.694875e+01 -7.200000e+00
      vertex   2.256632e+00 1.657592e+01 -7.200000e+00
    endloop
  endfacet
  facet normal -1.903916e-07 -8.808454e-08 -1.000000e+00
    outer loop
      vertex   1.370971e+00 1.632489e+01 -7.200000e+00
      vertex   2.256632e+00 1.657592e+01 -7.200000e+00
      vertex   1.516245e+00 1.601088e+01 -7.200000e+00
    endloop
  endfacet
  facet normal -2.003579e-07 -7.502541e-08 -1.000000e+00
    outer loop
      vertex   1.516245e+00 1.601088e+01 -7.200000e+00
      vertex   2.256632e+00 1.657592e+01 -7.200000e+00
      vertex   2.408299e+00 1.617089e+01 -7.200000e+00
    endloop
  endfacet
  facet normal -2.068683e-07 -3.873040e-08 -1.000000e+00
    outer loop
      vertex   1.516245e+00 1.601088e+01 -7.200000e+00
      vertex   2.408299e+00 1.617089e+01 -7.200000e+00
      vertex   2.487889e+00 1.574578e+01 -7.200000e+00
    endloop
  endfacet
  facet normal -2.088435e-07 -4.596992e-08 -1.000000e+00
    outer loop
      vertex   1.516245e+00 1.601088e+01 -7.200000e+00
      vertex   2.487889e+00 1.574578e+01 -7.200000e+00
      vertex   1.590621e+00 1.567299e+01 -7.200000e+00
    endloop
  endfacet
  facet normal -2.123685e-07 -2.519940e-09 -1.000000e+00
    outer loop
      vertex   1.590621e+00 1.567299e+01 -7.200000e+00
      vertex   2.487889e+00 1.574578e+01 -7.200000e+00
      vertex   2.493020e+00 1.531332e+01 -7.200000e+00
    endloop
  endfacet
  facet normal -2.113641e-07 -0.000000e+00 -1.000000e+00
    outer loop
      vertex   1.590621e+00 1.567299e+01 -7.200000e+00
      vertex   2.493020e+00 1.531332e+01 -7.200000e+00
      vertex   1.590621e+00 1.532701e+01 -7.200000e+00
    endloop
  endfacet
  facet normal -2.108434e-07 3.431775e-08 -1.000000e+00
    outer loop
      vertex   1.590621e+00 1.532701e+01 -7.200000e+00
      vertex   2.493020e+00 1.531332e+01 -7.200000e+00
      vertex   2.423540e+00 1.488644e+01 -7.200000e+00
    endloop
  endfacet
  facet normal -2.051143e-07 4.514907e-08 -1.000000e+00
    outer loop
      vertex   1.590621e+00 1.532701e+01 -7.200000e+00
      vertex   2.423540e+00 1.488644e+01 -7.200000e+00
      vertex   1.516245e+00 1.498912e+01 -7.200000e+00
    endloop
  endfacet
  facet normal -2.022664e-07 7.031429e-08 -1.000000e+00
    outer loop
      vertex   1.516245e+00 1.498912e+01 -7.200000e+00
      vertex   2.423540e+00 1.488644e+01 -7.200000e+00
      vertex   2.281527e+00 1.447793e+01 -7.200000e+00
    endloop
  endfacet
  facet normal -1.903952e-07 8.808618e-08 -1.000000e+00
    outer loop
      vertex   1.516245e+00 1.498912e+01 -7.200000e+00
      vertex   2.281527e+00 1.447793e+01 -7.200000e+00
      vertex   1.370971e+00 1.467511e+01 -7.200000e+00
    endloop
  endfacet
  facet normal -2.844839e-07 -3.463886e-07 -1.000000e+00
    outer loop
      vertex   1.370971e+00 1.467511e+01 -7.200000e+00
      vertex   2.281527e+00 1.447793e+01 -7.200000e+00
      vertex   2.071232e+00 1.410000e+01 -7.200000e+00
    endloop
  endfacet
  facet normal 0.000000e+00 -0.000000e+00 -1.000000e+00
    outer loop
      vertex   1.370971e+00 1.467511e+01 -7.200000e+00
      vertex   2.071232e+00 1.410000e+01 -7.200000e+00
      vertex   1.161593e+00 1.439968e+01 -7.200000e+00
    endloop
  endfacet
  facet normal 0.000000e+00 -0.000000e+00 -1.000000e+00
    outer loop
      vertex   1.161593e+00 1.439968e+01 -7.200000e+00
      vertex   2.071232e+00 1.410000e+01 -7.200000e+00
      vertex   8.978993e-01 1.417570e+01 -7.200000e+00
    endloop
  endfacet
  facet normal 0.000000e+00 0.000000e+00 -1.000000e+00
    outer loop
      vertex   2.071232e+00 1.410000e+01 -7.200000e+00
      vertex   2.322500e+01 1.410000e+01 -7.200000e+00
      vertex   1.403600e+01 1.210000e+01 -7.200000e+00
    endloop
  endfacet
  facet normal -0.000000e+00 -0.000000e+00 -1.000000e+00
    outer loop
      vertex   -7.494535e-01 1.408638e+01 -7.200000e+00
      vertex   -4.280453e-01 1.395832e+01 -7.200000e+00
      vertex   -2.071232e+00 1.410000e+01 -7.200000e+00
    endloop
  endfacet
  facet normal 0.000000e+00 0.000000e+00 -1.000000e+00
    outer loop
      vertex   -2.071232e+00 1.410000e+01 -7.200000e+00
      vertex   -4.280453e-01 1.395832e+01 -7.200000e+00
      vertex   -8.662225e-02 1.390235e+01 -7.200000e+00
    endloop
  endfacet
  facet normal 5.691804e-09 5.715046e-08 -1.000000e+00
    outer loop
      vertex   -2.071232e+00 1.410000e+01 -7.200000e+00
      vertex   -8.662225e-02 1.390235e+01 -7.200000e+00
      vertex   -1.550000e+01 1.210000e+01 -7.200000e+00
    endloop
  endfacet
  facet normal 0.000000e+00 0.000000e+00 -1.000000e+00
    outer loop
      vertex   8.978993e-01 -1.417570e+01 -7.200000e+00
      vertex   5.922210e-01 -1.401364e+01 -7.200000e+00
      vertex   2.071232e+00 -1.410000e+01 -7.200000e+00
    endloop
  endfacet
  facet normal 0.000000e+00 0.000000e+00 -1.000000e+00
    outer loop
      vertex   2.071232e+00 -1.410000e+01 -7.200000e+00
      vertex   5.922210e-01 -1.401364e+01 -7.200000e+00
      vertex   2.588512e-01 -1.392108e+01 -7.200000e+00
    endloop
  endfacet
  facet normal 0.000000e+00 0.000000e+00 -1.000000e+00
    outer loop
      vertex   2.071232e+00 -1.410000e+01 -7.200000e+00
      vertex   2.588512e-01 -1.392108e+01 -7.200000e+00
      vertex   1.403600e+01 -1.210000e+01 -7.200000e+00
    endloop
  endfacet
  facet normal 0.000000e+00 0.000000e+00 -1.000000e+00
    outer loop
      vertex   1.403600e+01 -1.210000e+01 -7.200000e+00
      vertex   2.588512e-01 -1.392108e+01 -7.200000e+00
      vertex   -8.662225e-02 -1.390235e+01 -7.200000e+00
    endloop
  endfacet
  facet normal -0.000000e+00 -1.000000e+00 -0.000000e+00
    outer loop
      vertex   2.322500e+01 -1.410000e+01 4.800000e+00
      vertex   2.071232e+00 -1.410000e+01 4.800000e+00
      vertex   2.322500e+01 -1.410000e+01 -7.200000e+00
    endloop
  endfacet
  facet normal 0.000000e+00 -1.000000e+00 0.000000e+00
    outer loop
      vertex   2.322500e+01 -1.410000e+01 -7.200000e+00
      vertex   2.071232e+00 -1.410000e+01 4.800000e+00
      vertex   2.071232e+00 -1.410000e+01 -7.200000e+00
    endloop
  endfacet
  facet normal 1.803318e-08 -1.000000e+00 3.178914e-08
    outer loop
      vertex   -2.071232e+00 -1.410000e+01 4.800000e+00
      vertex   -2.322500e+01 -1.410000e+01 4.800000e+00
      vertex   -2.071232e+00 -1.410000e+01 -7.200000e+00
    endloop
  endfacet
  facet normal 0.000000e+00 -1.000000e+00 0.000000e+00
    outer loop
      vertex   -2.071232e+00 -1.410000e+01 -7.200000e+00
      vertex   -2.322500e+01 -1.410000e+01 4.800000e+00
      vertex   -2.322500e+01 -1.410000e+01 -7.200000e+00
    endloop
  endfacet
  facet normal 9.941380e-01 1.081190e-01 0.000000e+00
    outer loop
      vertex   -1.562593e+00 -1.584395e+01 4.800000e+00
      vertex   -1.562593e+00 -1.584395e+01 -1.200000e+00
      vertex   -1.600000e+00 -1.550000e+01 4.800000e+00
    endloop
  endfacet
  facet normal 9.941380e-01 1.081190e-01 0.000000e+00
    outer loop
      vertex   -1.600000e+00 -1.550000e+01 4.800000e+00
      vertex   -1.562593e+00 -1.584395e+01 -1.200000e+00
      vertex   -1.600000e+00 -1.550000e+01 -1.200000e+00
    endloop
  endfacet
  facet normal 9.941380e-01 -1.081190e-01 0.000000e+00
    outer loop
      vertex   -1.600000e+00 -1.550000e+01 4.800000e+00
      vertex   -1.600000e+00 -1.550000e+01 -1.200000e+00
      vertex   -1.562593e+00 -1.515605e+01 4.800000e+00
    endloop
  endfacet
  facet normal 9.941380e-01 -1.081190e-01 0.000000e+00
    outer loop
      vertex   -1.562593e+00 -1.515605e+01 4.800000e+00
      vertex   -1.600000e+00 -1.550000e+01 -1.200000e+00
      vertex   -1.562593e+00 -1.515605e+01 -1.200000e+00
    endloop
  endfacet
  facet normal 9.476532e-01 -3.193015e-01 0.000000e+00
    outer loop
      vertex   -1.562593e+00 -1.515605e+01 4.800000e+00
      vertex   -1.562593e+00 -1.515605e+01 -1.200000e+00
      vertex   -1.452121e+00 -1.482818e+01 4.800000e+00
    endloop
  endfacet
  facet normal 9.476532e-01 -3.193015e-01 0.000000e+00
    outer loop
      vertex   -1.452121e+00 -1.482818e+01 4.800000e+00
      vertex   -1.562593e+00 -1.515605e+01 -1.200000e+00
      vertex   -1.452121e+00 -1.482818e+01 -1.200000e+00
    endloop
  endfacet
  facet normal 8.568572e-01 -5.155539e-01 0.000000e+00
    outer loop
      vertex   -1.452121e+00 -1.482818e+01 4.800000e+00
      vertex   -1.452121e+00 -1.482818e+01 -1.200000e+00
      vertex   -1.273749e+00 -1.453172e+01 4.800000e+00
    endloop
  endfacet
  facet normal 8.568572e-01 -5.155539e-01 2.579426e-17
    outer loop
      vertex   -1.273749e+00 -1.453172e+01 4.800000e+00
      vertex   -1.452121e+00 -1.482818e+01 -1.200000e+00
      vertex   -1.273749e+00 -1.453172e+01 -1.200000e+00
    endloop
  endfacet
  facet normal 7.259955e-01 -6.876995e-01 9.613102e-17
    outer loop
      vertex   -1.273749e+00 -1.453172e+01 4.800000e+00
      vertex   -1.273749e+00 -1.453172e+01 -1.200000e+00
      vertex   -1.035818e+00 -1.428054e+01 4.800000e+00
    endloop
  endfacet
  facet normal 7.259955e-01 -6.876995e-01 0.000000e+00
    outer loop
      vertex   -1.035818e+00 -1.428054e+01 4.800000e+00
      vertex   -1.273749e+00 -1.453172e+01 -1.200000e+00
      vertex   -1.035818e+00 -1.428054e+01 -1.200000e+00
    endloop
  endfacet
  facet normal 5.611871e-01 -8.276890e-01 0.000000e+00
    outer loop
      vertex   -1.035818e+00 -1.428054e+01 4.800000e+00
      vertex   -1.035818e+00 -1.428054e+01 -1.200000e+00
      vertex   -7.494535e-01 -1.408638e+01 4.800000e+00
    endloop
  endfacet
  facet normal 5.611871e-01 -8.276890e-01 4.153619e-17
    outer loop
      vertex   -7.494535e-01 -1.408638e+01 4.800000e+00
      vertex   -1.035818e+00 -1.428054e+01 -1.200000e+00
      vertex   -7.494535e-01 -1.408638e+01 -1.200000e+00
    endloop
  endfacet
  facet normal 3.701382e-01 -9.289767e-01 2.739573e-17
    outer loop
      vertex   -7.494535e-01 -1.408638e+01 4.800000e+00
      vertex   -7.494535e-01 -1.408638e+01 -1.200000e+00
      vertex   -4.280453e-01 -1.395832e+01 4.800000e+00
    endloop
  endfacet
  facet normal 3.701382e-01 -9.289767e-01 0.000000e+00
    outer loop
      vertex   -4.280453e-01 -1.395832e+01 4.800000e+00
      vertex   -7.494535e-01 -1.408638e+01 -1.200000e+00
      vertex   -4.280453e-01 -1.395832e+01 -1.200000e+00
    endloop
  endfacet
  facet normal 1.617820e-01 -9.868265e-01 0.000000e+00
    outer loop
      vertex   -4.280453e-01 -1.395832e+01 4.800000e+00
      vertex   -4.280453e-01 -1.395832e+01 -1.200000e+00
      vertex   -8.662225e-02 -1.390235e+01 4.800000e+00
    endloop
  endfacet
  facet normal 1.617820e-01 -9.868265e-01 -8.980705e-18
    outer loop
      vertex   -8.662225e-02 -1.390235e+01 4.800000e+00
      vertex   -4.280453e-01 -1.395832e+01 -1.200000e+00
      vertex   -8.662225e-02 -1.390235e+01 -1.200000e+00
    endloop
  endfacet
  facet normal -5.413891e-02 -9.985334e-01 3.005313e-18
    outer loop
      vertex   -8.662225e-02 -1.390235e+01 4.800000e+00
      vertex   -8.662225e-02 -1.390235e+01 -1.200000e+00
      vertex   2.588512e-01 -1.392108e+01 4.800000e+00
    endloop
  endfacet
  facet normal -5.413891e-02 -9.985334e-01 3.005313e-18
    outer loop
      vertex   2.588512e-01 -1.392108e+01 4.800000e+00
      vertex   -8.662225e-02 -1.390235e+01 -1.200000e+00
      vertex   2.588512e-01 -1.392108e+01 -1.200000e+00
    endloop
  endfacet
  facet normal -2.675283e-01 -9.635500e-01 1.485081e-17
    outer loop
      vertex   2.588512e-01 -1.392108e+01 4.800000e+00
      vertex   2.588512e-01 -1.392108e+01 -1.200000e+00
      vertex   5.922210e-01 -1.401364e+01 4.800000e+00
    endloop
  endfacet
  facet normal -2.675283e-01 -9.635500e-01 1.485081e-17
    outer loop
      vertex   5.922210e-01 -1.401364e+01 4.800000e+00
      vertex   2.588512e-01 -1.392108e+01 -1.200000e+00
      vertex   5.922210e-01 -1.401364e+01 -1.200000e+00
    endloop
  endfacet
  facet normal -4.684084e-01 -8.835120e-01 2.600189e-17
    outer loop
      vertex   5.922210e-01 -1.401364e+01 4.800000e+00
      vertex   5.922210e-01 -1.401364e+01 -1.200000e+00
      vertex   8.978993e-01 -1.417570e+01 4.800000e+00
    endloop
  endfacet
  facet normal -4.684084e-01 -8.835120e-01 -0.000000e+00
    outer loop
      vertex   8.978993e-01 -1.417570e+01 4.800000e+00
      vertex   5.922210e-01 -1.401364e+01 -1.200000e+00
      vertex   8.978993e-01 -1.417570e+01 -1.200000e+00
    endloop
  endfacet
  facet normal -6.473863e-01 -7.621621e-01 -0.000000e+00
    outer loop
      vertex   8.978993e-01 -1.417570e+01 4.800000e+00
      vertex   8.978993e-01 -1.417570e+01 -1.200000e+00
      vertex   1.161593e+00 -1.439968e+01 4.800000e+00
    endloop
  endfacet
  facet normal -6.473863e-01 -7.621621e-01 2.395811e-17
    outer loop
      vertex   1.161593e+00 -1.439968e+01 4.800000e+00
      vertex   8.978993e-01 -1.417570e+01 -1.200000e+00
      vertex   1.161593e+00 -1.439968e+01 -1.200000e+00
    endloop
  endfacet
  facet normal -7.960931e-01 -6.051742e-01 2.946136e-17
    outer loop
      vertex   1.161593e+00 -1.439968e+01 4.800000e+00
      vertex   1.161593e+00 -1.439968e+01 -1.200000e+00
      vertex   1.370971e+00 -1.467511e+01 4.800000e+00
    endloop
  endfacet
  facet normal -7.960931e-01 -6.051742e-01 -0.000000e+00
    outer loop
      vertex   1.370971e+00 -1.467511e+01 4.800000e+00
      vertex   1.161593e+00 -1.439968e+01 -1.200000e+00
      vertex   1.370971e+00 -1.467511e+01 -1.200000e+00
    endloop
  endfacet
  facet normal -9.075754e-01 -4.198891e-01 -0.000000e+00
    outer loop
      vertex   1.370971e+00 -1.467511e+01 4.800000e+00
      vertex   1.370971e+00 -1.467511e+01 -1.200000e+00
      vertex   1.516245e+00 -1.498912e+01 4.800000e+00
    endloop
  endfacet
  facet normal -9.075754e-01 -4.198891e-01 -1.243121e-16
    outer loop
      vertex   1.516245e+00 -1.498912e+01 4.800000e+00
      vertex   1.370971e+00 -1.467511e+01 -1.200000e+00
      vertex   1.516245e+00 -1.498912e+01 -1.200000e+00
    endloop
  endfacet
  facet normal -9.766206e-01 -2.149704e-01 -6.364404e-17
    outer loop
      vertex   1.516245e+00 -1.498912e+01 4.800000e+00
      vertex   1.516245e+00 -1.498912e+01 -1.200000e+00
      vertex   1.590621e+00 -1.532701e+01 4.800000e+00
    endloop
  endfacet
  facet normal -9.766206e-01 -2.149704e-01 -0.000000e+00
    outer loop
      vertex   1.590621e+00 -1.532701e+01 4.800000e+00
      vertex   1.516245e+00 -1.498912e+01 -1.200000e+00
      vertex   1.590621e+00 -1.532701e+01 -1.200000e+00
    endloop
  endfacet
  facet normal -1.000000e+00 -0.000000e+00 -0.000000e+00
    outer loop
      vertex   1.590621e+00 -1.532701e+01 4.800000e+00
      vertex   1.590621e+00 -1.532701e+01 -1.200000e+00
      vertex   1.590621e+00 -1.567299e+01 4.800000e+00
    endloop
  endfacet
  facet normal -1.000000e+00 0.000000e+00 0.000000e+00
    outer loop
      vertex   1.590621e+00 -1.567299e+01 4.800000e+00
      vertex   1.590621e+00 -1.532701e+01 -1.200000e+00
      vertex   1.590621e+00 -1.567299e+01 -1.200000e+00
    endloop
  endfacet
  facet normal -9.766206e-01 2.149704e-01 0.000000e+00
    outer loop
      vertex   1.590621e+00 -1.567299e+01 4.800000e+00
      vertex   1.590621e+00 -1.567299e+01 -1.200000e+00
      vertex   1.516245e+00 -1.601088e+01 4.800000e+00
    endloop
  endfacet
  facet normal -9.766206e-01 2.149704e-01 0.000000e+00
    outer loop
      vertex   1.516245e+00 -1.601088e+01 4.800000e+00
      vertex   1.590621e+00 -1.567299e+01 -1.200000e+00
      vertex   1.516245e+00 -1.601088e+01 -1.200000e+00
    endloop
  endfacet
  facet normal -9.075754e-01 4.198891e-01 0.000000e+00
    outer loop
      vertex   1.516245e+00 -1.601088e+01 4.800000e+00
      vertex   1.516245e+00 -1.601088e+01 -1.200000e+00
      vertex   1.370971e+00 -1.632489e+01 4.800000e+00
    endloop
  endfacet
  facet normal -9.075754e-01 4.198891e-01 -6.717408e-17
    outer loop
      vertex   1.370971e+00 -1.632489e+01 4.800000e+00
      vertex   1.516245e+00 -1.601088e+01 -1.200000e+00
      vertex   1.370971e+00 -1.632489e+01 -1.200000e+00
    endloop
  endfacet
  facet normal -7.960931e-01 6.051742e-01 -5.892272e-17
    outer loop
      vertex   1.370971e+00 -1.632489e+01 4.800000e+00
      vertex   1.370971e+00 -1.632489e+01 -1.200000e+00
      vertex   1.161593e+00 -1.660032e+01 4.800000e+00
    endloop
  endfacet
  facet normal -7.960931e-01 6.051742e-01 -2.946136e-17
    outer loop
      vertex   1.161593e+00 -1.660032e+01 4.800000e+00
      vertex   1.370971e+00 -1.632489e+01 -1.200000e+00
      vertex   1.161593e+00 -1.660032e+01 -1.200000e+00
    endloop
  endfacet
  facet normal -6.473863e-01 7.621621e-01 -2.395811e-17
    outer loop
      vertex   1.161593e+00 -1.660032e+01 4.800000e+00
      vertex   1.161593e+00 -1.660032e+01 -1.200000e+00
      vertex   8.978993e-01 -1.682430e+01 4.800000e+00
    endloop
  endfacet
  facet normal -6.473863e-01 7.621621e-01 0.000000e+00
    outer loop
      vertex   8.978993e-01 -1.682430e+01 4.800000e+00
      vertex   1.161593e+00 -1.660032e+01 -1.200000e+00
      vertex   8.978993e-01 -1.682430e+01 -1.200000e+00
    endloop
  endfacet
  facet normal -4.684084e-01 8.835120e-01 0.000000e+00
    outer loop
      vertex   8.978993e-01 -1.682430e+01 4.800000e+00
      vertex   8.978993e-01 -1.682430e+01 -1.200000e+00
      vertex   5.922210e-01 -1.698636e+01 4.800000e+00
    endloop
  endfacet
  facet normal -4.684084e-01 8.835120e-01 0.000000e+00
    outer loop
      vertex   5.922210e-01 -1.698636e+01 4.800000e+00
      vertex   8.978993e-01 -1.682430e+01 -1.200000e+00
      vertex   5.922210e-01 -1.698636e+01 -1.200000e+00
    endloop
  endfacet
  facet normal -2.675283e-01 9.635500e-01 0.000000e+00
    outer loop
      vertex   5.922210e-01 -1.698636e+01 4.800000e+00
      vertex   5.922210e-01 -1.698636e+01 -1.200000e+00
      vertex   2.588512e-01 -1.707892e+01 4.800000e+00
    endloop
  endfacet
  facet normal -2.675283e-01 9.635500e-01 0.000000e+00
    outer loop
      vertex   2.588512e-01 -1.707892e+01 4.800000e+00
      vertex   5.922210e-01 -1.698636e+01 -1.200000e+00
      vertex   2.588512e-01 -1.707892e+01 -1.200000e+00
    endloop
  endfacet
  facet normal -5.413891e-02 9.985334e-01 0.000000e+00
    outer loop
      vertex   2.588512e-01 -1.707892e+01 4.800000e+00
      vertex   2.588512e-01 -1.707892e+01 -1.200000e+00
      vertex   -8.662225e-02 -1.709765e+01 4.800000e+00
    endloop
  endfacet
  facet normal -5.413891e-02 9.985334e-01 0.000000e+00
    outer loop
      vertex   -8.662225e-02 -1.709765e+01 4.800000e+00
      vertex   2.588512e-01 -1.707892e+01 -1.200000e+00
      vertex   -8.662225e-02 -1.709765e+01 -1.200000e+00
    endloop
  endfacet
  facet normal 1.617820e-01 9.868265e-01 0.000000e+00
    outer loop
      vertex   -8.662225e-02 -1.709765e+01 4.800000e+00
      vertex   -8.662225e-02 -1.709765e+01 -1.200000e+00
      vertex   -4.280453e-01 -1.704168e+01 4.800000e+00
    endloop
  endfacet
  facet normal 1.617820e-01 9.868265e-01 1.945819e-17
    outer loop
      vertex   -4.280453e-01 -1.704168e+01 4.800000e+00
      vertex   -8.662225e-02 -1.709765e+01 -1.200000e+00
      vertex   -4.280453e-01 -1.704168e+01 -1.200000e+00
    endloop
  endfacet
  facet normal 3.701382e-01 9.289767e-01 4.451806e-17
    outer loop
      vertex   -4.280453e-01 -1.704168e+01 4.800000e+00
      vertex   -4.280453e-01 -1.704168e+01 -1.200000e+00
      vertex   -7.494535e-01 -1.691362e+01 4.800000e+00
    endloop
  endfacet
  facet normal 3.701382e-01 9.289767e-01 7.533825e-17
    outer loop
      vertex   -7.494535e-01 -1.691362e+01 4.800000e+00
      vertex   -4.280453e-01 -1.704168e+01 -1.200000e+00
      vertex   -7.494535e-01 -1.691362e+01 -1.200000e+00
    endloop
  endfacet
  facet normal 5.611871e-01 8.276890e-01 1.142245e-16
    outer loop
      vertex   -7.494535e-01 -1.691362e+01 4.800000e+00
      vertex   -7.494535e-01 -1.691362e+01 -1.200000e+00
      vertex   -1.035818e+00 -1.671946e+01 4.800000e+00
    endloop
  endfacet
  facet normal 5.611871e-01 8.276890e-01 4.153619e-17
    outer loop
      vertex   -1.035818e+00 -1.671946e+01 4.800000e+00
      vertex   -7.494535e-01 -1.691362e+01 -1.200000e+00
      vertex   -1.035818e+00 -1.671946e+01 -1.200000e+00
    endloop
  endfacet
  facet normal 7.259955e-01 6.876995e-01 5.373446e-17
    outer loop
      vertex   -1.035818e+00 -1.671946e+01 4.800000e+00
      vertex   -1.035818e+00 -1.671946e+01 -1.200000e+00
      vertex   -1.273749e+00 -1.646828e+01 4.800000e+00
    endloop
  endfacet
  facet normal 7.259955e-01 6.876995e-01 0.000000e+00
    outer loop
      vertex   -1.273749e+00 -1.646828e+01 4.800000e+00
      vertex   -1.035818e+00 -1.671946e+01 -1.200000e+00
      vertex   -1.273749e+00 -1.646828e+01 -1.200000e+00
    endloop
  endfacet
  facet normal 8.568572e-01 5.155539e-01 0.000000e+00
    outer loop
      vertex   -1.273749e+00 -1.646828e+01 4.800000e+00
      vertex   -1.273749e+00 -1.646828e+01 -1.200000e+00
      vertex   -1.452121e+00 -1.617182e+01 4.800000e+00
    endloop
  endfacet
  facet normal 8.568572e-01 5.155539e-01 0.000000e+00
    outer loop
      vertex   -1.452121e+00 -1.617182e+01 4.800000e+00
      vertex   -1.273749e+00 -1.646828e+01 -1.200000e+00
      vertex   -1.452121e+00 -1.617182e+01 -1.200000e+00
    endloop
  endfacet
  facet normal 9.476532e-01 3.193015e-01 0.000000e+00
    outer loop
      vertex   -1.452121e+00 -1.617182e+01 4.800000e+00
      vertex   -1.452121e+00 -1.617182e+01 -1.200000e+00
      vertex   -1.562593e+00 -1.584395e+01 4.800000e+00
    endloop
  endfacet
  facet normal 9.476532e-01 3.193015e-01 0.000000e+00
    outer loop
      vertex   -1.562593e+00 -1.584395e+01 4.800000e+00
      vertex   -1.452121e+00 -1.617182e+01 -1.200000e+00
      vertex   -1.562593e+00 -1.584395e+01 -1.200000e+00
    endloop
  endfacet
  facet normal 9.941380e-01 -1.081190e-01 0.000000e+00
    outer loop
      vertex   -1.562593e+00 -1.515605e+01 -7.200000e+00
      vertex   -1.562593e+00 -1.515605e+01 -1.200000e+00
      vertex   -1.600000e+00 -1.550000e+01 -7.200000e+00
    endloop
  endfacet
  facet normal 9.941380e-01 -1.081190e-01 0.000000e+00
    outer loop
      vertex   -1.600000e+00 -1.550000e+01 -7.200000e+00
      vertex   -1.562593e+00 -1.515605e+01 -1.200000e+00
      vertex   -1.600000e+00 -1.550000e+01 -1.200000e+00
    endloop
  endfacet
  facet normal 9.941380e-01 1.081190e-01 -0.000000e+00
    outer loop
      vertex   -1.600000e+00 -1.550000e+01 -7.200000e+00
      vertex   -1.600000e+00 -1.550000e+01 -1.200000e+00
      vertex   -1.562593e+00 -1.584395e+01 -7.200000e+00
    endloop
  endfacet
  facet normal 9.941380e-01 1.081190e-01 -0.000000e+00
    outer loop
      vertex   -1.562593e+00 -1.584395e+01 -7.200000e+00
      vertex   -1.600000e+00 -1.550000e+01 -1.200000e+00
      vertex   -1.562593e+00 -1.584395e+01 -1.200000e+00
    endloop
  endfacet
  facet normal 9.476532e-01 3.193015e-01 -0.000000e+00
    outer loop
      vertex   -1.562593e+00 -1.584395e+01 -7.200000e+00
      vertex   -1.562593e+00 -1.584395e+01 -1.200000e+00
      vertex   -1.452121e+00 -1.617182e+01 -7.200000e+00
    endloop
  endfacet
  facet normal 9.476532e-01 3.193015e-01 -0.000000e+00
    outer loop
      vertex   -1.452121e+00 -1.617182e+01 -7.200000e+00
      vertex   -1.562593e+00 -1.584395e+01 -1.200000e+00
      vertex   -1.452121e+00 -1.617182e+01 -1.200000e+00
    endloop
  endfacet
  facet normal 8.568572e-01 5.155539e-01 -0.000000e+00
    outer loop
      vertex   -1.452121e+00 -1.617182e+01 -7.200000e+00
      vertex   -1.452121e+00 -1.617182e+01 -1.200000e+00
      vertex   -1.273749e+00 -1.646828e+01 -7.200000e+00
    endloop
  endfacet
  facet normal 8.568572e-01 5.155539e-01 -1.784289e-16
    outer loop
      vertex   -1.273749e+00 -1.646828e+01 -7.200000e+00
      vertex   -1.452121e+00 -1.617182e+01 -1.200000e+00
      vertex   -1.273749e+00 -1.646828e+01 -1.200000e+00
    endloop
  endfacet
  facet normal 7.259955e-01 6.876995e-01 -2.997310e-16
    outer loop
      vertex   -1.273749e+00 -1.646828e+01 -7.200000e+00
      vertex   -1.273749e+00 -1.646828e+01 -1.200000e+00
      vertex   -1.035818e+00 -1.671946e+01 -7.200000e+00
    endloop
  endfacet
  facet normal 7.259955e-01 6.876995e-01 -0.000000e+00
    outer loop
      vertex   -1.035818e+00 -1.671946e+01 -7.200000e+00
      vertex   -1.273749e+00 -1.646828e+01 -1.200000e+00
      vertex   -1.035818e+00 -1.671946e+01 -1.200000e+00
    endloop
  endfacet
  facet normal 5.611871e-01 8.276890e-01 -0.000000e+00
    outer loop
      vertex   -1.035818e+00 -1.671946e+01 -7.200000e+00
      vertex   -1.035818e+00 -1.671946e+01 -1.200000e+00
      vertex   -7.494535e-01 -1.691362e+01 -7.200000e+00
    endloop
  endfacet
  facet normal 5.611871e-01 8.276890e-01 -4.153619e-17
    outer loop
      vertex   -7.494535e-01 -1.691362e+01 -7.200000e+00
      vertex   -1.035818e+00 -1.671946e+01 -1.200000e+00
      vertex   -7.494535e-01 -1.691362e+01 -1.200000e+00
    endloop
  endfacet
  facet normal 3.701382e-01 9.289767e-01 -2.739573e-17
    outer loop
      vertex   -7.494535e-01 -1.691362e+01 -7.200000e+00
      vertex   -7.494535e-01 -1.691362e+01 -1.200000e+00
      vertex   -4.280453e-01 -1.704168e+01 -7.200000e+00
    endloop
  endfacet
  facet normal 3.701382e-01 9.289767e-01 -0.000000e+00
    outer loop
      vertex   -4.280453e-01 -1.704168e+01 -7.200000e+00
      vertex   -7.494535e-01 -1.691362e+01 -1.200000e+00
      vertex   -4.280453e-01 -1.704168e+01 -1.200000e+00
    endloop
  endfacet
  facet normal 1.617820e-01 9.868265e-01 -0.000000e+00
    outer loop
      vertex   -4.280453e-01 -1.704168e+01 -7.200000e+00
      vertex   -4.280453e-01 -1.704168e+01 -1.200000e+00
      vertex   -8.662225e-02 -1.709765e+01 -7.200000e+00
    endloop
  endfacet
  facet normal 1.617820e-01 9.868265e-01 8.980705e-18
    outer loop
      vertex   -8.662225e-02 -1.709765e+01 -7.200000e+00
      vertex   -4.280453e-01 -1.704168e+01 -1.200000e+00
      vertex   -8.662225e-02 -1.709765e+01 -1.200000e+00
    endloop
  endfacet
  facet normal -5.413891e-02 9.985334e-01 -3.005313e-18
    outer loop
      vertex   -8.662225e-02 -1.709765e+01 -7.200000e+00
      vertex   -8.662225e-02 -1.709765e+01 -1.200000e+00
      vertex   2.588512e-01 -1.707892e+01 -7.200000e+00
    endloop
  endfacet
  facet normal -5.413891e-02 9.985334e-01 -3.005313e-18
    outer loop
      vertex   2.588512e-01 -1.707892e+01 -7.200000e+00
      vertex   -8.662225e-02 -1.709765e+01 -1.200000e+00
      vertex   2.588512e-01 -1.707892e+01 -1.200000e+00
    endloop
  endfacet
  facet normal -2.675283e-01 9.635500e-01 -1.485081e-17
    outer loop
      vertex   2.588512e-01 -1.707892e+01 -7.200000e+00
      vertex   2.588512e-01 -1.707892e+01 -1.200000e+00
      vertex   5.922210e-01 -1.698636e+01 -7.200000e+00
    endloop
  endfacet
  facet normal -2.675283e-01 9.635500e-01 -1.485081e-17
    outer loop
      vertex   5.922210e-01 -1.698636e+01 -7.200000e+00
      vertex   2.588512e-01 -1.707892e+01 -1.200000e+00
      vertex   5.922210e-01 -1.698636e+01 -1.200000e+00
    endloop
  endfacet
  facet normal -4.684084e-01 8.835120e-01 -2.600189e-17
    outer loop
      vertex   5.922210e-01 -1.698636e+01 -7.200000e+00
      vertex   5.922210e-01 -1.698636e+01 -1.200000e+00
      vertex   8.978993e-01 -1.682430e+01 -7.200000e+00
    endloop
  endfacet
  facet normal -4.684084e-01 8.835120e-01 0.000000e+00
    outer loop
      vertex   8.978993e-01 -1.682430e+01 -7.200000e+00
      vertex   5.922210e-01 -1.698636e+01 -1.200000e+00
      vertex   8.978993e-01 -1.682430e+01 -1.200000e+00
    endloop
  endfacet
  facet normal -6.473863e-01 7.621621e-01 0.000000e+00
    outer loop
      vertex   8.978993e-01 -1.682430e+01 -7.200000e+00
      vertex   8.978993e-01 -1.682430e+01 -1.200000e+00
      vertex   1.161593e+00 -1.660032e+01 -7.200000e+00
    endloop
  endfacet
  facet normal -6.473863e-01 7.621621e-01 -2.395811e-17
    outer loop
      vertex   1.161593e+00 -1.660032e+01 -7.200000e+00
      vertex   8.978993e-01 -1.682430e+01 -1.200000e+00
      vertex   1.161593e+00 -1.660032e+01 -1.200000e+00
    endloop
  endfacet
  facet normal -7.960931e-01 6.051742e-01 -2.946136e-17
    outer loop
      vertex   1.161593e+00 -1.660032e+01 -7.200000e+00
      vertex   1.161593e+00 -1.660032e+01 -1.200000e+00
      vertex   1.370971e+00 -1.632489e+01 -7.200000e+00
    endloop
  endfacet
  facet normal -7.960931e-01 6.051742e-01 0.000000e+00
    outer loop
      vertex   1.370971e+00 -1.632489e+01 -7.200000e+00
      vertex   1.161593e+00 -1.660032e+01 -1.200000e+00
      vertex   1.370971e+00 -1.632489e+01 -1.200000e+00
    endloop
  endfacet
  facet normal -9.075754e-01 4.198891e-01 0.000000e+00
    outer loop
      vertex   1.370971e+00 -1.632489e+01 -7.200000e+00
      vertex   1.370971e+00 -1.632489e+01 -1.200000e+00
      vertex   1.516245e+00 -1.601088e+01 -7.200000e+00
    endloop
  endfacet
  facet normal -9.075754e-01 4.198891e-01 0.000000e+00
    outer loop
      vertex   1.516245e+00 -1.601088e+01 -7.200000e+00
      vertex   1.370971e+00 -1.632489e+01 -1.200000e+00
      vertex   1.516245e+00 -1.601088e+01 -1.200000e+00
    endloop
  endfacet
  facet normal -9.766206e-01 2.149704e-01 0.000000e+00
    outer loop
      vertex   1.516245e+00 -1.601088e+01 -7.200000e+00
      vertex   1.516245e+00 -1.601088e+01 -1.200000e+00
      vertex   1.590621e+00 -1.567299e+01 -7.200000e+00
    endloop
  endfacet
  facet normal -9.766206e-01 2.149704e-01 0.000000e+00
    outer loop
      vertex   1.590621e+00 -1.567299e+01 -7.200000e+00
      vertex   1.516245e+00 -1.601088e+01 -1.200000e+00
      vertex   1.590621e+00 -1.567299e+01 -1.200000e+00
    endloop
  endfacet
  facet normal -1.000000e+00 0.000000e+00 0.000000e+00
    outer loop
      vertex   1.590621e+00 -1.567299e+01 -7.200000e+00
      vertex   1.590621e+00 -1.567299e+01 -1.200000e+00
      vertex   1.590621e+00 -1.532701e+01 -7.200000e+00
    endloop
  endfacet
  facet normal -1.000000e+00 0.000000e+00 0.000000e+00
    outer loop
      vertex   1.590621e+00 -1.532701e+01 -7.200000e+00
      vertex   1.590621e+00 -1.567299e+01 -1.200000e+00
      vertex   1.590621e+00 -1.532701e+01 -1.200000e+00
    endloop
  endfacet
  facet normal -9.766206e-01 -2.149704e-01 0.000000e+00
    outer loop
      vertex   1.590621e+00 -1.532701e+01 -7.200000e+00
      vertex   1.590621e+00 -1.532701e+01 -1.200000e+00
      vertex   1.516245e+00 -1.498912e+01 -7.200000e+00
    endloop
  endfacet
  facet normal -9.766206e-01 -2.149704e-01 0.000000e+00
    outer loop
      vertex   1.516245e+00 -1.498912e+01 -7.200000e+00
      vertex   1.590621e+00 -1.532701e+01 -1.200000e+00
      vertex   1.516245e+00 -1.498912e+01 -1.200000e+00
    endloop
  endfacet
  facet normal -9.075754e-01 -4.198891e-01 0.000000e+00
    outer loop
      vertex   1.516245e+00 -1.498912e+01 -7.200000e+00
      vertex   1.516245e+00 -1.498912e+01 -1.200000e+00
      vertex   1.370971e+00 -1.467511e+01 -7.200000e+00
    endloop
  endfacet
  facet normal -9.075754e-01 -4.198891e-01 6.717408e-17
    outer loop
      vertex   1.370971e+00 -1.467511e+01 -7.200000e+00
      vertex   1.516245e+00 -1.498912e+01 -1.200000e+00
      vertex   1.370971e+00 -1.467511e+01 -1.200000e+00
    endloop
  endfacet
  facet normal -7.960931e-01 -6.051742e-01 5.892272e-17
    outer loop
      vertex   1.370971e+00 -1.467511e+01 -7.200000e+00
      vertex   1.370971e+00 -1.467511e+01 -1.200000e+00
      vertex   1.161593e+00 -1.439968e+01 -7.200000e+00
    endloop
  endfacet
  facet normal -7.960931e-01 -6.051742e-01 2.946136e-17
    outer loop
      vertex   1.161593e+00 -1.439968e+01 -7.200000e+00
      vertex   1.370971e+00 -1.467511e+01 -1.200000e+00
      vertex   1.161593e+00 -1.439968e+01 -1.200000e+00
    endloop
  endfacet
  facet normal -6.473863e-01 -7.621621e-01 2.395811e-17
    outer loop
      vertex   1.161593e+00 -1.439968e+01 -7.200000e+00
      vertex   1.161593e+00 -1.439968e+01 -1.200000e+00
      vertex   8.978993e-01 -1.417570e+01 -7.200000e+00
    endloop
  endfacet
  facet normal -6.473863e-01 -7.621621e-01 0.000000e+00
    outer loop
      vertex   8.978993e-01 -1.417570e+01 -7.200000e+00
      vertex   1.161593e+00 -1.439968e+01 -1.200000e+00
      vertex   8.978993e-01 -1.417570e+01 -1.200000e+00
    endloop
  endfacet
  facet normal -4.684084e-01 -8.835120e-01 0.000000e+00
    outer loop
      vertex   8.978993e-01 -1.417570e+01 -7.200000e+00
      vertex   8.978993e-01 -1.417570e+01 -1.200000e+00
      vertex   5.922210e-01 -1.401364e+01 -7.200000e+00
    endloop
  endfacet
  facet normal -4.684084e-01 -8.835120e-01 0.000000e+00
    outer loop
      vertex   5.922210e-01 -1.401364e+01 -7.200000e+00
      vertex   8.978993e-01 -1.417570e+01 -1.200000e+00
      vertex   5.922210e-01 -1.401364e+01 -1.200000e+00
    endloop
  endfacet
  facet normal -2.675283e-01 -9.635500e-01 0.000000e+00
    outer loop
      vertex   5.922210e-01 -1.401364e+01 -7.200000e+00
      vertex   5.922210e-01 -1.401364e+01 -1.200000e+00
      vertex   2.588512e-01 -1.392108e+01 -7.200000e+00
    endloop
  endfacet
  facet normal -2.675283e-01 -9.635500e-01 0.000000e+00
    outer loop
      vertex   2.588512e-01 -1.392108e+01 -7.200000e+00
      vertex   5.922210e-01 -1.401364e+01 -1.200000e+00
      vertex   2.588512e-01 -1.392108e+01 -1.200000e+00
    endloop
  endfacet
  facet normal -5.413891e-02 -9.985334e-01 0.000000e+00
    outer loop
      vertex   2.588512e-01 -1.392108e+01 -7.200000e+00
      vertex   2.588512e-01 -1.392108e+01 -1.200000e+00
      vertex   -8.662225e-02 -1.390235e+01 -7.200000e+00
    endloop
  endfacet
  facet normal -5.413891e-02 -9.985334e-01 0.000000e+00
    outer loop
      vertex   -8.662225e-02 -1.390235e+01 -7.200000e+00
      vertex   2.588512e-01 -1.392108e+01 -1.200000e+00
      vertex   -8.662225e-02 -1.390235e+01 -1.200000e+00
    endloop
  endfacet
  facet normal 1.617820e-01 -9.868265e-01 0.000000e+00
    outer loop
      vertex   -8.662225e-02 -1.390235e+01 -7.200000e+00
      vertex   -8.662225e-02 -1.390235e+01 -1.200000e+00
      vertex   -4.280453e-01 -1.395832e+01 -7.200000e+00
    endloop
  endfacet
  facet normal 1.617820e-01 -9.868265e-01 -1.945819e-17
    outer loop
      vertex   -4.280453e-01 -1.395832e+01 -7.200000e+00
      vertex   -8.662225e-02 -1.390235e+01 -1.200000e+00
      vertex   -4.280453e-01 -1.395832e+01 -1.200000e+00
    endloop
  endfacet
  facet normal 3.701382e-01 -9.289767e-01 -4.451806e-17
    outer loop
      vertex   -4.280453e-01 -1.395832e+01 -7.200000e+00
      vertex   -4.280453e-01 -1.395832e+01 -1.200000e+00
      vertex   -7.494535e-01 -1.408638e+01 -7.200000e+00
    endloop
  endfacet
  facet normal 3.701382e-01 -9.289767e-01 -7.533825e-17
    outer loop
      vertex   -7.494535e-01 -1.408638e+01 -7.200000e+00
      vertex   -4.280453e-01 -1.395832e+01 -1.200000e+00
      vertex   -7.494535e-01 -1.408638e+01 -1.200000e+00
    endloop
  endfacet
  facet normal 5.611871e-01 -8.276890e-01 -1.142245e-16
    outer loop
      vertex   -7.494535e-01 -1.408638e+01 -7.200000e+00
      vertex   -7.494535e-01 -1.408638e+01 -1.200000e+00
      vertex   -1.035818e+00 -1.428054e+01 -7.200000e+00
    endloop
  endfacet
  facet normal 5.611871e-01 -8.276890e-01 -4.153619e-17
    outer loop
      vertex   -1.035818e+00 -1.428054e+01 -7.200000e+00
      vertex   -7.494535e-01 -1.408638e+01 -1.200000e+00
      vertex   -1.035818e+00 -1.428054e+01 -1.200000e+00
    endloop
  endfacet
  facet normal 7.259955e-01 -6.876995e-01 -5.373446e-17
    outer loop
      vertex   -1.035818e+00 -1.428054e+01 -7.200000e+00
      vertex   -1.035818e+00 -1.428054e+01 -1.200000e+00
      vertex   -1.273749e+00 -1.453172e+01 -7.200000e+00
    endloop
  endfacet
  facet normal 7.259955e-01 -6.876995e-01 0.000000e+00
    outer loop
      vertex   -1.273749e+00 -1.453172e+01 -7.200000e+00
      vertex   -1.035818e+00 -1.428054e+01 -1.200000e+00
      vertex   -1.273749e+00 -1.453172e+01 -1.200000e+00
    endloop
  endfacet
  facet normal 8.568572e-01 -5.155539e-01 0.000000e+00
    outer loop
      vertex   -1.273749e+00 -1.453172e+01 -7.200000e+00
      vertex   -1.273749e+00 -1.453172e+01 -1.200000e+00
      vertex   -1.452121e+00 -1.482818e+01 -7.200000e+00
    endloop
  endfacet
  facet normal 8.568572e-01 -5.155539e-01 0.000000e+00
    outer loop
      vertex   -1.452121e+00 -1.482818e+01 -7.200000e+00
      vertex   -1.273749e+00 -1.453172e+01 -1.200000e+00
      vertex   -1.452121e+00 -1.482818e+01 -1.200000e+00
    endloop
  endfacet
  facet normal 9.476532e-01 -3.193015e-01 0.000000e+00
    outer loop
      vertex   -1.452121e+00 -1.482818e+01 -7.200000e+00
      vertex   -1.452121e+00 -1.482818e+01 -1.200000e+00
      vertex   -1.562593e+00 -1.515605e+01 -7.200000e+00
    endloop
  endfacet
  facet normal 9.476532e-01 -3.193015e-01 0.000000e+00
    outer loop
      vertex   -1.562593e+00 -1.515605e+01 -7.200000e+00
      vertex   -1.452121e+00 -1.482818e+01 -1.200000e+00
      vertex   -1.562593e+00 -1.515605e+01 -1.200000e+00
    endloop
  endfacet
  facet normal 9.941380e-01 1.081190e-01 0.000000e+00
    outer loop
      vertex   -1.562593e+00 1.515605e+01 4.800000e+00
      vertex   -1.562593e+00 1.515605e+01 -1.200000e+00
      vertex   -1.600000e+00 1.550000e+01 4.800000e+00
    endloop
  endfacet
  facet normal 9.941380e-01 1.081190e-01 0.000000e+00
    outer loop
      vertex   -1.600000e+00 1.550000e+01 4.800000e+00
      vertex   -1.562593e+00 1.515605e+01 -1.200000e+00
      vertex   -1.600000e+00 1.550000e+01 -1.200000e+00
    endloop
  endfacet
  facet normal 9.941380e-01 -1.081190e-01 0.000000e+00
    outer loop
      vertex   -1.600000e+00 1.550000e+01 4.800000e+00
      vertex   -1.600000e+00 1.550000e+01 -1.200000e+00
      vertex   -1.562593e+00 1.584395e+01 4.800000e+00
    endloop
  endfacet
  facet normal 9.941380e-01 -1.081190e-01 0.000000e+00
    outer loop
      vertex   -1.562593e+00 1.584395e+01 4.800000e+00
      vertex   -1.600000e+00 1.550000e+01 -1.200000e+00
      vertex   -1.562593e+00 1.584395e+01 -1.200000e+00
    endloop
  endfacet
  facet normal 9.476532e-01 -3.193015e-01 0.000000e+00
    outer loop
      vertex   -1.562593e+00 1.584395e+01 4.800000e+00
      vertex   -1.562593e+00 1.584395e+01 -1.200000e+00
      vertex   -1.452121e+00 1.617182e+01 4.800000e+00
    endloop
  endfacet
  facet normal 9.476532e-01 -3.193015e-01 0.000000e+00
    outer loop
      vertex   -1.452121e+00 1.617182e+01 4.800000e+00
      vertex   -1.562593e+00 1.584395e+01 -1.200000e+00
      vertex   -1.452121e+00 1.617182e+01 -1.200000e+00
    endloop
  endfacet
  facet normal 8.568572e-01 -5.155539e-01 0.000000e+00
    outer loop
      vertex   -1.452121e+00 1.617182e+01 4.800000e+00
      vertex   -1.452121e+00 1.617182e+01 -1.200000e+00
      vertex   -1.273749e+00 1.646828e+01 4.800000e+00
    endloop
  endfacet
  facet normal 8.568572e-01 -5.155539e-01 1.784289e-16
    outer loop
      vertex   -1.273749e+00 1.646828e+01 4.800000e+00
      vertex   -1.452121e+00 1.617182e+01 -1.200000e+00
      vertex   -1.273749e+00 1.646828e+01 -1.200000e+00
    endloop
  endfacet
  facet normal 7.259955e-01 -6.876995e-01 2.997310e-16
    outer loop
      vertex   -1.273749e+00 1.646828e+01 4.800000e+00
      vertex   -1.273749e+00 1.646828e+01 -1.200000e+00
      vertex   -1.035818e+00 1.671946e+01 4.800000e+00
    endloop
  endfacet
  facet normal 7.259955e-01 -6.876995e-01 0.000000e+00
    outer loop
      vertex   -1.035818e+00 1.671946e+01 4.800000e+00
      vertex   -1.273749e+00 1.646828e+01 -1.200000e+00
      vertex   -1.035818e+00 1.671946e+01 -1.200000e+00
    endloop
  endfacet
  facet normal 5.611871e-01 -8.276890e-01 0.000000e+00
    outer loop
      vertex   -1.035818e+00 1.671946e+01 4.800000e+00
      vertex   -1.035818e+00 1.671946e+01 -1.200000e+00
      vertex   -7.494535e-01 1.691362e+01 4.800000e+00
    endloop
  endfacet
  facet normal 5.611871e-01 -8.276890e-01 4.153619e-17
    outer loop
      vertex   -7.494535e-01 1.691362e+01 4.800000e+00
      vertex   -1.035818e+00 1.671946e+01 -1.200000e+00
      vertex   -7.494535e-01 1.691362e+01 -1.200000e+00
    endloop
  endfacet
  facet normal 3.701382e-01 -9.289767e-01 2.739573e-17
    outer loop
      vertex   -7.494535e-01 1.691362e+01 4.800000e+00
      vertex   -7.494535e-01 1.691362e+01 -1.200000e+00
      vertex   -4.280453e-01 1.704168e+01 4.800000e+00
    endloop
  endfacet
  facet normal 3.701382e-01 -9.289767e-01 0.000000e+00
    outer loop
      vertex   -4.280453e-01 1.704168e+01 4.800000e+00
      vertex   -7.494535e-01 1.691362e+01 -1.200000e+00
      vertex   -4.280453e-01 1.704168e+01 -1.200000e+00
    endloop
  endfacet
  facet normal 1.617820e-01 -9.868265e-01 0.000000e+00
    outer loop
      vertex   -4.280453e-01 1.704168e+01 4.800000e+00
      vertex   -4.280453e-01 1.704168e+01 -1.200000e+00
      vertex   -8.662225e-02 1.709765e+01 4.800000e+00
    endloop
  endfacet
  facet normal 1.617820e-01 -9.868265e-01 -8.980705e-18
    outer loop
      vertex   -8.662225e-02 1.709765e+01 4.800000e+00
      vertex   -4.280453e-01 1.704168e+01 -1.200000e+00
      vertex   -8.662225e-02 1.709765e+01 -1.200000e+00
    endloop
  endfacet
  facet normal -5.413891e-02 -9.985334e-01 3.005313e-18
    outer loop
      vertex   -8.662225e-02 1.709765e+01 4.800000e+00
      vertex   -8.662225e-02 1.709765e+01 -1.200000e+00
      vertex   2.588512e-01 1.707892e+01 4.800000e+00
    endloop
  endfacet
  facet normal -5.413891e-02 -9.985334e-01 3.005313e-18
    outer loop
      vertex   2.588512e-01 1.707892e+01 4.800000e+00
      vertex   -8.662225e-02 1.709765e+01 -1.200000e+00
      vertex   2.588512e-01 1.707892e+01 -1.200000e+00
    endloop
  endfacet
  facet normal -2.675283e-01 -9.635500e-01 1.485081e-17
    outer loop
      vertex   2.588512e-01 1.707892e+01 4.800000e+00
      vertex   2.588512e-01 1.707892e+01 -1.200000e+00
      vertex   5.922210e-01 1.698636e+01 4.800000e+00
    endloop
  endfacet
  facet normal -2.675283e-01 -9.635500e-01 1.485081e-17
    outer loop
      vertex   5.922210e-01 1.698636e+01 4.800000e+00
      vertex   2.588512e-01 1.707892e+01 -1.200000e+00
      vertex   5.922210e-01 1.698636e+01 -1.200000e+00
    endloop
  endfacet
  facet normal -4.684084e-01 -8.835120e-01 2.600189e-17
    outer loop
      vertex   5.922210e-01 1.698636e+01 4.800000e+00
      vertex   5.922210e-01 1.698636e+01 -1.200000e+00
      vertex   8.978993e-01 1.682430e+01 4.800000e+00
    endloop
  endfacet
  facet normal -4.684084e-01 -8.835120e-01 -0.000000e+00
    outer loop
      vertex   8.978993e-01 1.682430e+01 4.800000e+00
      vertex   5.922210e-01 1.698636e+01 -1.200000e+00
      vertex   8.978993e-01 1.682430e+01 -1.200000e+00
    endloop
  endfacet
  facet normal -6.473863e-01 -7.621621e-01 -0.000000e+00
    outer loop
      vertex   8.978993e-01 1.682430e+01 4.800000e+00
      vertex   8.978993e-01 1.682430e+01 -1.200000e+00
      vertex   1.161593e+00 1.660032e+01 4.800000e+00
    endloop
  endfacet
  facet normal -6.473863e-01 -7.621621e-01 2.395811e-17
    outer loop
      vertex   1.161593e+00 1.660032e+01 4.800000e+00
      vertex   8.978993e-01 1.682430e+01 -1.200000e+00
      vertex   1.161593e+00 1.660032e+01 -1.200000e+00
    endloop
  endfacet
  facet normal -7.960931e-01 -6.051742e-01 2.946136e-17
    outer loop
      vertex   1.161593e+00 1.660032e+01 4.800000e+00
      vertex   1.161593e+00 1.660032e+01 -1.200000e+00
      vertex   1.370971e+00 1.632489e+01 4.800000e+00
    endloop
  endfacet
  facet normal -7.960931e-01 -6.051742e-01 -0.000000e+00
    outer loop
      vertex   1.370971e+00 1.632489e+01 4.800000e+00
      vertex   1.161593e+00 1.660032e+01 -1.200000e+00
      vertex   1.370971e+00 1.632489e+01 -1.200000e+00
    endloop
  endfacet
  facet normal -9.075754e-01 -4.198891e-01 -0.000000e+00
    outer loop
      vertex   1.370971e+00 1.632489e+01 4.800000e+00
      vertex   1.370971e+00 1.632489e+01 -1.200000e+00
      vertex   1.516245e+00 1.601088e+01 4.800000e+00
    endloop
  endfacet
  facet normal -9.075754e-01 -4.198891e-01 -0.000000e+00
    outer loop
      vertex   1.516245e+00 1.601088e+01 4.800000e+00
      vertex   1.370971e+00 1.632489e+01 -1.200000e+00
      vertex   1.516245e+00 1.601088e+01 -1.200000e+00
    endloop
  endfacet
  facet normal -9.766206e-01 -2.149704e-01 -0.000000e+00
    outer loop
      vertex   1.516245e+00 1.601088e+01 4.800000e+00
      vertex   1.516245e+00 1.601088e+01 -1.200000e+00
      vertex   1.590621e+00 1.567299e+01 4.800000e+00
    endloop
  endfacet
  facet normal -9.766206e-01 -2.149704e-01 -0.000000e+00
    outer loop
      vertex   1.590621e+00 1.567299e+01 4.800000e+00
      vertex   1.516245e+00 1.601088e+01 -1.200000e+00
      vertex   1.590621e+00 1.567299e+01 -1.200000e+00
    endloop
  endfacet
  facet normal -1.000000e+00 -0.000000e+00 -0.000000e+00
    outer loop
      vertex   1.590621e+00 1.567299e+01 4.800000e+00
      vertex   1.590621e+00 1.567299e+01 -1.200000e+00
      vertex   1.590621e+00 1.532701e+01 4.800000e+00
    endloop
  endfacet
  facet normal -1.000000e+00 0.000000e+00 0.000000e+00
    outer loop
      vertex   1.590621e+00 1.532701e+01 4.800000e+00
      vertex   1.590621e+00 1.567299e+01 -1.200000e+00
      vertex   1.590621e+00 1.532701e+01 -1.200000e+00
    endloop
  endfacet
  facet normal -9.766206e-01 2.149704e-01 0.000000e+00
    outer loop
      vertex   1.590621e+00 1.532701e+01 4.800000e+00
      vertex   1.590621e+00 1.532701e+01 -1.200000e+00
      vertex   1.516245e+00 1.498912e+01 4.800000e+00
    endloop
  endfacet
  facet normal -9.766206e-01 2.149704e-01 0.000000e+00
    outer loop
      vertex   1.516245e+00 1.498912e+01 4.800000e+00
      vertex   1.590621e+00 1.532701e+01 -1.200000e+00
      vertex   1.516245e+00 1.498912e+01 -1.200000e+00
    endloop
  endfacet
  facet normal -9.075754e-01 4.198891e-01 0.000000e+00
    outer loop
      vertex   1.516245e+00 1.498912e+01 4.800000e+00
      vertex   1.516245e+00 1.498912e+01 -1.200000e+00
      vertex   1.370971e+00 1.467511e+01 4.800000e+00
    endloop
  endfacet
  facet normal -9.075754e-01 4.198891e-01 -6.717408e-17
    outer loop
      vertex   1.370971e+00 1.467511e+01 4.800000e+00
      vertex   1.516245e+00 1.498912e+01 -1.200000e+00
      vertex   1.370971e+00 1.467511e+01 -1.200000e+00
    endloop
  endfacet
  facet normal -7.960931e-01 6.051742e-01 -5.892272e-17
    outer loop
      vertex   1.370971e+00 1.467511e+01 4.800000e+00
      vertex   1.370971e+00 1.467511e+01 -1.200000e+00
      vertex   1.161593e+00 1.439968e+01 4.800000e+00
    endloop
  endfacet
  facet normal -7.960931e-01 6.051742e-01 -2.946136e-17
    outer loop
      vertex   1.161593e+00 1.439968e+01 4.800000e+00
      vertex   1.370971e+00 1.467511e+01 -1.200000e+00
      vertex   1.161593e+00 1.439968e+01 -1.200000e+00
    endloop
  endfacet
  facet normal -6.473863e-01 7.621621e-01 -2.395811e-17
    outer loop
      vertex   1.161593e+00 1.439968e+01 4.800000e+00
      vertex   1.161593e+00 1.439968e+01 -1.200000e+00
      vertex   8.978993e-01 1.417570e+01 4.800000e+00
    endloop
  endfacet
  facet normal -6.473863e-01 7.621621e-01 0.000000e+00
    outer loop
      vertex   8.978993e-01 1.417570e+01 4.800000e+00
      vertex   1.161593e+00 1.439968e+01 -1.200000e+00
      vertex   8.978993e-01 1.417570e+01 -1.200000e+00
    endloop
  endfacet
  facet normal -4.684084e-01 8.835120e-01 0.000000e+00
    outer loop
      vertex   8.978993e-01 1.417570e+01 4.800000e+00
      vertex   8.978993e-01 1.417570e+01 -1.200000e+00
      vertex   5.922210e-01 1.401364e+01 4.800000e+00
    endloop
  endfacet
  facet normal -4.684084e-01 8.835120e-01 0.000000e+00
    outer loop
      vertex   5.922210e-01 1.401364e+01 4.800000e+00
      vertex   8.978993e-01 1.417570e+01 -1.200000e+00
      vertex   5.922210e-01 1.401364e+01 -1.200000e+00
    endloop
  endfacet
  facet normal -2.675283e-01 9.635500e-01 0.000000e+00
    outer loop
      vertex   5.922210e-01 1.401364e+01 4.800000e+00
      vertex   5.922210e-01 1.401364e+01 -1.200000e+00
      vertex   2.588512e-01 1.392108e+01 4.800000e+00
    endloop
  endfacet
  facet normal -2.675283e-01 9.635500e-01 0.000000e+00
    outer loop
      vertex   2.588512e-01 1.392108e+01 4.800000e+00
      vertex   5.922210e-01 1.401364e+01 -1.200000e+00
      vertex   2.588512e-01 1.392108e+01 -1.200000e+00
    endloop
  endfacet
  facet normal -5.413891e-02 9.985334e-01 0.000000e+00
    outer loop
      vertex   2.588512e-01 1.392108e+01 4.800000e+00
      vertex   2.588512e-01 1.392108e+01 -1.200000e+00
      vertex   -8.662225e-02 1.390235e+01 4.800000e+00
    endloop
  endfacet
  facet normal -5.413891e-02 9.985334e-01 0.000000e+00
    outer loop
      vertex   -8.662225e-02 1.390235e+01 4.800000e+00
      vertex   2.588512e-01 1.392108e+01 -1.200000e+00
      vertex   -8.662225e-02 1.390235e+01 -1.200000e+00
    endloop
  endfacet
  facet normal 1.617820e-01 9.868265e-01 0.000000e+00
    outer loop
      vertex   -8.662225e-02 1.390235e+01 4.800000e+00
      vertex   -8.662225e-02 1.390235e+01 -1.200000e+00
      vertex   -4.280453e-01 1.395832e+01 4.800000e+00
    endloop
  endfacet
  facet normal 1.617820e-01 9.868265e-01 1.945819e-17
    outer loop
      vertex   -4.280453e-01 1.395832e+01 4.800000e+00
      vertex   -8.662225e-02 1.390235e+01 -1.200000e+00
      vertex   -4.280453e-01 1.395832e+01 -1.200000e+00
    endloop
  endfacet
  facet normal 3.701382e-01 9.289767e-01 4.451806e-17
    outer loop
      vertex   -4.280453e-01 1.395832e+01 4.800000e+00
      vertex   -4.280453e-01 1.395832e+01 -1.200000e+00
      vertex   -7.494535e-01 1.408638e+01 4.800000e+00
    endloop
  endfacet
  facet normal 3.701382e-01 9.289767e-01 7.533825e-17
    outer loop
      vertex   -7.494535e-01 1.408638e+01 4.800000e+00
      vertex   -4.280453e-01 1.395832e+01 -1.200000e+00
      vertex   -7.494535e-01 1.408638e+01 -1.200000e+00
    endloop
  endfacet
  facet normal 5.611871e-01 8.276890e-01 1.142245e-16
    outer loop
      vertex   -7.494535e-01 1.408638e+01 4.800000e+00
      vertex   -7.494535e-01 1.408638e+01 -1.200000e+00
      vertex   -1.035818e+00 1.428054e+01 4.800000e+00
    endloop
  endfacet
  facet normal 5.611871e-01 8.276890e-01 4.153619e-17
    outer loop
      vertex   -1.035818e+00 1.428054e+01 4.800000e+00
      vertex   -7.494535e-01 1.408638e+01 -1.200000e+00
      vertex   -1.035818e+00 1.428054e+01 -1.200000e+00
    endloop
  endfacet
  facet normal 7.259955e-01 6.876995e-01 5.373446e-17
    outer loop
      vertex   -1.035818e+00 1.428054e+01 4.800000e+00
      vertex   -1.035818e+00 1.428054e+01 -1.200000e+00
      vertex   -1.273749e+00 1.453172e+01 4.800000e+00
    endloop
  endfacet
  facet normal 7.259955e-01 6.876995e-01 0.000000e+00
    outer loop
      vertex   -1.273749e+00 1.453172e+01 4.800000e+00
      vertex   -1.035818e+00 1.428054e+01 -1.200000e+00
      vertex   -1.273749e+00 1.453172e+01 -1.200000e+00
    endloop
  endfacet
  facet normal 8.568572e-01 5.155539e-01 0.000000e+00
    outer loop
      vertex   -1.273749e+00 1.453172e+01 4.800000e+00
      vertex   -1.273749e+00 1.453172e+01 -1.200000e+00
      vertex   -1.452121e+00 1.482818e+01 4.800000e+00
    endloop
  endfacet
  facet normal 8.568572e-01 5.155539e-01 0.000000e+00
    outer loop
      vertex   -1.452121e+00 1.482818e+01 4.800000e+00
      vertex   -1.273749e+00 1.453172e+01 -1.200000e+00
      vertex   -1.452121e+00 1.482818e+01 -1.200000e+00
    endloop
  endfacet
  facet normal 9.476532e-01 3.193015e-01 0.000000e+00
    outer loop
      vertex   -1.452121e+00 1.482818e+01 4.800000e+00
      vertex   -1.452121e+00 1.482818e+01 -1.200000e+00
      vertex   -1.562593e+00 1.515605e+01 4.800000e+00
    endloop
  endfacet
  facet normal 9.476532e-01 3.193015e-01 0.000000e+00
    outer loop
      vertex   -1.562593e+00 1.515605e+01 4.800000e+00
      vertex   -1.452121e+00 1.482818e+01 -1.200000e+00
      vertex   -1.562593e+00 1.515605e+01 -1.200000e+00
    endloop
  endfacet
  facet normal 9.941380e-01 -1.081190e-01 0.000000e+00
    outer loop
      vertex   -1.562593e+00 1.584395e+01 -7.200000e+00
      vertex   -1.562593e+00 1.584395e+01 -1.200000e+00
      vertex   -1.600000e+00 1.550000e+01 -7.200000e+00
    endloop
  endfacet
  facet normal 9.941380e-01 -1.081190e-01 0.000000e+00
    outer loop
      vertex   -1.600000e+00 1.550000e+01 -7.200000e+00
      vertex   -1.562593e+00 1.584395e+01 -1.200000e+00
      vertex   -1.600000e+00 1.550000e+01 -1.200000e+00
    endloop
  endfacet
  facet normal 9.941380e-01 1.081190e-01 -0.000000e+00
    outer loop
      vertex   -1.600000e+00 1.550000e+01 -7.200000e+00
      vertex   -1.600000e+00 1.550000e+01 -1.200000e+00
      vertex   -1.562593e+00 1.515605e+01 -7.200000e+00
    endloop
  endfacet
  facet normal 9.941380e-01 1.081190e-01 -0.000000e+00
    outer loop
      vertex   -1.562593e+00 1.515605e+01 -7.200000e+00
      vertex   -1.600000e+00 1.550000e+01 -1.200000e+00
      vertex   -1.562593e+00 1.515605e+01 -1.200000e+00
    endloop
  endfacet
  facet normal 9.476532e-01 3.193015e-01 -0.000000e+00
    outer loop
      vertex   -1.562593e+00 1.515605e+01 -7.200000e+00
      vertex   -1.562593e+00 1.515605e+01 -1.200000e+00
      vertex   -1.452121e+00 1.482818e+01 -7.200000e+00
    endloop
  endfacet
  facet normal 9.476532e-01 3.193015e-01 -0.000000e+00
    outer loop
      vertex   -1.452121e+00 1.482818e+01 -7.200000e+00
      vertex   -1.562593e+00 1.515605e+01 -1.200000e+00
      vertex   -1.452121e+00 1.482818e+01 -1.200000e+00
    endloop
  endfacet
  facet normal 8.568572e-01 5.155539e-01 -0.000000e+00
    outer loop
      vertex   -1.452121e+00 1.482818e+01 -7.200000e+00
      vertex   -1.452121e+00 1.482818e+01 -1.200000e+00
      vertex   -1.273749e+00 1.453172e+01 -7.200000e+00
    endloop
  endfacet
  facet normal 8.568572e-01 5.155539e-01 -2.579426e-17
    outer loop
      vertex   -1.273749e+00 1.453172e+01 -7.200000e+00
      vertex   -1.452121e+00 1.482818e+01 -1.200000e+00
      vertex   -1.273749e+00 1.453172e+01 -1.200000e+00
    endloop
  endfacet
  facet normal 7.259955e-01 6.876995e-01 -9.613102e-17
    outer loop
      vertex   -1.273749e+00 1.453172e+01 -7.200000e+00
      vertex   -1.273749e+00 1.453172e+01 -1.200000e+00
      vertex   -1.035818e+00 1.428054e+01 -7.200000e+00
    endloop
  endfacet
  facet normal 7.259955e-01 6.876995e-01 -0.000000e+00
    outer loop
      vertex   -1.035818e+00 1.428054e+01 -7.200000e+00
      vertex   -1.273749e+00 1.453172e+01 -1.200000e+00
      vertex   -1.035818e+00 1.428054e+01 -1.200000e+00
    endloop
  endfacet
  facet normal 5.611871e-01 8.276890e-01 -0.000000e+00
    outer loop
      vertex   -1.035818e+00 1.428054e+01 -7.200000e+00
      vertex   -1.035818e+00 1.428054e+01 -1.200000e+00
      vertex   -7.494535e-01 1.408638e+01 -7.200000e+00
    endloop
  endfacet
  facet normal 5.611871e-01 8.276890e-01 -4.153619e-17
    outer loop
      vertex   -7.494535e-01 1.408638e+01 -7.200000e+00
      vertex   -1.035818e+00 1.428054e+01 -1.200000e+00
      vertex   -7.494535e-01 1.408638e+01 -1.200000e+00
    endloop
  endfacet
  facet normal 3.701382e-01 9.289767e-01 -2.739573e-17
    outer loop
      vertex   -7.494535e-01 1.408638e+01 -7.200000e+00
      vertex   -7.494535e-01 1.408638e+01 -1.200000e+00
      vertex   -4.280453e-01 1.395832e+01 -7.200000e+00
    endloop
  endfacet
  facet normal 3.701382e-01 9.289767e-01 -0.000000e+00
    outer loop
      vertex   -4.280453e-01 1.395832e+01 -7.200000e+00
      vertex   -7.494535e-01 1.408638e+01 -1.200000e+00
      vertex   -4.280453e-01 1.395832e+01 -1.200000e+00
    endloop
  endfacet
  facet normal 1.617820e-01 9.868265e-01 -0.000000e+00
    outer loop
      vertex   -4.280453e-01 1.395832e+01 -7.200000e+00
      vertex   -4.280453e-01 1.395832e+01 -1.200000e+00
      vertex   -8.662225e-02 1.390235e+01 -7.200000e+00
    endloop
  endfacet
  facet normal 1.617820e-01 9.868265e-01 8.980705e-18
    outer loop
      vertex   -8.662225e-02 1.390235e+01 -7.200000e+00
      vertex   -4.280453e-01 1.395832e+01 -1.200000e+00
      vertex   -8.662225e-02 1.390235e+01 -1.200000e+00
    endloop
  endfacet
  facet normal -5.413891e-02 9.985334e-01 -3.005313e-18
    outer loop
      vertex   -8.662225e-02 1.390235e+01 -7.200000e+00
      vertex   -8.662225e-02 1.390235e+01 -1.200000e+00
      vertex   2.588512e-01 1.392108e+01 -7.200000e+00
    endloop
  endfacet
  facet normal -5.413891e-02 9.985334e-01 -3.005313e-18
    outer loop
      vertex   2.588512e-01 1.392108e+01 -7.200000e+00
      vertex   -8.662225e-02 1.390235e+01 -1.200000e+00
      vertex   2.588512e-01 1.392108e+01 -1.200000e+00
    endloop
  endfacet
  facet normal -2.675283e-01 9.635500e-01 -1.485081e-17
    outer loop
      vertex   2.588512e-01 1.392108e+01 -7.200000e+00
      vertex   2.588512e-01 1.392108e+01 -1.200000e+00
      vertex   5.922210e-01 1.401364e+01 -7.200000e+00
    endloop
  endfacet
  facet normal -2.675283e-01 9.635500e-01 -1.485081e-17
    outer loop
      vertex   5.922210e-01 1.401364e+01 -7.200000e+00
      vertex   2.588512e-01 1.392108e+01 -1.200000e+00
      vertex   5.922210e-01 1.401364e+01 -1.200000e+00
    endloop
  endfacet
  facet normal -4.684084e-01 8.835120e-01 -2.600189e-17
    outer loop
      vertex   5.922210e-01 1.401364e+01 -7.200000e+00
      vertex   5.922210e-01 1.401364e+01 -1.200000e+00
      vertex   8.978993e-01 1.417570e+01 -7.200000e+00
    endloop
  endfacet
  facet normal -4.684084e-01 8.835120e-01 0.000000e+00
    outer loop
      vertex   8.978993e-01 1.417570e+01 -7.200000e+00
      vertex   5.922210e-01 1.401364e+01 -1.200000e+00
      vertex   8.978993e-01 1.417570e+01 -1.200000e+00
    endloop
  endfacet
  facet normal -6.473863e-01 7.621621e-01 0.000000e+00
    outer loop
      vertex   8.978993e-01 1.417570e+01 -7.200000e+00
      vertex   8.978993e-01 1.417570e+01 -1.200000e+00
      vertex   1.161593e+00 1.439968e+01 -7.200000e+00
    endloop
  endfacet
  facet normal -6.473863e-01 7.621621e-01 -2.395811e-17
    outer loop
      vertex   1.161593e+00 1.439968e+01 -7.200000e+00
      vertex   8.978993e-01 1.417570e+01 -1.200000e+00
      vertex   1.161593e+00 1.439968e+01 -1.200000e+00
    endloop
  endfacet
  facet normal -7.960931e-01 6.051742e-01 -2.946136e-17
    outer loop
      vertex   1.161593e+00 1.439968e+01 -7.200000e+00
      vertex   1.161593e+00 1.439968e+01 -1.200000e+00
      vertex   1.370971e+00 1.467511e+01 -7.200000e+00
    endloop
  endfacet
  facet normal -7.960931e-01 6.051742e-01 0.000000e+00
    outer loop
      vertex   1.370971e+00 1.467511e+01 -7.200000e+00
      vertex   1.161593e+00 1.439968e+01 -1.200000e+00
      vertex   1.370971e+00 1.467511e+01 -1.200000e+00
    endloop
  endfacet
  facet normal -9.075754e-01 4.198891e-01 0.000000e+00
    outer loop
      vertex   1.370971e+00 1.467511e+01 -7.200000e+00
      vertex   1.370971e+00 1.467511e+01 -1.200000e+00
      vertex   1.516245e+00 1.498912e+01 -7.200000e+00
    endloop
  endfacet
  facet normal -9.075754e-01 4.198891e-01 1.243121e-16
    outer loop
      vertex   1.516245e+00 1.498912e+01 -7.200000e+00
      vertex   1.370971e+00 1.467511e+01 -1.200000e+00
      vertex   1.516245e+00 1.498912e+01 -1.200000e+00
    endloop
  endfacet
  facet normal -9.766206e-01 2.149704e-01 6.364404e-17
    outer loop
      vertex   1.516245e+00 1.498912e+01 -7.200000e+00
      vertex   1.516245e+00 1.498912e+01 -1.200000e+00
      vertex   1.590621e+00 1.532701e+01 -7.200000e+00
    endloop
  endfacet
  facet normal -9.766206e-01 2.149704e-01 0.000000e+00
    outer loop
      vertex   1.590621e+00 1.532701e+01 -7.200000e+00
      vertex   1.516245e+00 1.498912e+01 -1.200000e+00
      vertex   1.590621e+00 1.532701e+01 -1.200000e+00
    endloop
  endfacet
  facet normal -1.000000e+00 0.000000e+00 0.000000e+00
    outer loop
      vertex   1.590621e+00 1.532701e+01 -7.200000e+00
      vertex   1.590621e+00 1.532701e+01 -1.200000e+00
      vertex   1.590621e+00 1.567299e+01 -7.200000e+00
    endloop
  endfacet
  facet normal -1.000000e+00 0.000000e+00 0.000000e+00
    outer loop
      vertex   1.590621e+00 1.567299e+01 -7.200000e+00
      vertex   1.590621e+00 1.532701e+01 -1.200000e+00
      vertex   1.590621e+00 1.567299e+01 -1.200000e+00
    endloop
  endfacet
  facet normal -9.766206e-01 -2.149704e-01 0.000000e+00
    outer loop
      vertex   1.590621e+00 1.567299e+01 -7.200000e+00
      vertex   1.590621e+00 1.567299e+01 -1.200000e+00
      vertex   1.516245e+00 1.601088e+01 -7.200000e+00
    endloop
  endfacet
  facet normal -9.766206e-01 -2.149704e-01 0.000000e+00
    outer loop
      vertex   1.516245e+00 1.601088e+01 -7.200000e+00
      vertex   1.590621e+00 1.567299e+01 -1.200000e+00
      vertex   1.516245e+00 1.601088e+01 -1.200000e+00
    endloop
  endfacet
  facet normal -9.075754e-01 -4.198891e-01 0.000000e+00
    outer loop
      vertex   1.516245e+00 1.601088e+01 -7.200000e+00
      vertex   1.516245e+00 1.601088e+01 -1.200000e+00
      vertex   1.370971e+00 1.632489e+01 -7.200000e+00
    endloop
  endfacet
  facet normal -9.075754e-01 -4.198891e-01 6.717408e-17
    outer loop
      vertex   1.370971e+00 1.632489e+01 -7.200000e+00
      vertex   1.516245e+00 1.601088e+01 -1.200000e+00
      vertex   1.370971e+00 1.632489e+01 -1.200000e+00
    endloop
  endfacet
  facet normal -7.960931e-01 -6.051742e-01 5.892272e-17
    outer loop
      vertex   1.370971e+00 1.632489e+01 -7.200000e+00
      vertex   1.370971e+00 1.632489e+01 -1.200000e+00
      vertex   1.161593e+00 1.660032e+01 -7.200000e+00
    endloop
  endfacet
  facet normal -7.960931e-01 -6.051742e-01 2.946136e-17
    outer loop
      vertex   1.161593e+00 1.660032e+01 -7.200000e+00
      vertex   1.370971e+00 1.632489e+01 -1.200000e+00
      vertex   1.161593e+00 1.660032e+01 -1.200000e+00
    endloop
  endfacet
  facet normal -6.473863e-01 -7.621621e-01 2.395811e-17
    outer loop
      vertex   1.161593e+00 1.660032e+01 -7.200000e+00
      vertex   1.161593e+00 1.660032e+01 -1.200000e+00
      vertex   8.978993e-01 1.682430e+01 -7.200000e+00
    endloop
  endfacet
  facet normal -6.473863e-01 -7.621621e-01 0.000000e+00
    outer loop
      vertex   8.978993e-01 1.682430e+01 -7.200000e+00
      vertex   1.161593e+00 1.660032e+01 -1.200000e+00
      vertex   8.978993e-01 1.682430e+01 -1.200000e+00
    endloop
  endfacet
  facet normal -4.684084e-01 -8.835120e-01 0.000000e+00
    outer loop
      vertex   8.978993e-01 1.682430e+01 -7.200000e+00
      vertex   8.978993e-01 1.682430e+01 -1.200000e+00
      vertex   5.922210e-01 1.698636e+01 -7.200000e+00
    endloop
  endfacet
  facet normal -4.684084e-01 -8.835120e-01 0.000000e+00
    outer loop
      vertex   5.922210e-01 1.698636e+01 -7.200000e+00
      vertex   8.978993e-01 1.682430e+01 -1.200000e+00
      vertex   5.922210e-01 1.698636e+01 -1.200000e+00
    endloop
  endfacet
  facet normal -2.675283e-01 -9.635500e-01 0.000000e+00
    outer loop
      vertex   5.922210e-01 1.698636e+01 -7.200000e+00
      vertex   5.922210e-01 1.698636e+01 -1.200000e+00
      vertex   2.588512e-01 1.707892e+01 -7.200000e+00
    endloop
  endfacet
  facet normal -2.675283e-01 -9.635500e-01 0.000000e+00
    outer loop
      vertex   2.588512e-01 1.707892e+01 -7.200000e+00
      vertex   5.922210e-01 1.698636e+01 -1.200000e+00
      vertex   2.588512e-01 1.707892e+01 -1.200000e+00
    endloop
  endfacet
  facet normal -5.413891e-02 -9.985334e-01 0.000000e+00
    outer loop
      vertex   2.588512e-01 1.707892e+01 -7.200000e+00
      vertex   2.588512e-01 1.707892e+01 -1.200000e+00
      vertex   -8.662225e-02 1.709765e+01 -7.200000e+00
    endloop
  endfacet
  facet normal -5.413891e-02 -9.985334e-01 0.000000e+00
    outer loop
      vertex   -8.662225e-02 1.709765e+01 -7.200000e+00
      vertex   2.588512e-01 1.707892e+01 -1.200000e+00
      vertex   -8.662225e-02 1.709765e+01 -1.200000e+00
    endloop
  endfacet
  facet normal 1.617820e-01 -9.868265e-01 0.000000e+00
    outer loop
      vertex   -8.662225e-02 1.709765e+01 -7.200000e+00
      vertex   -8.662225e-02 1.709765e+01 -1.200000e+00
      vertex   -4.280453e-01 1.704168e+01 -7.200000e+00
    endloop
  endfacet
  facet normal 1.617820e-01 -9.868265e-01 -1.945819e-17
    outer loop
      vertex   -4.280453e-01 1.704168e+01 -7.200000e+00
      vertex   -8.662225e-02 1.709765e+01 -1.200000e+00
      vertex   -4.280453e-01 1.704168e+01 -1.200000e+00
    endloop
  endfacet
  facet normal 3.701382e-01 -9.289767e-01 -4.451806e-17
    outer loop
      vertex   -4.280453e-01 1.704168e+01 -7.200000e+00
      vertex   -4.280453e-01 1.704168e+01 -1.200000e+00
      vertex   -7.494535e-01 1.691362e+01 -7.200000e+00
    endloop
  endfacet
  facet normal 3.701382e-01 -9.289767e-01 -7.533825e-17
    outer loop
      vertex   -7.494535e-01 1.691362e+01 -7.200000e+00
      vertex   -4.280453e-01 1.704168e+01 -1.200000e+00
      vertex   -7.494535e-01 1.691362e+01 -1.200000e+00
    endloop
  endfacet
  facet normal 5.611871e-01 -8.276890e-01 -1.142245e-16
    outer loop
      vertex   -7.494535e-01 1.691362e+01 -7.200000e+00
      vertex   -7.494535e-01 1.691362e+01 -1.200000e+00
      vertex   -1.035818e+00 1.671946e+01 -7.200000e+00
    endloop
  endfacet
  facet normal 5.611871e-01 -8.276890e-01 -4.153619e-17
    outer loop
      vertex   -1.035818e+00 1.671946e+01 -7.200000e+00
      vertex   -7.494535e-01 1.691362e+01 -1.200000e+00
      vertex   -1.035818e+00 1.671946e+01 -1.200000e+00
    endloop
  endfacet
  facet normal 7.259955e-01 -6.876995e-01 -5.373446e-17
    outer loop
      vertex   -1.035818e+00 1.671946e+01 -7.200000e+00
      vertex   -1.035818e+00 1.671946e+01 -1.200000e+00
      vertex   -1.273749e+00 1.646828e+01 -7.200000e+00
    endloop
  endfacet
  facet normal 7.259955e-01 -6.876995e-01 0.000000e+00
    outer loop
      vertex   -1.273749e+00 1.646828e+01 -7.200000e+00
      vertex   -1.035818e+00 1.671946e+01 -1.200000e+00
      vertex   -1.273749e+00 1.646828e+01 -1.200000e+00
    endloop
  endfacet
  facet normal 8.568572e-01 -5.155539e-01 0.000000e+00
    outer loop
      vertex   -1.273749e+00 1.646828e+01 -7.200000e+00
      vertex   -1.273749e+00 1.646828e+01 -1.200000e+00
      vertex   -1.452121e+00 1.617182e+01 -7.200000e+00
    endloop
  endfacet
  facet normal 8.568572e-01 -5.155539e-01 0.000000e+00
    outer loop
      vertex   -1.452121e+00 1.617182e+01 -7.200000e+00
      vertex   -1.273749e+00 1.646828e+01 -1.200000e+00
      vertex   -1.452121e+00 1.617182e+01 -1.200000e+00
    endloop
  endfacet
  facet normal 9.476532e-01 -3.193015e-01 0.000000e+00
    outer loop
      vertex   -1.452121e+00 1.617182e+01 -7.200000e+00
      vertex   -1.452121e+00 1.617182e+01 -1.200000e+00
      vertex   -1.562593e+00 1.584395e+01 -7.200000e+00
    endloop
  endfacet
  facet normal 9.476532e-01 -3.193015e-01 0.000000e+00
    outer loop
      vertex   -1.562593e+00 1.584395e+01 -7.200000e+00
      vertex   -1.452121e+00 1.617182e+01 -1.200000e+00
      vertex   -1.562593e+00 1.584395e+01 -1.200000e+00
    endloop
  endfacet
  facet normal -1.000000e+00 0.000000e+00 0.000000e+00
    outer loop
      vertex   -2.322500e+01 -1.410000e+01 -7.200000e+00
      vertex   -2.322500e+01 -1.410000e+01 4.800000e+00
      vertex   -2.322500e+01 1.410000e+01 -7.200000e+00
    endloop
  endfacet
  facet normal -1.000000e+00 0.000000e+00 0.000000e+00
    outer loop
      vertex   -2.322500e+01 1.410000e+01 -7.200000e+00
      vertex   -2.322500e+01 -1.410000e+01 4.800000e+00
      vertex   -2.322500e+01 1.410000e+01 4.800000e+00
    endloop
  endfacet
  facet normal 1.000000e+00 0.000000e+00 -0.000000e+00
    outer loop
      vertex   -2.122500e+01 -1.210000e+01 -5.700000e+00
      vertex   -2.122500e+01 1.210000e+01 -5.700000e+00
      vertex   -2.122500e+01 -1.210000e+01 4.800000e+00
    endloop
  endfacet
  facet normal 1.000000e+00 -0.000000e+00 0.000000e+00
    outer loop
      vertex   -2.122500e+01 -1.210000e+01 4.800000e+00
      vertex   -2.122500e+01 1.210000e+01 -5.700000e+00
      vertex   -2.122500e+01 1.210000e+01 4.800000e+00
    endloop
  endfacet
  facet normal 1.000000e+00 0.000000e+00 -0.000000e+00
    outer loop
      vertex   2.322500e+01 -1.210000e+01 -7.200000e+00
      vertex   2.322500e+01 -1.210000e+01 4.800000e+00
      vertex   2.322500e+01 -1.410000e+01 -7.200000e+00
    endloop
  endfacet
  facet normal 1.000000e+00 0.000000e+00 0.000000e+00
    outer loop
      vertex   2.322500e+01 -1.410000e+01 -7.200000e+00
      vertex   2.322500e+01 -1.210000e+01 4.800000e+00
      vertex   2.322500e+01 -1.410000e+01 4.800000e+00
    endloop
  endfacet
  facet normal 1.000000e+00 0.000000e+00 -0.000000e+00
    outer loop
      vertex   2.322500e+01 1.410000e+01 -7.200000e+00
      vertex   2.322500e+01 1.410000e+01 4.800000e+00
      vertex   2.322500e+01 1.210000e+01 -7.200000e+00
    endloop
  endfacet
  facet normal 1.000000e+00 0.000000e+00 0.000000e+00
    outer loop
      vertex   2.322500e+01 1.210000e+01 -7.200000e+00
      vertex   2.322500e+01 1.410000e+01 4.800000e+00
      vertex   2.322500e+01 1.210000e+01 4.800000e+00
    endloop
  endfacet
  facet normal 0.000000e+00 1.000000e+00 0.000000e+00
    outer loop
      vertex   -2.322500e+01 1.410000e+01 -7.200000e+00
      vertex   -2.322500e+01 1.410000e+01 4.800000e+00
      vertex   -2.071232e+00 1.410000e+01 -7.200000e+00
    endloop
  endfacet
  facet normal 0.000000e+00 1.000000e+00 -0.000000e+00
    outer loop
      vertex   -2.071232e+00 1.410000e+01 -7.200000e+00
      vertex   -2.322500e+01 1.410000e+01 4.800000e+00
      vertex   -2.071232e+00 1.410000e+01 4.800000e+00
    endloop
  endfacet
  facet normal 0.000000e+00 1.000000e+00 0.000000e+00
    outer loop
      vertex   2.322500e+01 1.410000e+01 4.800000e+00
      vertex   2.322500e+01 1.410000e+01 -7.200000e+00
      vertex   2.071232e+00 1.410000e+01 4.800000e+00
    endloop
  endfacet
  facet normal 0.000000e+00 1.000000e+00 0.000000e+00
    outer loop
      vertex   2.071232e+00 1.410000e+01 4.800000e+00
      vertex   2.322500e+01 1.410000e+01 -7.200000e+00
      vertex   2.071232e+00 1.410000e+01 -7.200000e+00
    endloop
  endfacet
  facet normal -8.738269e-01 -4.862371e-01 -6.467618e-17
    outer loop
      vertex   -2.281527e+00 1.447793e+01 -7.200000e+00
      vertex   -2.071232e+00 1.410000e+01 -7.200000e+00
      vertex   -2.281527e+00 1.447793e+01 -1.200000e+00
    endloop
  endfacet
  facet normal -8.738269e-01 -4.862371e-01 0.000000e+00
    outer loop
      vertex   -2.281527e+00 1.447793e+01 -1.200000e+00
      vertex   -2.071232e+00 1.410000e+01 -7.200000e+00
      vertex   -2.071232e+00 1.410000e+01 4.800000e+00
    endloop
  endfacet
  facet normal -8.738269e-01 -4.862371e-01 2.879102e-16
    outer loop
      vertex   -2.281527e+00 1.447793e+01 -1.200000e+00
      vertex   -2.071232e+00 1.410000e+01 4.800000e+00
      vertex   -2.281527e+00 1.447793e+01 4.800000e+00
    endloop
  endfacet
  facet normal -9.445536e-01 -3.283572e-01 1.944265e-16
    outer loop
      vertex   -2.281527e+00 1.447793e+01 -1.200000e+00
      vertex   -2.281527e+00 1.447793e+01 4.800000e+00
      vertex   -2.423540e+00 1.488644e+01 -1.200000e+00
    endloop
  endfacet
  facet normal -9.445536e-01 -3.283572e-01 -6.991101e-17
    outer loop
      vertex   -2.423540e+00 1.488644e+01 -1.200000e+00
      vertex   -2.281527e+00 1.447793e+01 4.800000e+00
      vertex   -2.423540e+00 1.488644e+01 4.800000e+00
    endloop
  endfacet
  facet normal -9.870114e-01 -1.606501e-01 -7.305352e-17
    outer loop
      vertex   -2.423540e+00 1.488644e+01 -1.200000e+00
      vertex   -2.423540e+00 1.488644e+01 4.800000e+00
      vertex   -2.493020e+00 1.531332e+01 -1.200000e+00
    endloop
  endfacet
  facet normal -9.870114e-01 -1.606501e-01 0.000000e+00
    outer loop
      vertex   -2.493020e+00 1.531332e+01 -1.200000e+00
      vertex   -2.423540e+00 1.488644e+01 4.800000e+00
      vertex   -2.493020e+00 1.531332e+01 4.800000e+00
    endloop
  endfacet
  facet normal -9.999296e-01 1.186505e-02 0.000000e+00
    outer loop
      vertex   -2.493020e+00 1.531332e+01 -1.200000e+00
      vertex   -2.493020e+00 1.531332e+01 4.800000e+00
      vertex   -2.487889e+00 1.574578e+01 -1.200000e+00
    endloop
  endfacet
  facet normal -9.999296e-01 1.186505e-02 0.000000e+00
    outer loop
      vertex   -2.487889e+00 1.574578e+01 -1.200000e+00
      vertex   -2.493020e+00 1.531332e+01 4.800000e+00
      vertex   -2.487889e+00 1.574578e+01 4.800000e+00
    endloop
  endfacet
  facet normal -9.829216e-01 1.840251e-01 0.000000e+00
    outer loop
      vertex   -2.487889e+00 1.574578e+01 -1.200000e+00
      vertex   -2.487889e+00 1.574578e+01 4.800000e+00
      vertex   -2.408299e+00 1.617089e+01 -1.200000e+00
    endloop
  endfacet
  facet normal -9.829216e-01 1.840251e-01 7.275081e-17
    outer loop
      vertex   -2.408299e+00 1.617089e+01 -1.200000e+00
      vertex   -2.487889e+00 1.574578e+01 4.800000e+00
      vertex   -2.408299e+00 1.617089e+01 4.800000e+00
    endloop
  endfacet
  facet normal -9.364963e-01 3.506775e-01 6.931465e-17
    outer loop
      vertex   -2.408299e+00 1.617089e+01 -1.200000e+00
      vertex   -2.408299e+00 1.617089e+01 4.800000e+00
      vertex   -2.256632e+00 1.657592e+01 -1.200000e+00
    endloop
  endfacet
  facet normal -9.364963e-01 3.506775e-01 -2.076428e-16
    outer loop
      vertex   -2.256632e+00 1.657592e+01 -1.200000e+00
      vertex   -2.408299e+00 1.617089e+01 4.800000e+00
      vertex   -2.256632e+00 1.657592e+01 4.800000e+00
    endloop
  endfacet
  facet normal -8.620432e-01 5.068347e-01 -3.001064e-16
    outer loop
      vertex   -2.256632e+00 1.657592e+01 -1.200000e+00
      vertex   -2.256632e+00 1.657592e+01 4.800000e+00
      vertex   -2.037429e+00 1.694875e+01 -1.200000e+00
    endloop
  endfacet
  facet normal -8.620432e-01 5.068347e-01 6.380402e-17
    outer loop
      vertex   -2.037429e+00 1.694875e+01 -1.200000e+00
      vertex   -2.256632e+00 1.657592e+01 4.800000e+00
      vertex   -2.037429e+00 1.694875e+01 4.800000e+00
    endloop
  endfacet
  facet normal -7.617907e-01 6.478233e-01 5.638384e-17
    outer loop
      vertex   -2.037429e+00 1.694875e+01 -1.200000e+00
      vertex   -2.037429e+00 1.694875e+01 4.800000e+00
      vertex   -1.757248e+00 1.727822e+01 -1.200000e+00
    endloop
  endfacet
  facet normal -7.617907e-01 6.478233e-01 2.819192e-17
    outer loop
      vertex   -1.757248e+00 1.727822e+01 -1.200000e+00
      vertex   -2.037429e+00 1.694875e+01 4.800000e+00
      vertex   -1.757248e+00 1.727822e+01 4.800000e+00
    endloop
  endfacet
  facet normal -6.387390e-01 7.694235e-01 2.363809e-17
    outer loop
      vertex   -1.757248e+00 1.727822e+01 -1.200000e+00
      vertex   -1.757248e+00 1.727822e+01 4.800000e+00
      vertex   -1.424476e+00 1.755447e+01 -1.200000e+00
    endloop
  endfacet
  facet normal -6.387390e-01 7.694235e-01 4.727618e-17
    outer loop
      vertex   -1.424476e+00 1.755447e+01 -1.200000e+00
      vertex   -1.757248e+00 1.727822e+01 4.800000e+00
      vertex   -1.424476e+00 1.755447e+01 4.800000e+00
    endloop
  endfacet
  facet normal -4.965709e-01 8.679962e-01 3.675363e-17
    outer loop
      vertex   -1.424476e+00 1.755447e+01 -1.200000e+00
      vertex   -1.424476e+00 1.755447e+01 4.800000e+00
      vertex   -1.049072e+00 1.776924e+01 -1.200000e+00
    endloop
  endfacet
  facet normal -4.965709e-01 8.679962e-01 -3.675363e-17
    outer loop
      vertex   -1.049072e+00 1.776924e+01 -1.200000e+00
      vertex   -1.424476e+00 1.755447e+01 4.800000e+00
      vertex   -1.049072e+00 1.776924e+01 4.800000e+00
    endloop
  endfacet
  facet normal -3.395412e-01 9.405912e-01 -2.513110e-17
    outer loop
      vertex   -1.049072e+00 1.776924e+01 -1.200000e+00
      vertex   -1.049072e+00 1.776924e+01 4.800000e+00
      vertex   -6.422709e-01 1.791609e+01 -1.200000e+00
    endloop
  endfacet
  facet normal -3.395412e-01 9.405912e-01 -1.884832e-17
    outer loop
      vertex   -6.422709e-01 1.791609e+01 -1.200000e+00
      vertex   -1.049072e+00 1.776924e+01 4.800000e+00
      vertex   -6.422709e-01 1.791609e+01 4.800000e+00
    endloop
  endfacet
  facet normal -1.723497e-01 9.850358e-01 -9.567330e-18
    outer loop
      vertex   -6.422709e-01 1.791609e+01 -1.200000e+00
      vertex   -6.422709e-01 1.791609e+01 4.800000e+00
      vertex   -2.162476e-01 1.799063e+01 -1.200000e+00
    endloop
  endfacet
  facet normal -1.723497e-01 9.850358e-01 1.754010e-17
    outer loop
      vertex   -2.162476e-01 1.799063e+01 -1.200000e+00
      vertex   -6.422709e-01 1.791609e+01 4.800000e+00
      vertex   -2.162476e-01 1.799063e+01 4.800000e+00
    endloop
  endfacet
  facet normal 0.000000e+00 1.000000e+00 0.000000e+00
    outer loop
      vertex   -2.162476e-01 1.799063e+01 -1.200000e+00
      vertex   -2.162476e-01 1.799063e+01 4.800000e+00
      vertex   2.162476e-01 1.799063e+01 -1.200000e+00
    endloop
  endfacet
  facet normal 0.000000e+00 1.000000e+00 -0.000000e+00
    outer loop
      vertex   2.162476e-01 1.799063e+01 -1.200000e+00
      vertex   -2.162476e-01 1.799063e+01 4.800000e+00
      vertex   2.162476e-01 1.799063e+01 4.800000e+00
    endloop
  endfacet
  facet normal 1.723497e-01 9.850358e-01 -1.674283e-17
    outer loop
      vertex   2.162476e-01 1.799063e+01 -1.200000e+00
      vertex   2.162476e-01 1.799063e+01 4.800000e+00
      vertex   6.422709e-01 1.791609e+01 -1.200000e+00
    endloop
  endfacet
  facet normal 1.723497e-01 9.850358e-01 -4.783665e-17
    outer loop
      vertex   6.422709e-01 1.791609e+01 -1.200000e+00
      vertex   2.162476e-01 1.799063e+01 4.800000e+00
      vertex   6.422709e-01 1.791609e+01 4.800000e+00
    endloop
  endfacet
  facet normal 3.395412e-01 9.405912e-01 -9.424162e-17
    outer loop
      vertex   6.422709e-01 1.791609e+01 -1.200000e+00
      vertex   6.422709e-01 1.791609e+01 4.800000e+00
      vertex   1.049072e+00 1.776924e+01 -1.200000e+00
    endloop
  endfacet
  facet normal 3.395412e-01 9.405912e-01 -6.282775e-17
    outer loop
      vertex   1.049072e+00 1.776924e+01 -1.200000e+00
      vertex   6.422709e-01 1.791609e+01 4.800000e+00
      vertex   1.049072e+00 1.776924e+01 4.800000e+00
    endloop
  endfacet
  facet normal 4.965709e-01 8.679962e-01 -9.188407e-17
    outer loop
      vertex   1.049072e+00 1.776924e+01 -1.200000e+00
      vertex   1.049072e+00 1.776924e+01 4.800000e+00
      vertex   1.424476e+00 1.755447e+01 -1.200000e+00
    endloop
  endfacet
  facet normal 4.965709e-01 8.679962e-01 -3.675363e-17
    outer loop
      vertex   1.424476e+00 1.755447e+01 -1.200000e+00
      vertex   1.049072e+00 1.776924e+01 4.800000e+00
      vertex   1.424476e+00 1.755447e+01 4.800000e+00
    endloop
  endfacet
  facet normal 6.387390e-01 7.694235e-01 -4.727618e-17
    outer loop
      vertex   1.424476e+00 1.755447e+01 -1.200000e+00
      vertex   1.424476e+00 1.755447e+01 4.800000e+00
      vertex   1.757248e+00 1.727822e+01 -1.200000e+00
    endloop
  endfacet
  facet normal 6.387390e-01 7.694235e-01 -0.000000e+00
    outer loop
      vertex   1.757248e+00 1.727822e+01 -1.200000e+00
      vertex   1.424476e+00 1.755447e+01 4.800000e+00
      vertex   1.757248e+00 1.727822e+01 4.800000e+00
    endloop
  endfacet
  facet normal 7.617907e-01 6.478233e-01 -0.000000e+00
    outer loop
      vertex   1.757248e+00 1.727822e+01 -1.200000e+00
      vertex   1.757248e+00 1.727822e+01 4.800000e+00
      vertex   2.037429e+00 1.694875e+01 -1.200000e+00
    endloop
  endfacet
  facet normal 7.617907e-01 6.478233e-01 -1.691515e-16
    outer loop
      vertex   2.037429e+00 1.694875e+01 -1.200000e+00
      vertex   1.757248e+00 1.727822e+01 4.800000e+00
      vertex   2.037429e+00 1.694875e+01 4.800000e+00
    endloop
  endfacet
  facet normal 8.620432e-01 5.068347e-01 -1.914121e-16
    outer loop
      vertex   2.037429e+00 1.694875e+01 -1.200000e+00
      vertex   2.037429e+00 1.694875e+01 4.800000e+00
      vertex   2.256632e+00 1.657592e+01 -1.200000e+00
    endloop
  endfacet
  facet normal 8.620432e-01 5.068347e-01 2.363024e-16
    outer loop
      vertex   2.256632e+00 1.657592e+01 -1.200000e+00
      vertex   2.037429e+00 1.694875e+01 4.800000e+00
      vertex   2.256632e+00 1.657592e+01 4.800000e+00
    endloop
  endfacet
  facet normal 9.364963e-01 3.506775e-01 1.383281e-16
    outer loop
      vertex   2.256632e+00 1.657592e+01 -1.200000e+00
      vertex   2.256632e+00 1.657592e+01 4.800000e+00
      vertex   2.408299e+00 1.617089e+01 -1.200000e+00
    endloop
  endfacet
  facet normal 9.364963e-01 3.506775e-01 -0.000000e+00
    outer loop
      vertex   2.408299e+00 1.617089e+01 -1.200000e+00
      vertex   2.256632e+00 1.657592e+01 4.800000e+00
      vertex   2.408299e+00 1.617089e+01 4.800000e+00
    endloop
  endfacet
  facet normal 9.829216e-01 1.840251e-01 -0.000000e+00
    outer loop
      vertex   2.408299e+00 1.617089e+01 -1.200000e+00
      vertex   2.408299e+00 1.617089e+01 4.800000e+00
      vertex   2.487889e+00 1.574578e+01 -1.200000e+00
    endloop
  endfacet
  facet normal 9.829216e-01 1.840251e-01 -5.448236e-17
    outer loop
      vertex   2.487889e+00 1.574578e+01 -1.200000e+00
      vertex   2.408299e+00 1.617089e+01 4.800000e+00
      vertex   2.487889e+00 1.574578e+01 4.800000e+00
    endloop
  endfacet
  facet normal 9.999296e-01 1.186505e-02 -3.512760e-18
    outer loop
      vertex   2.487889e+00 1.574578e+01 -1.200000e+00
      vertex   2.487889e+00 1.574578e+01 4.800000e+00
      vertex   2.493020e+00 1.531332e+01 -1.200000e+00
    endloop
  endfacet
  facet normal 9.999296e-01 1.186505e-02 3.512760e-18
    outer loop
      vertex   2.493020e+00 1.531332e+01 -1.200000e+00
      vertex   2.487889e+00 1.574578e+01 4.800000e+00
      vertex   2.493020e+00 1.531332e+01 4.800000e+00
    endloop
  endfacet
  facet normal 9.870114e-01 -1.606501e-01 -4.756197e-17
    outer loop
      vertex   2.493020e+00 1.531332e+01 -1.200000e+00
      vertex   2.493020e+00 1.531332e+01 4.800000e+00
      vertex   2.423540e+00 1.488644e+01 -1.200000e+00
    endloop
  endfacet
  facet normal 9.870114e-01 -1.606501e-01 7.305352e-17
    outer loop
      vertex   2.423540e+00 1.488644e+01 -1.200000e+00
      vertex   2.493020e+00 1.531332e+01 4.800000e+00
      vertex   2.423540e+00 1.488644e+01 4.800000e+00
    endloop
  endfacet
  facet normal 9.445536e-01 -3.283572e-01 6.991101e-17
    outer loop
      vertex   2.423540e+00 1.488644e+01 -1.200000e+00
      vertex   2.423540e+00 1.488644e+01 4.800000e+00
      vertex   2.281527e+00 1.447793e+01 -1.200000e+00
    endloop
  endfacet
  facet normal 9.445536e-01 -3.283572e-01 0.000000e+00
    outer loop
      vertex   2.281527e+00 1.447793e+01 -1.200000e+00
      vertex   2.423540e+00 1.488644e+01 4.800000e+00
      vertex   2.281527e+00 1.447793e+01 4.800000e+00
    endloop
  endfacet
  facet normal 8.738269e-01 -4.862371e-01 0.000000e+00
    outer loop
      vertex   2.281527e+00 1.447793e+01 -1.200000e+00
      vertex   2.281527e+00 1.447793e+01 4.800000e+00
      vertex   2.071232e+00 1.410000e+01 4.800000e+00
    endloop
  endfacet
  facet normal 8.738269e-01 -4.862371e-01 -3.233809e-17
    outer loop
      vertex   2.071232e+00 1.410000e+01 4.800000e+00
      vertex   2.071232e+00 1.410000e+01 -7.200000e+00
      vertex   2.281527e+00 1.447793e+01 -1.200000e+00
    endloop
  endfacet
  facet normal 8.738269e-01 -4.862371e-01 0.000000e+00
    outer loop
      vertex   2.281527e+00 1.447793e+01 -1.200000e+00
      vertex   2.071232e+00 1.410000e+01 -7.200000e+00
      vertex   2.281527e+00 1.447793e+01 -7.200000e+00
    endloop
  endfacet
  facet normal 9.445536e-01 -3.283572e-01 0.000000e+00
    outer loop
      vertex   2.281527e+00 1.447793e+01 -1.200000e+00
      vertex   2.281527e+00 1.447793e+01 -7.200000e+00
      vertex   2.423540e+00 1.488644e+01 -1.200000e+00
    endloop
  endfacet
  facet normal 9.445536e-01 -3.283572e-01 0.000000e+00
    outer loop
      vertex   2.423540e+00 1.488644e+01 -1.200000e+00
      vertex   2.281527e+00 1.447793e+01 -7.200000e+00
      vertex   2.423540e+00 1.488644e+01 -7.200000e+00
    endloop
  endfacet
  facet normal 9.870114e-01 -1.606501e-01 0.000000e+00
    outer loop
      vertex   2.423540e+00 1.488644e+01 -1.200000e+00
      vertex   2.423540e+00 1.488644e+01 -7.200000e+00
      vertex   2.493020e+00 1.531332e+01 -1.200000e+00
    endloop
  endfacet
  facet normal 9.870114e-01 -1.606501e-01 -2.549155e-17
    outer loop
      vertex   2.493020e+00 1.531332e+01 -1.200000e+00
      vertex   2.423540e+00 1.488644e+01 -7.200000e+00
      vertex   2.493020e+00 1.531332e+01 -7.200000e+00
    endloop
  endfacet
  facet normal 9.999296e-01 1.186505e-02 -7.752242e-17
    outer loop
      vertex   2.493020e+00 1.531332e+01 -1.200000e+00
      vertex   2.493020e+00 1.531332e+01 -7.200000e+00
      vertex   2.487889e+00 1.574578e+01 -1.200000e+00
    endloop
  endfacet
  facet normal 9.999296e-01 1.186505e-02 7.049690e-17
    outer loop
      vertex   2.487889e+00 1.574578e+01 -1.200000e+00
      vertex   2.493020e+00 1.531332e+01 -7.200000e+00
      vertex   2.487889e+00 1.574578e+01 -7.200000e+00
    endloop
  endfacet
  facet normal 9.829216e-01 1.840251e-01 1.826845e-17
    outer loop
      vertex   2.487889e+00 1.574578e+01 -1.200000e+00
      vertex   2.487889e+00 1.574578e+01 -7.200000e+00
      vertex   2.408299e+00 1.617089e+01 -1.200000e+00
    endloop
  endfacet
  facet normal 9.829216e-01 1.840251e-01 3.653690e-17
    outer loop
      vertex   2.408299e+00 1.617089e+01 -1.200000e+00
      vertex   2.487889e+00 1.574578e+01 -7.200000e+00
      vertex   2.408299e+00 1.617089e+01 -7.200000e+00
    endloop
  endfacet
  facet normal 9.364963e-01 3.506775e-01 -6.901349e-17
    outer loop
      vertex   2.408299e+00 1.617089e+01 -1.200000e+00
      vertex   2.408299e+00 1.617089e+01 -7.200000e+00
      vertex   2.256632e+00 1.657592e+01 -1.200000e+00
    endloop
  endfacet
  facet normal 9.364963e-01 3.506775e-01 3.011607e-19
    outer loop
      vertex   2.256632e+00 1.657592e+01 -1.200000e+00
      vertex   2.408299e+00 1.617089e+01 -7.200000e+00
      vertex   2.256632e+00 1.657592e+01 -7.200000e+00
    endloop
  endfacet
  facet normal 8.620432e-01 5.068347e-01 -1.086944e-16
    outer loop
      vertex   2.256632e+00 1.657592e+01 -1.200000e+00
      vertex   2.256632e+00 1.657592e+01 -7.200000e+00
      vertex   2.037429e+00 1.694875e+01 -1.200000e+00
    endloop
  endfacet
  facet normal 8.620432e-01 5.068347e-01 1.914121e-16
    outer loop
      vertex   2.037429e+00 1.694875e+01 -1.200000e+00
      vertex   2.256632e+00 1.657592e+01 -7.200000e+00
      vertex   2.037429e+00 1.694875e+01 -7.200000e+00
    endloop
  endfacet
  facet normal 7.617907e-01 6.478233e-01 1.691515e-16
    outer loop
      vertex   2.037429e+00 1.694875e+01 -1.200000e+00
      vertex   2.037429e+00 1.694875e+01 -7.200000e+00
      vertex   1.757248e+00 1.727822e+01 -1.200000e+00
    endloop
  endfacet
  facet normal 7.617907e-01 6.478233e-01 0.000000e+00
    outer loop
      vertex   1.757248e+00 1.727822e+01 -1.200000e+00
      vertex   2.037429e+00 1.694875e+01 -7.200000e+00
      vertex   1.757248e+00 1.727822e+01 -7.200000e+00
    endloop
  endfacet
  facet normal 6.387390e-01 7.694235e-01 0.000000e+00
    outer loop
      vertex   1.757248e+00 1.727822e+01 -1.200000e+00
      vertex   1.757248e+00 1.727822e+01 -7.200000e+00
      vertex   1.424476e+00 1.755447e+01 -1.200000e+00
    endloop
  endfacet
  facet normal 6.387390e-01 7.694235e-01 0.000000e+00
    outer loop
      vertex   1.424476e+00 1.755447e+01 -1.200000e+00
      vertex   1.757248e+00 1.727822e+01 -7.200000e+00
      vertex   1.424476e+00 1.755447e+01 -7.200000e+00
    endloop
  endfacet
  facet normal 4.965709e-01 8.679962e-01 0.000000e+00
    outer loop
      vertex   1.424476e+00 1.755447e+01 -1.200000e+00
      vertex   1.424476e+00 1.755447e+01 -7.200000e+00
      vertex   1.049072e+00 1.776924e+01 -1.200000e+00
    endloop
  endfacet
  facet normal 4.965709e-01 8.679962e-01 0.000000e+00
    outer loop
      vertex   1.049072e+00 1.776924e+01 -1.200000e+00
      vertex   1.424476e+00 1.755447e+01 -7.200000e+00
      vertex   1.049072e+00 1.776924e+01 -7.200000e+00
    endloop
  endfacet
  facet normal 3.395412e-01 9.405912e-01 0.000000e+00
    outer loop
      vertex   1.049072e+00 1.776924e+01 -1.200000e+00
      vertex   1.049072e+00 1.776924e+01 -7.200000e+00
      vertex   6.422709e-01 1.791609e+01 -1.200000e+00
    endloop
  endfacet
  facet normal 3.395412e-01 9.405912e-01 1.256555e-16
    outer loop
      vertex   6.422709e-01 1.791609e+01 -1.200000e+00
      vertex   1.049072e+00 1.776924e+01 -7.200000e+00
      vertex   6.422709e-01 1.791609e+01 -7.200000e+00
    endloop
  endfacet
  facet normal 1.723497e-01 9.850358e-01 6.378220e-17
    outer loop
      vertex   6.422709e-01 1.791609e+01 -1.200000e+00
      vertex   6.422709e-01 1.791609e+01 -7.200000e+00
      vertex   2.162476e-01 1.799063e+01 -1.200000e+00
    endloop
  endfacet
  facet normal 1.723497e-01 9.850358e-01 -5.194762e-16
    outer loop
      vertex   2.162476e-01 1.799063e+01 -1.200000e+00
      vertex   6.422709e-01 1.791609e+01 -7.200000e+00
      vertex   2.162476e-01 1.799063e+01 -7.200000e+00
    endloop
  endfacet
  facet normal 0.000000e+00 1.000000e+00 -5.921189e-16
    outer loop
      vertex   2.162476e-01 1.799063e+01 -1.200000e+00
      vertex   2.162476e-01 1.799063e+01 -7.200000e+00
      vertex   -2.162476e-01 1.799063e+01 -1.200000e+00
    endloop
  endfacet
  facet normal 8.214457e-15 1.000000e+00 3.039960e-30
    outer loop
      vertex   -2.162476e-01 1.799063e+01 -1.200000e+00
      vertex   2.162476e-01 1.799063e+01 -7.200000e+00
      vertex   -2.162476e-01 1.799063e+01 -7.200000e+00
    endloop
  endfacet
  facet normal -1.723497e-01 9.850358e-01 -6.378220e-17
    outer loop
      vertex   -2.162476e-01 1.799063e+01 -1.200000e+00
      vertex   -2.162476e-01 1.799063e+01 -7.200000e+00
      vertex   -6.422709e-01 1.791609e+01 -1.200000e+00
    endloop
  endfacet
  facet normal -1.723497e-01 9.850358e-01 0.000000e+00
    outer loop
      vertex   -6.422709e-01 1.791609e+01 -1.200000e+00
      vertex   -2.162476e-01 1.799063e+01 -7.200000e+00
      vertex   -6.422709e-01 1.791609e+01 -7.200000e+00
    endloop
  endfacet
  facet normal -3.395412e-01 9.405912e-01 0.000000e+00
    outer loop
      vertex   -6.422709e-01 1.791609e+01 -1.200000e+00
      vertex   -6.422709e-01 1.791609e+01 -7.200000e+00
      vertex   -1.049072e+00 1.776924e+01 -1.200000e+00
    endloop
  endfacet
  facet normal -3.395412e-01 9.405912e-01 0.000000e+00
    outer loop
      vertex   -1.049072e+00 1.776924e+01 -1.200000e+00
      vertex   -6.422709e-01 1.791609e+01 -7.200000e+00
      vertex   -1.049072e+00 1.776924e+01 -7.200000e+00
    endloop
  endfacet
  facet normal -4.965709e-01 8.679962e-01 0.000000e+00
    outer loop
      vertex   -1.049072e+00 1.776924e+01 -1.200000e+00
      vertex   -1.049072e+00 1.776924e+01 -7.200000e+00
      vertex   -1.424476e+00 1.755447e+01 -1.200000e+00
    endloop
  endfacet
  facet normal -4.965709e-01 8.679962e-01 0.000000e+00
    outer loop
      vertex   -1.424476e+00 1.755447e+01 -1.200000e+00
      vertex   -1.049072e+00 1.776924e+01 -7.200000e+00
      vertex   -1.424476e+00 1.755447e+01 -7.200000e+00
    endloop
  endfacet
  facet normal -6.387390e-01 7.694235e-01 0.000000e+00
    outer loop
      vertex   -1.424476e+00 1.755447e+01 -1.200000e+00
      vertex   -1.424476e+00 1.755447e+01 -7.200000e+00
      vertex   -1.757248e+00 1.727822e+01 -1.200000e+00
    endloop
  endfacet
  facet normal -6.387390e-01 7.694235e-01 0.000000e+00
    outer loop
      vertex   -1.757248e+00 1.727822e+01 -1.200000e+00
      vertex   -1.424476e+00 1.755447e+01 -7.200000e+00
      vertex   -1.757248e+00 1.727822e+01 -7.200000e+00
    endloop
  endfacet
  facet normal -7.617907e-01 6.478233e-01 0.000000e+00
    outer loop
      vertex   -1.757248e+00 1.727822e+01 -1.200000e+00
      vertex   -1.757248e+00 1.727822e+01 -7.200000e+00
      vertex   -2.037429e+00 1.694875e+01 -1.200000e+00
    endloop
  endfacet
  facet normal -7.617907e-01 6.478233e-01 -5.638384e-17
    outer loop
      vertex   -2.037429e+00 1.694875e+01 -1.200000e+00
      vertex   -1.757248e+00 1.727822e+01 -7.200000e+00
      vertex   -2.037429e+00 1.694875e+01 -7.200000e+00
    endloop
  endfacet
  facet normal -8.620432e-01 5.068347e-01 -6.380402e-17
    outer loop
      vertex   -2.037429e+00 1.694875e+01 -1.200000e+00
      vertex   -2.037429e+00 1.694875e+01 -7.200000e+00
      vertex   -2.256632e+00 1.657592e+01 -1.200000e+00
    endloop
  endfacet
  facet normal -8.620432e-01 5.068347e-01 0.000000e+00
    outer loop
      vertex   -2.256632e+00 1.657592e+01 -1.200000e+00
      vertex   -2.037429e+00 1.694875e+01 -7.200000e+00
      vertex   -2.256632e+00 1.657592e+01 -7.200000e+00
    endloop
  endfacet
  facet normal -9.364963e-01 3.506775e-01 0.000000e+00
    outer loop
      vertex   -2.256632e+00 1.657592e+01 -1.200000e+00
      vertex   -2.256632e+00 1.657592e+01 -7.200000e+00
      vertex   -2.408299e+00 1.617089e+01 -1.200000e+00
    endloop
  endfacet
  facet normal -9.364963e-01 3.506775e-01 0.000000e+00
    outer loop
      vertex   -2.408299e+00 1.617089e+01 -1.200000e+00
      vertex   -2.256632e+00 1.657592e+01 -7.200000e+00
      vertex   -2.408299e+00 1.617089e+01 -7.200000e+00
    endloop
  endfacet
  facet normal -9.829216e-01 1.840251e-01 0.000000e+00
    outer loop
      vertex   -2.408299e+00 1.617089e+01 -1.200000e+00
      vertex   -2.408299e+00 1.617089e+01 -7.200000e+00
      vertex   -2.487889e+00 1.574578e+01 -1.200000e+00
    endloop
  endfacet
  facet normal -9.829216e-01 1.840251e-01 0.000000e+00
    outer loop
      vertex   -2.487889e+00 1.574578e+01 -1.200000e+00
      vertex   -2.408299e+00 1.617089e+01 -7.200000e+00
      vertex   -2.487889e+00 1.574578e+01 -7.200000e+00
    endloop
  endfacet
  facet normal -9.999296e-01 1.186505e-02 0.000000e+00
    outer loop
      vertex   -2.487889e+00 1.574578e+01 -1.200000e+00
      vertex   -2.487889e+00 1.574578e+01 -7.200000e+00
      vertex   -2.493020e+00 1.531332e+01 -1.200000e+00
    endloop
  endfacet
  facet normal -9.999296e-01 1.186505e-02 0.000000e+00
    outer loop
      vertex   -2.493020e+00 1.531332e+01 -1.200000e+00
      vertex   -2.487889e+00 1.574578e+01 -7.200000e+00
      vertex   -2.493020e+00 1.531332e+01 -7.200000e+00
    endloop
  endfacet
  facet normal -9.870114e-01 -1.606501e-01 -0.000000e+00
    outer loop
      vertex   -2.493020e+00 1.531332e+01 -1.200000e+00
      vertex   -2.493020e+00 1.531332e+01 -7.200000e+00
      vertex   -2.423540e+00 1.488644e+01 -1.200000e+00
    endloop
  endfacet
  facet normal -9.870114e-01 -1.606501e-01 -0.000000e+00
    outer loop
      vertex   -2.423540e+00 1.488644e+01 -1.200000e+00
      vertex   -2.493020e+00 1.531332e+01 -7.200000e+00
      vertex   -2.423540e+00 1.488644e+01 -7.200000e+00
    endloop
  endfacet
  facet normal -9.445536e-01 -3.283572e-01 -0.000000e+00
    outer loop
      vertex   -2.423540e+00 1.488644e+01 -1.200000e+00
      vertex   -2.423540e+00 1.488644e+01 -7.200000e+00
      vertex   -2.281527e+00 1.447793e+01 -1.200000e+00
    endloop
  endfacet
  facet normal -9.445536e-01 -3.283572e-01 -6.991101e-17
    outer loop
      vertex   -2.281527e+00 1.447793e+01 -1.200000e+00
      vertex   -2.423540e+00 1.488644e+01 -7.200000e+00
      vertex   -2.281527e+00 1.447793e+01 -7.200000e+00
    endloop
  endfacet
  facet normal 8.738269e-01 4.862371e-01 1.327584e-10
    outer loop
      vertex   2.281527e+00 -1.447793e+01 -7.200000e+00
      vertex   2.071232e+00 -1.410000e+01 -7.200000e+00
      vertex   2.281527e+00 -1.447793e+01 -1.200000e+00
    endloop
  endfacet
  facet normal 8.738269e-01 4.862371e-01 -3.208772e-17
    outer loop
      vertex   2.281527e+00 -1.447793e+01 -1.200000e+00
      vertex   2.071232e+00 -1.410000e+01 -7.200000e+00
      vertex   2.071232e+00 -1.410000e+01 4.800000e+00
    endloop
  endfacet
  facet normal 8.738269e-01 4.862371e-01 1.327581e-10
    outer loop
      vertex   2.281527e+00 -1.447793e+01 -1.200000e+00
      vertex   2.071232e+00 -1.410000e+01 4.800000e+00
      vertex   2.281527e+00 -1.447793e+01 4.800000e+00
    endloop
  endfacet
  facet normal 9.445536e-01 3.283572e-01 -1.327583e-10
    outer loop
      vertex   2.281527e+00 -1.447793e+01 -1.200000e+00
      vertex   2.281527e+00 -1.447793e+01 4.800000e+00
      vertex   2.423540e+00 -1.488644e+01 -1.200000e+00
    endloop
  endfacet
  facet normal 9.445536e-01 3.283572e-01 2.655164e-10
    outer loop
      vertex   2.423540e+00 -1.488644e+01 -1.200000e+00
      vertex   2.281527e+00 -1.447793e+01 4.800000e+00
      vertex   2.423540e+00 -1.488644e+01 4.800000e+00
    endloop
  endfacet
  facet normal 9.870114e-01 1.606500e-01 -2.655165e-10
    outer loop
      vertex   2.423540e+00 -1.488644e+01 -1.200000e+00
      vertex   2.423540e+00 -1.488644e+01 4.800000e+00
      vertex   2.493020e+00 -1.531332e+01 -1.200000e+00
    endloop
  endfacet
  facet normal 9.870114e-01 1.606500e-01 3.982747e-10
    outer loop
      vertex   2.493020e+00 -1.531332e+01 -1.200000e+00
      vertex   2.423540e+00 -1.488644e+01 4.800000e+00
      vertex   2.493020e+00 -1.531332e+01 4.800000e+00
    endloop
  endfacet
  facet normal 9.999296e-01 -1.186506e-02 -3.982747e-10
    outer loop
      vertex   2.493020e+00 -1.531332e+01 -1.200000e+00
      vertex   2.493020e+00 -1.531332e+01 4.800000e+00
      vertex   2.487889e+00 -1.574578e+01 -1.200000e+00
    endloop
  endfacet
  facet normal 9.999296e-01 -1.186508e-02 5.310329e-10
    outer loop
      vertex   2.487889e+00 -1.574578e+01 -1.200000e+00
      vertex   2.493020e+00 -1.531332e+01 4.800000e+00
      vertex   2.487889e+00 -1.574578e+01 4.800000e+00
    endloop
  endfacet
  facet normal 9.829216e-01 -1.840251e-01 -5.310330e-10
    outer loop
      vertex   2.487889e+00 -1.574578e+01 -1.200000e+00
      vertex   2.487889e+00 -1.574578e+01 4.800000e+00
      vertex   2.408299e+00 -1.617089e+01 -1.200000e+00
    endloop
  endfacet
  facet normal 9.829215e-01 -1.840251e-01 6.637911e-10
    outer loop
      vertex   2.408299e+00 -1.617089e+01 -1.200000e+00
      vertex   2.487889e+00 -1.574578e+01 4.800000e+00
      vertex   2.408299e+00 -1.617089e+01 4.800000e+00
    endloop
  endfacet
  facet normal 9.364963e-01 -3.506775e-01 -6.637913e-10
    outer loop
      vertex   2.408299e+00 -1.617089e+01 -1.200000e+00
      vertex   2.408299e+00 -1.617089e+01 4.800000e+00
      vertex   2.256632e+00 -1.657592e+01 -1.200000e+00
    endloop
  endfacet
  facet normal 9.364963e-01 -3.506775e-01 7.965492e-10
    outer loop
      vertex   2.256632e+00 -1.657592e+01 -1.200000e+00
      vertex   2.408299e+00 -1.617089e+01 4.800000e+00
      vertex   2.256632e+00 -1.657592e+01 4.800000e+00
    endloop
  endfacet
  facet normal 8.620432e-01 -5.068348e-01 -7.965496e-10
    outer loop
      vertex   2.256632e+00 -1.657592e+01 -1.200000e+00
      vertex   2.256632e+00 -1.657592e+01 4.800000e+00
      vertex   2.037429e+00 -1.694875e+01 -1.200000e+00
    endloop
  endfacet
  facet normal 8.620432e-01 -5.068348e-01 9.293074e-10
    outer loop
      vertex   2.037429e+00 -1.694875e+01 -1.200000e+00
      vertex   2.256632e+00 -1.657592e+01 4.800000e+00
      vertex   2.037429e+00 -1.694875e+01 4.800000e+00
    endloop
  endfacet
  facet normal 7.617907e-01 -6.478233e-01 -9.293078e-10
    outer loop
      vertex   2.037429e+00 -1.694875e+01 -1.200000e+00
      vertex   2.037429e+00 -1.694875e+01 4.800000e+00
      vertex   1.757248e+00 -1.727822e+01 -1.200000e+00
    endloop
  endfacet
  facet normal 7.617906e-01 -6.478233e-01 1.062066e-09
    outer loop
      vertex   1.757248e+00 -1.727822e+01 -1.200000e+00
      vertex   2.037429e+00 -1.694875e+01 4.800000e+00
      vertex   1.757248e+00 -1.727822e+01 4.800000e+00
    endloop
  endfacet
  facet normal 6.387389e-01 -7.694235e-01 -1.062066e-09
    outer loop
      vertex   1.757248e+00 -1.727822e+01 -1.200000e+00
      vertex   1.757248e+00 -1.727822e+01 4.800000e+00
      vertex   1.424476e+00 -1.755447e+01 -1.200000e+00
    endloop
  endfacet
  facet normal 6.387389e-01 -7.694235e-01 1.194824e-09
    outer loop
      vertex   1.424476e+00 -1.755447e+01 -1.200000e+00
      vertex   1.757248e+00 -1.727822e+01 4.800000e+00
      vertex   1.424476e+00 -1.755448e+01 4.800000e+00
    endloop
  endfacet
  facet normal 4.965708e-01 -8.679962e-01 -1.194824e-09
    outer loop
      vertex   1.424476e+00 -1.755447e+01 -1.200000e+00
      vertex   1.424476e+00 -1.755448e+01 4.800000e+00
      vertex   1.049072e+00 -1.776924e+01 -1.200000e+00
    endloop
  endfacet
  facet normal 4.965708e-01 -8.679962e-01 1.327583e-09
    outer loop
      vertex   1.049072e+00 -1.776924e+01 -1.200000e+00
      vertex   1.424476e+00 -1.755448e+01 4.800000e+00
      vertex   1.049072e+00 -1.776924e+01 4.800000e+00
    endloop
  endfacet
  facet normal 3.395412e-01 -9.405912e-01 -1.327582e-09
    outer loop
      vertex   1.049072e+00 -1.776924e+01 -1.200000e+00
      vertex   1.049072e+00 -1.776924e+01 4.800000e+00
      vertex   6.422708e-01 -1.791609e+01 -1.200000e+00
    endloop
  endfacet
  facet normal 3.395412e-01 -9.405912e-01 1.460341e-09
    outer loop
      vertex   6.422708e-01 -1.791609e+01 -1.200000e+00
      vertex   1.049072e+00 -1.776924e+01 4.800000e+00
      vertex   6.422707e-01 -1.791609e+01 4.800000e+00
    endloop
  endfacet
  facet normal 1.723496e-01 -9.850358e-01 -1.460340e-09
    outer loop
      vertex   6.422708e-01 -1.791609e+01 -1.200000e+00
      vertex   6.422707e-01 -1.791609e+01 4.800000e+00
      vertex   2.162475e-01 -1.799063e+01 -1.200000e+00
    endloop
  endfacet
  facet normal 1.723496e-01 -9.850358e-01 1.593098e-09
    outer loop
      vertex   2.162475e-01 -1.799063e+01 -1.200000e+00
      vertex   6.422707e-01 -1.791609e+01 4.800000e+00
      vertex   2.162474e-01 -1.799063e+01 4.800000e+00
    endloop
  endfacet
  facet normal -4.604382e-08 -1.000000e+00 -1.593099e-09
    outer loop
      vertex   2.162475e-01 -1.799063e+01 -1.200000e+00
      vertex   2.162474e-01 -1.799063e+01 4.800000e+00
      vertex   -2.162477e-01 -1.799063e+01 -1.200000e+00
    endloop
  endfacet
  facet normal -9.208766e-08 -1.000000e+00 1.725857e-09
    outer loop
      vertex   -2.162477e-01 -1.799063e+01 -1.200000e+00
      vertex   2.162474e-01 -1.799063e+01 4.800000e+00
      vertex   -2.162479e-01 -1.799063e+01 4.800000e+00
    endloop
  endfacet
  facet normal -1.723497e-01 -9.850358e-01 -1.725857e-09
    outer loop
      vertex   -2.162477e-01 -1.799063e+01 -1.200000e+00
      vertex   -2.162479e-01 -1.799063e+01 4.800000e+00
      vertex   -6.422710e-01 -1.791609e+01 -1.200000e+00
    endloop
  endfacet
  facet normal -1.723498e-01 -9.850358e-01 1.858615e-09
    outer loop
      vertex   -6.422710e-01 -1.791609e+01 -1.200000e+00
      vertex   -2.162479e-01 -1.799063e+01 4.800000e+00
      vertex   -6.422712e-01 -1.791609e+01 4.800000e+00
    endloop
  endfacet
  facet normal -3.395413e-01 -9.405912e-01 -1.858615e-09
    outer loop
      vertex   -6.422710e-01 -1.791609e+01 -1.200000e+00
      vertex   -6.422712e-01 -1.791609e+01 4.800000e+00
      vertex   -1.049072e+00 -1.776924e+01 -1.200000e+00
    endloop
  endfacet
  facet normal -3.395413e-01 -9.405911e-01 1.991373e-09
    outer loop
      vertex   -1.049072e+00 -1.776924e+01 -1.200000e+00
      vertex   -6.422712e-01 -1.791609e+01 4.800000e+00
      vertex   -1.049072e+00 -1.776924e+01 4.800000e+00
    endloop
  endfacet
  facet normal -4.965709e-01 -8.679962e-01 -1.991373e-09
    outer loop
      vertex   -1.049072e+00 -1.776924e+01 -1.200000e+00
      vertex   -1.049072e+00 -1.776924e+01 4.800000e+00
      vertex   -1.424476e+00 -1.755447e+01 -1.200000e+00
    endloop
  endfacet
  facet normal -4.965710e-01 -8.679961e-01 2.124131e-09
    outer loop
      vertex   -1.424476e+00 -1.755447e+01 -1.200000e+00
      vertex   -1.049072e+00 -1.776924e+01 4.800000e+00
      vertex   -1.424477e+00 -1.755447e+01 4.800000e+00
    endloop
  endfacet
  facet normal -6.387390e-01 -7.694235e-01 -2.124131e-09
    outer loop
      vertex   -1.424476e+00 -1.755447e+01 -1.200000e+00
      vertex   -1.424477e+00 -1.755447e+01 4.800000e+00
      vertex   -1.757248e+00 -1.727822e+01 -1.200000e+00
    endloop
  endfacet
  facet normal -6.387391e-01 -7.694234e-01 2.256889e-09
    outer loop
      vertex   -1.757248e+00 -1.727822e+01 -1.200000e+00
      vertex   -1.424477e+00 -1.755447e+01 4.800000e+00
      vertex   -1.757249e+00 -1.727822e+01 4.800000e+00
    endloop
  endfacet
  facet normal -7.617907e-01 -6.478232e-01 -2.256889e-09
    outer loop
      vertex   -1.757248e+00 -1.727822e+01 -1.200000e+00
      vertex   -1.757249e+00 -1.727822e+01 4.800000e+00
      vertex   -2.037429e+00 -1.694875e+01 -1.200000e+00
    endloop
  endfacet
  facet normal -7.617908e-01 -6.478232e-01 2.389647e-09
    outer loop
      vertex   -2.037429e+00 -1.694875e+01 -1.200000e+00
      vertex   -1.757249e+00 -1.727822e+01 4.800000e+00
      vertex   -2.037429e+00 -1.694875e+01 4.800000e+00
    endloop
  endfacet
  facet normal -8.620433e-01 -5.068347e-01 -2.389648e-09
    outer loop
      vertex   -2.037429e+00 -1.694875e+01 -1.200000e+00
      vertex   -2.037429e+00 -1.694875e+01 4.800000e+00
      vertex   -2.256632e+00 -1.657592e+01 -1.200000e+00
    endloop
  endfacet
  facet normal -8.620433e-01 -5.068346e-01 2.522406e-09
    outer loop
      vertex   -2.256632e+00 -1.657592e+01 -1.200000e+00
      vertex   -2.037429e+00 -1.694875e+01 4.800000e+00
      vertex   -2.256633e+00 -1.657592e+01 4.800000e+00
    endloop
  endfacet
  facet normal -9.364963e-01 -3.506774e-01 -2.522405e-09
    outer loop
      vertex   -2.256632e+00 -1.657592e+01 -1.200000e+00
      vertex   -2.256633e+00 -1.657592e+01 4.800000e+00
      vertex   -2.408299e+00 -1.617089e+01 -1.200000e+00
    endloop
  endfacet
  facet normal -9.364963e-01 -3.506774e-01 2.655164e-09
    outer loop
      vertex   -2.408299e+00 -1.617089e+01 -1.200000e+00
      vertex   -2.256633e+00 -1.657592e+01 4.800000e+00
      vertex   -2.408299e+00 -1.617089e+01 4.800000e+00
    endloop
  endfacet
  facet normal -9.829216e-01 -1.840250e-01 -2.655164e-09
    outer loop
      vertex   -2.408299e+00 -1.617089e+01 -1.200000e+00
      vertex   -2.408299e+00 -1.617089e+01 4.800000e+00
      vertex   -2.487889e+00 -1.574578e+01 -1.200000e+00
    endloop
  endfacet
  facet normal -9.829216e-01 -1.840249e-01 2.787922e-09
    outer loop
      vertex   -2.487889e+00 -1.574578e+01 -1.200000e+00
      vertex   -2.408299e+00 -1.617089e+01 4.800000e+00
      vertex   -2.487889e+00 -1.574578e+01 4.800000e+00
    endloop
  endfacet
  facet normal -9.999296e-01 -1.186497e-02 -2.787922e-09
    outer loop
      vertex   -2.487889e+00 -1.574578e+01 -1.200000e+00
      vertex   -2.487889e+00 -1.574578e+01 4.800000e+00
      vertex   -2.493020e+00 -1.531332e+01 -1.200000e+00
    endloop
  endfacet
  facet normal -9.999296e-01 -1.186489e-02 2.920680e-09
    outer loop
      vertex   -2.493020e+00 -1.531332e+01 -1.200000e+00
      vertex   -2.487889e+00 -1.574578e+01 4.800000e+00
      vertex   -2.493020e+00 -1.531332e+01 4.800000e+00
    endloop
  endfacet
  facet normal -9.870114e-01 1.606501e-01 -2.920680e-09
    outer loop
      vertex   -2.493020e+00 -1.531332e+01 -1.200000e+00
      vertex   -2.493020e+00 -1.531332e+01 4.800000e+00
      vertex   -2.423540e+00 -1.488644e+01 -1.200000e+00
    endloop
  endfacet
  facet normal -9.870114e-01 1.606502e-01 3.053438e-09
    outer loop
      vertex   -2.423540e+00 -1.488644e+01 -1.200000e+00
      vertex   -2.493020e+00 -1.531332e+01 4.800000e+00
      vertex   -2.423540e+00 -1.488644e+01 4.800000e+00
    endloop
  endfacet
  facet normal -9.445536e-01 3.283573e-01 -3.053438e-09
    outer loop
      vertex   -2.423540e+00 -1.488644e+01 -1.200000e+00
      vertex   -2.423540e+00 -1.488644e+01 4.800000e+00
      vertex   -2.281527e+00 -1.447793e+01 -1.200000e+00
    endloop
  endfacet
  facet normal -9.445536e-01 3.283573e-01 3.186196e-09
    outer loop
      vertex   -2.281527e+00 -1.447793e+01 -1.200000e+00
      vertex   -2.423540e+00 -1.488644e+01 4.800000e+00
      vertex   -2.281527e+00 -1.447793e+01 4.800000e+00
    endloop
  endfacet
  facet normal -8.738268e-01 4.862373e-01 -3.186200e-09
    outer loop
      vertex   -2.281527e+00 -1.447793e+01 -1.200000e+00
      vertex   -2.281527e+00 -1.447793e+01 4.800000e+00
      vertex   -2.071232e+00 -1.410000e+01 4.800000e+00
    endloop
  endfacet
  facet normal -8.738269e-01 4.862372e-01 3.318956e-09
    outer loop
      vertex   -2.071232e+00 -1.410000e+01 4.800000e+00
      vertex   -2.071232e+00 -1.410000e+01 -7.200000e+00
      vertex   -2.281527e+00 -1.447793e+01 -1.200000e+00
    endloop
  endfacet
  facet normal -8.738269e-01 4.862371e-01 -3.186196e-09
    outer loop
      vertex   -2.281527e+00 -1.447793e+01 -1.200000e+00
      vertex   -2.071232e+00 -1.410000e+01 -7.200000e+00
      vertex   -2.281527e+00 -1.447793e+01 -7.200000e+00
    endloop
  endfacet
  facet normal -9.445536e-01 3.283573e-01 3.186196e-09
    outer loop
      vertex   -2.281527e+00 -1.447793e+01 -1.200000e+00
      vertex   -2.281527e+00 -1.447793e+01 -7.200000e+00
      vertex   -2.423540e+00 -1.488644e+01 -1.200000e+00
    endloop
  endfacet
  facet normal -9.445536e-01 3.283572e-01 -3.053438e-09
    outer loop
      vertex   -2.423540e+00 -1.488644e+01 -1.200000e+00
      vertex   -2.281527e+00 -1.447793e+01 -7.200000e+00
      vertex   -2.423540e+00 -1.488644e+01 -7.200000e+00
    endloop
  endfacet
  facet normal -9.870114e-01 1.606501e-01 3.053438e-09
    outer loop
      vertex   -2.423540e+00 -1.488644e+01 -1.200000e+00
      vertex   -2.423540e+00 -1.488644e+01 -7.200000e+00
      vertex   -2.493020e+00 -1.531332e+01 -1.200000e+00
    endloop
  endfacet
  facet normal -9.870114e-01 1.606501e-01 -2.920680e-09
    outer loop
      vertex   -2.493020e+00 -1.531332e+01 -1.200000e+00
      vertex   -2.423540e+00 -1.488644e+01 -7.200000e+00
      vertex   -2.493020e+00 -1.531332e+01 -7.200000e+00
    endloop
  endfacet
  facet normal -9.999296e-01 -1.186497e-02 2.920680e-09
    outer loop
      vertex   -2.493020e+00 -1.531332e+01 -1.200000e+00
      vertex   -2.493020e+00 -1.531332e+01 -7.200000e+00
      vertex   -2.487889e+00 -1.574578e+01 -1.200000e+00
    endloop
  endfacet
  facet normal -9.999296e-01 -1.186505e-02 -2.787922e-09
    outer loop
      vertex   -2.487889e+00 -1.574578e+01 -1.200000e+00
      vertex   -2.493020e+00 -1.531332e+01 -7.200000e+00
      vertex   -2.487889e+00 -1.574578e+01 -7.200000e+00
    endloop
  endfacet
  facet normal -9.829216e-01 -1.840250e-01 2.787922e-09
    outer loop
      vertex   -2.487889e+00 -1.574578e+01 -1.200000e+00
      vertex   -2.487889e+00 -1.574578e+01 -7.200000e+00
      vertex   -2.408299e+00 -1.617089e+01 -1.200000e+00
    endloop
  endfacet
  facet normal -9.829216e-01 -1.840251e-01 -2.655164e-09
    outer loop
      vertex   -2.408299e+00 -1.617089e+01 -1.200000e+00
      vertex   -2.487889e+00 -1.574578e+01 -7.200000e+00
      vertex   -2.408299e+00 -1.617089e+01 -7.200000e+00
    endloop
  endfacet
  facet normal -9.364963e-01 -3.506774e-01 2.655164e-09
    outer loop
      vertex   -2.408299e+00 -1.617089e+01 -1.200000e+00
      vertex   -2.408299e+00 -1.617089e+01 -7.200000e+00
      vertex   -2.256632e+00 -1.657592e+01 -1.200000e+00
    endloop
  endfacet
  facet normal -9.364963e-01 -3.506775e-01 -2.522406e-09
    outer loop
      vertex   -2.256632e+00 -1.657592e+01 -1.200000e+00
      vertex   -2.408299e+00 -1.617089e+01 -7.200000e+00
      vertex   -2.256632e+00 -1.657592e+01 -7.200000e+00
    endloop
  endfacet
  facet normal -8.620433e-01 -5.068347e-01 2.522406e-09
    outer loop
      vertex   -2.256632e+00 -1.657592e+01 -1.200000e+00
      vertex   -2.256632e+00 -1.657592e+01 -7.200000e+00
      vertex   -2.037429e+00 -1.694875e+01 -1.200000e+00
    endloop
  endfacet
  facet normal -8.620432e-01 -5.068347e-01 -2.389647e-09
    outer loop
      vertex   -2.037429e+00 -1.694875e+01 -1.200000e+00
      vertex   -2.256632e+00 -1.657592e+01 -7.200000e+00
      vertex   -2.037429e+00 -1.694875e+01 -7.200000e+00
    endloop
  endfacet
  facet normal -7.617907e-01 -6.478232e-01 2.389648e-09
    outer loop
      vertex   -2.037429e+00 -1.694875e+01 -1.200000e+00
      vertex   -2.037429e+00 -1.694875e+01 -7.200000e+00
      vertex   -1.757248e+00 -1.727822e+01 -1.200000e+00
    endloop
  endfacet
  facet normal -7.617907e-01 -6.478233e-01 -2.256889e-09
    outer loop
      vertex   -1.757248e+00 -1.727822e+01 -1.200000e+00
      vertex   -2.037429e+00 -1.694875e+01 -7.200000e+00
      vertex   -1.757248e+00 -1.727822e+01 -7.200000e+00
    endloop
  endfacet
  facet normal -6.387390e-01 -7.694235e-01 2.256889e-09
    outer loop
      vertex   -1.757248e+00 -1.727822e+01 -1.200000e+00
      vertex   -1.757248e+00 -1.727822e+01 -7.200000e+00
      vertex   -1.424476e+00 -1.755447e+01 -1.200000e+00
    endloop
  endfacet
  facet normal -6.387390e-01 -7.694235e-01 -2.124131e-09
    outer loop
      vertex   -1.424476e+00 -1.755447e+01 -1.200000e+00
      vertex   -1.757248e+00 -1.727822e+01 -7.200000e+00
      vertex   -1.424476e+00 -1.755447e+01 -7.200000e+00
    endloop
  endfacet
  facet normal -4.965709e-01 -8.679962e-01 2.124131e-09
    outer loop
      vertex   -1.424476e+00 -1.755447e+01 -1.200000e+00
      vertex   -1.424476e+00 -1.755447e+01 -7.200000e+00
      vertex   -1.049072e+00 -1.776924e+01 -1.200000e+00
    endloop
  endfacet
  facet normal -4.965709e-01 -8.679962e-01 -1.991373e-09
    outer loop
      vertex   -1.049072e+00 -1.776924e+01 -1.200000e+00
      vertex   -1.424476e+00 -1.755447e+01 -7.200000e+00
      vertex   -1.049072e+00 -1.776924e+01 -7.200000e+00
    endloop
  endfacet
  facet normal -3.395413e-01 -9.405912e-01 1.991373e-09
    outer loop
      vertex   -1.049072e+00 -1.776924e+01 -1.200000e+00
      vertex   -1.049072e+00 -1.776924e+01 -7.200000e+00
      vertex   -6.422710e-01 -1.791609e+01 -1.200000e+00
    endloop
  endfacet
  facet normal -3.395412e-01 -9.405912e-01 -1.858615e-09
    outer loop
      vertex   -6.422710e-01 -1.791609e+01 -1.200000e+00
      vertex   -1.049072e+00 -1.776924e+01 -7.200000e+00
      vertex   -6.422709e-01 -1.791609e+01 -7.200000e+00
    endloop
  endfacet
  facet normal -1.723497e-01 -9.850358e-01 1.858615e-09
    outer loop
      vertex   -6.422710e-01 -1.791609e+01 -1.200000e+00
      vertex   -6.422709e-01 -1.791609e+01 -7.200000e+00
      vertex   -2.162477e-01 -1.799063e+01 -1.200000e+00
    endloop
  endfacet
  facet normal -1.723497e-01 -9.850358e-01 -1.725856e-09
    outer loop
      vertex   -2.162477e-01 -1.799063e+01 -1.200000e+00
      vertex   -6.422709e-01 -1.791609e+01 -7.200000e+00
      vertex   -2.162476e-01 -1.799063e+01 -7.200000e+00
    endloop
  endfacet
  facet normal -4.604382e-08 -1.000000e+00 1.725857e-09
    outer loop
      vertex   -2.162477e-01 -1.799063e+01 -1.200000e+00
      vertex   -2.162476e-01 -1.799063e+01 -7.200000e+00
      vertex   2.162475e-01 -1.799063e+01 -1.200000e+00
    endloop
  endfacet
  facet normal 0.000000e+00 -1.000000e+00 -1.593098e-09
    outer loop
      vertex   2.162475e-01 -1.799063e+01 -1.200000e+00
      vertex   -2.162476e-01 -1.799063e+01 -7.200000e+00
      vertex   2.162476e-01 -1.799063e+01 -7.200000e+00
    endloop
  endfacet
  facet normal 1.723496e-01 -9.850358e-01 1.593099e-09
    outer loop
      vertex   2.162475e-01 -1.799063e+01 -1.200000e+00
      vertex   2.162476e-01 -1.799063e+01 -7.200000e+00
      vertex   6.422708e-01 -1.791609e+01 -1.200000e+00
    endloop
  endfacet
  facet normal 1.723497e-01 -9.850358e-01 -1.460341e-09
    outer loop
      vertex   6.422708e-01 -1.791609e+01 -1.200000e+00
      vertex   2.162476e-01 -1.799063e+01 -7.200000e+00
      vertex   6.422709e-01 -1.791609e+01 -7.200000e+00
    endloop
  endfacet
  facet normal 3.395412e-01 -9.405912e-01 1.460340e-09
    outer loop
      vertex   6.422708e-01 -1.791609e+01 -1.200000e+00
      vertex   6.422709e-01 -1.791609e+01 -7.200000e+00
      vertex   1.049072e+00 -1.776924e+01 -1.200000e+00
    endloop
  endfacet
  facet normal 3.395412e-01 -9.405912e-01 -1.327582e-09
    outer loop
      vertex   1.049072e+00 -1.776924e+01 -1.200000e+00
      vertex   6.422709e-01 -1.791609e+01 -7.200000e+00
      vertex   1.049072e+00 -1.776924e+01 -7.200000e+00
    endloop
  endfacet
  facet normal 4.965708e-01 -8.679962e-01 1.327582e-09
    outer loop
      vertex   1.049072e+00 -1.776924e+01 -1.200000e+00
      vertex   1.049072e+00 -1.776924e+01 -7.200000e+00
      vertex   1.424476e+00 -1.755447e+01 -1.200000e+00
    endloop
  endfacet
  facet normal 4.965709e-01 -8.679962e-01 -1.194824e-09
    outer loop
      vertex   1.424476e+00 -1.755447e+01 -1.200000e+00
      vertex   1.049072e+00 -1.776924e+01 -7.200000e+00
      vertex   1.424476e+00 -1.755447e+01 -7.200000e+00
    endloop
  endfacet
  facet normal 6.387389e-01 -7.694235e-01 1.194824e-09
    outer loop
      vertex   1.424476e+00 -1.755447e+01 -1.200000e+00
      vertex   1.424476e+00 -1.755447e+01 -7.200000e+00
      vertex   1.757248e+00 -1.727822e+01 -1.200000e+00
    endloop
  endfacet
  facet normal 6.387390e-01 -7.694235e-01 -1.062066e-09
    outer loop
      vertex   1.757248e+00 -1.727822e+01 -1.200000e+00
      vertex   1.424476e+00 -1.755447e+01 -7.200000e+00
      vertex   1.757248e+00 -1.727822e+01 -7.200000e+00
    endloop
  endfacet
  facet normal 7.617907e-01 -6.478233e-01 1.062066e-09
    outer loop
      vertex   1.757248e+00 -1.727822e+01 -1.200000e+00
      vertex   1.757248e+00 -1.727822e+01 -7.200000e+00
      vertex   2.037429e+00 -1.694875e+01 -1.200000e+00
    endloop
  endfacet
  facet normal 7.617907e-01 -6.478233e-01 -9.293073e-10
    outer loop
      vertex   2.037429e+00 -1.694875e+01 -1.200000e+00
      vertex   1.757248e+00 -1.727822e+01 -7.200000e+00
      vertex   2.037429e+00 -1.694875e+01 -7.200000e+00
    endloop
  endfacet
  facet normal 8.620432e-01 -5.068348e-01 9.293077e-10
    outer loop
      vertex   2.037429e+00 -1.694875e+01 -1.200000e+00
      vertex   2.037429e+00 -1.694875e+01 -7.200000e+00
      vertex   2.256632e+00 -1.657592e+01 -1.200000e+00
    endloop
  endfacet
  facet normal 8.620432e-01 -5.068347e-01 -7.965494e-10
    outer loop
      vertex   2.256632e+00 -1.657592e+01 -1.200000e+00
      vertex   2.037429e+00 -1.694875e+01 -7.200000e+00
      vertex   2.256632e+00 -1.657592e+01 -7.200000e+00
    endloop
  endfacet
  facet normal 9.364963e-01 -3.506775e-01 7.965493e-10
    outer loop
      vertex   2.256632e+00 -1.657592e+01 -1.200000e+00
      vertex   2.256632e+00 -1.657592e+01 -7.200000e+00
      vertex   2.408299e+00 -1.617089e+01 -1.200000e+00
    endloop
  endfacet
  facet normal 9.364963e-01 -3.506775e-01 -6.637911e-10
    outer loop
      vertex   2.408299e+00 -1.617089e+01 -1.200000e+00
      vertex   2.256632e+00 -1.657592e+01 -7.200000e+00
      vertex   2.408299e+00 -1.617089e+01 -7.200000e+00
    endloop
  endfacet
  facet normal 9.829216e-01 -1.840251e-01 6.637912e-10
    outer loop
      vertex   2.408299e+00 -1.617089e+01 -1.200000e+00
      vertex   2.408299e+00 -1.617089e+01 -7.200000e+00
      vertex   2.487889e+00 -1.574578e+01 -1.200000e+00
    endloop
  endfacet
  facet normal 9.829216e-01 -1.840251e-01 -5.310329e-10
    outer loop
      vertex   2.487889e+00 -1.574578e+01 -1.200000e+00
      vertex   2.408299e+00 -1.617089e+01 -7.200000e+00
      vertex   2.487889e+00 -1.574578e+01 -7.200000e+00
    endloop
  endfacet
  facet normal 9.999296e-01 -1.186506e-02 5.310329e-10
    outer loop
      vertex   2.487889e+00 -1.574578e+01 -1.200000e+00
      vertex   2.487889e+00 -1.574578e+01 -7.200000e+00
      vertex   2.493020e+00 -1.531332e+01 -1.200000e+00
    endloop
  endfacet
  facet normal 9.999296e-01 -1.186505e-02 -3.982747e-10
    outer loop
      vertex   2.493020e+00 -1.531332e+01 -1.200000e+00
      vertex   2.487889e+00 -1.574578e+01 -7.200000e+00
      vertex   2.493020e+00 -1.531332e+01 -7.200000e+00
    endloop
  endfacet
  facet normal 9.870114e-01 1.606500e-01 3.982748e-10
    outer loop
      vertex   2.493020e+00 -1.531332e+01 -1.200000e+00
      vertex   2.493020e+00 -1.531332e+01 -7.200000e+00
      vertex   2.423540e+00 -1.488644e+01 -1.200000e+00
    endloop
  endfacet
  facet normal 9.870114e-01 1.606501e-01 -2.655165e-10
    outer loop
      vertex   2.423540e+00 -1.488644e+01 -1.200000e+00
      vertex   2.493020e+00 -1.531332e+01 -7.200000e+00
      vertex   2.423540e+00 -1.488644e+01 -7.200000e+00
    endloop
  endfacet
  facet normal 9.445536e-01 3.283572e-01 2.655165e-10
    outer loop
      vertex   2.423540e+00 -1.488644e+01 -1.200000e+00
      vertex   2.423540e+00 -1.488644e+01 -7.200000e+00
      vertex   2.281527e+00 -1.447793e+01 -1.200000e+00
    endloop
  endfacet
  facet normal 9.445536e-01 3.283572e-01 -1.327581e-10
    outer loop
      vertex   2.281527e+00 -1.447793e+01 -1.200000e+00
      vertex   2.423540e+00 -1.488644e+01 -7.200000e+00
      vertex   2.281527e+00 -1.447793e+01 -7.200000e+00
    endloop
  endfacet
  facet normal -7.259375e-25 1.000000e+00 3.633045e-08
    outer loop
      vertex   2.322500e+01 -1.210000e+01 4.800000e+00
      vertex   1.403600e+01 -1.210000e+01 -5.700000e+00
      vertex   -2.122500e+01 -1.210000e+01 4.800000e+00
    endloop
  endfacet
  facet normal -2.346114e-16 1.000000e+00 3.633045e-08
    outer loop
      vertex   -2.122500e+01 -1.210000e+01 4.800000e+00
      vertex   1.403600e+01 -1.210000e+01 -5.700000e+00
      vertex   -1.550000e+01 -1.210000e+01 -5.700000e+00
    endloop
  endfacet
  facet normal 0.000000e+00 1.000000e+00 3.633045e-08
    outer loop
      vertex   -2.122500e+01 -1.210000e+01 4.800000e+00
      vertex   -1.550000e+01 -1.210000e+01 -5.700000e+00
      vertex   -2.122500e+01 -1.210000e+01 -5.700000e+00
    endloop
  endfacet
  facet normal 5.127971e-08 1.000000e+00 -8.546620e-09
    outer loop
      vertex   1.403600e+01 -1.210000e+01 -5.700000e+00
      vertex   2.322500e+01 -1.210000e+01 4.800000e+00
      vertex   2.147500e+01 -1.210000e+01 -5.700000e+00
    endloop
  endfacet
  facet normal -0.000000e+00 1.000000e+00 0.000000e+00
    outer loop
      vertex   2.147500e+01 -1.210000e+01 -5.700000e+00
      vertex   2.322500e+01 -1.210000e+01 4.800000e+00
      vertex   2.322500e+01 -1.210000e+01 -7.200000e+00
    endloop
  endfacet
  facet normal 0.000000e+00 1.000000e+00 0.000000e+00
    outer loop
      vertex   2.147500e+01 -1.210000e+01 -5.700000e+00
      vertex   2.322500e+01 -1.210000e+01 -7.200000e+00
      vertex   2.147500e+01 -1.210000e+01 -7.200000e+00
    endloop
  endfacet
  facet normal 0.000000e+00 1.000000e+00 0.000000e+00
    outer loop
      vertex   1.403600e+01 -1.210000e+01 -5.700000e+00
      vertex   1.403600e+01 -1.210000e+01 -7.200000e+00
      vertex   -1.550000e+01 -1.210000e+01 -5.700000e+00
    endloop
  endfacet
  facet normal 0.000000e+00 1.000000e+00 0.000000e+00
    outer loop
      vertex   -1.550000e+01 -1.210000e+01 -5.700000e+00
      vertex   1.403600e+01 -1.210000e+01 -7.200000e+00
      vertex   -1.550000e+01 -1.210000e+01 -7.200000e+00
    endloop
  endfacet
  facet normal -1.000000e+00 0.000000e+00 0.000000e+00
    outer loop
      vertex   1.403600e+01 -1.210000e+01 -5.700000e+00
      vertex   1.403600e+01 1.210000e+01 -5.700000e+00
      vertex   1.403600e+01 -1.210000e+01 -7.200000e+00
    endloop
  endfacet
  facet normal -1.000000e+00 0.000000e+00 0.000000e+00
    outer loop
      vertex   1.403600e+01 -1.210000e+01 -7.200000e+00
      vertex   1.403600e+01 1.210000e+01 -5.700000e+00
      vertex   1.403600e+01 1.210000e+01 -7.200000e+00
    endloop
  endfacet
  facet normal -9.914449e-01 1.305262e-01 0.000000e+00
    outer loop
      vertex   1.906221e+01 9.450585e+00 -1.700000e+00
      vertex   1.906221e+01 9.450585e+00 -5.700000e+00
      vertex   1.903580e+01 9.250000e+00 -1.700000e+00
    endloop
  endfacet
  facet normal -9.914449e-01 1.305262e-01 0.000000e+00
    outer loop
      vertex   1.903580e+01 9.250000e+00 -1.700000e+00
      vertex   1.906221e+01 9.450585e+00 -5.700000e+00
      vertex   1.903580e+01 9.250000e+00 -5.700000e+00
    endloop
  endfacet
  facet normal -9.914449e-01 -1.305262e-01 -0.000000e+00
    outer loop
      vertex   1.903580e+01 9.250000e+00 -1.700000e+00
      vertex   1.903580e+01 9.250000e+00 -5.700000e+00
      vertex   1.906221e+01 9.049415e+00 -5.700000e+00
    endloop
  endfacet
  facet normal -9.238795e-01 3.826834e-01 0.000000e+00
    outer loop
      vertex   1.906221e+01 9.450585e+00 -5.700000e+00
      vertex   1.906221e+01 9.450585e+00 -1.700000e+00
      vertex   1.913963e+01 9.637500e+00 -5.700000e+00
    endloop
  endfacet
  facet normal -9.238795e-01 3.826834e-01 0.000000e+00
    outer loop
      vertex   1.913963e+01 9.637500e+00 -5.700000e+00
      vertex   1.906221e+01 9.450585e+00 -1.700000e+00
      vertex   1.913963e+01 9.637500e+00 -1.700000e+00
    endloop
  endfacet
  facet normal -7.933533e-01 6.087614e-01 0.000000e+00
    outer loop
      vertex   1.913963e+01 9.637500e+00 -5.700000e+00
      vertex   1.913963e+01 9.637500e+00 -1.700000e+00
      vertex   1.926279e+01 9.798008e+00 -5.700000e+00
    endloop
  endfacet
  facet normal -7.933533e-01 6.087614e-01 0.000000e+00
    outer loop
      vertex   1.926279e+01 9.798008e+00 -5.700000e+00
      vertex   1.913963e+01 9.637500e+00 -1.700000e+00
      vertex   1.926279e+01 9.798008e+00 -1.700000e+00
    endloop
  endfacet
  facet normal -6.087614e-01 7.933533e-01 0.000000e+00
    outer loop
      vertex   1.926279e+01 9.798008e+00 -5.700000e+00
      vertex   1.926279e+01 9.798008e+00 -1.700000e+00
      vertex   1.942330e+01 9.921170e+00 -5.700000e+00
    endloop
  endfacet
  facet normal -6.087614e-01 7.933533e-01 0.000000e+00
    outer loop
      vertex   1.942330e+01 9.921170e+00 -5.700000e+00
      vertex   1.926279e+01 9.798008e+00 -1.700000e+00
      vertex   1.942330e+01 9.921170e+00 -1.700000e+00
    endloop
  endfacet
  facet normal -3.826834e-01 9.238795e-01 0.000000e+00
    outer loop
      vertex   1.942330e+01 9.921170e+00 -5.700000e+00
      vertex   1.942330e+01 9.921170e+00 -1.700000e+00
      vertex   1.961022e+01 9.998593e+00 -5.700000e+00
    endloop
  endfacet
  facet normal -3.826834e-01 9.238795e-01 0.000000e+00
    outer loop
      vertex   1.961022e+01 9.998593e+00 -5.700000e+00
      vertex   1.942330e+01 9.921170e+00 -1.700000e+00
      vertex   1.961022e+01 9.998593e+00 -1.700000e+00
    endloop
  endfacet
  facet normal -1.305262e-01 9.914449e-01 0.000000e+00
    outer loop
      vertex   1.961022e+01 9.998593e+00 -5.700000e+00
      vertex   1.961022e+01 9.998593e+00 -1.700000e+00
      vertex   1.981080e+01 1.002500e+01 -5.700000e+00
    endloop
  endfacet
  facet normal -1.305262e-01 9.914449e-01 0.000000e+00
    outer loop
      vertex   1.981080e+01 1.002500e+01 -5.700000e+00
      vertex   1.961022e+01 9.998593e+00 -1.700000e+00
      vertex   1.981080e+01 1.002500e+01 -1.700000e+00
    endloop
  endfacet
  facet normal 1.305262e-01 9.914449e-01 -0.000000e+00
    outer loop
      vertex   1.981080e+01 1.002500e+01 -5.700000e+00
      vertex   1.981080e+01 1.002500e+01 -1.700000e+00
      vertex   2.001138e+01 9.998593e+00 -5.700000e+00
    endloop
  endfacet
  facet normal 1.305262e-01 9.914449e-01 -0.000000e+00
    outer loop
      vertex   2.001138e+01 9.998593e+00 -5.700000e+00
      vertex   1.981080e+01 1.002500e+01 -1.700000e+00
      vertex   2.001138e+01 9.998593e+00 -1.700000e+00
    endloop
  endfacet
  facet normal 3.826834e-01 9.238795e-01 -0.000000e+00
    outer loop
      vertex   2.001138e+01 9.998593e+00 -5.700000e+00
      vertex   2.001138e+01 9.998593e+00 -1.700000e+00
      vertex   2.019830e+01 9.921170e+00 -5.700000e+00
    endloop
  endfacet
  facet normal 3.826834e-01 9.238795e-01 -6.797824e-16
    outer loop
      vertex   2.019830e+01 9.921170e+00 -5.700000e+00
      vertex   2.001138e+01 9.998593e+00 -1.700000e+00
      vertex   2.019830e+01 9.921170e+00 -1.700000e+00
    endloop
  endfacet
  facet normal 6.087614e-01 7.933533e-01 -1.081378e-15
    outer loop
      vertex   2.019830e+01 9.921170e+00 -5.700000e+00
      vertex   2.019830e+01 9.921170e+00 -1.700000e+00
      vertex   2.035881e+01 9.798008e+00 -5.700000e+00
    endloop
  endfacet
  facet normal 6.087614e-01 7.933533e-01 -0.000000e+00
    outer loop
      vertex   2.035881e+01 9.798008e+00 -5.700000e+00
      vertex   2.019830e+01 9.921170e+00 -1.700000e+00
      vertex   2.035881e+01 9.798008e+00 -1.700000e+00
    endloop
  endfacet
  facet normal 7.933533e-01 6.087614e-01 -0.000000e+00
    outer loop
      vertex   2.035881e+01 9.798008e+00 -5.700000e+00
      vertex   2.035881e+01 9.798008e+00 -1.700000e+00
      vertex   2.048197e+01 9.637500e+00 -5.700000e+00
    endloop
  endfacet
  facet normal 7.933533e-01 6.087614e-01 -0.000000e+00
    outer loop
      vertex   2.048197e+01 9.637500e+00 -5.700000e+00
      vertex   2.035881e+01 9.798008e+00 -1.700000e+00
      vertex   2.048197e+01 9.637500e+00 -1.700000e+00
    endloop
  endfacet
  facet normal 9.238795e-01 3.826834e-01 -0.000000e+00
    outer loop
      vertex   2.048197e+01 9.637500e+00 -5.700000e+00
      vertex   2.048197e+01 9.637500e+00 -1.700000e+00
      vertex   2.055939e+01 9.450585e+00 -5.700000e+00
    endloop
  endfacet
  facet normal 9.238795e-01 3.826834e-01 -0.000000e+00
    outer loop
      vertex   2.055939e+01 9.450585e+00 -5.700000e+00
      vertex   2.048197e+01 9.637500e+00 -1.700000e+00
      vertex   2.055939e+01 9.450585e+00 -1.700000e+00
    endloop
  endfacet
  facet normal 9.914449e-01 1.305262e-01 -0.000000e+00
    outer loop
      vertex   2.055939e+01 9.450585e+00 -5.700000e+00
      vertex   2.055939e+01 9.450585e+00 -1.700000e+00
      vertex   2.058580e+01 9.250000e+00 -5.700000e+00
    endloop
  endfacet
  facet normal 9.914449e-01 1.305262e-01 -0.000000e+00
    outer loop
      vertex   2.058580e+01 9.250000e+00 -5.700000e+00
      vertex   2.055939e+01 9.450585e+00 -1.700000e+00
      vertex   2.058580e+01 9.250000e+00 -1.700000e+00
    endloop
  endfacet
  facet normal 9.914449e-01 -1.305262e-01 0.000000e+00
    outer loop
      vertex   2.058580e+01 9.250000e+00 -5.700000e+00
      vertex   2.058580e+01 9.250000e+00 -1.700000e+00
      vertex   2.055939e+01 9.049415e+00 -5.700000e+00
    endloop
  endfacet
  facet normal 9.914449e-01 -1.305262e-01 0.000000e+00
    outer loop
      vertex   2.055939e+01 9.049415e+00 -5.700000e+00
      vertex   2.058580e+01 9.250000e+00 -1.700000e+00
      vertex   2.055939e+01 9.049415e+00 -1.700000e+00
    endloop
  endfacet
  facet normal 9.238795e-01 -3.826834e-01 0.000000e+00
    outer loop
      vertex   2.055939e+01 9.049415e+00 -5.700000e+00
      vertex   2.055939e+01 9.049415e+00 -1.700000e+00
      vertex   2.048197e+01 8.862500e+00 -5.700000e+00
    endloop
  endfacet
  facet normal 9.238795e-01 -3.826834e-01 0.000000e+00
    outer loop
      vertex   2.048197e+01 8.862500e+00 -5.700000e+00
      vertex   2.055939e+01 9.049415e+00 -1.700000e+00
      vertex   2.048197e+01 8.862500e+00 -1.700000e+00
    endloop
  endfacet
  facet normal 7.933533e-01 -6.087614e-01 0.000000e+00
    outer loop
      vertex   2.048197e+01 8.862500e+00 -5.700000e+00
      vertex   2.048197e+01 8.862500e+00 -1.700000e+00
      vertex   2.035881e+01 8.701992e+00 -5.700000e+00
    endloop
  endfacet
  facet normal 7.933533e-01 -6.087614e-01 0.000000e+00
    outer loop
      vertex   2.035881e+01 8.701992e+00 -5.700000e+00
      vertex   2.048197e+01 8.862500e+00 -1.700000e+00
      vertex   2.035881e+01 8.701992e+00 -1.700000e+00
    endloop
  endfacet
  facet normal 6.087614e-01 -7.933533e-01 0.000000e+00
    outer loop
      vertex   2.035881e+01 8.701992e+00 -5.700000e+00
      vertex   2.035881e+01 8.701992e+00 -1.700000e+00
      vertex   2.019830e+01 8.578830e+00 -5.700000e+00
    endloop
  endfacet
  facet normal 6.087614e-01 -7.933533e-01 1.081378e-15
    outer loop
      vertex   2.019830e+01 8.578830e+00 -5.700000e+00
      vertex   2.035881e+01 8.701992e+00 -1.700000e+00
      vertex   2.019830e+01 8.578830e+00 -1.700000e+00
    endloop
  endfacet
  facet normal 3.826834e-01 -9.238795e-01 6.797824e-16
    outer loop
      vertex   2.019830e+01 8.578830e+00 -5.700000e+00
      vertex   2.019830e+01 8.578830e+00 -1.700000e+00
      vertex   2.001138e+01 8.501407e+00 -5.700000e+00
    endloop
  endfacet
  facet normal 3.826834e-01 -9.238795e-01 0.000000e+00
    outer loop
      vertex   2.001138e+01 8.501407e+00 -5.700000e+00
      vertex   2.019830e+01 8.578830e+00 -1.700000e+00
      vertex   2.001138e+01 8.501407e+00 -1.700000e+00
    endloop
  endfacet
  facet normal 1.305262e-01 -9.914449e-01 0.000000e+00
    outer loop
      vertex   2.001138e+01 8.501407e+00 -5.700000e+00
      vertex   2.001138e+01 8.501407e+00 -1.700000e+00
      vertex   1.981080e+01 8.475000e+00 -5.700000e+00
    endloop
  endfacet
  facet normal 1.305262e-01 -9.914449e-01 0.000000e+00
    outer loop
      vertex   1.981080e+01 8.475000e+00 -5.700000e+00
      vertex   2.001138e+01 8.501407e+00 -1.700000e+00
      vertex   1.981080e+01 8.475000e+00 -1.700000e+00
    endloop
  endfacet
  facet normal -1.305262e-01 -9.914449e-01 0.000000e+00
    outer loop
      vertex   1.981080e+01 8.475000e+00 -5.700000e+00
      vertex   1.981080e+01 8.475000e+00 -1.700000e+00
      vertex   1.961022e+01 8.501407e+00 -5.700000e+00
    endloop
  endfacet
  facet normal -1.305262e-01 -9.914449e-01 0.000000e+00
    outer loop
      vertex   1.961022e+01 8.501407e+00 -5.700000e+00
      vertex   1.981080e+01 8.475000e+00 -1.700000e+00
      vertex   1.961022e+01 8.501407e+00 -1.700000e+00
    endloop
  endfacet
  facet normal -3.826834e-01 -9.238795e-01 0.000000e+00
    outer loop
      vertex   1.961022e+01 8.501407e+00 -5.700000e+00
      vertex   1.961022e+01 8.501407e+00 -1.700000e+00
      vertex   1.942330e+01 8.578830e+00 -5.700000e+00
    endloop
  endfacet
  facet normal -3.826834e-01 -9.238795e-01 0.000000e+00
    outer loop
      vertex   1.942330e+01 8.578830e+00 -5.700000e+00
      vertex   1.961022e+01 8.501407e+00 -1.700000e+00
      vertex   1.942330e+01 8.578830e+00 -1.700000e+00
    endloop
  endfacet
  facet normal -6.087614e-01 -7.933533e-01 0.000000e+00
    outer loop
      vertex   1.942330e+01 8.578830e+00 -5.700000e+00
      vertex   1.942330e+01 8.578830e+00 -1.700000e+00
      vertex   1.926279e+01 8.701992e+00 -5.700000e+00
    endloop
  endfacet
  facet normal -6.087614e-01 -7.933533e-01 0.000000e+00
    outer loop
      vertex   1.926279e+01 8.701992e+00 -5.700000e+00
      vertex   1.942330e+01 8.578830e+00 -1.700000e+00
      vertex   1.926279e+01 8.701992e+00 -1.700000e+00
    endloop
  endfacet
  facet normal -7.933533e-01 -6.087614e-01 0.000000e+00
    outer loop
      vertex   1.926279e+01 8.701992e+00 -5.700000e+00
      vertex   1.926279e+01 8.701992e+00 -1.700000e+00
      vertex   1.913963e+01 8.862500e+00 -5.700000e+00
    endloop
  endfacet
  facet normal -7.933533e-01 -6.087614e-01 0.000000e+00
    outer loop
      vertex   1.913963e+01 8.862500e+00 -5.700000e+00
      vertex   1.926279e+01 8.701992e+00 -1.700000e+00
      vertex   1.913963e+01 8.862500e+00 -1.700000e+00
    endloop
  endfacet
  facet normal -9.238795e-01 -3.826834e-01 0.000000e+00
    outer loop
      vertex   1.913963e+01 8.862500e+00 -5.700000e+00
      vertex   1.913963e+01 8.862500e+00 -1.700000e+00
      vertex   1.906221e+01 9.049415e+00 -5.700000e+00
    endloop
  endfacet
  facet normal -9.238795e-01 -3.826834e-01 0.000000e+00
    outer loop
      vertex   1.906221e+01 9.049415e+00 -5.700000e+00
      vertex   1.913963e+01 8.862500e+00 -1.700000e+00
      vertex   1.906221e+01 9.049415e+00 -1.700000e+00
    endloop
  endfacet
  facet normal -9.914449e-01 -1.305262e-01 0.000000e+00
    outer loop
      vertex   1.906221e+01 9.049415e+00 -5.700000e+00
      vertex   1.906221e+01 9.049415e+00 -1.700000e+00
      vertex   1.903580e+01 9.250000e+00 -1.700000e+00
    endloop
  endfacet
  facet normal -9.914440e-01 1.305261e-01 1.284874e-03
    outer loop
      vertex   -1.823959e+01 9.450585e+00 -1.700000e+00
      vertex   -1.825162e+01 9.398598e+00 -5.700000e+00
      vertex   -1.826600e+01 9.250000e+00 -1.700000e+00
    endloop
  endfacet
  facet normal -9.980757e-01 6.199469e-02 -1.284874e-03
    outer loop
      vertex   -1.826600e+01 9.250000e+00 -1.700000e+00
      vertex   -1.825162e+01 9.398598e+00 -5.700000e+00
      vertex   -1.826416e+01 9.196672e+00 -5.700000e+00
    endloop
  endfacet
  facet normal -9.914440e-01 -1.305261e-01 1.284874e-03
    outer loop
      vertex   -1.826600e+01 9.250000e+00 -1.700000e+00
      vertex   -1.826416e+01 9.196672e+00 -5.700000e+00
      vertex   -1.823959e+01 9.049415e+00 -1.700000e+00
    endloop
  endfacet
  facet normal -9.801125e-01 -1.984387e-01 -1.284874e-03
    outer loop
      vertex   -1.823959e+01 9.049415e+00 -1.700000e+00
      vertex   -1.826416e+01 9.196672e+00 -5.700000e+00
      vertex   -1.822402e+01 8.998379e+00 -5.700000e+00
    endloop
  endfacet
  facet normal -9.238788e-01 -3.826831e-01 1.284874e-03
    outer loop
      vertex   -1.823959e+01 9.049415e+00 -1.700000e+00
      vertex   -1.822402e+01 8.998379e+00 -5.700000e+00
      vertex   -1.816217e+01 8.862500e+00 -1.700000e+00
    endloop
  endfacet
  facet normal -8.953562e-01 -4.453489e-01 -1.284874e-03
    outer loop
      vertex   -1.816217e+01 8.862500e+00 -1.700000e+00
      vertex   -1.822402e+01 8.998379e+00 -5.700000e+00
      vertex   -1.813391e+01 8.817235e+00 -5.700000e+00
    endloop
  endfacet
  facet normal -7.933527e-01 -6.087609e-01 1.284874e-03
    outer loop
      vertex   -1.816217e+01 8.862500e+00 -1.700000e+00
      vertex   -1.813391e+01 8.817235e+00 -5.700000e+00
      vertex   -1.803901e+01 8.701992e+00 -1.700000e+00
    endloop
  endfacet
  facet normal -7.495829e-01 -6.619092e-01 -1.284874e-03
    outer loop
      vertex   -1.803901e+01 8.701992e+00 -1.700000e+00
      vertex   -1.813391e+01 8.817235e+00 -5.700000e+00
      vertex   -1.800000e+01 8.665582e+00 -5.700000e+00
    endloop
  endfacet
  facet normal -6.087609e-01 -7.933527e-01 1.284874e-03
    outer loop
      vertex   -1.803901e+01 8.701992e+00 -1.700000e+00
      vertex   -1.800000e+01 8.665582e+00 -5.700000e+00
      vertex   -1.787850e+01 8.578830e+00 -1.700000e+00
    endloop
  endfacet
  facet normal -5.527268e-01 -8.333615e-01 -1.284874e-03
    outer loop
      vertex   -1.787850e+01 8.578830e+00 -1.700000e+00
      vertex   -1.800000e+01 8.665582e+00 -5.700000e+00
      vertex   -1.783140e+01 8.553757e+00 -5.700000e+00
    endloop
  endfacet
  facet normal -3.826831e-01 -9.238788e-01 1.284874e-03
    outer loop
      vertex   -1.787850e+01 8.578830e+00 -1.700000e+00
      vertex   -1.783140e+01 8.553757e+00 -5.700000e+00
      vertex   -1.769158e+01 8.501407e+00 -1.700000e+00
    endloop
  endfacet
  facet normal -3.182033e-01 -9.480216e-01 -1.284874e-03
    outer loop
      vertex   -1.769158e+01 8.501407e+00 -1.700000e+00
      vertex   -1.783140e+01 8.553757e+00 -5.700000e+00
      vertex   -1.763960e+01 8.489379e+00 -5.700000e+00
    endloop
  endfacet
  facet normal -1.305261e-01 -9.914440e-01 1.284874e-03
    outer loop
      vertex   -1.769158e+01 8.501407e+00 -1.700000e+00
      vertex   -1.763960e+01 8.489379e+00 -5.700000e+00
      vertex   -1.749100e+01 8.475000e+00 -1.700000e+00
    endloop
  endfacet
  facet normal -6.199469e-02 -9.980757e-01 -1.284874e-03
    outer loop
      vertex   -1.749100e+01 8.475000e+00 -1.700000e+00
      vertex   -1.763960e+01 8.489379e+00 -5.700000e+00
      vertex   -1.743767e+01 8.476837e+00 -5.700000e+00
    endloop
  endfacet
  facet normal 1.305261e-01 -9.914440e-01 1.284874e-03
    outer loop
      vertex   -1.749100e+01 8.475000e+00 -1.700000e+00
      vertex   -1.743767e+01 8.476837e+00 -5.700000e+00
      vertex   -1.729042e+01 8.501407e+00 -1.700000e+00
    endloop
  endfacet
  facet normal 1.984387e-01 -9.801125e-01 -1.284874e-03
    outer loop
      vertex   -1.729042e+01 8.501407e+00 -1.700000e+00
      vertex   -1.743767e+01 8.476837e+00 -5.700000e+00
      vertex   -1.723938e+01 8.516984e+00 -5.700000e+00
    endloop
  endfacet
  facet normal 3.826831e-01 -9.238788e-01 1.284874e-03
    outer loop
      vertex   -1.729042e+01 8.501407e+00 -1.700000e+00
      vertex   -1.723938e+01 8.516984e+00 -5.700000e+00
      vertex   -1.710350e+01 8.578830e+00 -1.700000e+00
    endloop
  endfacet
  facet normal 4.453489e-01 -8.953562e-01 -1.284874e-03
    outer loop
      vertex   -1.710350e+01 8.578830e+00 -1.700000e+00
      vertex   -1.723938e+01 8.516984e+00 -5.700000e+00
      vertex   -1.705823e+01 8.607085e+00 -5.700000e+00
    endloop
  endfacet
  facet normal 6.087609e-01 -7.933527e-01 1.284874e-03
    outer loop
      vertex   -1.710350e+01 8.578830e+00 -1.700000e+00
      vertex   -1.705823e+01 8.607085e+00 -5.700000e+00
      vertex   -1.694299e+01 8.701992e+00 -1.700000e+00
    endloop
  endfacet
  facet normal 6.619092e-01 -7.495829e-01 -1.284874e-03
    outer loop
      vertex   -1.694299e+01 8.701992e+00 -1.700000e+00
      vertex   -1.705823e+01 8.607085e+00 -5.700000e+00
      vertex   -1.690658e+01 8.741000e+00 -5.700000e+00
    endloop
  endfacet
  facet normal 7.933527e-01 -6.087609e-01 1.284874e-03
    outer loop
      vertex   -1.694299e+01 8.701992e+00 -1.700000e+00
      vertex   -1.690658e+01 8.741000e+00 -5.700000e+00
      vertex   -1.681983e+01 8.862500e+00 -1.700000e+00
    endloop
  endfacet
  facet normal 8.333615e-01 -5.527268e-01 -1.284874e-03
    outer loop
      vertex   -1.681983e+01 8.862500e+00 -1.700000e+00
      vertex   -1.690658e+01 8.741000e+00 -5.700000e+00
      vertex   -1.679476e+01 8.909602e+00 -5.700000e+00
    endloop
  endfacet
  facet normal 9.238788e-01 -3.826831e-01 1.284874e-03
    outer loop
      vertex   -1.681983e+01 8.862500e+00 -1.700000e+00
      vertex   -1.679476e+01 8.909602e+00 -5.700000e+00
      vertex   -1.674241e+01 9.049415e+00 -1.700000e+00
    endloop
  endfacet
  facet normal 9.480216e-01 -3.182033e-01 -1.284874e-03
    outer loop
      vertex   -1.674241e+01 9.049415e+00 -1.700000e+00
      vertex   -1.679476e+01 8.909602e+00 -5.700000e+00
      vertex   -1.673038e+01 9.101402e+00 -5.700000e+00
    endloop
  endfacet
  facet normal 9.914440e-01 -1.305261e-01 1.284874e-03
    outer loop
      vertex   -1.674241e+01 9.049415e+00 -1.700000e+00
      vertex   -1.673038e+01 9.101402e+00 -5.700000e+00
      vertex   -1.671600e+01 9.250000e+00 -1.700000e+00
    endloop
  endfacet
  facet normal 9.980757e-01 -6.199469e-02 -1.284874e-03
    outer loop
      vertex   -1.671600e+01 9.250000e+00 -1.700000e+00
      vertex   -1.673038e+01 9.101402e+00 -5.700000e+00
      vertex   -1.671784e+01 9.303328e+00 -5.700000e+00
    endloop
  endfacet
  facet normal 9.914440e-01 1.305261e-01 1.284874e-03
    outer loop
      vertex   -1.671600e+01 9.250000e+00 -1.700000e+00
      vertex   -1.671784e+01 9.303328e+00 -5.700000e+00
      vertex   -1.674241e+01 9.450585e+00 -1.700000e+00
    endloop
  endfacet
  facet normal 9.801125e-01 1.984387e-01 -1.284874e-03
    outer loop
      vertex   -1.674241e+01 9.450585e+00 -1.700000e+00
      vertex   -1.671784e+01 9.303328e+00 -5.700000e+00
      vertex   -1.675798e+01 9.501621e+00 -5.700000e+00
    endloop
  endfacet
  facet normal 9.238788e-01 3.826831e-01 1.284874e-03
    outer loop
      vertex   -1.674241e+01 9.450585e+00 -1.700000e+00
      vertex   -1.675798e+01 9.501621e+00 -5.700000e+00
      vertex   -1.681983e+01 9.637500e+00 -1.700000e+00
    endloop
  endfacet
  facet normal 8.953562e-01 4.453489e-01 -1.284874e-03
    outer loop
      vertex   -1.681983e+01 9.637500e+00 -1.700000e+00
      vertex   -1.675798e+01 9.501621e+00 -5.700000e+00
      vertex   -1.684809e+01 9.682765e+00 -5.700000e+00
    endloop
  endfacet
  facet normal 7.933527e-01 6.087609e-01 1.284874e-03
    outer loop
      vertex   -1.681983e+01 9.637500e+00 -1.700000e+00
      vertex   -1.684809e+01 9.682765e+00 -5.700000e+00
      vertex   -1.694299e+01 9.798008e+00 -1.700000e+00
    endloop
  endfacet
  facet normal 7.495829e-01 6.619092e-01 -1.284874e-03
    outer loop
      vertex   -1.694299e+01 9.798008e+00 -1.700000e+00
      vertex   -1.684809e+01 9.682765e+00 -5.700000e+00
      vertex   -1.698200e+01 9.834418e+00 -5.700000e+00
    endloop
  endfacet
  facet normal 6.087609e-01 7.933527e-01 1.284874e-03
    outer loop
      vertex   -1.694299e+01 9.798008e+00 -1.700000e+00
      vertex   -1.698200e+01 9.834418e+00 -5.700000e+00
      vertex   -1.710350e+01 9.921170e+00 -1.700000e+00
    endloop
  endfacet
  facet normal 5.527268e-01 8.333615e-01 -1.284874e-03
    outer loop
      vertex   -1.710350e+01 9.921170e+00 -1.700000e+00
      vertex   -1.698200e+01 9.834418e+00 -5.700000e+00
      vertex   -1.715060e+01 9.946243e+00 -5.700000e+00
    endloop
  endfacet
  facet normal 3.826831e-01 9.238788e-01 1.284874e-03
    outer loop
      vertex   -1.710350e+01 9.921170e+00 -1.700000e+00
      vertex   -1.715060e+01 9.946243e+00 -5.700000e+00
      vertex   -1.729042e+01 9.998593e+00 -1.700000e+00
    endloop
  endfacet
  facet normal 3.182033e-01 9.480216e-01 -1.284874e-03
    outer loop
      vertex   -1.729042e+01 9.998593e+00 -1.700000e+00
      vertex   -1.715060e+01 9.946243e+00 -5.700000e+00
      vertex   -1.734240e+01 1.001062e+01 -5.700000e+00
    endloop
  endfacet
  facet normal 1.305261e-01 9.914440e-01 1.284874e-03
    outer loop
      vertex   -1.729042e+01 9.998593e+00 -1.700000e+00
      vertex   -1.734240e+01 1.001062e+01 -5.700000e+00
      vertex   -1.749100e+01 1.002500e+01 -1.700000e+00
    endloop
  endfacet
  facet normal 6.199469e-02 9.980757e-01 -1.284874e-03
    outer loop
      vertex   -1.749100e+01 1.002500e+01 -1.700000e+00
      vertex   -1.734240e+01 1.001062e+01 -5.700000e+00
      vertex   -1.754433e+01 1.002316e+01 -5.700000e+00
    endloop
  endfacet
  facet normal -1.305261e-01 9.914440e-01 1.284874e-03
    outer loop
      vertex   -1.749100e+01 1.002500e+01 -1.700000e+00
      vertex   -1.754433e+01 1.002316e+01 -5.700000e+00
      vertex   -1.769158e+01 9.998593e+00 -1.700000e+00
    endloop
  endfacet
  facet normal -1.984387e-01 9.801125e-01 -1.284874e-03
    outer loop
      vertex   -1.769158e+01 9.998593e+00 -1.700000e+00
      vertex   -1.754433e+01 1.002316e+01 -5.700000e+00
      vertex   -1.774262e+01 9.983016e+00 -5.700000e+00
    endloop
  endfacet
  facet normal -3.826831e-01 9.238788e-01 1.284874e-03
    outer loop
      vertex   -1.769158e+01 9.998593e+00 -1.700000e+00
      vertex   -1.774262e+01 9.983016e+00 -5.700000e+00
      vertex   -1.787850e+01 9.921170e+00 -1.700000e+00
    endloop
  endfacet
  facet normal -4.453489e-01 8.953562e-01 -1.284874e-03
    outer loop
      vertex   -1.787850e+01 9.921170e+00 -1.700000e+00
      vertex   -1.774262e+01 9.983016e+00 -5.700000e+00
      vertex   -1.792377e+01 9.892915e+00 -5.700000e+00
    endloop
  endfacet
  facet normal -6.087609e-01 7.933527e-01 1.284874e-03
    outer loop
      vertex   -1.787850e+01 9.921170e+00 -1.700000e+00
      vertex   -1.792377e+01 9.892915e+00 -5.700000e+00
      vertex   -1.803901e+01 9.798008e+00 -1.700000e+00
    endloop
  endfacet
  facet normal -6.619092e-01 7.495829e-01 -1.284874e-03
    outer loop
      vertex   -1.803901e+01 9.798008e+00 -1.700000e+00
      vertex   -1.792377e+01 9.892915e+00 -5.700000e+00
      vertex   -1.807542e+01 9.759000e+00 -5.700000e+00
    endloop
  endfacet
  facet normal -7.933527e-01 6.087609e-01 1.284874e-03
    outer loop
      vertex   -1.803901e+01 9.798008e+00 -1.700000e+00
      vertex   -1.807542e+01 9.759000e+00 -5.700000e+00
      vertex   -1.816217e+01 9.637500e+00 -1.700000e+00
    endloop
  endfacet
  facet normal -8.333615e-01 5.527268e-01 -1.284874e-03
    outer loop
      vertex   -1.816217e+01 9.637500e+00 -1.700000e+00
      vertex   -1.807542e+01 9.759000e+00 -5.700000e+00
      vertex   -1.818724e+01 9.590398e+00 -5.700000e+00
    endloop
  endfacet
  facet normal -9.238788e-01 3.826831e-01 1.284874e-03
    outer loop
      vertex   -1.816217e+01 9.637500e+00 -1.700000e+00
      vertex   -1.818724e+01 9.590398e+00 -5.700000e+00
      vertex   -1.823959e+01 9.450585e+00 -1.700000e+00
    endloop
  endfacet
  facet normal -9.480216e-01 3.182033e-01 -1.284874e-03
    outer loop
      vertex   -1.823959e+01 9.450585e+00 -1.700000e+00
      vertex   -1.818724e+01 9.590398e+00 -5.700000e+00
      vertex   -1.825162e+01 9.398598e+00 -5.700000e+00
    endloop
  endfacet
endsolid
