solid ASCII
  facet normal -9.439627e-01 3.300093e-01 5.323625e-03
    outer loop
      vertex   2.838751e+01 2.057778e+01 7.000000e+00
      vertex   2.831360e+01 2.036635e+01 7.000000e+00
      vertex   2.838427e+01 2.056428e+01 7.261286e+00
    endloop
  endfacet
  facet normal -9.519478e-01 3.051262e-01 2.633289e-02
    outer loop
      vertex   2.838427e+01 2.056428e+01 7.261286e+00
      vertex   2.831360e+01 2.036635e+01 7.000000e+00
      vertex   2.832957e+01 2.038400e+01 7.372952e+00
    endloop
  endfacet
  facet normal -9.544886e-01 2.979422e-01 1.348997e-02
    outer loop
      vertex   2.838427e+01 2.056428e+01 7.261286e+00
      vertex   2.832957e+01 2.038400e+01 7.372952e+00
      vertex   2.837545e+01 2.052441e+01 7.517898e+00
    endloop
  endfacet
  facet normal -9.597854e-01 2.786908e-01 3.381571e-02
    outer loop
      vertex   2.837545e+01 2.052441e+01 7.517898e+00
      vertex   2.832957e+01 2.038400e+01 7.372952e+00
      vertex   2.831312e+01 2.028018e+01 7.761557e+00
    endloop
  endfacet
  facet normal -9.639804e-01 2.652728e-01 1.929328e-02
    outer loop
      vertex   2.837545e+01 2.052441e+01 7.517898e+00
      vertex   2.831312e+01 2.028018e+01 7.761557e+00
      vertex   2.836244e+01 2.045912e+01 7.765561e+00
    endloop
  endfacet
  facet normal -9.636201e-01 2.647918e-01 3.635361e-02
    outer loop
      vertex   2.836244e+01 2.045912e+01 7.765561e+00
      vertex   2.831312e+01 2.028018e+01 7.761557e+00
      vertex   2.834662e+01 2.036937e+01 8.000000e+00
    endloop
  endfacet
  facet normal -9.646886e-01 2.606286e-01 3.806103e-02
    outer loop
      vertex   2.834662e+01 2.036937e+01 8.000000e+00
      vertex   2.831312e+01 2.028018e+01 7.761557e+00
      vertex   2.827085e+01 2.008891e+01 8.000000e+00
    endloop
  endfacet
  facet normal -9.083198e-01 3.898078e-01 1.516742e-01
    outer loop
      vertex   2.827085e+01 2.008891e+01 8.000000e+00
      vertex   2.831312e+01 2.028018e+01 7.761557e+00
      vertex   2.823919e+01 2.013619e+01 7.688884e+00
    endloop
  endfacet
  facet normal -9.127207e-01 3.798150e-01 1.506037e-01
    outer loop
      vertex   2.827085e+01 2.008891e+01 8.000000e+00
      vertex   2.823919e+01 2.013619e+01 7.688884e+00
      vertex   2.822494e+01 1.997897e+01 7.999013e+00
    endloop
  endfacet
  facet normal -8.387606e-01 5.002346e-01 2.150486e-01
    outer loop
      vertex   2.822494e+01 1.997897e+01 7.999013e+00
      vertex   2.823919e+01 2.013619e+01 7.688884e+00
      vertex   2.817767e+01 2.005197e+01 7.644829e+00
    endloop
  endfacet
  facet normal -8.531931e-01 4.765290e-01 2.120889e-01
    outer loop
      vertex   2.822494e+01 1.997897e+01 7.999013e+00
      vertex   2.817767e+01 2.005197e+01 7.644829e+00
      vertex   2.816513e+01 1.990126e+01 7.933006e+00
    endloop
  endfacet
  facet normal -7.507319e-01 5.982391e-01 2.801991e-01
    outer loop
      vertex   2.816513e+01 1.990126e+01 7.933006e+00
      vertex   2.817767e+01 2.005197e+01 7.644829e+00
      vertex   2.806063e+01 1.993501e+01 7.580974e+00
    endloop
  endfacet
  facet normal -7.641026e-01 5.799890e-01 2.824181e-01
    outer loop
      vertex   2.816513e+01 1.990126e+01 7.933006e+00
      vertex   2.806063e+01 1.993501e+01 7.580974e+00
      vertex   2.804823e+01 1.979349e+01 7.838051e+00
    endloop
  endfacet
  facet normal -6.236810e-01 6.970983e-01 3.536608e-01
    outer loop
      vertex   2.804823e+01 1.979349e+01 7.838051e+00
      vertex   2.806063e+01 1.993501e+01 7.580974e+00
      vertex   2.792208e+01 1.983938e+01 7.525137e+00
    endloop
  endfacet
  facet normal -6.333462e-01 6.870764e-01 3.560878e-01
    outer loop
      vertex   2.804823e+01 1.979349e+01 7.838051e+00
      vertex   2.792208e+01 1.983938e+01 7.525137e+00
      vertex   2.790708e+01 1.970582e+01 7.756164e+00
    endloop
  endfacet
  facet normal -4.765871e-01 7.741482e-01 4.166045e-01
    outer loop
      vertex   2.790708e+01 1.970582e+01 7.756164e+00
      vertex   2.792208e+01 1.983938e+01 7.525137e+00
      vertex   2.776632e+01 1.976824e+01 7.479154e+00
    endloop
  endfacet
  facet normal -4.805984e-01 7.709514e-01 4.179224e-01
    outer loop
      vertex   2.790708e+01 1.970582e+01 7.756164e+00
      vertex   2.776632e+01 1.976824e+01 7.479154e+00
      vertex   2.774646e+01 1.964141e+01 7.690281e+00
    endloop
  endfacet
  facet normal -3.140605e-01 8.265947e-01 4.670195e-01
    outer loop
      vertex   2.774646e+01 1.964141e+01 7.690281e+00
      vertex   2.776632e+01 1.976824e+01 7.479154e+00
      vertex   2.759814e+01 1.972391e+01 7.444507e+00
    endloop
  endfacet
  facet normal -3.110139e-01 8.284337e-01 4.657982e-01
    outer loop
      vertex   2.774646e+01 1.964141e+01 7.690281e+00
      vertex   2.759814e+01 1.972391e+01 7.444507e+00
      vertex   2.757172e+01 1.960255e+01 7.642711e+00
    endloop
  endfacet
  facet normal -8.938767e-02 8.546770e-01 5.114070e-01
    outer loop
      vertex   2.757172e+01 1.960255e+01 7.642711e+00
      vertex   2.759814e+01 1.972391e+01 7.444507e+00
      vertex   2.734888e+01 1.963079e+01 7.556567e+00
    endloop
  endfacet
  facet normal -1.393226e-01 7.762279e-01 6.148654e-01
    outer loop
      vertex   2.757172e+01 1.960255e+01 7.642711e+00
      vertex   2.734888e+01 1.963079e+01 7.556567e+00
      vertex   2.731943e+01 1.950571e+01 7.707806e+00
    endloop
  endfacet
  facet normal -8.897130e-01 4.562214e-01 1.651682e-02
    outer loop
      vertex   2.832957e+01 2.038400e+01 7.372952e+00
      vertex   2.831360e+01 2.036635e+01 7.000000e+00
      vertex   2.825227e+01 2.023451e+01 7.338131e+00
    endloop
  endfacet
  facet normal -8.456247e-01 5.310702e-01 5.369649e-02
    outer loop
      vertex   2.825227e+01 2.023451e+01 7.338131e+00
      vertex   2.831360e+01 2.036635e+01 7.000000e+00
      vertex   2.819448e+01 2.017667e+01 7.000000e+00
    endloop
  endfacet
  facet normal -8.176379e-01 5.742329e-01 4.152964e-02
    outer loop
      vertex   2.825227e+01 2.023451e+01 7.338131e+00
      vertex   2.819448e+01 2.017667e+01 7.000000e+00
      vertex   2.818972e+01 2.014697e+01 7.316958e+00
    endloop
  endfacet
  facet normal -7.273754e-01 6.841754e-01 5.318864e-02
    outer loop
      vertex   2.818972e+01 2.014697e+01 7.316958e+00
      vertex   2.819448e+01 2.017667e+01 7.000000e+00
      vertex   2.807274e+01 2.002501e+01 7.286117e+00
    endloop
  endfacet
  facet normal -7.323311e-01 6.607716e-01 1.645361e-01
    outer loop
      vertex   2.818972e+01 2.014697e+01 7.316958e+00
      vertex   2.807274e+01 2.002501e+01 7.286117e+00
      vertex   2.817767e+01 2.005197e+01 7.644829e+00
    endloop
  endfacet
  facet normal -7.411738e-01 6.499687e-01 1.679347e-01
    outer loop
      vertex   2.817767e+01 2.005197e+01 7.644829e+00
      vertex   2.807274e+01 2.002501e+01 7.286117e+00
      vertex   2.806063e+01 1.993501e+01 7.580974e+00
    endloop
  endfacet
  facet normal -7.053126e-01 7.050605e-01 7.364640e-02
    outer loop
      vertex   2.819448e+01 2.017667e+01 7.000000e+00
      vertex   2.803613e+01 2.001826e+01 7.000000e+00
      vertex   2.807274e+01 2.002501e+01 7.286117e+00
    endloop
  endfacet
  facet normal -5.985677e-01 7.989862e-01 5.777296e-02
    outer loop
      vertex   2.807274e+01 2.002501e+01 7.286117e+00
      vertex   2.803613e+01 2.001826e+01 7.000000e+00
      vertex   2.793605e+01 1.992457e+01 7.258908e+00
    endloop
  endfacet
  facet normal -6.057134e-01 7.676321e-01 2.094091e-01
    outer loop
      vertex   2.807274e+01 2.002501e+01 7.286117e+00
      vertex   2.793605e+01 1.992457e+01 7.258908e+00
      vertex   2.806063e+01 1.993501e+01 7.580974e+00
    endloop
  endfacet
  facet normal -6.115467e-01 7.623223e-01 2.118379e-01
    outer loop
      vertex   2.806063e+01 1.993501e+01 7.580974e+00
      vertex   2.793605e+01 1.992457e+01 7.258908e+00
      vertex   2.792208e+01 1.983938e+01 7.525137e+00
    endloop
  endfacet
  facet normal -5.294623e-01 8.423957e-01 1.001952e-01
    outer loop
      vertex   2.803613e+01 2.001826e+01 7.000000e+00
      vertex   2.784649e+01 1.989908e+01 7.000000e+00
      vertex   2.793605e+01 1.992457e+01 7.258908e+00
    endloop
  endfacet
  facet normal -4.524640e-01 8.891122e-01 6.896279e-02
    outer loop
      vertex   2.793605e+01 1.992457e+01 7.258908e+00
      vertex   2.784649e+01 1.989908e+01 7.000000e+00
      vertex   2.778363e+01 1.984877e+01 7.236171e+00
    endloop
  endfacet
  facet normal -4.607940e-01 8.520221e-01 2.484498e-01
    outer loop
      vertex   2.793605e+01 1.992457e+01 7.258908e+00
      vertex   2.778363e+01 1.984877e+01 7.236171e+00
      vertex   2.792208e+01 1.983938e+01 7.525137e+00
    endloop
  endfacet
  facet normal -4.622586e-01 8.510326e-01 2.491194e-01
    outer loop
      vertex   2.792208e+01 1.983938e+01 7.525137e+00
      vertex   2.778363e+01 1.984877e+01 7.236171e+00
      vertex   2.776632e+01 1.976824e+01 7.479154e+00
    endloop
  endfacet
  facet normal -3.282576e-01 9.378759e-01 1.124089e-01
    outer loop
      vertex   2.784649e+01 1.989908e+01 7.000000e+00
      vertex   2.763509e+01 1.982508e+01 7.000000e+00
      vertex   2.778363e+01 1.984877e+01 7.236171e+00
    endloop
  endfacet
  facet normal -2.934646e-01 9.518060e-01 8.912794e-02
    outer loop
      vertex   2.778363e+01 1.984877e+01 7.236171e+00
      vertex   2.763509e+01 1.982508e+01 7.000000e+00
      vertex   2.761989e+01 1.979993e+01 7.218597e+00
    endloop
  endfacet
  facet normal -3.018759e-01 9.111566e-01 2.804719e-01
    outer loop
      vertex   2.778363e+01 1.984877e+01 7.236171e+00
      vertex   2.761989e+01 1.979993e+01 7.218597e+00
      vertex   2.776632e+01 1.976824e+01 7.479154e+00
    endloop
  endfacet
  facet normal -2.980084e-01 9.130249e-01 2.785255e-01
    outer loop
      vertex   2.776632e+01 1.976824e+01 7.479154e+00
      vertex   2.761989e+01 1.979993e+01 7.218597e+00
      vertex   2.759814e+01 1.972391e+01 7.444507e+00
    endloop
  endfacet
  facet normal -1.113593e-01 9.881143e-01 1.059681e-01
    outer loop
      vertex   2.763509e+01 1.982508e+01 7.000000e+00
      vertex   2.741252e+01 1.980000e+01 7.000000e+00
      vertex   2.761989e+01 1.979993e+01 7.218597e+00
    endloop
  endfacet
  facet normal -9.927737e-02 9.905616e-01 9.450741e-02
    outer loop
      vertex   2.761989e+01 1.979993e+01 7.218597e+00
      vertex   2.741252e+01 1.980000e+01 7.000000e+00
      vertex   2.740317e+01 1.978040e+01 7.195608e+00
    endloop
  endfacet
  facet normal -1.152626e-01 9.541978e-01 2.760816e-01
    outer loop
      vertex   2.761989e+01 1.979993e+01 7.218597e+00
      vertex   2.740317e+01 1.978040e+01 7.195608e+00
      vertex   2.737969e+01 1.972320e+01 7.383502e+00
    endloop
  endfacet
  facet normal -8.962243e-02 9.465459e-01 3.098689e-01
    outer loop
      vertex   2.761989e+01 1.979993e+01 7.218597e+00
      vertex   2.737969e+01 1.972320e+01 7.383502e+00
      vertex   2.759814e+01 1.972391e+01 7.444507e+00
    endloop
  endfacet
  facet normal -1.283416e-01 8.841418e-01 4.492457e-01
    outer loop
      vertex   2.759814e+01 1.972391e+01 7.444507e+00
      vertex   2.737969e+01 1.972320e+01 7.383502e+00
      vertex   2.734888e+01 1.963079e+01 7.556567e+00
    endloop
  endfacet
  facet normal -9.721599e-02 7.171271e-01 6.901288e-01
    outer loop
      vertex   2.757172e+01 1.960255e+01 7.642711e+00
      vertex   2.731943e+01 1.950571e+01 7.707806e+00
      vertex   2.755329e+01 1.944627e+01 7.802512e+00
    endloop
  endfacet
  facet normal -1.464437e-01 6.338813e-01 7.594398e-01
    outer loop
      vertex   2.755329e+01 1.944627e+01 7.802512e+00
      vertex   2.731943e+01 1.950571e+01 7.707806e+00
      vertex   2.730251e+01 1.935312e+01 7.831900e+00
    endloop
  endfacet
  facet normal -1.053971e-01 5.459914e-01 8.311347e-01
    outer loop
      vertex   2.755329e+01 1.944627e+01 7.802512e+00
      vertex   2.730251e+01 1.935312e+01 7.831900e+00
      vertex   2.755434e+01 1.926573e+01 7.921248e+00
    endloop
  endfacet
  facet normal -1.493432e-01 4.629116e-01 8.737331e-01
    outer loop
      vertex   2.755434e+01 1.926573e+01 7.921248e+00
      vertex   2.730251e+01 1.935312e+01 7.831900e+00
      vertex   2.730712e+01 1.917983e+01 7.924498e+00
    endloop
  endfacet
  facet normal -1.253574e-01 3.952457e-01 9.099815e-01
    outer loop
      vertex   2.755434e+01 1.926573e+01 7.921248e+00
      vertex   2.730712e+01 1.917983e+01 7.924498e+00
      vertex   2.756570e+01 1.916634e+01 7.965977e+00
    endloop
  endfacet
  facet normal -1.393880e-01 2.633793e-01 9.545692e-01
    outer loop
      vertex   2.756570e+01 1.916634e+01 7.965977e+00
      vertex   2.730712e+01 1.917983e+01 7.924498e+00
      vertex   2.734219e+01 1.899265e+01 7.981266e+00
    endloop
  endfacet
  facet normal -2.781941e-01 4.334188e-01 8.571792e-01
    outer loop
      vertex   2.756570e+01 1.916634e+01 7.965977e+00
      vertex   2.734219e+01 1.899265e+01 7.981266e+00
      vertex   2.766375e+01 1.916199e+01 8.000000e+00
    endloop
  endfacet
  facet normal -9.134075e-02 6.350177e-02 9.937929e-01
    outer loop
      vertex   2.766375e+01 1.916199e+01 8.000000e+00
      vertex   2.734219e+01 1.899265e+01 7.981266e+00
      vertex   2.741514e+01 1.880439e+01 8.000000e+00
    endloop
  endfacet
  facet normal -1.004767e-01 5.989605e-02 9.931349e-01
    outer loop
      vertex   2.741514e+01 1.880439e+01 8.000000e+00
      vertex   2.734219e+01 1.899265e+01 7.981266e+00
      vertex   2.741252e+01 1.880000e+01 8.000000e+00
    endloop
  endfacet
  facet normal -4.719387e-01 3.712908e-01 7.996356e-01
    outer loop
      vertex   2.792316e+01 1.949172e+01 8.000000e+00
      vertex   2.774130e+01 1.930086e+01 7.981289e+00
      vertex   2.766375e+01 1.916199e+01 8.000000e+00
    endloop
  endfacet
  facet normal -3.430956e-01 3.110178e-01 8.863144e-01
    outer loop
      vertex   2.766375e+01 1.916199e+01 8.000000e+00
      vertex   2.774130e+01 1.930086e+01 7.981289e+00
      vertex   2.755434e+01 1.926573e+01 7.921248e+00
    endloop
  endfacet
  facet normal -2.907161e-01 3.648855e-01 8.845014e-01
    outer loop
      vertex   2.766375e+01 1.916199e+01 8.000000e+00
      vertex   2.755434e+01 1.926573e+01 7.921248e+00
      vertex   2.756570e+01 1.916634e+01 7.965977e+00
    endloop
  endfacet
  facet normal -7.801761e-01 5.143964e-01 3.559798e-01
    outer loop
      vertex   2.816588e+01 1.985986e+01 8.000000e+00
      vertex   2.804823e+01 1.979349e+01 7.838051e+00
      vertex   2.792316e+01 1.949172e+01 8.000000e+00
    endloop
  endfacet
  facet normal -5.343987e-01 5.608481e-01 6.323507e-01
    outer loop
      vertex   2.792316e+01 1.949172e+01 8.000000e+00
      vertex   2.804823e+01 1.979349e+01 7.838051e+00
      vertex   2.790088e+01 1.953902e+01 7.939231e+00
    endloop
  endfacet
  facet normal -5.115153e-01 5.771157e-01 6.366235e-01
    outer loop
      vertex   2.792316e+01 1.949172e+01 8.000000e+00
      vertex   2.790088e+01 1.953902e+01 7.939231e+00
      vertex   2.773512e+01 1.948175e+01 7.857955e+00
    endloop
  endfacet
  facet normal -5.047565e-01 6.419757e-01 5.771378e-01
    outer loop
      vertex   2.773512e+01 1.948175e+01 7.857955e+00
      vertex   2.790088e+01 1.953902e+01 7.939231e+00
      vertex   2.774646e+01 1.964141e+01 7.690281e+00
    endloop
  endfacet
  facet normal -3.286365e-01 6.949858e-01 6.395254e-01
    outer loop
      vertex   2.773512e+01 1.948175e+01 7.857955e+00
      vertex   2.774646e+01 1.964141e+01 7.690281e+00
      vertex   2.757172e+01 1.960255e+01 7.642711e+00
    endloop
  endfacet
  facet normal -2.144992e-01 9.829927e-02 -9.717651e-01
    outer loop
      vertex   2.827085e+01 2.008891e+01 8.000000e+00
      vertex   2.822494e+01 1.997897e+01 7.999013e+00
      vertex   2.816588e+01 1.985986e+01 8.000000e+00
    endloop
  endfacet
  facet normal -8.605328e-01 4.289302e-01 2.747766e-01
    outer loop
      vertex   2.816588e+01 1.985986e+01 8.000000e+00
      vertex   2.822494e+01 1.997897e+01 7.999013e+00
      vertex   2.816513e+01 1.990126e+01 7.933006e+00
    endloop
  endfacet
  facet normal -7.717496e-01 5.370357e-01 3.405807e-01
    outer loop
      vertex   2.816588e+01 1.985986e+01 8.000000e+00
      vertex   2.816513e+01 1.990126e+01 7.933006e+00
      vertex   2.804823e+01 1.979349e+01 7.838051e+00
    endloop
  endfacet
  facet normal -8.929144e-01 4.429655e-01 8.053260e-02
    outer loop
      vertex   2.831312e+01 2.028018e+01 7.761557e+00
      vertex   2.832957e+01 2.038400e+01 7.372952e+00
      vertex   2.825227e+01 2.023451e+01 7.338131e+00
    endloop
  endfacet
  facet normal -8.313288e-01 5.412475e-01 1.262679e-01
    outer loop
      vertex   2.817767e+01 2.005197e+01 7.644829e+00
      vertex   2.823919e+01 2.013619e+01 7.688884e+00
      vertex   2.818972e+01 2.014697e+01 7.316958e+00
    endloop
  endfacet
  facet normal -8.212903e-01 5.565635e-01 1.253764e-01
    outer loop
      vertex   2.818972e+01 2.014697e+01 7.316958e+00
      vertex   2.823919e+01 2.013619e+01 7.688884e+00
      vertex   2.825227e+01 2.023451e+01 7.338131e+00
    endloop
  endfacet
  facet normal -9.030846e-01 4.210972e-01 8.435283e-02
    outer loop
      vertex   2.823919e+01 2.013619e+01 7.688884e+00
      vertex   2.831312e+01 2.028018e+01 7.761557e+00
      vertex   2.825227e+01 2.023451e+01 7.338131e+00
    endloop
  endfacet
  facet normal -6.473995e-01 5.741445e-01 5.012305e-01
    outer loop
      vertex   2.790088e+01 1.953902e+01 7.939231e+00
      vertex   2.804823e+01 1.979349e+01 7.838051e+00
      vertex   2.790708e+01 1.970582e+01 7.756164e+00
    endloop
  endfacet
  facet normal -4.966187e-01 6.498850e-01 5.753428e-01
    outer loop
      vertex   2.790708e+01 1.970582e+01 7.756164e+00
      vertex   2.774646e+01 1.964141e+01 7.690281e+00
      vertex   2.790088e+01 1.953902e+01 7.939231e+00
    endloop
  endfacet
  facet normal -3.305209e-01 6.935273e-01 6.401373e-01
    outer loop
      vertex   2.757172e+01 1.960255e+01 7.642711e+00
      vertex   2.755329e+01 1.944627e+01 7.802512e+00
      vertex   2.773512e+01 1.948175e+01 7.857955e+00
    endloop
  endfacet
  facet normal -3.403398e-01 5.217477e-01 7.822711e-01
    outer loop
      vertex   2.773512e+01 1.948175e+01 7.857955e+00
      vertex   2.755329e+01 1.944627e+01 7.802512e+00
      vertex   2.774130e+01 1.930086e+01 7.981289e+00
    endloop
  endfacet
  facet normal -5.514329e-01 4.570092e-01 6.978999e-01
    outer loop
      vertex   2.773512e+01 1.948175e+01 7.857955e+00
      vertex   2.774130e+01 1.930086e+01 7.981289e+00
      vertex   2.792316e+01 1.949172e+01 8.000000e+00
    endloop
  endfacet
  facet normal -3.483513e-01 5.136441e-01 7.841053e-01
    outer loop
      vertex   2.755434e+01 1.926573e+01 7.921248e+00
      vertex   2.774130e+01 1.930086e+01 7.981289e+00
      vertex   2.755329e+01 1.944627e+01 7.802512e+00
    endloop
  endfacet
  facet normal -9.439761e-01 3.300140e-01 3.908150e-16
    outer loop
      vertex   2.838751e+01 2.057778e+01 7.000000e+00
      vertex   2.838751e+01 2.057778e+01 1.000000e+00
      vertex   2.831360e+01 2.036635e+01 4.000000e+00
    endloop
  endfacet
  facet normal -9.439761e-01 3.300140e-01 0.000000e+00
    outer loop
      vertex   2.831360e+01 2.036635e+01 4.000000e+00
      vertex   2.838751e+01 2.057778e+01 1.000000e+00
      vertex   2.831360e+01 2.036635e+01 1.000000e+00
    endloop
  endfacet
  facet normal -8.468464e-01 5.318375e-01 0.000000e+00
    outer loop
      vertex   2.831360e+01 2.036635e+01 4.000000e+00
      vertex   2.831360e+01 2.036635e+01 1.000000e+00
      vertex   2.819448e+01 2.017667e+01 4.000000e+00
    endloop
  endfacet
  facet normal -8.468464e-01 5.318375e-01 0.000000e+00
    outer loop
      vertex   2.819448e+01 2.017667e+01 4.000000e+00
      vertex   2.831360e+01 2.036635e+01 1.000000e+00
      vertex   2.819448e+01 2.017667e+01 1.000000e+00
    endloop
  endfacet
  facet normal -7.072331e-01 7.069804e-01 0.000000e+00
    outer loop
      vertex   2.819448e+01 2.017667e+01 4.000000e+00
      vertex   2.819448e+01 2.017667e+01 1.000000e+00
      vertex   2.803613e+01 2.001826e+01 4.000000e+00
    endloop
  endfacet
  facet normal -7.072331e-01 7.069804e-01 0.000000e+00
    outer loop
      vertex   2.803613e+01 2.001826e+01 4.000000e+00
      vertex   2.819448e+01 2.017667e+01 1.000000e+00
      vertex   2.803613e+01 2.001826e+01 1.000000e+00
    endloop
  endfacet
  facet normal -5.321402e-01 8.466563e-01 0.000000e+00
    outer loop
      vertex   2.803613e+01 2.001826e+01 4.000000e+00
      vertex   2.803613e+01 2.001826e+01 1.000000e+00
      vertex   2.784649e+01 1.989908e+01 4.000000e+00
    endloop
  endfacet
  facet normal -5.321402e-01 8.466563e-01 -2.263004e-15
    outer loop
      vertex   2.784649e+01 1.989908e+01 4.000000e+00
      vertex   2.803613e+01 2.001826e+01 1.000000e+00
      vertex   2.784649e+01 1.989908e+01 1.000000e+00
    endloop
  endfacet
  facet normal -3.303514e-01 9.438580e-01 -1.900182e-15
    outer loop
      vertex   2.784649e+01 1.989908e+01 4.000000e+00
      vertex   2.784649e+01 1.989908e+01 1.000000e+00
      vertex   2.763509e+01 1.982508e+01 4.000000e+00
    endloop
  endfacet
  facet normal -3.303514e-01 9.438580e-01 -2.626719e-15
    outer loop
      vertex   2.763509e+01 1.982508e+01 4.000000e+00
      vertex   2.784649e+01 1.989908e+01 1.000000e+00
      vertex   2.763509e+01 1.982508e+01 1.000000e+00
    endloop
  endfacet
  facet normal -1.119898e-01 9.937094e-01 -2.486199e-15
    outer loop
      vertex   2.763509e+01 1.982508e+01 4.000000e+00
      vertex   2.763509e+01 1.982508e+01 1.000000e+00
      vertex   2.741252e+01 1.980000e+01 1.000000e+00
    endloop
  endfacet
  facet normal -1.119898e-01 9.937094e-01 0.000000e+00
    outer loop
      vertex   2.741252e+01 1.980000e+01 1.000000e+00
      vertex   2.741252e+01 1.980000e+01 7.000000e+00
      vertex   2.763509e+01 1.982508e+01 4.000000e+00
    endloop
  endfacet
  facet normal -1.119898e-01 9.937094e-01 1.176788e-15
    outer loop
      vertex   2.763509e+01 1.982508e+01 4.000000e+00
      vertex   2.741252e+01 1.980000e+01 7.000000e+00
      vertex   2.763509e+01 1.982508e+01 7.000000e+00
    endloop
  endfacet
  facet normal -3.303514e-01 9.438580e-01 1.117752e-15
    outer loop
      vertex   2.763509e+01 1.982508e+01 4.000000e+00
      vertex   2.763509e+01 1.982508e+01 7.000000e+00
      vertex   2.784649e+01 1.989908e+01 4.000000e+00
    endloop
  endfacet
  facet normal -3.303514e-01 9.438580e-01 1.117752e-15
    outer loop
      vertex   2.784649e+01 1.989908e+01 4.000000e+00
      vertex   2.763509e+01 1.982508e+01 7.000000e+00
      vertex   2.784649e+01 1.989908e+01 7.000000e+00
    endloop
  endfacet
  facet normal -5.321402e-01 8.466563e-01 1.002642e-15
    outer loop
      vertex   2.784649e+01 1.989908e+01 4.000000e+00
      vertex   2.784649e+01 1.989908e+01 7.000000e+00
      vertex   2.803613e+01 2.001826e+01 4.000000e+00
    endloop
  endfacet
  facet normal -5.321402e-01 8.466563e-01 1.002642e-15
    outer loop
      vertex   2.803613e+01 2.001826e+01 4.000000e+00
      vertex   2.784649e+01 1.989908e+01 7.000000e+00
      vertex   2.803613e+01 2.001826e+01 7.000000e+00
    endloop
  endfacet
  facet normal -7.072331e-01 7.069804e-01 8.372330e-16
    outer loop
      vertex   2.803613e+01 2.001826e+01 4.000000e+00
      vertex   2.803613e+01 2.001826e+01 7.000000e+00
      vertex   2.819448e+01 2.017667e+01 4.000000e+00
    endloop
  endfacet
  facet normal -7.072331e-01 7.069804e-01 8.372330e-16
    outer loop
      vertex   2.819448e+01 2.017667e+01 4.000000e+00
      vertex   2.803613e+01 2.001826e+01 7.000000e+00
      vertex   2.819448e+01 2.017667e+01 7.000000e+00
    endloop
  endfacet
  facet normal -8.468464e-01 5.318375e-01 6.298221e-16
    outer loop
      vertex   2.819448e+01 2.017667e+01 4.000000e+00
      vertex   2.819448e+01 2.017667e+01 7.000000e+00
      vertex   2.831360e+01 2.036635e+01 4.000000e+00
    endloop
  endfacet
  facet normal -8.468464e-01 5.318375e-01 1.632690e-15
    outer loop
      vertex   2.831360e+01 2.036635e+01 4.000000e+00
      vertex   2.819448e+01 2.017667e+01 7.000000e+00
      vertex   2.831360e+01 2.036635e+01 7.000000e+00
    endloop
  endfacet
  facet normal -9.439761e-01 3.300140e-01 1.508707e-15
    outer loop
      vertex   2.831360e+01 2.036635e+01 4.000000e+00
      vertex   2.831360e+01 2.036635e+01 7.000000e+00
      vertex   2.838751e+01 2.057778e+01 7.000000e+00
    endloop
  endfacet
  facet normal -9.667741e-01 2.537074e-01 -3.131239e-02
    outer loop
      vertex   2.836261e+01 2.045922e+01 2.342848e-01
      vertex   2.834662e+01 2.036937e+01 1.377804e-13
      vertex   2.830730e+01 2.023503e+01 1.255075e-01
    endloop
  endfacet
  facet normal -9.650686e-01 2.609872e-01 -2.298540e-02
    outer loop
      vertex   2.830730e+01 2.023503e+01 1.255075e-01
      vertex   2.834662e+01 2.036937e+01 1.377804e-13
      vertex   2.827058e+01 2.008820e+01 3.235303e-16
    endloop
  endfacet
  facet normal -9.140024e-01 3.702881e-01 -1.657901e-01
    outer loop
      vertex   2.830730e+01 2.023503e+01 1.255075e-01
      vertex   2.827058e+01 2.008820e+01 3.235303e-16
      vertex   2.823491e+01 2.009397e+01 2.095668e-01
    endloop
  endfacet
  facet normal -8.965583e-01 4.114634e-01 -1.639546e-01
    outer loop
      vertex   2.823491e+01 2.009397e+01 2.095668e-01
      vertex   2.827058e+01 2.008820e+01 3.235303e-16
      vertex   2.816528e+01 1.985875e+01 -8.672534e-16
    endloop
  endfacet
  facet normal -8.458220e-01 4.719462e-01 -2.487004e-01
    outer loop
      vertex   2.823491e+01 2.009397e+01 2.095668e-01
      vertex   2.816528e+01 1.985875e+01 -8.672534e-16
      vertex   2.817367e+01 2.001115e+01 2.606688e-01
    endloop
  endfacet
  facet normal -7.735250e-01 5.576520e-01 -3.011369e-01
    outer loop
      vertex   2.817367e+01 2.001115e+01 2.606688e-01
      vertex   2.816528e+01 1.985875e+01 -8.672534e-16
      vertex   2.804598e+01 1.974709e+01 9.967460e-02
    endloop
  endfacet
  facet normal -7.582456e-01 5.650063e-01 -3.253177e-01
    outer loop
      vertex   2.817367e+01 2.001115e+01 2.606688e-01
      vertex   2.804598e+01 1.974709e+01 9.967460e-02
      vertex   2.805678e+01 1.989667e+01 3.343052e-01
    endloop
  endfacet
  facet normal -6.401555e-01 6.608114e-01 -3.918281e-01
    outer loop
      vertex   2.805678e+01 1.989667e+01 3.343052e-01
      vertex   2.804598e+01 1.974709e+01 9.967460e-02
      vertex   2.790423e+01 1.966218e+01 1.880647e-01
    endloop
  endfacet
  facet normal -6.311434e-01 6.623424e-01 -4.036838e-01
    outer loop
      vertex   2.805678e+01 1.989667e+01 3.343052e-01
      vertex   2.790423e+01 1.966218e+01 1.880647e-01
      vertex   2.791765e+01 1.980322e+01 3.984876e-01
    endloop
  endfacet
  facet normal -4.872532e-01 7.394478e-01 -4.645442e-01
    outer loop
      vertex   2.791765e+01 1.980322e+01 3.984876e-01
      vertex   2.790423e+01 1.966218e+01 1.880647e-01
      vertex   2.774232e+01 1.959983e+01 2.586468e-01
    endloop
  endfacet
  facet normal -4.833977e-01 7.391761e-01 -4.689832e-01
    outer loop
      vertex   2.791765e+01 1.980322e+01 3.984876e-01
      vertex   2.774232e+01 1.959983e+01 2.586468e-01
      vertex   2.776074e+01 1.973397e+01 4.510644e-01
    endloop
  endfacet
  facet normal -3.167515e-01 7.920733e-01 -5.218125e-01
    outer loop
      vertex   2.776074e+01 1.973397e+01 4.510644e-01
      vertex   2.774232e+01 1.959983e+01 2.586468e-01
      vertex   2.756576e+01 1.956232e+01 3.088829e-01
    endloop
  endfacet
  facet normal -3.195474e-01 7.928516e-01 -5.189178e-01
    outer loop
      vertex   2.776074e+01 1.973397e+01 4.510644e-01
      vertex   2.756576e+01 1.956232e+01 3.088829e-01
      vertex   2.759095e+01 1.969122e+01 4.903092e-01
    endloop
  endfacet
  facet normal -9.422924e-02 8.177087e-01 -5.678673e-01
    outer loop
      vertex   2.759095e+01 1.969122e+01 4.903092e-01
      vertex   2.756576e+01 1.956232e+01 3.088829e-01
      vertex   2.734889e+01 1.963078e+01 4.434399e-01
    endloop
  endfacet
  facet normal -1.336080e-01 8.833880e-01 -4.491931e-01
    outer loop
      vertex   2.759095e+01 1.969122e+01 4.903092e-01
      vertex   2.734889e+01 1.963078e+01 4.434399e-01
      vertex   2.738037e+01 1.972345e+01 6.163250e-01
    endloop
  endfacet
  facet normal -7.796783e-01 5.147465e-01 -3.565638e-01
    outer loop
      vertex   2.816528e+01 1.985875e+01 -8.672534e-16
      vertex   2.792171e+01 1.948982e+01 -2.901623e-16
      vertex   2.804598e+01 1.974709e+01 9.967460e-02
    endloop
  endfacet
  facet normal -6.540574e-01 5.263953e-01 -5.432466e-01
    outer loop
      vertex   2.804598e+01 1.974709e+01 9.967460e-02
      vertex   2.792171e+01 1.948982e+01 -2.901623e-16
      vertex   2.790423e+01 1.966218e+01 1.880647e-01
    endloop
  endfacet
  facet normal -4.669200e-01 3.673732e-01 -8.043771e-01
    outer loop
      vertex   2.766160e+01 1.915922e+01 -9.540916e-17
      vertex   2.774033e+01 1.930986e+01 2.309888e-02
      vertex   2.792171e+01 1.948982e+01 -2.901623e-16
    endloop
  endfacet
  facet normal -5.887102e-01 5.132137e-01 -6.245254e-01
    outer loop
      vertex   2.792171e+01 1.948982e+01 -2.901623e-16
      vertex   2.774033e+01 1.930986e+01 2.309888e-02
      vertex   2.790101e+01 1.949319e+01 2.228215e-02
    endloop
  endfacet
  facet normal -5.430604e-01 5.932792e-01 -5.942265e-01
    outer loop
      vertex   2.792171e+01 1.948982e+01 -2.901623e-16
      vertex   2.790101e+01 1.949319e+01 2.228215e-02
      vertex   2.790423e+01 1.966218e+01 1.880647e-01
    endloop
  endfacet
  facet normal -5.098044e-01 6.073837e-01 -6.092491e-01
    outer loop
      vertex   2.790423e+01 1.966218e+01 1.880647e-01
      vertex   2.790101e+01 1.949319e+01 2.228215e-02
      vertex   2.773431e+01 1.943799e+01 1.067497e-01
    endloop
  endfacet
  facet normal -5.022951e-01 6.048472e-01 -6.179478e-01
    outer loop
      vertex   2.790423e+01 1.966218e+01 1.880647e-01
      vertex   2.773431e+01 1.943799e+01 1.067497e-01
      vertex   2.774232e+01 1.959983e+01 2.586468e-01
    endloop
  endfacet
  facet normal -3.339633e-01 6.537989e-01 -6.789813e-01
    outer loop
      vertex   2.774232e+01 1.959983e+01 2.586468e-01
      vertex   2.773431e+01 1.943799e+01 1.067497e-01
      vertex   2.755110e+01 1.940362e+01 1.637586e-01
    endloop
  endfacet
  facet normal -3.323641e-01 6.529938e-01 -6.805389e-01
    outer loop
      vertex   2.774232e+01 1.959983e+01 2.586468e-01
      vertex   2.755110e+01 1.940362e+01 1.637586e-01
      vertex   2.756576e+01 1.956232e+01 3.088829e-01
    endloop
  endfacet
  facet normal -1.040228e-01 6.763798e-01 -7.291705e-01
    outer loop
      vertex   2.756576e+01 1.956232e+01 3.088829e-01
      vertex   2.755110e+01 1.940362e+01 1.637586e-01
      vertex   2.731892e+01 1.950609e+01 2.919352e-01
    endloop
  endfacet
  facet normal -1.351119e-01 7.780042e-01 -6.135587e-01
    outer loop
      vertex   2.756576e+01 1.956232e+01 3.088829e-01
      vertex   2.731892e+01 1.950609e+01 2.919352e-01
      vertex   2.734889e+01 1.963078e+01 4.434399e-01
    endloop
  endfacet
  facet normal -2.889043e-01 2.003223e-01 -9.361652e-01
    outer loop
      vertex   2.741252e+01 1.880000e+01 -8.131516e-19
      vertex   2.757097e+01 1.913960e+01 2.376984e-02
      vertex   2.766160e+01 1.915922e+01 -9.540916e-17
    endloop
  endfacet
  facet normal -3.076592e-01 3.485347e-01 -8.853640e-01
    outer loop
      vertex   2.766160e+01 1.915922e+01 -9.540916e-17
      vertex   2.757097e+01 1.913960e+01 2.376984e-02
      vertex   2.755376e+01 1.927528e+01 8.315961e-02
    endloop
  endfacet
  facet normal -3.432519e-01 3.150733e-01 -8.848203e-01
    outer loop
      vertex   2.766160e+01 1.915922e+01 -9.540916e-17
      vertex   2.755376e+01 1.927528e+01 8.315961e-02
      vertex   2.774033e+01 1.930986e+01 2.309888e-02
    endloop
  endfacet
  facet normal -3.479714e-01 5.009815e-01 -7.924225e-01
    outer loop
      vertex   2.774033e+01 1.930986e+01 2.309888e-02
      vertex   2.755376e+01 1.927528e+01 8.315961e-02
      vertex   2.773431e+01 1.943799e+01 1.067497e-01
    endloop
  endfacet
  facet normal -5.176997e-01 4.505160e-01 -7.273392e-01
    outer loop
      vertex   2.774033e+01 1.930986e+01 2.309888e-02
      vertex   2.773431e+01 1.943799e+01 1.067497e-01
      vertex   2.790101e+01 1.949319e+01 2.228215e-02
    endloop
  endfacet
  facet normal -3.291852e-02 8.506008e-02 -9.958319e-01
    outer loop
      vertex   2.741252e+01 1.880000e+01 -8.131516e-19
      vertex   2.734227e+01 1.899263e+01 1.877596e-02
      vertex   2.757097e+01 1.913960e+01 2.376984e-02
    endloop
  endfacet
  facet normal -1.466335e-01 2.605970e-01 -9.542472e-01
    outer loop
      vertex   2.757097e+01 1.913960e+01 2.376984e-02
      vertex   2.734227e+01 1.899263e+01 1.877596e-02
      vertex   2.730693e+01 1.918009e+01 7.540030e-02
    endloop
  endfacet
  facet normal -1.198289e-01 3.853232e-01 -9.149683e-01
    outer loop
      vertex   2.757097e+01 1.913960e+01 2.376984e-02
      vertex   2.730693e+01 1.918009e+01 7.540030e-02
      vertex   2.755376e+01 1.927528e+01 8.315961e-02
    endloop
  endfacet
  facet normal -1.495916e-01 4.592936e-01 -8.755979e-01
    outer loop
      vertex   2.755376e+01 1.927528e+01 8.315961e-02
      vertex   2.730693e+01 1.918009e+01 7.540030e-02
      vertex   2.730142e+01 1.935392e+01 1.675254e-01
    endloop
  endfacet
  facet normal -1.174711e-01 5.264006e-01 -8.420825e-01
    outer loop
      vertex   2.755376e+01 1.927528e+01 8.315961e-02
      vertex   2.730142e+01 1.935392e+01 1.675254e-01
      vertex   2.755110e+01 1.940362e+01 1.637586e-01
    endloop
  endfacet
  facet normal -1.381035e-01 6.363711e-01 -7.589198e-01
    outer loop
      vertex   2.755110e+01 1.940362e+01 1.637586e-01
      vertex   2.730142e+01 1.935392e+01 1.675254e-01
      vertex   2.731892e+01 1.950609e+01 2.919352e-01
    endloop
  endfacet
  facet normal -8.574185e-02 9.214409e-01 -3.789393e-01
    outer loop
      vertex   2.759095e+01 1.969122e+01 4.903092e-01
      vertex   2.738037e+01 1.972345e+01 6.163250e-01
      vertex   2.761491e+01 1.978020e+01 7.012667e-01
    endloop
  endfacet
  facet normal -1.314807e-01 9.528124e-01 -2.736082e-01
    outer loop
      vertex   2.761491e+01 1.978020e+01 7.012667e-01
      vertex   2.738037e+01 1.972345e+01 6.163250e-01
      vertex   2.740388e+01 1.978065e+01 8.042321e-01
    endloop
  endfacet
  facet normal -8.177577e-02 9.817215e-01 -1.718590e-01
    outer loop
      vertex   2.761491e+01 1.978020e+01 7.012667e-01
      vertex   2.740388e+01 1.978065e+01 8.042321e-01
      vertex   2.762780e+01 1.982141e+01 9.305416e-01
    endloop
  endfacet
  facet normal -1.278999e-01 9.875145e-01 -9.196068e-02
    outer loop
      vertex   2.762780e+01 1.982141e+01 9.305416e-01
      vertex   2.740388e+01 1.978065e+01 8.042321e-01
      vertex   2.741252e+01 1.980000e+01 1.000000e+00
    endloop
  endfacet
  facet normal -1.118970e-01 9.928857e-01 -4.070594e-02
    outer loop
      vertex   2.762780e+01 1.982141e+01 9.305416e-01
      vertex   2.741252e+01 1.980000e+01 1.000000e+00
      vertex   2.763509e+01 1.982508e+01 1.000000e+00
    endloop
  endfacet
  facet normal -2.971885e-01 9.546252e-01 -1.922869e-02
    outer loop
      vertex   2.762780e+01 1.982141e+01 9.305416e-01
      vertex   2.763509e+01 1.982508e+01 1.000000e+00
      vertex   2.779003e+01 1.987181e+01 9.248834e-01
    endloop
  endfacet
  facet normal -3.288913e-01 9.396865e-01 -9.391345e-02
    outer loop
      vertex   2.779003e+01 1.987181e+01 9.248834e-01
      vertex   2.763509e+01 1.982508e+01 1.000000e+00
      vertex   2.784649e+01 1.989908e+01 1.000000e+00
    endloop
  endfacet
  facet normal -4.538827e-01 8.908845e-01 1.775549e-02
    outer loop
      vertex   2.779003e+01 1.987181e+01 9.248834e-01
      vertex   2.784649e+01 1.989908e+01 1.000000e+00
      vertex   2.794126e+01 1.994900e+01 9.176482e-01
    endloop
  endfacet
  facet normal -5.295457e-01 8.425283e-01 -9.862763e-02
    outer loop
      vertex   2.794126e+01 1.994900e+01 9.176482e-01
      vertex   2.784649e+01 1.989908e+01 1.000000e+00
      vertex   2.803613e+01 2.001826e+01 1.000000e+00
    endloop
  endfacet
  facet normal -5.982177e-01 8.011885e-01 1.525204e-02
    outer loop
      vertex   2.794126e+01 1.994900e+01 9.176482e-01
      vertex   2.803613e+01 2.001826e+01 1.000000e+00
      vertex   2.807722e+01 2.005068e+01 9.090485e-01
    endloop
  endfacet
  facet normal -7.056234e-01 7.053712e-01 -6.743179e-02
    outer loop
      vertex   2.807722e+01 2.005068e+01 9.090485e-01
      vertex   2.803613e+01 2.001826e+01 1.000000e+00
      vertex   2.819448e+01 2.017667e+01 1.000000e+00
    endloop
  endfacet
  facet normal -7.259510e-01 6.875476e-01 -1.653630e-02
    outer loop
      vertex   2.807722e+01 2.005068e+01 9.090485e-01
      vertex   2.819448e+01 2.017667e+01 1.000000e+00
      vertex   2.819403e+01 2.017377e+01 8.993417e-01
    endloop
  endfacet
  facet normal -8.152637e-01 5.789438e-01 -1.301072e-02
    outer loop
      vertex   2.819403e+01 2.017377e+01 8.993417e-01
      vertex   2.819448e+01 2.017667e+01 1.000000e+00
      vertex   2.825704e+01 2.026236e+01 8.926658e-01
    endloop
  endfacet
  facet normal -8.153347e-01 5.746306e-01 -7.091558e-02
    outer loop
      vertex   2.819403e+01 2.017377e+01 8.993417e-01
      vertex   2.825704e+01 2.026236e+01 8.926658e-01
      vertex   2.818657e+01 2.012217e+01 5.669419e-01
    endloop
  endfacet
  facet normal -8.207168e-01 5.674339e-01 -6.665364e-02
    outer loop
      vertex   2.818657e+01 2.012217e+01 5.669419e-01
      vertex   2.825704e+01 2.026236e+01 8.926658e-01
      vertex   2.824904e+01 2.020910e+01 5.378305e-01
    endloop
  endfacet
  facet normal -8.262435e-01 5.398470e-01 -1.608938e-01
    outer loop
      vertex   2.818657e+01 2.012217e+01 5.669419e-01
      vertex   2.824904e+01 2.020910e+01 5.378305e-01
      vertex   2.817367e+01 2.001115e+01 2.606688e-01
    endloop
  endfacet
  facet normal -8.367925e-01 5.269155e-01 -1.487896e-01
    outer loop
      vertex   2.817367e+01 2.001115e+01 2.606688e-01
      vertex   2.824904e+01 2.020910e+01 5.378305e-01
      vertex   2.823491e+01 2.009397e+01 2.095668e-01
    endloop
  endfacet
  facet normal -8.448361e-01 5.305750e-01 -6.886363e-02
    outer loop
      vertex   2.819448e+01 2.017667e+01 1.000000e+00
      vertex   2.831360e+01 2.036635e+01 1.000000e+00
      vertex   2.825704e+01 2.026236e+01 8.926658e-01
    endloop
  endfacet
  facet normal -8.868044e-01 4.617136e-01 1.996347e-02
    outer loop
      vertex   2.825704e+01 2.026236e+01 8.926658e-01
      vertex   2.831360e+01 2.036635e+01 1.000000e+00
      vertex   2.833519e+01 2.041293e+01 8.817454e-01
    endloop
  endfacet
  facet normal -8.879619e-01 4.573406e-01 -4.861232e-02
    outer loop
      vertex   2.825704e+01 2.026236e+01 8.926658e-01
      vertex   2.833519e+01 2.041293e+01 8.817454e-01
      vertex   2.824904e+01 2.020910e+01 5.378305e-01
    endloop
  endfacet
  facet normal -8.932602e-01 4.476182e-01 -4.152299e-02
    outer loop
      vertex   2.824904e+01 2.020910e+01 5.378305e-01
      vertex   2.833519e+01 2.041293e+01 8.817454e-01
      vertex   2.832537e+01 2.035700e+01 4.901234e-01
    endloop
  endfacet
  facet normal -8.972840e-01 4.272139e-01 -1.112188e-01
    outer loop
      vertex   2.824904e+01 2.020910e+01 5.378305e-01
      vertex   2.832537e+01 2.035700e+01 4.901234e-01
      vertex   2.823491e+01 2.009397e+01 2.095668e-01
    endloop
  endfacet
  facet normal -9.071590e-01 4.105212e-01 -9.238487e-02
    outer loop
      vertex   2.823491e+01 2.009397e+01 2.095668e-01
      vertex   2.832537e+01 2.035700e+01 4.901234e-01
      vertex   2.830730e+01 2.023503e+01 1.255075e-01
    endloop
  endfacet
  facet normal -9.431306e-01 3.297184e-01 -4.231290e-02
    outer loop
      vertex   2.831360e+01 2.036635e+01 1.000000e+00
      vertex   2.838751e+01 2.057778e+01 1.000000e+00
      vertex   2.833519e+01 2.041293e+01 8.817454e-01
    endloop
  endfacet
  facet normal -9.521703e-01 3.055332e-01 -4.597968e-03
    outer loop
      vertex   2.833519e+01 2.041293e+01 8.817454e-01
      vertex   2.838751e+01 2.057778e+01 1.000000e+00
      vertex   2.838449e+01 2.056443e+01 7.385821e-01
    endloop
  endfacet
  facet normal -9.556418e-01 2.939798e-01 -1.801978e-02
    outer loop
      vertex   2.833519e+01 2.041293e+01 8.817454e-01
      vertex   2.838449e+01 2.056443e+01 7.385821e-01
      vertex   2.832537e+01 2.035700e+01 4.901234e-01
    endloop
  endfacet
  facet normal -9.576702e-01 2.876081e-01 -1.221778e-02
    outer loop
      vertex   2.832537e+01 2.035700e+01 4.901234e-01
      vertex   2.838449e+01 2.056443e+01 7.385821e-01
      vertex   2.837582e+01 2.052465e+01 4.818462e-01
    endloop
  endfacet
  facet normal -9.576186e-01 2.869738e-01 -2.475139e-02
    outer loop
      vertex   2.832537e+01 2.035700e+01 4.901234e-01
      vertex   2.837582e+01 2.052465e+01 4.818462e-01
      vertex   2.836261e+01 2.045922e+01 2.342848e-01
    endloop
  endfacet
  facet normal -9.657403e-01 2.567095e-01 -3.802582e-02
    outer loop
      vertex   2.832537e+01 2.035700e+01 4.901234e-01
      vertex   2.836261e+01 2.045922e+01 2.342848e-01
      vertex   2.830730e+01 2.023503e+01 1.255075e-01
    endloop
  endfacet
  facet normal -3.032100e-01 8.887524e-01 -3.437774e-01
    outer loop
      vertex   2.776074e+01 1.973397e+01 4.510644e-01
      vertex   2.759095e+01 1.969122e+01 4.903092e-01
      vertex   2.777960e+01 1.982793e+01 6.773592e-01
    endloop
  endfacet
  facet normal -3.069743e-01 8.888838e-01 -3.400771e-01
    outer loop
      vertex   2.777960e+01 1.982793e+01 6.773592e-01
      vertex   2.759095e+01 1.969122e+01 4.903092e-01
      vertex   2.761491e+01 1.978020e+01 7.012667e-01
    endloop
  endfacet
  facet normal -2.956498e-01 9.426976e-01 -1.546365e-01
    outer loop
      vertex   2.777960e+01 1.982793e+01 6.773592e-01
      vertex   2.761491e+01 1.978020e+01 7.012667e-01
      vertex   2.779003e+01 1.987181e+01 9.248834e-01
    endloop
  endfacet
  facet normal -2.980074e-01 9.422837e-01 -1.526208e-01
    outer loop
      vertex   2.779003e+01 1.987181e+01 9.248834e-01
      vertex   2.761491e+01 1.978020e+01 7.012667e-01
      vertex   2.762780e+01 1.982141e+01 9.305416e-01
    endloop
  endfacet
  facet normal -4.680928e-01 8.297372e-01 -3.040152e-01
    outer loop
      vertex   2.791765e+01 1.980322e+01 3.984876e-01
      vertex   2.776074e+01 1.973397e+01 4.510644e-01
      vertex   2.793269e+01 1.990251e+01 6.463365e-01
    endloop
  endfacet
  facet normal -4.663675e-01 8.300509e-01 -3.058053e-01
    outer loop
      vertex   2.793269e+01 1.990251e+01 6.463365e-01
      vertex   2.776074e+01 1.973397e+01 4.510644e-01
      vertex   2.777960e+01 1.982793e+01 6.773592e-01
    endloop
  endfacet
  facet normal -4.560751e-01 8.794478e-01 -1.362614e-01
    outer loop
      vertex   2.793269e+01 1.990251e+01 6.463365e-01
      vertex   2.777960e+01 1.982793e+01 6.773592e-01
      vertex   2.794126e+01 1.994900e+01 9.176482e-01
    endloop
  endfacet
  facet normal -4.555405e-01 8.796529e-01 -1.367244e-01
    outer loop
      vertex   2.794126e+01 1.994900e+01 9.176482e-01
      vertex   2.777960e+01 1.982793e+01 6.773592e-01
      vertex   2.779003e+01 1.987181e+01 9.248834e-01
    endloop
  endfacet
  facet normal -7.467487e-01 6.347502e-01 -1.986419e-01
    outer loop
      vertex   2.818657e+01 2.012217e+01 5.669419e-01
      vertex   2.817367e+01 2.001115e+01 2.606688e-01
      vertex   2.805678e+01 1.989667e+01 3.343052e-01
    endloop
  endfacet
  facet normal -6.174925e-01 7.440553e-01 -2.551170e-01
    outer loop
      vertex   2.805678e+01 1.989667e+01 3.343052e-01
      vertex   2.791765e+01 1.980322e+01 3.984876e-01
      vertex   2.806970e+01 2.000163e+01 6.091448e-01
    endloop
  endfacet
  facet normal -6.113358e-01 7.467184e-01 -2.620691e-01
    outer loop
      vertex   2.806970e+01 2.000163e+01 6.091448e-01
      vertex   2.791765e+01 1.980322e+01 3.984876e-01
      vertex   2.793269e+01 1.990251e+01 6.463365e-01
    endloop
  endfacet
  facet normal -6.024486e-01 7.899635e-01 -1.140761e-01
    outer loop
      vertex   2.806970e+01 2.000163e+01 6.091448e-01
      vertex   2.793269e+01 1.990251e+01 6.463365e-01
      vertex   2.807722e+01 2.005068e+01 9.090485e-01
    endloop
  endfacet
  facet normal -5.995369e-01 7.917919e-01 -1.167093e-01
    outer loop
      vertex   2.807722e+01 2.005068e+01 9.090485e-01
      vertex   2.793269e+01 1.990251e+01 6.463365e-01
      vertex   2.794126e+01 1.994900e+01 9.176482e-01
    endloop
  endfacet
  facet normal -3.415036e-01 4.947742e-01 -7.991081e-01
    outer loop
      vertex   2.755110e+01 1.940362e+01 1.637586e-01
      vertex   2.773431e+01 1.943799e+01 1.067497e-01
      vertex   2.755376e+01 1.927528e+01 8.315961e-02
    endloop
  endfacet
  facet normal -7.304574e-01 6.771687e-01 -8.873885e-02
    outer loop
      vertex   2.819403e+01 2.017377e+01 8.993417e-01
      vertex   2.818657e+01 2.012217e+01 5.669419e-01
      vertex   2.806970e+01 2.000163e+01 6.091448e-01
    endloop
  endfacet
  facet normal -7.376581e-01 6.415772e-01 -2.103310e-01
    outer loop
      vertex   2.806970e+01 2.000163e+01 6.091448e-01
      vertex   2.818657e+01 2.012217e+01 5.669419e-01
      vertex   2.805678e+01 1.989667e+01 3.343052e-01
    endloop
  endfacet
  facet normal -7.259005e-01 6.814516e-01 -9.323170e-02
    outer loop
      vertex   2.819403e+01 2.017377e+01 8.993417e-01
      vertex   2.806970e+01 2.000163e+01 6.091448e-01
      vertex   2.807722e+01 2.005068e+01 9.090485e-01
    endloop
  endfacet
  facet normal -9.682236e-01 2.483792e-01 -2.917002e-02
    outer loop
      vertex   2.834662e+01 2.036937e+01 1.377804e-13
      vertex   2.836261e+01 2.045922e+01 2.342848e-01
      vertex   2.849899e+01 2.096333e+01 0.000000e+00
    endloop
  endfacet
  facet normal -9.669888e-01 2.543393e-01 -1.562687e-02
    outer loop
      vertex   2.849899e+01 2.096333e+01 0.000000e+00
      vertex   2.836261e+01 2.045922e+01 2.342848e-01
      vertex   2.837582e+01 2.052465e+01 4.818462e-01
    endloop
  endfacet
  facet normal -9.649986e-01 2.621323e-01 -8.023168e-03
    outer loop
      vertex   2.849899e+01 2.096333e+01 0.000000e+00
      vertex   2.837582e+01 2.052465e+01 4.818462e-01
      vertex   2.838449e+01 2.056443e+01 7.385821e-01
    endloop
  endfacet
  facet normal -9.625119e-01 2.712257e-01 -2.726332e-03
    outer loop
      vertex   2.838449e+01 2.056443e+01 7.385821e-01
      vertex   2.838751e+01 2.057778e+01 1.000000e+00
      vertex   2.849899e+01 2.096333e+01 0.000000e+00
    endloop
  endfacet
  facet normal -9.606509e-01 2.777587e-01 3.046751e-12
    outer loop
      vertex   2.849899e+01 2.096333e+01 0.000000e+00
      vertex   2.838751e+01 2.057778e+01 1.000000e+00
      vertex   2.849899e+01 2.096333e+01 8.000000e+00
    endloop
  endfacet
  facet normal -9.104031e-01 4.137224e-01 -4.655129e-12
    outer loop
      vertex   2.849899e+01 2.096333e+01 0.000000e+00
      vertex   2.849899e+01 2.096333e+01 8.000000e+00
      vertex   2.875268e+01 2.152159e+01 0.000000e+00
    endloop
  endfacet
  facet normal -9.104031e-01 4.137224e-01 4.608734e-12
    outer loop
      vertex   2.875268e+01 2.152159e+01 0.000000e+00
      vertex   2.849899e+01 2.096333e+01 8.000000e+00
      vertex   2.875268e+01 2.152159e+01 8.000000e+00
    endloop
  endfacet
  facet normal -8.242261e-01 5.662609e-01 -4.610098e-12
    outer loop
      vertex   2.875268e+01 2.152159e+01 0.000000e+00
      vertex   2.875268e+01 2.152159e+01 8.000000e+00
      vertex   2.909991e+01 2.202700e+01 0.000000e+00
    endloop
  endfacet
  facet normal -8.242261e-01 5.662609e-01 4.563596e-12
    outer loop
      vertex   2.909991e+01 2.202700e+01 0.000000e+00
      vertex   2.875268e+01 2.152159e+01 8.000000e+00
      vertex   2.909991e+01 2.202700e+01 8.000000e+00
    endloop
  endfacet
  facet normal -7.127499e-01 7.014183e-01 -4.564009e-12
    outer loop
      vertex   2.909991e+01 2.202700e+01 0.000000e+00
      vertex   2.909991e+01 2.202700e+01 8.000000e+00
      vertex   2.953002e+01 2.246405e+01 0.000000e+00
    endloop
  endfacet
  facet normal -7.127499e-01 7.014183e-01 4.517942e-12
    outer loop
      vertex   2.953002e+01 2.246405e+01 0.000000e+00
      vertex   2.909991e+01 2.202700e+01 8.000000e+00
      vertex   2.953002e+01 2.246405e+01 8.000000e+00
    endloop
  endfacet
  facet normal -5.793962e-01 8.150461e-01 -4.518541e-12
    outer loop
      vertex   2.953002e+01 2.246405e+01 0.000000e+00
      vertex   2.953002e+01 2.246405e+01 8.000000e+00
      vertex   3.002980e+01 2.281934e+01 0.000000e+00
    endloop
  endfacet
  facet normal -5.793962e-01 8.150461e-01 4.472566e-12
    outer loop
      vertex   3.002980e+01 2.281934e+01 0.000000e+00
      vertex   2.953002e+01 2.246405e+01 8.000000e+00
      vertex   3.002980e+01 2.281934e+01 8.000000e+00
    endloop
  endfacet
  facet normal -4.282582e-01 9.036564e-01 -4.472726e-12
    outer loop
      vertex   3.002980e+01 2.281934e+01 0.000000e+00
      vertex   3.002980e+01 2.281934e+01 8.000000e+00
      vertex   3.058392e+01 2.308194e+01 0.000000e+00
    endloop
  endfacet
  facet normal -4.282582e-01 9.036564e-01 4.427444e-12
    outer loop
      vertex   3.058392e+01 2.308194e+01 0.000000e+00
      vertex   3.002980e+01 2.281934e+01 8.000000e+00
      vertex   3.058392e+01 2.308194e+01 8.000000e+00
    endloop
  endfacet
  facet normal -2.639751e-01 9.645295e-01 -4.426763e-12
    outer loop
      vertex   3.058392e+01 2.308194e+01 0.000000e+00
      vertex   3.058392e+01 2.308194e+01 8.000000e+00
      vertex   3.117536e+01 2.324381e+01 0.000000e+00
    endloop
  endfacet
  facet normal -2.639751e-01 9.645295e-01 4.381492e-12
    outer loop
      vertex   3.117536e+01 2.324381e+01 0.000000e+00
      vertex   3.058392e+01 2.308194e+01 8.000000e+00
      vertex   3.117536e+01 2.324381e+01 8.000000e+00
    endloop
  endfacet
  facet normal -9.158943e-02 9.957969e-01 -4.381557e-12
    outer loop
      vertex   3.117536e+01 2.324381e+01 0.000000e+00
      vertex   3.117536e+01 2.324381e+01 8.000000e+00
      vertex   3.178598e+01 2.329997e+01 0.000000e+00
    endloop
  endfacet
  facet normal -9.158943e-02 9.957969e-01 4.335313e-12
    outer loop
      vertex   3.178598e+01 2.329997e+01 0.000000e+00
      vertex   3.117536e+01 2.324381e+01 8.000000e+00
      vertex   3.178598e+01 2.329997e+01 8.000000e+00
    endloop
  endfacet
  facet normal 8.360754e-02 9.964988e-01 -4.336603e-12
    outer loop
      vertex   3.178598e+01 2.329997e+01 0.000000e+00
      vertex   3.178598e+01 2.329997e+01 8.000000e+00
      vertex   3.239703e+01 2.324870e+01 0.000000e+00
    endloop
  endfacet
  facet normal 8.360754e-02 9.964988e-01 4.290568e-12
    outer loop
      vertex   3.239703e+01 2.324870e+01 0.000000e+00
      vertex   3.178598e+01 2.329997e+01 8.000000e+00
      vertex   3.239703e+01 2.324870e+01 8.000000e+00
    endloop
  endfacet
  facet normal 2.562382e-01 9.666137e-01 -4.290126e-12
    outer loop
      vertex   3.239703e+01 2.324870e+01 0.000000e+00
      vertex   3.239703e+01 2.324870e+01 8.000000e+00
      vertex   3.298975e+01 2.309158e+01 0.000000e+00
    endloop
  endfacet
  facet normal 2.562382e-01 9.666137e-01 4.244838e-12
    outer loop
      vertex   3.298975e+01 2.309158e+01 0.000000e+00
      vertex   3.239703e+01 2.324870e+01 8.000000e+00
      vertex   3.298975e+01 2.309158e+01 8.000000e+00
    endloop
  endfacet
  facet normal 4.210038e-01 9.070589e-01 -4.244608e-12
    outer loop
      vertex   3.298975e+01 2.309158e+01 0.000000e+00
      vertex   3.298975e+01 2.309158e+01 8.000000e+00
      vertex   3.354595e+01 2.283342e+01 0.000000e+00
    endloop
  endfacet
  facet normal 4.210038e-01 9.070589e-01 4.199999e-12
    outer loop
      vertex   3.354595e+01 2.283342e+01 0.000000e+00
      vertex   3.298975e+01 2.309158e+01 8.000000e+00
      vertex   3.354595e+01 2.283342e+01 8.000000e+00
    endloop
  endfacet
  facet normal 5.728469e-01 8.196624e-01 -4.198328e-12
    outer loop
      vertex   3.354595e+01 2.283342e+01 0.000000e+00
      vertex   3.354595e+01 2.283342e+01 8.000000e+00
      vertex   3.404856e+01 2.248216e+01 0.000000e+00
    endloop
  endfacet
  facet normal 5.728469e-01 8.196624e-01 4.152809e-12
    outer loop
      vertex   3.404856e+01 2.248216e+01 0.000000e+00
      vertex   3.354595e+01 2.283342e+01 8.000000e+00
      vertex   3.404856e+01 2.248216e+01 8.000000e+00
    endloop
  endfacet
  facet normal 7.071068e-01 7.071068e-01 -4.154465e-12
    outer loop
      vertex   3.404856e+01 2.248216e+01 0.000000e+00
      vertex   3.404856e+01 2.248216e+01 8.000000e+00
      vertex   3.448216e+01 2.204856e+01 0.000000e+00
    endloop
  endfacet
  facet normal 7.071068e-01 7.071068e-01 4.107990e-12
    outer loop
      vertex   3.448216e+01 2.204856e+01 0.000000e+00
      vertex   3.404856e+01 2.248216e+01 8.000000e+00
      vertex   3.448216e+01 2.204856e+01 8.000000e+00
    endloop
  endfacet
  facet normal 8.196624e-01 5.728469e-01 -4.108034e-12
    outer loop
      vertex   3.448216e+01 2.204856e+01 0.000000e+00
      vertex   3.448216e+01 2.204856e+01 8.000000e+00
      vertex   3.483342e+01 2.154595e+01 0.000000e+00
    endloop
  endfacet
  facet normal 8.196624e-01 5.728469e-01 4.062157e-12
    outer loop
      vertex   3.483342e+01 2.154595e+01 0.000000e+00
      vertex   3.448216e+01 2.204856e+01 8.000000e+00
      vertex   3.483342e+01 2.154595e+01 8.000000e+00
    endloop
  endfacet
  facet normal 9.070589e-01 4.210038e-01 -4.062764e-12
    outer loop
      vertex   3.483342e+01 2.154595e+01 0.000000e+00
      vertex   3.483342e+01 2.154595e+01 8.000000e+00
      vertex   3.509158e+01 2.098975e+01 0.000000e+00
    endloop
  endfacet
  facet normal 9.070589e-01 4.210038e-01 4.017625e-12
    outer loop
      vertex   3.509158e+01 2.098975e+01 0.000000e+00
      vertex   3.483342e+01 2.154595e+01 8.000000e+00
      vertex   3.509158e+01 2.098975e+01 8.000000e+00
    endloop
  endfacet
  facet normal 9.666137e-01 2.562382e-01 -4.016087e-12
    outer loop
      vertex   3.509158e+01 2.098975e+01 0.000000e+00
      vertex   3.509158e+01 2.098975e+01 8.000000e+00
      vertex   3.524870e+01 2.039703e+01 0.000000e+00
    endloop
  endfacet
  facet normal 9.666137e-01 2.562382e-01 3.971107e-12
    outer loop
      vertex   3.524870e+01 2.039703e+01 0.000000e+00
      vertex   3.509158e+01 2.098975e+01 8.000000e+00
      vertex   3.524870e+01 2.039703e+01 8.000000e+00
    endloop
  endfacet
  facet normal 9.964988e-01 8.360754e-02 -3.971503e-12
    outer loop
      vertex   3.524870e+01 2.039703e+01 0.000000e+00
      vertex   3.524870e+01 2.039703e+01 8.000000e+00
      vertex   3.529997e+01 1.978598e+01 0.000000e+00
    endloop
  endfacet
  facet normal 9.964988e-01 8.360754e-02 3.925529e-12
    outer loop
      vertex   3.529997e+01 1.978598e+01 0.000000e+00
      vertex   3.524870e+01 2.039703e+01 8.000000e+00
      vertex   3.529997e+01 1.978598e+01 8.000000e+00
    endloop
  endfacet
  facet normal 9.957969e-01 -9.158943e-02 -3.925784e-12
    outer loop
      vertex   3.529997e+01 1.978598e+01 0.000000e+00
      vertex   3.529997e+01 1.978598e+01 8.000000e+00
      vertex   3.524381e+01 1.917536e+01 0.000000e+00
    endloop
  endfacet
  facet normal 9.957969e-01 -9.158943e-02 3.879829e-12
    outer loop
      vertex   3.524381e+01 1.917536e+01 0.000000e+00
      vertex   3.529997e+01 1.978598e+01 8.000000e+00
      vertex   3.524381e+01 1.917536e+01 8.000000e+00
    endloop
  endfacet
  facet normal 9.645295e-01 -2.639751e-01 -3.880404e-12
    outer loop
      vertex   3.524381e+01 1.917536e+01 0.000000e+00
      vertex   3.524381e+01 1.917536e+01 8.000000e+00
      vertex   3.508194e+01 1.858392e+01 0.000000e+00
    endloop
  endfacet
  facet normal 9.645295e-01 -2.639751e-01 3.833521e-12
    outer loop
      vertex   3.508194e+01 1.858392e+01 0.000000e+00
      vertex   3.524381e+01 1.917536e+01 8.000000e+00
      vertex   3.508194e+01 1.858392e+01 8.000000e+00
    endloop
  endfacet
  facet normal 9.036564e-01 -4.282582e-01 -3.835537e-12
    outer loop
      vertex   3.508194e+01 1.858392e+01 0.000000e+00
      vertex   3.508194e+01 1.858392e+01 8.000000e+00
      vertex   3.481934e+01 1.802980e+01 0.000000e+00
    endloop
  endfacet
  facet normal 9.036564e-01 -4.282582e-01 3.789328e-12
    outer loop
      vertex   3.481934e+01 1.802980e+01 0.000000e+00
      vertex   3.508194e+01 1.858392e+01 8.000000e+00
      vertex   3.481934e+01 1.802980e+01 8.000000e+00
    endloop
  endfacet
  facet normal 8.150461e-01 -5.793962e-01 -3.788626e-12
    outer loop
      vertex   3.481934e+01 1.802980e+01 0.000000e+00
      vertex   3.481934e+01 1.802980e+01 8.000000e+00
      vertex   3.446405e+01 1.753002e+01 0.000000e+00
    endloop
  endfacet
  facet normal 8.150461e-01 -5.793962e-01 3.743810e-12
    outer loop
      vertex   3.446405e+01 1.753002e+01 0.000000e+00
      vertex   3.481934e+01 1.802980e+01 8.000000e+00
      vertex   3.446405e+01 1.753002e+01 8.000000e+00
    endloop
  endfacet
  facet normal 7.014183e-01 -7.127499e-01 -3.742971e-12
    outer loop
      vertex   3.446405e+01 1.753002e+01 0.000000e+00
      vertex   3.446405e+01 1.753002e+01 8.000000e+00
      vertex   3.402700e+01 1.709991e+01 0.000000e+00
    endloop
  endfacet
  facet normal 7.014183e-01 -7.127499e-01 3.698011e-12
    outer loop
      vertex   3.402700e+01 1.709991e+01 0.000000e+00
      vertex   3.446405e+01 1.753002e+01 8.000000e+00
      vertex   3.402700e+01 1.709991e+01 8.000000e+00
    endloop
  endfacet
  facet normal 5.662609e-01 -8.242261e-01 -3.697534e-12
    outer loop
      vertex   3.402700e+01 1.709991e+01 0.000000e+00
      vertex   3.402700e+01 1.709991e+01 8.000000e+00
      vertex   3.352159e+01 1.675268e+01 0.000000e+00
    endloop
  endfacet
  facet normal 5.662609e-01 -8.242261e-01 3.651788e-12
    outer loop
      vertex   3.352159e+01 1.675268e+01 0.000000e+00
      vertex   3.402700e+01 1.709991e+01 8.000000e+00
      vertex   3.352159e+01 1.675268e+01 8.000000e+00
    endloop
  endfacet
  facet normal 4.137224e-01 -9.104031e-01 -3.652485e-12
    outer loop
      vertex   3.352159e+01 1.675268e+01 0.000000e+00
      vertex   3.352159e+01 1.675268e+01 8.000000e+00
      vertex   3.296333e+01 1.649899e+01 0.000000e+00
    endloop
  endfacet
  facet normal 4.137224e-01 -9.104031e-01 3.606810e-12
    outer loop
      vertex   3.296333e+01 1.649899e+01 0.000000e+00
      vertex   3.352159e+01 1.675268e+01 8.000000e+00
      vertex   3.296333e+01 1.649899e+01 8.000000e+00
    endloop
  endfacet
  facet normal 2.777587e-01 -9.606509e-01 -2.360438e-12
    outer loop
      vertex   3.296333e+01 1.649899e+01 0.000000e+00
      vertex   3.296333e+01 1.649899e+01 8.000000e+00
      vertex   3.257778e+01 1.638751e+01 7.000000e+00
    endloop
  endfacet
  facet normal 2.712257e-01 -9.625119e-01 2.726332e-03
    outer loop
      vertex   3.257778e+01 1.638751e+01 7.000000e+00
      vertex   3.296333e+01 1.649899e+01 8.000000e+00
      vertex   3.256443e+01 1.638449e+01 7.261418e+00
    endloop
  endfacet
  facet normal 2.621323e-01 -9.649986e-01 8.023168e-03
    outer loop
      vertex   3.256443e+01 1.638449e+01 7.261418e+00
      vertex   3.296333e+01 1.649899e+01 8.000000e+00
      vertex   3.252465e+01 1.637582e+01 7.518154e+00
    endloop
  endfacet
  facet normal 2.543393e-01 -9.669888e-01 1.562687e-02
    outer loop
      vertex   3.252465e+01 1.637582e+01 7.518154e+00
      vertex   3.296333e+01 1.649899e+01 8.000000e+00
      vertex   3.245922e+01 1.636261e+01 7.765715e+00
    endloop
  endfacet
  facet normal 2.483792e-01 -9.682236e-01 2.917002e-02
    outer loop
      vertex   3.245922e+01 1.636261e+01 7.765715e+00
      vertex   3.296333e+01 1.649899e+01 8.000000e+00
      vertex   3.236937e+01 1.634662e+01 8.000000e+00
    endloop
  endfacet
  facet normal -9.606509e-01 2.777587e-01 3.289324e-16
    outer loop
      vertex   2.838751e+01 2.057778e+01 1.000000e+00
      vertex   2.838751e+01 2.057778e+01 7.000000e+00
      vertex   2.849899e+01 2.096333e+01 8.000000e+00
    endloop
  endfacet
  facet normal -9.621120e-01 2.726460e-01 2.134123e-03
    outer loop
      vertex   2.849899e+01 2.096333e+01 8.000000e+00
      vertex   2.838751e+01 2.057778e+01 7.000000e+00
      vertex   2.838427e+01 2.056428e+01 7.261286e+00
    endloop
  endfacet
  facet normal -9.647471e-01 2.630655e-01 7.718824e-03
    outer loop
      vertex   2.849899e+01 2.096333e+01 8.000000e+00
      vertex   2.838427e+01 2.056428e+01 7.261286e+00
      vertex   2.837545e+01 2.052441e+01 7.517898e+00
    endloop
  endfacet
  facet normal -9.669824e-01 2.543247e-01 1.624963e-02
    outer loop
      vertex   2.837545e+01 2.052441e+01 7.517898e+00
      vertex   2.836244e+01 2.045912e+01 7.765561e+00
      vertex   2.849899e+01 2.096333e+01 8.000000e+00
    endloop
  endfacet
  facet normal -9.682068e-01 2.483748e-01 2.975922e-02
    outer loop
      vertex   2.849899e+01 2.096333e+01 8.000000e+00
      vertex   2.836244e+01 2.045912e+01 7.765561e+00
      vertex   2.834662e+01 2.036937e+01 8.000000e+00
    endloop
  endfacet
  facet normal 2.777587e-01 -9.606509e-01 0.000000e+00
    outer loop
      vertex   3.257778e+01 1.638751e+01 7.000000e+00
      vertex   3.257778e+01 1.638751e+01 1.000000e+00
      vertex   3.296333e+01 1.649899e+01 0.000000e+00
    endloop
  endfacet
  facet normal 2.726457e-01 -9.621121e-01 -2.134267e-03
    outer loop
      vertex   3.296333e+01 1.649899e+01 0.000000e+00
      vertex   3.257778e+01 1.638751e+01 1.000000e+00
      vertex   3.256428e+01 1.638427e+01 7.387130e-01
    endloop
  endfacet
  facet normal 2.630651e-01 -9.647472e-01 -7.718986e-03
    outer loop
      vertex   3.296333e+01 1.649899e+01 0.000000e+00
      vertex   3.256428e+01 1.638427e+01 7.387130e-01
      vertex   3.252441e+01 1.637545e+01 4.820998e-01
    endloop
  endfacet
  facet normal 2.543246e-01 -9.669824e-01 -1.624963e-02
    outer loop
      vertex   3.252441e+01 1.637545e+01 4.820998e-01
      vertex   3.245912e+01 1.636244e+01 2.344367e-01
      vertex   3.296333e+01 1.649899e+01 0.000000e+00
    endloop
  endfacet
  facet normal 2.483748e-01 -9.682068e-01 -2.975911e-02
    outer loop
      vertex   3.296333e+01 1.649899e+01 0.000000e+00
      vertex   3.245912e+01 1.636244e+01 2.344367e-01
      vertex   3.236937e+01 1.634662e+01 3.574284e-10
    endloop
  endfacet
  facet normal 9.439627e-01 3.300093e-01 -5.323625e-03
    outer loop
      vertex   -2.838751e+01 2.057778e+01 1.000000e+00
      vertex   -2.831360e+01 2.036635e+01 1.000000e+00
      vertex   -2.838427e+01 2.056428e+01 7.387139e-01
    endloop
  endfacet
  facet normal 9.519478e-01 3.051261e-01 -2.633295e-02
    outer loop
      vertex   -2.838427e+01 2.056428e+01 7.387139e-01
      vertex   -2.831360e+01 2.036635e+01 1.000000e+00
      vertex   -2.832957e+01 2.038400e+01 6.270517e-01
    endloop
  endfacet
  facet normal 9.544886e-01 2.979423e-01 -1.348999e-02
    outer loop
      vertex   -2.838427e+01 2.056428e+01 7.387139e-01
      vertex   -2.832957e+01 2.038400e+01 6.270517e-01
      vertex   -2.837545e+01 2.052441e+01 4.821021e-01
    endloop
  endfacet
  facet normal 9.597854e-01 2.786908e-01 -3.381532e-02
    outer loop
      vertex   -2.837545e+01 2.052441e+01 4.821021e-01
      vertex   -2.832957e+01 2.038400e+01 6.270517e-01
      vertex   -2.831312e+01 2.028018e+01 2.384476e-01
    endloop
  endfacet
  facet normal 9.639802e-01 2.652735e-01 -1.929347e-02
    outer loop
      vertex   -2.837545e+01 2.052441e+01 4.821021e-01
      vertex   -2.831312e+01 2.028018e+01 2.384476e-01
      vertex   -2.836244e+01 2.045912e+01 2.344393e-01
    endloop
  endfacet
  facet normal 9.636200e-01 2.647920e-01 -3.635370e-02
    outer loop
      vertex   -2.836244e+01 2.045912e+01 2.344393e-01
      vertex   -2.831312e+01 2.028018e+01 2.384476e-01
      vertex   -2.834662e+01 2.036937e+01 4.716389e-10
    endloop
  endfacet
  facet normal 9.646886e-01 2.606286e-01 -3.806116e-02
    outer loop
      vertex   -2.834662e+01 2.036937e+01 4.716389e-10
      vertex   -2.831312e+01 2.028018e+01 2.384476e-01
      vertex   -2.827085e+01 2.008891e+01 -7.592455e-16
    endloop
  endfacet
  facet normal 9.083195e-01 3.898086e-01 -1.516737e-01
    outer loop
      vertex   -2.827085e+01 2.008891e+01 -7.592455e-16
      vertex   -2.831312e+01 2.028018e+01 2.384476e-01
      vertex   -2.823919e+01 2.013619e+01 3.111200e-01
    endloop
  endfacet
  facet normal 9.127199e-01 3.798172e-01 -1.506033e-01
    outer loop
      vertex   -2.827085e+01 2.008891e+01 -7.592455e-16
      vertex   -2.823919e+01 2.013619e+01 3.111200e-01
      vertex   -2.822494e+01 1.997897e+01 9.919182e-04
    endloop
  endfacet
  facet normal 8.387603e-01 5.002357e-01 -2.150472e-01
    outer loop
      vertex   -2.822494e+01 1.997897e+01 9.919182e-04
      vertex   -2.823919e+01 2.013619e+01 3.111200e-01
      vertex   -2.817767e+01 2.005197e+01 3.551747e-01
    endloop
  endfacet
  facet normal 8.531927e-01 4.765303e-01 -2.120876e-01
    outer loop
      vertex   -2.822494e+01 1.997897e+01 9.919182e-04
      vertex   -2.817767e+01 2.005197e+01 3.551747e-01
      vertex   -2.816513e+01 1.990126e+01 6.699900e-02
    endloop
  endfacet
  facet normal 7.507316e-01 5.982404e-01 -2.801973e-01
    outer loop
      vertex   -2.816513e+01 1.990126e+01 6.699900e-02
      vertex   -2.817767e+01 2.005197e+01 3.551747e-01
      vertex   -2.806063e+01 1.993502e+01 4.190302e-01
    endloop
  endfacet
  facet normal 7.641021e-01 5.799905e-01 -2.824164e-01
    outer loop
      vertex   -2.816513e+01 1.990126e+01 6.699900e-02
      vertex   -2.806063e+01 1.993502e+01 4.190302e-01
      vertex   -2.804823e+01 1.979350e+01 1.619537e-01
    endloop
  endfacet
  facet normal 6.236807e-01 6.970997e-01 -3.536585e-01
    outer loop
      vertex   -2.804823e+01 1.979350e+01 1.619537e-01
      vertex   -2.806063e+01 1.993502e+01 4.190302e-01
      vertex   -2.792208e+01 1.983938e+01 4.748668e-01
    endloop
  endfacet
  facet normal 6.333458e-01 6.870780e-01 -3.560856e-01
    outer loop
      vertex   -2.804823e+01 1.979350e+01 1.619537e-01
      vertex   -2.792208e+01 1.983938e+01 4.748668e-01
      vertex   -2.790708e+01 1.970582e+01 2.438397e-01
    endloop
  endfacet
  facet normal 4.765869e-01 7.741497e-01 -4.166020e-01
    outer loop
      vertex   -2.790708e+01 1.970582e+01 2.438397e-01
      vertex   -2.792208e+01 1.983938e+01 4.748668e-01
      vertex   -2.776632e+01 1.976824e+01 5.208490e-01
    endloop
  endfacet
  facet normal 4.805980e-01 7.709530e-01 -4.179198e-01
    outer loop
      vertex   -2.790708e+01 1.970582e+01 2.438397e-01
      vertex   -2.776632e+01 1.976824e+01 5.208490e-01
      vertex   -2.774646e+01 1.964141e+01 3.097224e-01
    endloop
  endfacet
  facet normal 3.140604e-01 8.265964e-01 -4.670167e-01
    outer loop
      vertex   -2.774646e+01 1.964141e+01 3.097224e-01
      vertex   -2.776632e+01 1.976824e+01 5.208490e-01
      vertex   -2.759814e+01 1.972391e+01 5.554962e-01
    endloop
  endfacet
  facet normal 3.110137e-01 8.284354e-01 -4.657954e-01
    outer loop
      vertex   -2.774646e+01 1.964141e+01 3.097224e-01
      vertex   -2.759814e+01 1.972391e+01 5.554962e-01
      vertex   -2.757172e+01 1.960255e+01 3.572927e-01
    endloop
  endfacet
  facet normal 8.938840e-02 8.546788e-01 -5.114039e-01
    outer loop
      vertex   -2.757172e+01 1.960255e+01 3.572927e-01
      vertex   -2.759814e+01 1.972391e+01 5.554962e-01
      vertex   -2.734888e+01 1.963079e+01 4.434328e-01
    endloop
  endfacet
  facet normal 1.393222e-01 7.762278e-01 -6.148656e-01
    outer loop
      vertex   -2.757172e+01 1.960255e+01 3.572927e-01
      vertex   -2.734888e+01 1.963079e+01 4.434328e-01
      vertex   -2.731943e+01 1.950571e+01 2.921939e-01
    endloop
  endfacet
  facet normal 8.897129e-01 4.562215e-01 -1.651650e-02
    outer loop
      vertex   -2.832957e+01 2.038400e+01 6.270517e-01
      vertex   -2.831360e+01 2.036635e+01 1.000000e+00
      vertex   -2.825227e+01 2.023451e+01 6.618719e-01
    endloop
  endfacet
  facet normal 8.456247e-01 5.310702e-01 -5.369631e-02
    outer loop
      vertex   -2.825227e+01 2.023451e+01 6.618719e-01
      vertex   -2.831360e+01 2.036635e+01 1.000000e+00
      vertex   -2.819448e+01 2.017667e+01 1.000000e+00
    endloop
  endfacet
  facet normal 8.176379e-01 5.742331e-01 -4.152924e-02
    outer loop
      vertex   -2.825227e+01 2.023451e+01 6.618719e-01
      vertex   -2.819448e+01 2.017667e+01 1.000000e+00
      vertex   -2.818972e+01 2.014697e+01 6.830448e-01
    endloop
  endfacet
  facet normal 7.273753e-01 6.841755e-01 -5.318812e-02
    outer loop
      vertex   -2.818972e+01 2.014697e+01 6.830448e-01
      vertex   -2.819448e+01 2.017667e+01 1.000000e+00
      vertex   -2.807274e+01 2.002501e+01 7.138853e-01
    endloop
  endfacet
  facet normal 7.323309e-01 6.607721e-01 -1.645348e-01
    outer loop
      vertex   -2.818972e+01 2.014697e+01 6.830448e-01
      vertex   -2.807274e+01 2.002501e+01 7.138853e-01
      vertex   -2.817767e+01 2.005197e+01 3.551747e-01
    endloop
  endfacet
  facet normal 7.411736e-01 6.499693e-01 -1.679334e-01
    outer loop
      vertex   -2.817767e+01 2.005197e+01 3.551747e-01
      vertex   -2.807274e+01 2.002501e+01 7.138853e-01
      vertex   -2.806063e+01 1.993502e+01 4.190302e-01
    endloop
  endfacet
  facet normal 7.053126e-01 7.050606e-01 -7.364597e-02
    outer loop
      vertex   -2.819448e+01 2.017667e+01 1.000000e+00
      vertex   -2.803613e+01 2.001826e+01 1.000000e+00
      vertex   -2.807274e+01 2.002501e+01 7.138853e-01
    endloop
  endfacet
  facet normal 5.985677e-01 7.989863e-01 -5.777218e-02
    outer loop
      vertex   -2.807274e+01 2.002501e+01 7.138853e-01
      vertex   -2.803613e+01 2.001826e+01 1.000000e+00
      vertex   -2.793605e+01 1.992457e+01 7.410946e-01
    endloop
  endfacet
  facet normal 6.057133e-01 7.676327e-01 -2.094075e-01
    outer loop
      vertex   -2.807274e+01 2.002501e+01 7.138853e-01
      vertex   -2.793605e+01 1.992457e+01 7.410946e-01
      vertex   -2.806063e+01 1.993502e+01 4.190302e-01
    endloop
  endfacet
  facet normal 6.115465e-01 7.623229e-01 -2.118362e-01
    outer loop
      vertex   -2.806063e+01 1.993502e+01 4.190302e-01
      vertex   -2.793605e+01 1.992457e+01 7.410946e-01
      vertex   -2.792208e+01 1.983938e+01 4.748668e-01
    endloop
  endfacet
  facet normal 5.294624e-01 8.423958e-01 -1.001947e-01
    outer loop
      vertex   -2.803613e+01 2.001826e+01 1.000000e+00
      vertex   -2.784649e+01 1.989908e+01 1.000000e+00
      vertex   -2.793605e+01 1.992457e+01 7.410946e-01
    endloop
  endfacet
  facet normal 4.524641e-01 8.891122e-01 -6.896186e-02
    outer loop
      vertex   -2.793605e+01 1.992457e+01 7.410946e-01
      vertex   -2.784649e+01 1.989908e+01 1.000000e+00
      vertex   -2.778363e+01 1.984877e+01 7.638312e-01
    endloop
  endfacet
  facet normal 4.607939e-01 8.520227e-01 -2.484479e-01
    outer loop
      vertex   -2.793605e+01 1.992457e+01 7.410946e-01
      vertex   -2.778363e+01 1.984877e+01 7.638312e-01
      vertex   -2.792208e+01 1.983938e+01 4.748668e-01
    endloop
  endfacet
  facet normal 4.622585e-01 8.510333e-01 -2.491174e-01
    outer loop
      vertex   -2.792208e+01 1.983938e+01 4.748668e-01
      vertex   -2.778363e+01 1.984877e+01 7.638312e-01
      vertex   -2.776632e+01 1.976824e+01 5.208490e-01
    endloop
  endfacet
  facet normal 3.282576e-01 9.378760e-01 -1.124082e-01
    outer loop
      vertex   -2.784649e+01 1.989908e+01 1.000000e+00
      vertex   -2.763509e+01 1.982508e+01 1.000000e+00
      vertex   -2.778363e+01 1.984877e+01 7.638312e-01
    endloop
  endfacet
  facet normal 2.934647e-01 9.518061e-01 -8.912702e-02
    outer loop
      vertex   -2.778363e+01 1.984877e+01 7.638312e-01
      vertex   -2.763509e+01 1.982508e+01 1.000000e+00
      vertex   -2.761989e+01 1.979993e+01 7.814049e-01
    endloop
  endfacet
  facet normal 3.018759e-01 9.111573e-01 -2.804697e-01
    outer loop
      vertex   -2.778363e+01 1.984877e+01 7.638312e-01
      vertex   -2.761989e+01 1.979993e+01 7.814049e-01
      vertex   -2.776632e+01 1.976824e+01 5.208490e-01
    endloop
  endfacet
  facet normal 2.980084e-01 9.130256e-01 -2.785234e-01
    outer loop
      vertex   -2.776632e+01 1.976824e+01 5.208490e-01
      vertex   -2.761989e+01 1.979993e+01 7.814049e-01
      vertex   -2.759814e+01 1.972391e+01 5.554962e-01
    endloop
  endfacet
  facet normal 1.113593e-01 9.881144e-01 -1.059671e-01
    outer loop
      vertex   -2.763509e+01 1.982508e+01 1.000000e+00
      vertex   -2.741252e+01 1.980000e+01 1.000000e+00
      vertex   -2.761989e+01 1.979993e+01 7.814049e-01
    endloop
  endfacet
  facet normal 9.927843e-02 9.905615e-01 -9.450732e-02
    outer loop
      vertex   -2.761989e+01 1.979993e+01 7.814049e-01
      vertex   -2.741252e+01 1.980000e+01 1.000000e+00
      vertex   -2.740317e+01 1.978040e+01 8.043925e-01
    endloop
  endfacet
  facet normal 1.152620e-01 9.541979e-01 -2.760816e-01
    outer loop
      vertex   -2.761989e+01 1.979993e+01 7.814049e-01
      vertex   -2.740317e+01 1.978040e+01 8.043925e-01
      vertex   -2.737969e+01 1.972320e+01 6.164983e-01
    endloop
  endfacet
  facet normal 8.962342e-02 9.465466e-01 -3.098665e-01
    outer loop
      vertex   -2.761989e+01 1.979993e+01 7.814049e-01
      vertex   -2.737969e+01 1.972320e+01 6.164983e-01
      vertex   -2.759814e+01 1.972391e+01 5.554962e-01
    endloop
  endfacet
  facet normal 1.283411e-01 8.841418e-01 -4.492459e-01
    outer loop
      vertex   -2.759814e+01 1.972391e+01 5.554962e-01
      vertex   -2.737969e+01 1.972320e+01 6.164983e-01
      vertex   -2.734888e+01 1.963079e+01 4.434328e-01
    endloop
  endfacet
  facet normal 9.721629e-02 7.171303e-01 -6.901254e-01
    outer loop
      vertex   -2.757172e+01 1.960255e+01 3.572927e-01
      vertex   -2.731943e+01 1.950571e+01 2.921939e-01
      vertex   -2.755329e+01 1.944627e+01 1.974914e-01
    endloop
  endfacet
  facet normal 1.464437e-01 6.338814e-01 -7.594397e-01
    outer loop
      vertex   -2.755329e+01 1.944627e+01 1.974914e-01
      vertex   -2.731943e+01 1.950571e+01 2.921939e-01
      vertex   -2.730251e+01 1.935312e+01 1.681000e-01
    endloop
  endfacet
  facet normal 1.053969e-01 5.459963e-01 -8.311315e-01
    outer loop
      vertex   -2.755329e+01 1.944627e+01 1.974914e-01
      vertex   -2.730251e+01 1.935312e+01 1.681000e-01
      vertex   -2.755434e+01 1.926573e+01 7.875513e-02
    endloop
  endfacet
  facet normal 1.493436e-01 4.629117e-01 -8.737330e-01
    outer loop
      vertex   -2.755434e+01 1.926573e+01 7.875513e-02
      vertex   -2.730251e+01 1.935312e+01 1.681000e-01
      vertex   -2.730712e+01 1.917983e+01 7.550218e-02
    endloop
  endfacet
  facet normal 1.253577e-01 3.952508e-01 -9.099793e-01
    outer loop
      vertex   -2.755434e+01 1.926573e+01 7.875513e-02
      vertex   -2.730712e+01 1.917983e+01 7.550218e-02
      vertex   -2.756569e+01 1.916635e+01 3.402415e-02
    endloop
  endfacet
  facet normal 1.393865e-01 2.633794e-01 -9.545694e-01
    outer loop
      vertex   -2.756569e+01 1.916635e+01 3.402415e-02
      vertex   -2.730712e+01 1.917983e+01 7.550218e-02
      vertex   -2.734219e+01 1.899265e+01 1.873408e-02
    endloop
  endfacet
  facet normal 2.781901e-01 4.334106e-01 -8.571846e-01
    outer loop
      vertex   -2.756569e+01 1.916635e+01 3.402415e-02
      vertex   -2.734219e+01 1.899265e+01 1.873408e-02
      vertex   -2.766375e+01 1.916199e+01 -1.387779e-16
    endloop
  endfacet
  facet normal 9.134076e-02 6.350177e-02 -9.937929e-01
    outer loop
      vertex   -2.766375e+01 1.916199e+01 -1.387779e-16
      vertex   -2.734219e+01 1.899265e+01 1.873408e-02
      vertex   -2.741514e+01 1.880439e+01 -1.387779e-16
    endloop
  endfacet
  facet normal 1.004767e-01 5.989605e-02 -9.931349e-01
    outer loop
      vertex   -2.741514e+01 1.880439e+01 -1.387779e-16
      vertex   -2.734219e+01 1.899265e+01 1.873408e-02
      vertex   -2.741252e+01 1.880000e+01 4.190441e-16
    endloop
  endfacet
  facet normal 4.719405e-01 3.712923e-01 -7.996338e-01
    outer loop
      vertex   -2.792316e+01 1.949172e+01 -2.642281e-16
      vertex   -2.774130e+01 1.930087e+01 1.871338e-02
      vertex   -2.766375e+01 1.916199e+01 -1.387779e-16
    endloop
  endfacet
  facet normal 3.430955e-01 3.110228e-01 -8.863127e-01
    outer loop
      vertex   -2.766375e+01 1.916199e+01 -1.387779e-16
      vertex   -2.774130e+01 1.930087e+01 1.871338e-02
      vertex   -2.755434e+01 1.926573e+01 7.875513e-02
    endloop
  endfacet
  facet normal 2.907123e-01 3.648919e-01 -8.845000e-01
    outer loop
      vertex   -2.766375e+01 1.916199e+01 -1.387779e-16
      vertex   -2.755434e+01 1.926573e+01 7.875513e-02
      vertex   -2.756569e+01 1.916635e+01 3.402415e-02
    endloop
  endfacet
  facet normal 7.801763e-01 5.143965e-01 -3.559792e-01
    outer loop
      vertex   -2.816588e+01 1.985986e+01 -7.285919e-16
      vertex   -2.804823e+01 1.979350e+01 1.619537e-01
      vertex   -2.792316e+01 1.949172e+01 -2.642281e-16
    endloop
  endfacet
  facet normal 5.343954e-01 5.608507e-01 -6.323513e-01
    outer loop
      vertex   -2.792316e+01 1.949172e+01 -2.642281e-16
      vertex   -2.804823e+01 1.979350e+01 1.619537e-01
      vertex   -2.790088e+01 1.953902e+01 6.077317e-02
    endloop
  endfacet
  facet normal 5.115151e-01 5.771155e-01 -6.366239e-01
    outer loop
      vertex   -2.792316e+01 1.949172e+01 -2.642281e-16
      vertex   -2.790088e+01 1.953902e+01 6.077317e-02
      vertex   -2.773512e+01 1.948175e+01 1.420484e-01
    endloop
  endfacet
  facet normal 5.047560e-01 6.419789e-01 -5.771348e-01
    outer loop
      vertex   -2.773512e+01 1.948175e+01 1.420484e-01
      vertex   -2.790088e+01 1.953902e+01 6.077317e-02
      vertex   -2.774646e+01 1.964141e+01 3.097224e-01
    endloop
  endfacet
  facet normal 3.286362e-01 6.949890e-01 -6.395221e-01
    outer loop
      vertex   -2.773512e+01 1.948175e+01 1.420484e-01
      vertex   -2.774646e+01 1.964141e+01 3.097224e-01
      vertex   -2.757172e+01 1.960255e+01 3.572927e-01
    endloop
  endfacet
  facet normal 2.156347e-01 9.881963e-02 9.714609e-01
    outer loop
      vertex   -2.827085e+01 2.008891e+01 -7.592455e-16
      vertex   -2.822494e+01 1.997897e+01 9.919182e-04
      vertex   -2.816588e+01 1.985986e+01 -7.285919e-16
    endloop
  endfacet
  facet normal 8.605324e-01 4.289315e-01 -2.747757e-01
    outer loop
      vertex   -2.816588e+01 1.985986e+01 -7.285919e-16
      vertex   -2.822494e+01 1.997897e+01 9.919182e-04
      vertex   -2.816513e+01 1.990126e+01 6.699900e-02
    endloop
  endfacet
  facet normal 7.717492e-01 5.370365e-01 -3.405802e-01
    outer loop
      vertex   -2.816588e+01 1.985986e+01 -7.285919e-16
      vertex   -2.816513e+01 1.990126e+01 6.699900e-02
      vertex   -2.804823e+01 1.979350e+01 1.619537e-01
    endloop
  endfacet
  facet normal 8.929143e-01 4.429658e-01 -8.053193e-02
    outer loop
      vertex   -2.831312e+01 2.028018e+01 2.384476e-01
      vertex   -2.832957e+01 2.038400e+01 6.270517e-01
      vertex   -2.825227e+01 2.023451e+01 6.618719e-01
    endloop
  endfacet
  facet normal 8.313285e-01 5.412481e-01 -1.262669e-01
    outer loop
      vertex   -2.817767e+01 2.005197e+01 3.551747e-01
      vertex   -2.823919e+01 2.013619e+01 3.111200e-01
      vertex   -2.818972e+01 2.014697e+01 6.830448e-01
    endloop
  endfacet
  facet normal 8.212902e-01 5.565639e-01 -1.253754e-01
    outer loop
      vertex   -2.818972e+01 2.014697e+01 6.830448e-01
      vertex   -2.823919e+01 2.013619e+01 3.111200e-01
      vertex   -2.825227e+01 2.023451e+01 6.618719e-01
    endloop
  endfacet
  facet normal 9.030844e-01 4.210978e-01 -8.435221e-02
    outer loop
      vertex   -2.823919e+01 2.013619e+01 3.111200e-01
      vertex   -2.831312e+01 2.028018e+01 2.384476e-01
      vertex   -2.825227e+01 2.023451e+01 6.618719e-01
    endloop
  endfacet
  facet normal 6.473991e-01 5.741474e-01 -5.012277e-01
    outer loop
      vertex   -2.790088e+01 1.953902e+01 6.077317e-02
      vertex   -2.804823e+01 1.979350e+01 1.619537e-01
      vertex   -2.790708e+01 1.970582e+01 2.438397e-01
    endloop
  endfacet
  facet normal 4.966183e-01 6.498880e-01 -5.753398e-01
    outer loop
      vertex   -2.790708e+01 1.970582e+01 2.438397e-01
      vertex   -2.774646e+01 1.964141e+01 3.097224e-01
      vertex   -2.790088e+01 1.953902e+01 6.077317e-02
    endloop
  endfacet
  facet normal 3.305204e-01 6.935306e-01 -6.401340e-01
    outer loop
      vertex   -2.757172e+01 1.960255e+01 3.572927e-01
      vertex   -2.755329e+01 1.944627e+01 1.974914e-01
      vertex   -2.773512e+01 1.948175e+01 1.420484e-01
    endloop
  endfacet
  facet normal 3.403396e-01 5.217528e-01 -7.822679e-01
    outer loop
      vertex   -2.773512e+01 1.948175e+01 1.420484e-01
      vertex   -2.755329e+01 1.944627e+01 1.974914e-01
      vertex   -2.774130e+01 1.930087e+01 1.871338e-02
    endloop
  endfacet
  facet normal 5.514337e-01 4.570139e-01 -6.978963e-01
    outer loop
      vertex   -2.773512e+01 1.948175e+01 1.420484e-01
      vertex   -2.774130e+01 1.930087e+01 1.871338e-02
      vertex   -2.792316e+01 1.949172e+01 -2.642281e-16
    endloop
  endfacet
  facet normal 3.483508e-01 5.136494e-01 -7.841020e-01
    outer loop
      vertex   -2.755434e+01 1.926573e+01 7.875513e-02
      vertex   -2.774130e+01 1.930087e+01 1.871338e-02
      vertex   -2.755329e+01 1.944627e+01 1.974914e-01
    endloop
  endfacet
  facet normal 9.439761e-01 3.300140e-01 -0.000000e+00
    outer loop
      vertex   -2.838751e+01 2.057778e+01 1.000000e+00
      vertex   -2.838751e+01 2.057778e+01 7.000000e+00
      vertex   -2.831360e+01 2.036635e+01 4.000000e+00
    endloop
  endfacet
  facet normal 9.439761e-01 3.300140e-01 -0.000000e+00
    outer loop
      vertex   -2.831360e+01 2.036635e+01 4.000000e+00
      vertex   -2.838751e+01 2.057778e+01 7.000000e+00
      vertex   -2.831360e+01 2.036635e+01 7.000000e+00
    endloop
  endfacet
  facet normal 8.468464e-01 5.318375e-01 -0.000000e+00
    outer loop
      vertex   -2.831360e+01 2.036635e+01 4.000000e+00
      vertex   -2.831360e+01 2.036635e+01 7.000000e+00
      vertex   -2.819448e+01 2.017667e+01 4.000000e+00
    endloop
  endfacet
  facet normal 8.468464e-01 5.318375e-01 -0.000000e+00
    outer loop
      vertex   -2.819448e+01 2.017667e+01 4.000000e+00
      vertex   -2.831360e+01 2.036635e+01 7.000000e+00
      vertex   -2.819448e+01 2.017667e+01 7.000000e+00
    endloop
  endfacet
  facet normal 7.072331e-01 7.069804e-01 -0.000000e+00
    outer loop
      vertex   -2.819448e+01 2.017667e+01 4.000000e+00
      vertex   -2.819448e+01 2.017667e+01 7.000000e+00
      vertex   -2.803613e+01 2.001826e+01 4.000000e+00
    endloop
  endfacet
  facet normal 7.072331e-01 7.069804e-01 8.372330e-16
    outer loop
      vertex   -2.803613e+01 2.001826e+01 4.000000e+00
      vertex   -2.819448e+01 2.017667e+01 7.000000e+00
      vertex   -2.803613e+01 2.001826e+01 7.000000e+00
    endloop
  endfacet
  facet normal 5.321402e-01 8.466563e-01 1.002642e-15
    outer loop
      vertex   -2.803613e+01 2.001826e+01 4.000000e+00
      vertex   -2.803613e+01 2.001826e+01 7.000000e+00
      vertex   -2.784649e+01 1.989908e+01 4.000000e+00
    endloop
  endfacet
  facet normal 5.321402e-01 8.466563e-01 1.002642e-15
    outer loop
      vertex   -2.784649e+01 1.989908e+01 4.000000e+00
      vertex   -2.803613e+01 2.001826e+01 7.000000e+00
      vertex   -2.784649e+01 1.989908e+01 7.000000e+00
    endloop
  endfacet
  facet normal 3.303514e-01 9.438580e-01 1.117752e-15
    outer loop
      vertex   -2.784649e+01 1.989908e+01 4.000000e+00
      vertex   -2.784649e+01 1.989908e+01 7.000000e+00
      vertex   -2.763509e+01 1.982508e+01 4.000000e+00
    endloop
  endfacet
  facet normal 3.303514e-01 9.438580e-01 1.117752e-15
    outer loop
      vertex   -2.763509e+01 1.982508e+01 4.000000e+00
      vertex   -2.784649e+01 1.989908e+01 7.000000e+00
      vertex   -2.763509e+01 1.982508e+01 7.000000e+00
    endloop
  endfacet
  facet normal 1.119898e-01 9.937094e-01 1.176788e-15
    outer loop
      vertex   -2.763509e+01 1.982508e+01 4.000000e+00
      vertex   -2.763509e+01 1.982508e+01 7.000000e+00
      vertex   -2.741252e+01 1.980000e+01 7.000000e+00
    endloop
  endfacet
  facet normal 1.119898e-01 9.937094e-01 -6.631131e-17
    outer loop
      vertex   -2.741252e+01 1.980000e+01 7.000000e+00
      vertex   -2.741252e+01 1.980000e+01 1.000000e+00
      vertex   -2.763509e+01 1.982508e+01 4.000000e+00
    endloop
  endfacet
  facet normal 1.119898e-01 9.937094e-01 -2.486199e-15
    outer loop
      vertex   -2.763509e+01 1.982508e+01 4.000000e+00
      vertex   -2.741252e+01 1.980000e+01 1.000000e+00
      vertex   -2.763509e+01 1.982508e+01 1.000000e+00
    endloop
  endfacet
  facet normal 3.303514e-01 9.438580e-01 -2.626719e-15
    outer loop
      vertex   -2.763509e+01 1.982508e+01 4.000000e+00
      vertex   -2.763509e+01 1.982508e+01 1.000000e+00
      vertex   -2.784649e+01 1.989908e+01 4.000000e+00
    endloop
  endfacet
  facet normal 3.303514e-01 9.438580e-01 -1.900182e-15
    outer loop
      vertex   -2.784649e+01 1.989908e+01 4.000000e+00
      vertex   -2.763509e+01 1.982508e+01 1.000000e+00
      vertex   -2.784649e+01 1.989908e+01 1.000000e+00
    endloop
  endfacet
  facet normal 5.321402e-01 8.466563e-01 -2.263004e-15
    outer loop
      vertex   -2.784649e+01 1.989908e+01 4.000000e+00
      vertex   -2.784649e+01 1.989908e+01 1.000000e+00
      vertex   -2.803613e+01 2.001826e+01 4.000000e+00
    endloop
  endfacet
  facet normal 5.321402e-01 8.466563e-01 0.000000e+00
    outer loop
      vertex   -2.803613e+01 2.001826e+01 4.000000e+00
      vertex   -2.784649e+01 1.989908e+01 1.000000e+00
      vertex   -2.803613e+01 2.001826e+01 1.000000e+00
    endloop
  endfacet
  facet normal 7.072331e-01 7.069804e-01 0.000000e+00
    outer loop
      vertex   -2.803613e+01 2.001826e+01 4.000000e+00
      vertex   -2.803613e+01 2.001826e+01 1.000000e+00
      vertex   -2.819448e+01 2.017667e+01 4.000000e+00
    endloop
  endfacet
  facet normal 7.072331e-01 7.069804e-01 0.000000e+00
    outer loop
      vertex   -2.819448e+01 2.017667e+01 4.000000e+00
      vertex   -2.803613e+01 2.001826e+01 1.000000e+00
      vertex   -2.819448e+01 2.017667e+01 1.000000e+00
    endloop
  endfacet
  facet normal 8.468464e-01 5.318375e-01 0.000000e+00
    outer loop
      vertex   -2.819448e+01 2.017667e+01 4.000000e+00
      vertex   -2.819448e+01 2.017667e+01 1.000000e+00
      vertex   -2.831360e+01 2.036635e+01 4.000000e+00
    endloop
  endfacet
  facet normal 8.468464e-01 5.318375e-01 6.298221e-16
    outer loop
      vertex   -2.831360e+01 2.036635e+01 4.000000e+00
      vertex   -2.819448e+01 2.017667e+01 1.000000e+00
      vertex   -2.831360e+01 2.036635e+01 1.000000e+00
    endloop
  endfacet
  facet normal 9.439761e-01 3.300140e-01 3.908150e-16
    outer loop
      vertex   -2.831360e+01 2.036635e+01 4.000000e+00
      vertex   -2.831360e+01 2.036635e+01 1.000000e+00
      vertex   -2.838751e+01 2.057778e+01 1.000000e+00
    endloop
  endfacet
  facet normal 9.667741e-01 2.537073e-01 3.131239e-02
    outer loop
      vertex   -2.836261e+01 2.045922e+01 7.765715e+00
      vertex   -2.834662e+01 2.036937e+01 8.000000e+00
      vertex   -2.830730e+01 2.023503e+01 7.874493e+00
    endloop
  endfacet
  facet normal 9.650686e-01 2.609872e-01 2.298538e-02
    outer loop
      vertex   -2.830730e+01 2.023503e+01 7.874493e+00
      vertex   -2.834662e+01 2.036937e+01 8.000000e+00
      vertex   -2.827058e+01 2.008820e+01 8.000000e+00
    endloop
  endfacet
  facet normal 9.140024e-01 3.702881e-01 1.657901e-01
    outer loop
      vertex   -2.830730e+01 2.023503e+01 7.874493e+00
      vertex   -2.827058e+01 2.008820e+01 8.000000e+00
      vertex   -2.823491e+01 2.009397e+01 7.790433e+00
    endloop
  endfacet
  facet normal 8.965583e-01 4.114634e-01 1.639546e-01
    outer loop
      vertex   -2.823491e+01 2.009397e+01 7.790433e+00
      vertex   -2.827058e+01 2.008820e+01 8.000000e+00
      vertex   -2.816528e+01 1.985875e+01 8.000000e+00
    endloop
  endfacet
  facet normal 8.458220e-01 4.719462e-01 2.487004e-01
    outer loop
      vertex   -2.823491e+01 2.009397e+01 7.790433e+00
      vertex   -2.816528e+01 1.985875e+01 8.000000e+00
      vertex   -2.817367e+01 2.001115e+01 7.739331e+00
    endloop
  endfacet
  facet normal 7.735250e-01 5.576519e-01 3.011369e-01
    outer loop
      vertex   -2.817367e+01 2.001115e+01 7.739331e+00
      vertex   -2.816528e+01 1.985875e+01 8.000000e+00
      vertex   -2.804598e+01 1.974709e+01 7.900325e+00
    endloop
  endfacet
  facet normal 7.582456e-01 5.650062e-01 3.253177e-01
    outer loop
      vertex   -2.817367e+01 2.001115e+01 7.739331e+00
      vertex   -2.804598e+01 1.974709e+01 7.900325e+00
      vertex   -2.805678e+01 1.989667e+01 7.665695e+00
    endloop
  endfacet
  facet normal 6.401555e-01 6.608114e-01 3.918282e-01
    outer loop
      vertex   -2.805678e+01 1.989667e+01 7.665695e+00
      vertex   -2.804598e+01 1.974709e+01 7.900325e+00
      vertex   -2.790423e+01 1.966218e+01 7.811935e+00
    endloop
  endfacet
  facet normal 6.311434e-01 6.623424e-01 4.036838e-01
    outer loop
      vertex   -2.805678e+01 1.989667e+01 7.665695e+00
      vertex   -2.790423e+01 1.966218e+01 7.811935e+00
      vertex   -2.791765e+01 1.980322e+01 7.601512e+00
    endloop
  endfacet
  facet normal 4.872532e-01 7.394477e-01 4.645442e-01
    outer loop
      vertex   -2.791765e+01 1.980322e+01 7.601512e+00
      vertex   -2.790423e+01 1.966218e+01 7.811935e+00
      vertex   -2.774232e+01 1.959983e+01 7.741353e+00
    endloop
  endfacet
  facet normal 4.833977e-01 7.391761e-01 4.689833e-01
    outer loop
      vertex   -2.791765e+01 1.980322e+01 7.601512e+00
      vertex   -2.774232e+01 1.959983e+01 7.741353e+00
      vertex   -2.776074e+01 1.973397e+01 7.548936e+00
    endloop
  endfacet
  facet normal 3.167515e-01 7.920733e-01 5.218126e-01
    outer loop
      vertex   -2.776074e+01 1.973397e+01 7.548936e+00
      vertex   -2.774232e+01 1.959983e+01 7.741353e+00
      vertex   -2.756576e+01 1.956232e+01 7.691117e+00
    endloop
  endfacet
  facet normal 3.195474e-01 7.928516e-01 5.189179e-01
    outer loop
      vertex   -2.776074e+01 1.973397e+01 7.548936e+00
      vertex   -2.756576e+01 1.956232e+01 7.691117e+00
      vertex   -2.759095e+01 1.969122e+01 7.509691e+00
    endloop
  endfacet
  facet normal 9.422924e-02 8.177087e-01 5.678674e-01
    outer loop
      vertex   -2.759095e+01 1.969122e+01 7.509691e+00
      vertex   -2.756576e+01 1.956232e+01 7.691117e+00
      vertex   -2.734889e+01 1.963078e+01 7.556560e+00
    endloop
  endfacet
  facet normal 1.336080e-01 8.833880e-01 4.491931e-01
    outer loop
      vertex   -2.759095e+01 1.969122e+01 7.509691e+00
      vertex   -2.734889e+01 1.963078e+01 7.556560e+00
      vertex   -2.738037e+01 1.972345e+01 7.383675e+00
    endloop
  endfacet
  facet normal 7.796783e-01 5.147465e-01 3.565638e-01
    outer loop
      vertex   -2.816528e+01 1.985875e+01 8.000000e+00
      vertex   -2.792171e+01 1.948982e+01 8.000000e+00
      vertex   -2.804598e+01 1.974709e+01 7.900325e+00
    endloop
  endfacet
  facet normal 6.540574e-01 5.263952e-01 5.432467e-01
    outer loop
      vertex   -2.804598e+01 1.974709e+01 7.900325e+00
      vertex   -2.792171e+01 1.948982e+01 8.000000e+00
      vertex   -2.790423e+01 1.966218e+01 7.811935e+00
    endloop
  endfacet
  facet normal 4.669200e-01 3.673732e-01 8.043772e-01
    outer loop
      vertex   -2.766160e+01 1.915922e+01 8.000000e+00
      vertex   -2.774033e+01 1.930986e+01 7.976901e+00
      vertex   -2.792171e+01 1.948982e+01 8.000000e+00
    endloop
  endfacet
  facet normal 5.887102e-01 5.132137e-01 6.245254e-01
    outer loop
      vertex   -2.792171e+01 1.948982e+01 8.000000e+00
      vertex   -2.774033e+01 1.930986e+01 7.976901e+00
      vertex   -2.790101e+01 1.949319e+01 7.977718e+00
    endloop
  endfacet
  facet normal 5.430608e-01 5.932790e-01 5.942264e-01
    outer loop
      vertex   -2.792171e+01 1.948982e+01 8.000000e+00
      vertex   -2.790101e+01 1.949319e+01 7.977718e+00
      vertex   -2.790423e+01 1.966218e+01 7.811935e+00
    endloop
  endfacet
  facet normal 5.098045e-01 6.073837e-01 6.092491e-01
    outer loop
      vertex   -2.790423e+01 1.966218e+01 7.811935e+00
      vertex   -2.790101e+01 1.949319e+01 7.977718e+00
      vertex   -2.773431e+01 1.943799e+01 7.893250e+00
    endloop
  endfacet
  facet normal 5.022951e-01 6.048471e-01 6.179479e-01
    outer loop
      vertex   -2.790423e+01 1.966218e+01 7.811935e+00
      vertex   -2.773431e+01 1.943799e+01 7.893250e+00
      vertex   -2.774232e+01 1.959983e+01 7.741353e+00
    endloop
  endfacet
  facet normal 3.339633e-01 6.537988e-01 6.789813e-01
    outer loop
      vertex   -2.774232e+01 1.959983e+01 7.741353e+00
      vertex   -2.773431e+01 1.943799e+01 7.893250e+00
      vertex   -2.755110e+01 1.940362e+01 7.836241e+00
    endloop
  endfacet
  facet normal 3.323641e-01 6.529937e-01 6.805390e-01
    outer loop
      vertex   -2.774232e+01 1.959983e+01 7.741353e+00
      vertex   -2.755110e+01 1.940362e+01 7.836241e+00
      vertex   -2.756576e+01 1.956232e+01 7.691117e+00
    endloop
  endfacet
  facet normal 1.040228e-01 6.763797e-01 7.291706e-01
    outer loop
      vertex   -2.756576e+01 1.956232e+01 7.691117e+00
      vertex   -2.755110e+01 1.940362e+01 7.836241e+00
      vertex   -2.731892e+01 1.950609e+01 7.708065e+00
    endloop
  endfacet
  facet normal 1.351119e-01 7.780042e-01 6.135587e-01
    outer loop
      vertex   -2.756576e+01 1.956232e+01 7.691117e+00
      vertex   -2.731892e+01 1.950609e+01 7.708065e+00
      vertex   -2.734889e+01 1.963078e+01 7.556560e+00
    endloop
  endfacet
  facet normal 2.889043e-01 2.003223e-01 9.361652e-01
    outer loop
      vertex   -2.741252e+01 1.880000e+01 8.000000e+00
      vertex   -2.757097e+01 1.913960e+01 7.976230e+00
      vertex   -2.766160e+01 1.915922e+01 8.000000e+00
    endloop
  endfacet
  facet normal 3.076592e-01 3.485346e-01 8.853640e-01
    outer loop
      vertex   -2.766160e+01 1.915922e+01 8.000000e+00
      vertex   -2.757097e+01 1.913960e+01 7.976230e+00
      vertex   -2.755376e+01 1.927528e+01 7.916840e+00
    endloop
  endfacet
  facet normal 3.432518e-01 3.150732e-01 8.848203e-01
    outer loop
      vertex   -2.766160e+01 1.915922e+01 8.000000e+00
      vertex   -2.755376e+01 1.927528e+01 7.916840e+00
      vertex   -2.774033e+01 1.930986e+01 7.976901e+00
    endloop
  endfacet
  facet normal 3.479714e-01 5.009815e-01 7.924225e-01
    outer loop
      vertex   -2.774033e+01 1.930986e+01 7.976901e+00
      vertex   -2.755376e+01 1.927528e+01 7.916840e+00
      vertex   -2.773431e+01 1.943799e+01 7.893250e+00
    endloop
  endfacet
  facet normal 5.176997e-01 4.505159e-01 7.273393e-01
    outer loop
      vertex   -2.774033e+01 1.930986e+01 7.976901e+00
      vertex   -2.773431e+01 1.943799e+01 7.893250e+00
      vertex   -2.790101e+01 1.949319e+01 7.977718e+00
    endloop
  endfacet
  facet normal 3.291856e-02 8.506007e-02 9.958319e-01
    outer loop
      vertex   -2.741252e+01 1.880000e+01 8.000000e+00
      vertex   -2.734227e+01 1.899263e+01 7.981224e+00
      vertex   -2.757097e+01 1.913960e+01 7.976230e+00
    endloop
  endfacet
  facet normal 1.466335e-01 2.605970e-01 9.542472e-01
    outer loop
      vertex   -2.757097e+01 1.913960e+01 7.976230e+00
      vertex   -2.734227e+01 1.899263e+01 7.981224e+00
      vertex   -2.730693e+01 1.918009e+01 7.924600e+00
    endloop
  endfacet
  facet normal 1.198289e-01 3.853232e-01 9.149683e-01
    outer loop
      vertex   -2.757097e+01 1.913960e+01 7.976230e+00
      vertex   -2.730693e+01 1.918009e+01 7.924600e+00
      vertex   -2.755376e+01 1.927528e+01 7.916840e+00
    endloop
  endfacet
  facet normal 1.495916e-01 4.592936e-01 8.755979e-01
    outer loop
      vertex   -2.755376e+01 1.927528e+01 7.916840e+00
      vertex   -2.730693e+01 1.918009e+01 7.924600e+00
      vertex   -2.730142e+01 1.935392e+01 7.832475e+00
    endloop
  endfacet
  facet normal 1.174711e-01 5.264006e-01 8.420825e-01
    outer loop
      vertex   -2.755376e+01 1.927528e+01 7.916840e+00
      vertex   -2.730142e+01 1.935392e+01 7.832475e+00
      vertex   -2.755110e+01 1.940362e+01 7.836241e+00
    endloop
  endfacet
  facet normal 1.381034e-01 6.363711e-01 7.589198e-01
    outer loop
      vertex   -2.755110e+01 1.940362e+01 7.836241e+00
      vertex   -2.730142e+01 1.935392e+01 7.832475e+00
      vertex   -2.731892e+01 1.950609e+01 7.708065e+00
    endloop
  endfacet
  facet normal 8.574185e-02 9.214409e-01 3.789393e-01
    outer loop
      vertex   -2.759095e+01 1.969122e+01 7.509691e+00
      vertex   -2.738037e+01 1.972345e+01 7.383675e+00
      vertex   -2.761491e+01 1.978020e+01 7.298733e+00
    endloop
  endfacet
  facet normal 1.314807e-01 9.528124e-01 2.736082e-01
    outer loop
      vertex   -2.761491e+01 1.978020e+01 7.298733e+00
      vertex   -2.738037e+01 1.972345e+01 7.383675e+00
      vertex   -2.740388e+01 1.978065e+01 7.195768e+00
    endloop
  endfacet
  facet normal 8.177576e-02 9.817215e-01 1.718591e-01
    outer loop
      vertex   -2.761491e+01 1.978020e+01 7.298733e+00
      vertex   -2.740388e+01 1.978065e+01 7.195768e+00
      vertex   -2.762780e+01 1.982141e+01 7.069458e+00
    endloop
  endfacet
  facet normal 1.278999e-01 9.875145e-01 9.196068e-02
    outer loop
      vertex   -2.762780e+01 1.982141e+01 7.069458e+00
      vertex   -2.740388e+01 1.978065e+01 7.195768e+00
      vertex   -2.741252e+01 1.980000e+01 7.000000e+00
    endloop
  endfacet
  facet normal 1.118970e-01 9.928857e-01 4.070595e-02
    outer loop
      vertex   -2.762780e+01 1.982141e+01 7.069458e+00
      vertex   -2.741252e+01 1.980000e+01 7.000000e+00
      vertex   -2.763509e+01 1.982508e+01 7.000000e+00
    endloop
  endfacet
  facet normal 2.971885e-01 9.546252e-01 1.922869e-02
    outer loop
      vertex   -2.762780e+01 1.982141e+01 7.069458e+00
      vertex   -2.763509e+01 1.982508e+01 7.000000e+00
      vertex   -2.779003e+01 1.987181e+01 7.075117e+00
    endloop
  endfacet
  facet normal 3.288913e-01 9.396865e-01 9.391345e-02
    outer loop
      vertex   -2.779003e+01 1.987181e+01 7.075117e+00
      vertex   -2.763509e+01 1.982508e+01 7.000000e+00
      vertex   -2.784649e+01 1.989908e+01 7.000000e+00
    endloop
  endfacet
  facet normal 4.538827e-01 8.908845e-01 -1.775548e-02
    outer loop
      vertex   -2.779003e+01 1.987181e+01 7.075117e+00
      vertex   -2.784649e+01 1.989908e+01 7.000000e+00
      vertex   -2.794126e+01 1.994900e+01 7.082352e+00
    endloop
  endfacet
  facet normal 5.295457e-01 8.425283e-01 9.862762e-02
    outer loop
      vertex   -2.794126e+01 1.994900e+01 7.082352e+00
      vertex   -2.784649e+01 1.989908e+01 7.000000e+00
      vertex   -2.803613e+01 2.001826e+01 7.000000e+00
    endloop
  endfacet
  facet normal 5.982177e-01 8.011885e-01 -1.525203e-02
    outer loop
      vertex   -2.794126e+01 1.994900e+01 7.082352e+00
      vertex   -2.803613e+01 2.001826e+01 7.000000e+00
      vertex   -2.807722e+01 2.005068e+01 7.090952e+00
    endloop
  endfacet
  facet normal 7.056234e-01 7.053712e-01 6.743179e-02
    outer loop
      vertex   -2.807722e+01 2.005068e+01 7.090952e+00
      vertex   -2.803613e+01 2.001826e+01 7.000000e+00
      vertex   -2.819448e+01 2.017667e+01 7.000000e+00
    endloop
  endfacet
  facet normal 7.259510e-01 6.875476e-01 1.653631e-02
    outer loop
      vertex   -2.807722e+01 2.005068e+01 7.090952e+00
      vertex   -2.819448e+01 2.017667e+01 7.000000e+00
      vertex   -2.819403e+01 2.017377e+01 7.100658e+00
    endloop
  endfacet
  facet normal 8.152637e-01 5.789438e-01 1.301072e-02
    outer loop
      vertex   -2.819403e+01 2.017377e+01 7.100658e+00
      vertex   -2.819448e+01 2.017667e+01 7.000000e+00
      vertex   -2.825704e+01 2.026236e+01 7.107334e+00
    endloop
  endfacet
  facet normal 8.153347e-01 5.746306e-01 7.091559e-02
    outer loop
      vertex   -2.819403e+01 2.017377e+01 7.100658e+00
      vertex   -2.825704e+01 2.026236e+01 7.107334e+00
      vertex   -2.818657e+01 2.012217e+01 7.433058e+00
    endloop
  endfacet
  facet normal 8.207168e-01 5.674339e-01 6.665365e-02
    outer loop
      vertex   -2.818657e+01 2.012217e+01 7.433058e+00
      vertex   -2.825704e+01 2.026236e+01 7.107334e+00
      vertex   -2.824904e+01 2.020910e+01 7.462170e+00
    endloop
  endfacet
  facet normal 8.262436e-01 5.398470e-01 1.608939e-01
    outer loop
      vertex   -2.818657e+01 2.012217e+01 7.433058e+00
      vertex   -2.824904e+01 2.020910e+01 7.462170e+00
      vertex   -2.817367e+01 2.001115e+01 7.739331e+00
    endloop
  endfacet
  facet normal 8.367925e-01 5.269155e-01 1.487896e-01
    outer loop
      vertex   -2.817367e+01 2.001115e+01 7.739331e+00
      vertex   -2.824904e+01 2.020910e+01 7.462170e+00
      vertex   -2.823491e+01 2.009397e+01 7.790433e+00
    endloop
  endfacet
  facet normal 8.448361e-01 5.305750e-01 6.886363e-02
    outer loop
      vertex   -2.819448e+01 2.017667e+01 7.000000e+00
      vertex   -2.831360e+01 2.036635e+01 7.000000e+00
      vertex   -2.825704e+01 2.026236e+01 7.107334e+00
    endloop
  endfacet
  facet normal 8.868044e-01 4.617136e-01 -1.996346e-02
    outer loop
      vertex   -2.825704e+01 2.026236e+01 7.107334e+00
      vertex   -2.831360e+01 2.036635e+01 7.000000e+00
      vertex   -2.833519e+01 2.041293e+01 7.118255e+00
    endloop
  endfacet
  facet normal 8.879619e-01 4.573406e-01 4.861233e-02
    outer loop
      vertex   -2.825704e+01 2.026236e+01 7.107334e+00
      vertex   -2.833519e+01 2.041293e+01 7.118255e+00
      vertex   -2.824904e+01 2.020910e+01 7.462170e+00
    endloop
  endfacet
  facet normal 8.932602e-01 4.476182e-01 4.152299e-02
    outer loop
      vertex   -2.824904e+01 2.020910e+01 7.462170e+00
      vertex   -2.833519e+01 2.041293e+01 7.118255e+00
      vertex   -2.832537e+01 2.035700e+01 7.509877e+00
    endloop
  endfacet
  facet normal 8.972841e-01 4.272139e-01 1.112188e-01
    outer loop
      vertex   -2.824904e+01 2.020910e+01 7.462170e+00
      vertex   -2.832537e+01 2.035700e+01 7.509877e+00
      vertex   -2.823491e+01 2.009397e+01 7.790433e+00
    endloop
  endfacet
  facet normal 9.071590e-01 4.105212e-01 9.238488e-02
    outer loop
      vertex   -2.823491e+01 2.009397e+01 7.790433e+00
      vertex   -2.832537e+01 2.035700e+01 7.509877e+00
      vertex   -2.830730e+01 2.023503e+01 7.874493e+00
    endloop
  endfacet
  facet normal 9.431306e-01 3.297184e-01 4.231290e-02
    outer loop
      vertex   -2.831360e+01 2.036635e+01 7.000000e+00
      vertex   -2.838751e+01 2.057778e+01 7.000000e+00
      vertex   -2.833519e+01 2.041293e+01 7.118255e+00
    endloop
  endfacet
  facet normal 9.521703e-01 3.055332e-01 4.597968e-03
    outer loop
      vertex   -2.833519e+01 2.041293e+01 7.118255e+00
      vertex   -2.838751e+01 2.057778e+01 7.000000e+00
      vertex   -2.838449e+01 2.056443e+01 7.261418e+00
    endloop
  endfacet
  facet normal 9.556418e-01 2.939798e-01 1.801978e-02
    outer loop
      vertex   -2.833519e+01 2.041293e+01 7.118255e+00
      vertex   -2.838449e+01 2.056443e+01 7.261418e+00
      vertex   -2.832537e+01 2.035700e+01 7.509877e+00
    endloop
  endfacet
  facet normal 9.576702e-01 2.876081e-01 1.221778e-02
    outer loop
      vertex   -2.832537e+01 2.035700e+01 7.509877e+00
      vertex   -2.838449e+01 2.056443e+01 7.261418e+00
      vertex   -2.837582e+01 2.052465e+01 7.518154e+00
    endloop
  endfacet
  facet normal 9.576186e-01 2.869738e-01 2.475139e-02
    outer loop
      vertex   -2.832537e+01 2.035700e+01 7.509877e+00
      vertex   -2.837582e+01 2.052465e+01 7.518154e+00
      vertex   -2.836261e+01 2.045922e+01 7.765715e+00
    endloop
  endfacet
  facet normal 9.657403e-01 2.567095e-01 3.802582e-02
    outer loop
      vertex   -2.832537e+01 2.035700e+01 7.509877e+00
      vertex   -2.836261e+01 2.045922e+01 7.765715e+00
      vertex   -2.830730e+01 2.023503e+01 7.874493e+00
    endloop
  endfacet
  facet normal 3.032100e-01 8.887523e-01 3.437775e-01
    outer loop
      vertex   -2.776074e+01 1.973397e+01 7.548936e+00
      vertex   -2.759095e+01 1.969122e+01 7.509691e+00
      vertex   -2.777960e+01 1.982793e+01 7.322641e+00
    endloop
  endfacet
  facet normal 3.069743e-01 8.888838e-01 3.400771e-01
    outer loop
      vertex   -2.777960e+01 1.982793e+01 7.322641e+00
      vertex   -2.759095e+01 1.969122e+01 7.509691e+00
      vertex   -2.761491e+01 1.978020e+01 7.298733e+00
    endloop
  endfacet
  facet normal 2.956498e-01 9.426976e-01 1.546365e-01
    outer loop
      vertex   -2.777960e+01 1.982793e+01 7.322641e+00
      vertex   -2.761491e+01 1.978020e+01 7.298733e+00
      vertex   -2.779003e+01 1.987181e+01 7.075117e+00
    endloop
  endfacet
  facet normal 2.980073e-01 9.422837e-01 1.526208e-01
    outer loop
      vertex   -2.779003e+01 1.987181e+01 7.075117e+00
      vertex   -2.761491e+01 1.978020e+01 7.298733e+00
      vertex   -2.762780e+01 1.982141e+01 7.069458e+00
    endloop
  endfacet
  facet normal 4.680928e-01 8.297372e-01 3.040153e-01
    outer loop
      vertex   -2.791765e+01 1.980322e+01 7.601512e+00
      vertex   -2.776074e+01 1.973397e+01 7.548936e+00
      vertex   -2.793269e+01 1.990251e+01 7.353664e+00
    endloop
  endfacet
  facet normal 4.663675e-01 8.300509e-01 3.058053e-01
    outer loop
      vertex   -2.793269e+01 1.990251e+01 7.353664e+00
      vertex   -2.776074e+01 1.973397e+01 7.548936e+00
      vertex   -2.777960e+01 1.982793e+01 7.322641e+00
    endloop
  endfacet
  facet normal 4.560751e-01 8.794478e-01 1.362614e-01
    outer loop
      vertex   -2.793269e+01 1.990251e+01 7.353664e+00
      vertex   -2.777960e+01 1.982793e+01 7.322641e+00
      vertex   -2.794126e+01 1.994900e+01 7.082352e+00
    endloop
  endfacet
  facet normal 4.555405e-01 8.796529e-01 1.367244e-01
    outer loop
      vertex   -2.794126e+01 1.994900e+01 7.082352e+00
      vertex   -2.777960e+01 1.982793e+01 7.322641e+00
      vertex   -2.779003e+01 1.987181e+01 7.075117e+00
    endloop
  endfacet
  facet normal 7.467487e-01 6.347502e-01 1.986419e-01
    outer loop
      vertex   -2.818657e+01 2.012217e+01 7.433058e+00
      vertex   -2.817367e+01 2.001115e+01 7.739331e+00
      vertex   -2.805678e+01 1.989667e+01 7.665695e+00
    endloop
  endfacet
  facet normal 6.174925e-01 7.440553e-01 2.551170e-01
    outer loop
      vertex   -2.805678e+01 1.989667e+01 7.665695e+00
      vertex   -2.791765e+01 1.980322e+01 7.601512e+00
      vertex   -2.806970e+01 2.000163e+01 7.390855e+00
    endloop
  endfacet
  facet normal 6.113358e-01 7.467184e-01 2.620691e-01
    outer loop
      vertex   -2.806970e+01 2.000163e+01 7.390855e+00
      vertex   -2.791765e+01 1.980322e+01 7.601512e+00
      vertex   -2.793269e+01 1.990251e+01 7.353664e+00
    endloop
  endfacet
  facet normal 6.024486e-01 7.899635e-01 1.140761e-01
    outer loop
      vertex   -2.806970e+01 2.000163e+01 7.390855e+00
      vertex   -2.793269e+01 1.990251e+01 7.353664e+00
      vertex   -2.807722e+01 2.005068e+01 7.090952e+00
    endloop
  endfacet
  facet normal 5.995369e-01 7.917919e-01 1.167093e-01
    outer loop
      vertex   -2.807722e+01 2.005068e+01 7.090952e+00
      vertex   -2.793269e+01 1.990251e+01 7.353664e+00
      vertex   -2.794126e+01 1.994900e+01 7.082352e+00
    endloop
  endfacet
  facet normal 3.415036e-01 4.947741e-01 7.991082e-01
    outer loop
      vertex   -2.755110e+01 1.940362e+01 7.836241e+00
      vertex   -2.773431e+01 1.943799e+01 7.893250e+00
      vertex   -2.755376e+01 1.927528e+01 7.916840e+00
    endloop
  endfacet
  facet normal 7.304574e-01 6.771687e-01 8.873886e-02
    outer loop
      vertex   -2.819403e+01 2.017377e+01 7.100658e+00
      vertex   -2.818657e+01 2.012217e+01 7.433058e+00
      vertex   -2.806970e+01 2.000163e+01 7.390855e+00
    endloop
  endfacet
  facet normal 7.376581e-01 6.415772e-01 2.103311e-01
    outer loop
      vertex   -2.806970e+01 2.000163e+01 7.390855e+00
      vertex   -2.818657e+01 2.012217e+01 7.433058e+00
      vertex   -2.805678e+01 1.989667e+01 7.665695e+00
    endloop
  endfacet
  facet normal 7.259005e-01 6.814516e-01 9.323171e-02
    outer loop
      vertex   -2.819403e+01 2.017377e+01 7.100658e+00
      vertex   -2.806970e+01 2.000163e+01 7.390855e+00
      vertex   -2.807722e+01 2.005068e+01 7.090952e+00
    endloop
  endfacet
  facet normal 9.682236e-01 2.483792e-01 2.917002e-02
    outer loop
      vertex   -2.834662e+01 2.036937e+01 8.000000e+00
      vertex   -2.836261e+01 2.045922e+01 7.765715e+00
      vertex   -2.849899e+01 2.096333e+01 8.000000e+00
    endloop
  endfacet
  facet normal 9.669888e-01 2.543393e-01 1.562687e-02
    outer loop
      vertex   -2.849899e+01 2.096333e+01 8.000000e+00
      vertex   -2.836261e+01 2.045922e+01 7.765715e+00
      vertex   -2.837582e+01 2.052465e+01 7.518154e+00
    endloop
  endfacet
  facet normal 9.649986e-01 2.621323e-01 8.023168e-03
    outer loop
      vertex   -2.849899e+01 2.096333e+01 8.000000e+00
      vertex   -2.837582e+01 2.052465e+01 7.518154e+00
      vertex   -2.838449e+01 2.056443e+01 7.261418e+00
    endloop
  endfacet
  facet normal 9.625119e-01 2.712257e-01 2.726332e-03
    outer loop
      vertex   -2.838449e+01 2.056443e+01 7.261418e+00
      vertex   -2.838751e+01 2.057778e+01 7.000000e+00
      vertex   -2.849899e+01 2.096333e+01 8.000000e+00
    endloop
  endfacet
  facet normal 9.606509e-01 2.777587e-01 -3.045882e-12
    outer loop
      vertex   -2.849899e+01 2.096333e+01 8.000000e+00
      vertex   -2.838751e+01 2.057778e+01 7.000000e+00
      vertex   -2.849899e+01 2.096333e+01 0.000000e+00
    endloop
  endfacet
  facet normal 9.104031e-01 4.137224e-01 4.653881e-12
    outer loop
      vertex   -2.849899e+01 2.096333e+01 8.000000e+00
      vertex   -2.849899e+01 2.096333e+01 0.000000e+00
      vertex   -2.875268e+01 2.152159e+01 8.000000e+00
    endloop
  endfacet
  facet normal 9.104031e-01 4.137224e-01 -4.608218e-12
    outer loop
      vertex   -2.875268e+01 2.152159e+01 8.000000e+00
      vertex   -2.849899e+01 2.096333e+01 0.000000e+00
      vertex   -2.875268e+01 2.152159e+01 0.000000e+00
    endloop
  endfacet
  facet normal 8.242261e-01 5.662609e-01 4.608181e-12
    outer loop
      vertex   -2.875268e+01 2.152159e+01 8.000000e+00
      vertex   -2.875268e+01 2.152159e+01 0.000000e+00
      vertex   -2.909991e+01 2.202700e+01 8.000000e+00
    endloop
  endfacet
  facet normal 8.242261e-01 5.662609e-01 -4.562562e-12
    outer loop
      vertex   -2.909991e+01 2.202700e+01 8.000000e+00
      vertex   -2.875268e+01 2.152159e+01 0.000000e+00
      vertex   -2.909991e+01 2.202700e+01 0.000000e+00
    endloop
  endfacet
  facet normal 7.127499e-01 7.014183e-01 4.562553e-12
    outer loop
      vertex   -2.909991e+01 2.202700e+01 8.000000e+00
      vertex   -2.909991e+01 2.202700e+01 0.000000e+00
      vertex   -2.953002e+01 2.246405e+01 8.000000e+00
    endloop
  endfacet
  facet normal 7.127499e-01 7.014183e-01 -4.516882e-12
    outer loop
      vertex   -2.953002e+01 2.246405e+01 8.000000e+00
      vertex   -2.909991e+01 2.202700e+01 0.000000e+00
      vertex   -2.953002e+01 2.246405e+01 0.000000e+00
    endloop
  endfacet
  facet normal 5.793962e-01 8.150461e-01 4.517011e-12
    outer loop
      vertex   -2.953002e+01 2.246405e+01 8.000000e+00
      vertex   -2.953002e+01 2.246405e+01 0.000000e+00
      vertex   -3.002980e+01 2.281934e+01 8.000000e+00
    endloop
  endfacet
  facet normal 5.793962e-01 8.150461e-01 -4.471257e-12
    outer loop
      vertex   -3.002980e+01 2.281934e+01 8.000000e+00
      vertex   -2.953002e+01 2.246405e+01 0.000000e+00
      vertex   -3.002980e+01 2.281934e+01 0.000000e+00
    endloop
  endfacet
  facet normal 4.282582e-01 9.036564e-01 4.471419e-12
    outer loop
      vertex   -3.002980e+01 2.281934e+01 8.000000e+00
      vertex   -3.002980e+01 2.281934e+01 0.000000e+00
      vertex   -3.058392e+01 2.308194e+01 8.000000e+00
    endloop
  endfacet
  facet normal 4.282582e-01 9.036564e-01 -4.425772e-12
    outer loop
      vertex   -3.058392e+01 2.308194e+01 8.000000e+00
      vertex   -3.002980e+01 2.281934e+01 0.000000e+00
      vertex   -3.058392e+01 2.308194e+01 0.000000e+00
    endloop
  endfacet
  facet normal 2.639751e-01 9.645295e-01 4.425802e-12
    outer loop
      vertex   -3.058392e+01 2.308194e+01 8.000000e+00
      vertex   -3.058392e+01 2.308194e+01 0.000000e+00
      vertex   -3.117536e+01 2.324381e+01 8.000000e+00
    endloop
  endfacet
  facet normal 2.639751e-01 9.645295e-01 -4.380505e-12
    outer loop
      vertex   -3.117536e+01 2.324381e+01 8.000000e+00
      vertex   -3.058392e+01 2.308194e+01 0.000000e+00
      vertex   -3.117536e+01 2.324381e+01 0.000000e+00
    endloop
  endfacet
  facet normal 9.158943e-02 9.957969e-01 4.379844e-12
    outer loop
      vertex   -3.117536e+01 2.324381e+01 8.000000e+00
      vertex   -3.117536e+01 2.324381e+01 0.000000e+00
      vertex   -3.178598e+01 2.329997e+01 8.000000e+00
    endloop
  endfacet
  facet normal 9.158943e-02 9.957969e-01 -4.334251e-12
    outer loop
      vertex   -3.178598e+01 2.329997e+01 8.000000e+00
      vertex   -3.117536e+01 2.324381e+01 0.000000e+00
      vertex   -3.178598e+01 2.329997e+01 0.000000e+00
    endloop
  endfacet
  facet normal -8.360754e-02 9.964988e-01 4.334786e-12
    outer loop
      vertex   -3.178598e+01 2.329997e+01 8.000000e+00
      vertex   -3.178598e+01 2.329997e+01 0.000000e+00
      vertex   -3.239703e+01 2.324870e+01 8.000000e+00
    endloop
  endfacet
  facet normal -8.360754e-02 9.964988e-01 -4.288807e-12
    outer loop
      vertex   -3.239703e+01 2.324870e+01 8.000000e+00
      vertex   -3.178598e+01 2.329997e+01 0.000000e+00
      vertex   -3.239703e+01 2.324870e+01 0.000000e+00
    endloop
  endfacet
  facet normal -2.562382e-01 9.666137e-01 4.289035e-12
    outer loop
      vertex   -3.239703e+01 2.324870e+01 8.000000e+00
      vertex   -3.239703e+01 2.324870e+01 0.000000e+00
      vertex   -3.298975e+01 2.309158e+01 8.000000e+00
    endloop
  endfacet
  facet normal -2.562382e-01 9.666137e-01 -4.242925e-12
    outer loop
      vertex   -3.298975e+01 2.309158e+01 8.000000e+00
      vertex   -3.239703e+01 2.324870e+01 0.000000e+00
      vertex   -3.298975e+01 2.309158e+01 0.000000e+00
    endloop
  endfacet
  facet normal -4.210038e-01 9.070589e-01 4.243517e-12
    outer loop
      vertex   -3.298975e+01 2.309158e+01 8.000000e+00
      vertex   -3.298975e+01 2.309158e+01 0.000000e+00
      vertex   -3.354595e+01 2.283342e+01 8.000000e+00
    endloop
  endfacet
  facet normal -4.210038e-01 9.070589e-01 -4.197925e-12
    outer loop
      vertex   -3.354595e+01 2.283342e+01 8.000000e+00
      vertex   -3.298975e+01 2.309158e+01 0.000000e+00
      vertex   -3.354595e+01 2.283342e+01 0.000000e+00
    endloop
  endfacet
  facet normal -5.728469e-01 8.196624e-01 4.197468e-12
    outer loop
      vertex   -3.354595e+01 2.283342e+01 8.000000e+00
      vertex   -3.354595e+01 2.283342e+01 0.000000e+00
      vertex   -3.404856e+01 2.248216e+01 8.000000e+00
    endloop
  endfacet
  facet normal -5.728469e-01 8.196624e-01 -4.152214e-12
    outer loop
      vertex   -3.404856e+01 2.248216e+01 8.000000e+00
      vertex   -3.354595e+01 2.283342e+01 0.000000e+00
      vertex   -3.404856e+01 2.248216e+01 0.000000e+00
    endloop
  endfacet
  facet normal -7.071068e-01 7.071068e-01 4.151952e-12
    outer loop
      vertex   -3.404856e+01 2.248216e+01 8.000000e+00
      vertex   -3.404856e+01 2.248216e+01 0.000000e+00
      vertex   -3.448216e+01 2.204856e+01 8.000000e+00
    endloop
  endfacet
  facet normal -7.071068e-01 7.071068e-01 -4.106420e-12
    outer loop
      vertex   -3.448216e+01 2.204856e+01 8.000000e+00
      vertex   -3.404856e+01 2.248216e+01 0.000000e+00
      vertex   -3.448216e+01 2.204856e+01 0.000000e+00
    endloop
  endfacet
  facet normal -8.196624e-01 5.728469e-01 4.106676e-12
    outer loop
      vertex   -3.448216e+01 2.204856e+01 8.000000e+00
      vertex   -3.448216e+01 2.204856e+01 0.000000e+00
      vertex   -3.483342e+01 2.154595e+01 8.000000e+00
    endloop
  endfacet
  facet normal -8.196624e-01 5.728469e-01 -4.060788e-12
    outer loop
      vertex   -3.483342e+01 2.154595e+01 8.000000e+00
      vertex   -3.448216e+01 2.204856e+01 0.000000e+00
      vertex   -3.483342e+01 2.154595e+01 0.000000e+00
    endloop
  endfacet
  facet normal -9.070589e-01 4.210038e-01 4.061065e-12
    outer loop
      vertex   -3.483342e+01 2.154595e+01 8.000000e+00
      vertex   -3.483342e+01 2.154595e+01 0.000000e+00
      vertex   -3.509158e+01 2.098975e+01 8.000000e+00
    endloop
  endfacet
  facet normal -9.070589e-01 4.210038e-01 -4.015973e-12
    outer loop
      vertex   -3.509158e+01 2.098975e+01 8.000000e+00
      vertex   -3.483342e+01 2.154595e+01 0.000000e+00
      vertex   -3.509158e+01 2.098975e+01 0.000000e+00
    endloop
  endfacet
  facet normal -9.666137e-01 2.562382e-01 4.014515e-12
    outer loop
      vertex   -3.509158e+01 2.098975e+01 8.000000e+00
      vertex   -3.509158e+01 2.098975e+01 0.000000e+00
      vertex   -3.524870e+01 2.039703e+01 8.000000e+00
    endloop
  endfacet
  facet normal -9.666137e-01 2.562382e-01 -3.969761e-12
    outer loop
      vertex   -3.524870e+01 2.039703e+01 8.000000e+00
      vertex   -3.509158e+01 2.098975e+01 0.000000e+00
      vertex   -3.524870e+01 2.039703e+01 0.000000e+00
    endloop
  endfacet
  facet normal -9.964988e-01 8.360754e-02 3.969522e-12
    outer loop
      vertex   -3.524870e+01 2.039703e+01 8.000000e+00
      vertex   -3.524870e+01 2.039703e+01 0.000000e+00
      vertex   -3.529997e+01 1.978598e+01 8.000000e+00
    endloop
  endfacet
  facet normal -9.964988e-01 8.360754e-02 -3.924044e-12
    outer loop
      vertex   -3.529997e+01 1.978598e+01 8.000000e+00
      vertex   -3.524870e+01 2.039703e+01 0.000000e+00
      vertex   -3.529997e+01 1.978598e+01 0.000000e+00
    endloop
  endfacet
  facet normal -9.957969e-01 -9.158943e-02 3.924157e-12
    outer loop
      vertex   -3.529997e+01 1.978598e+01 8.000000e+00
      vertex   -3.529997e+01 1.978598e+01 0.000000e+00
      vertex   -3.524381e+01 1.917536e+01 8.000000e+00
    endloop
  endfacet
  facet normal -9.957969e-01 -9.158943e-02 -3.878040e-12
    outer loop
      vertex   -3.524381e+01 1.917536e+01 8.000000e+00
      vertex   -3.529997e+01 1.978598e+01 0.000000e+00
      vertex   -3.524381e+01 1.917536e+01 0.000000e+00
    endloop
  endfacet
  facet normal -9.645295e-01 -2.639751e-01 3.878790e-12
    outer loop
      vertex   -3.524381e+01 1.917536e+01 8.000000e+00
      vertex   -3.524381e+01 1.917536e+01 0.000000e+00
      vertex   -3.508194e+01 1.858392e+01 8.000000e+00
    endloop
  endfacet
  facet normal -9.645295e-01 -2.639751e-01 -3.832447e-12
    outer loop
      vertex   -3.508194e+01 1.858392e+01 8.000000e+00
      vertex   -3.524381e+01 1.917536e+01 0.000000e+00
      vertex   -3.508194e+01 1.858392e+01 0.000000e+00
    endloop
  endfacet
  facet normal -9.036564e-01 -4.282582e-01 3.833168e-12
    outer loop
      vertex   -3.508194e+01 1.858392e+01 8.000000e+00
      vertex   -3.508194e+01 1.858392e+01 0.000000e+00
      vertex   -3.481934e+01 1.802980e+01 8.000000e+00
    endloop
  endfacet
  facet normal -9.036564e-01 -4.282582e-01 -3.787114e-12
    outer loop
      vertex   -3.481934e+01 1.802980e+01 8.000000e+00
      vertex   -3.508194e+01 1.858392e+01 0.000000e+00
      vertex   -3.481934e+01 1.802980e+01 0.000000e+00
    endloop
  endfacet
  facet normal -8.150461e-01 -5.793962e-01 3.787278e-12
    outer loop
      vertex   -3.481934e+01 1.802980e+01 8.000000e+00
      vertex   -3.481934e+01 1.802980e+01 0.000000e+00
      vertex   -3.446405e+01 1.753002e+01 8.000000e+00
    endloop
  endfacet
  facet normal -8.150461e-01 -5.793962e-01 -3.740976e-12
    outer loop
      vertex   -3.446405e+01 1.753002e+01 8.000000e+00
      vertex   -3.481934e+01 1.802980e+01 0.000000e+00
      vertex   -3.446405e+01 1.753002e+01 0.000000e+00
    endloop
  endfacet
  facet normal -7.014183e-01 -7.127499e-01 3.742177e-12
    outer loop
      vertex   -3.446405e+01 1.753002e+01 8.000000e+00
      vertex   -3.446405e+01 1.753002e+01 0.000000e+00
      vertex   -3.402700e+01 1.709991e+01 8.000000e+00
    endloop
  endfacet
  facet normal -7.014183e-01 -7.127499e-01 -3.695976e-12
    outer loop
      vertex   -3.402700e+01 1.709991e+01 8.000000e+00
      vertex   -3.446405e+01 1.753002e+01 0.000000e+00
      vertex   -3.402700e+01 1.709991e+01 0.000000e+00
    endloop
  endfacet
  facet normal -5.662609e-01 -8.242261e-01 3.695972e-12
    outer loop
      vertex   -3.402700e+01 1.709991e+01 8.000000e+00
      vertex   -3.402700e+01 1.709991e+01 0.000000e+00
      vertex   -3.352159e+01 1.675268e+01 8.000000e+00
    endloop
  endfacet
  facet normal -5.662609e-01 -8.242261e-01 -3.650285e-12
    outer loop
      vertex   -3.352159e+01 1.675268e+01 8.000000e+00
      vertex   -3.402700e+01 1.709991e+01 0.000000e+00
      vertex   -3.352159e+01 1.675268e+01 0.000000e+00
    endloop
  endfacet
  facet normal -4.137224e-01 -9.104031e-01 3.650572e-12
    outer loop
      vertex   -3.352159e+01 1.675268e+01 8.000000e+00
      vertex   -3.352159e+01 1.675268e+01 0.000000e+00
      vertex   -3.296333e+01 1.649899e+01 8.000000e+00
    endloop
  endfacet
  facet normal -4.137224e-01 -9.104031e-01 -3.604790e-12
    outer loop
      vertex   -3.296333e+01 1.649899e+01 8.000000e+00
      vertex   -3.352159e+01 1.675268e+01 0.000000e+00
      vertex   -3.296333e+01 1.649899e+01 0.000000e+00
    endloop
  endfacet
  facet normal -2.777587e-01 -9.606509e-01 2.359466e-12
    outer loop
      vertex   -3.296333e+01 1.649899e+01 8.000000e+00
      vertex   -3.296333e+01 1.649899e+01 0.000000e+00
      vertex   -3.257778e+01 1.638751e+01 1.000000e+00
    endloop
  endfacet
  facet normal -2.712257e-01 -9.625119e-01 -2.726332e-03
    outer loop
      vertex   -3.257778e+01 1.638751e+01 1.000000e+00
      vertex   -3.296333e+01 1.649899e+01 0.000000e+00
      vertex   -3.256443e+01 1.638449e+01 7.385821e-01
    endloop
  endfacet
  facet normal -2.621323e-01 -9.649986e-01 -8.023169e-03
    outer loop
      vertex   -3.256443e+01 1.638449e+01 7.385821e-01
      vertex   -3.296333e+01 1.649899e+01 0.000000e+00
      vertex   -3.252465e+01 1.637582e+01 4.818462e-01
    endloop
  endfacet
  facet normal -2.543393e-01 -9.669888e-01 -1.562687e-02
    outer loop
      vertex   -3.252465e+01 1.637582e+01 4.818462e-01
      vertex   -3.296333e+01 1.649899e+01 0.000000e+00
      vertex   -3.245922e+01 1.636261e+01 2.342848e-01
    endloop
  endfacet
  facet normal -2.483792e-01 -9.682236e-01 -2.917002e-02
    outer loop
      vertex   -3.245922e+01 1.636261e+01 2.342848e-01
      vertex   -3.296333e+01 1.649899e+01 0.000000e+00
      vertex   -3.236937e+01 1.634662e+01 1.373554e-13
    endloop
  endfacet
  facet normal 9.606509e-01 2.777587e-01 0.000000e+00
    outer loop
      vertex   -2.838751e+01 2.057778e+01 7.000000e+00
      vertex   -2.838751e+01 2.057778e+01 1.000000e+00
      vertex   -2.849899e+01 2.096333e+01 0.000000e+00
    endloop
  endfacet
  facet normal 9.621120e-01 2.726460e-01 -2.134123e-03
    outer loop
      vertex   -2.849899e+01 2.096333e+01 0.000000e+00
      vertex   -2.838751e+01 2.057778e+01 1.000000e+00
      vertex   -2.838427e+01 2.056428e+01 7.387139e-01
    endloop
  endfacet
  facet normal 9.647471e-01 2.630655e-01 -7.718824e-03
    outer loop
      vertex   -2.849899e+01 2.096333e+01 0.000000e+00
      vertex   -2.838427e+01 2.056428e+01 7.387139e-01
      vertex   -2.837545e+01 2.052441e+01 4.821021e-01
    endloop
  endfacet
  facet normal 9.669824e-01 2.543247e-01 -1.624963e-02
    outer loop
      vertex   -2.837545e+01 2.052441e+01 4.821021e-01
      vertex   -2.836244e+01 2.045912e+01 2.344393e-01
      vertex   -2.849899e+01 2.096333e+01 0.000000e+00
    endloop
  endfacet
  facet normal 9.682068e-01 2.483748e-01 -2.975922e-02
    outer loop
      vertex   -2.849899e+01 2.096333e+01 0.000000e+00
      vertex   -2.836244e+01 2.045912e+01 2.344393e-01
      vertex   -2.834662e+01 2.036937e+01 4.716389e-10
    endloop
  endfacet
  facet normal -2.777587e-01 -9.606509e-01 5.688196e-16
    outer loop
      vertex   -3.257778e+01 1.638751e+01 1.000000e+00
      vertex   -3.257778e+01 1.638751e+01 7.000000e+00
      vertex   -3.296333e+01 1.649899e+01 8.000000e+00
    endloop
  endfacet
  facet normal -2.726457e-01 -9.621121e-01 2.134267e-03
    outer loop
      vertex   -3.296333e+01 1.649899e+01 8.000000e+00
      vertex   -3.257778e+01 1.638751e+01 7.000000e+00
      vertex   -3.256428e+01 1.638427e+01 7.261287e+00
    endloop
  endfacet
  facet normal -2.630651e-01 -9.647472e-01 7.718986e-03
    outer loop
      vertex   -3.296333e+01 1.649899e+01 8.000000e+00
      vertex   -3.256428e+01 1.638427e+01 7.261287e+00
      vertex   -3.252441e+01 1.637545e+01 7.517900e+00
    endloop
  endfacet
  facet normal -2.543246e-01 -9.669824e-01 1.624963e-02
    outer loop
      vertex   -3.252441e+01 1.637545e+01 7.517900e+00
      vertex   -3.245912e+01 1.636244e+01 7.765563e+00
      vertex   -3.296333e+01 1.649899e+01 8.000000e+00
    endloop
  endfacet
  facet normal -2.483748e-01 -9.682068e-01 2.975911e-02
    outer loop
      vertex   -3.296333e+01 1.649899e+01 8.000000e+00
      vertex   -3.245912e+01 1.636244e+01 7.765563e+00
      vertex   -3.236937e+01 1.634662e+01 8.000000e+00
    endloop
  endfacet
  facet normal 3.300093e-01 -9.439627e-01 -5.323868e-03
    outer loop
      vertex   3.257778e+01 1.638751e+01 1.000000e+00
      vertex   3.236635e+01 1.631360e+01 1.000000e+00
      vertex   3.256428e+01 1.638427e+01 7.387130e-01
    endloop
  endfacet
  facet normal 3.050555e-01 -9.519688e-01 -2.639228e-02
    outer loop
      vertex   3.256428e+01 1.638427e+01 7.387130e-01
      vertex   3.236635e+01 1.631360e+01 1.000000e+00
      vertex   3.238466e+01 1.632970e+01 6.308525e-01
    endloop
  endfacet
  facet normal 2.980737e-01 -9.544472e-01 -1.351211e-02
    outer loop
      vertex   3.256428e+01 1.638427e+01 7.387130e-01
      vertex   3.238466e+01 1.632970e+01 6.308525e-01
      vertex   3.252441e+01 1.637545e+01 4.820998e-01
    endloop
  endfacet
  facet normal 2.786659e-01 -9.598074e-01 -3.339319e-02
    outer loop
      vertex   3.252441e+01 1.637545e+01 4.820998e-01
      vertex   3.238466e+01 1.632970e+01 6.308525e-01
      vertex   3.228224e+01 1.631343e+01 2.439347e-01
    endloop
  endfacet
  facet normal 2.660179e-01 -9.637708e-01 -1.950075e-02
    outer loop
      vertex   3.252441e+01 1.637545e+01 4.820998e-01
      vertex   3.228224e+01 1.631343e+01 2.439347e-01
      vertex   3.245912e+01 1.636244e+01 2.344367e-01
    endloop
  endfacet
  facet normal 2.650454e-01 -9.635466e-01 -3.645551e-02
    outer loop
      vertex   3.245912e+01 1.636244e+01 2.344367e-01
      vertex   3.228224e+01 1.631343e+01 2.439347e-01
      vertex   3.236937e+01 1.634662e+01 3.574284e-10
    endloop
  endfacet
  facet normal 2.608667e-01 -9.646229e-01 -3.809449e-02
    outer loop
      vertex   3.236937e+01 1.634662e+01 3.574284e-10
      vertex   3.228224e+01 1.631343e+01 2.439347e-01
      vertex   3.208820e+01 1.627058e+01 2.452793e-15
    endloop
  endfacet
  facet normal 3.906043e-01 -9.080511e-01 -1.512334e-01
    outer loop
      vertex   3.208820e+01 1.627058e+01 2.452793e-15
      vertex   3.228224e+01 1.631343e+01 2.439347e-01
      vertex   3.213814e+01 1.623943e+01 3.160444e-01
    endloop
  endfacet
  facet normal 3.825195e-01 -9.116391e-01 -1.503096e-01
    outer loop
      vertex   3.208820e+01 1.627058e+01 2.452793e-15
      vertex   3.213814e+01 1.623943e+01 3.160444e-01
      vertex   3.198267e+01 1.622519e+01 6.745260e-03
    endloop
  endfacet
  facet normal 5.014736e-01 -8.384235e-01 -2.134718e-01
    outer loop
      vertex   3.198267e+01 1.622519e+01 6.745260e-03
      vertex   3.213814e+01 1.623943e+01 3.160444e-01
      vertex   3.205385e+01 1.617788e+01 3.597627e-01
    endloop
  endfacet
  facet normal 4.779788e-01 -8.527378e-01 -2.106527e-01
    outer loop
      vertex   3.198267e+01 1.622519e+01 6.745260e-03
      vertex   3.205385e+01 1.617788e+01 3.597627e-01
      vertex   3.190479e+01 1.616534e+01 7.232502e-02
    endloop
  endfacet
  facet normal 5.996090e-01 -7.503846e-01 -2.781940e-01
    outer loop
      vertex   3.190479e+01 1.616534e+01 7.232502e-02
      vertex   3.205385e+01 1.617788e+01 3.597627e-01
      vertex   3.193679e+01 1.606085e+01 4.231359e-01
    endloop
  endfacet
  facet normal 5.815424e-01 -7.636314e-01 -2.804915e-01
    outer loop
      vertex   3.190479e+01 1.616534e+01 7.232502e-02
      vertex   3.193679e+01 1.606085e+01 4.231359e-01
      vertex   3.179680e+01 1.604844e+01 1.666780e-01
    endloop
  endfacet
  facet normal 6.986308e-01 -6.233582e-01 -3.511973e-01
    outer loop
      vertex   3.179680e+01 1.604844e+01 1.666780e-01
      vertex   3.193679e+01 1.606085e+01 4.231359e-01
      vertex   3.184106e+01 1.592233e+01 4.785630e-01
    endloop
  endfacet
  facet normal 6.887321e-01 -6.329109e-01 -3.536549e-01
    outer loop
      vertex   3.179680e+01 1.604844e+01 1.666780e-01
      vertex   3.184106e+01 1.592233e+01 4.785630e-01
      vertex   3.170893e+01 1.590734e+01 2.480708e-01
    endloop
  endfacet
  facet normal 7.758285e-01 -4.763248e-01 -4.137689e-01
    outer loop
      vertex   3.170893e+01 1.590734e+01 2.480708e-01
      vertex   3.184106e+01 1.592233e+01 4.785630e-01
      vertex   3.176983e+01 1.576665e+01 5.242246e-01
    endloop
  endfacet
  facet normal 7.727033e-01 -4.802490e-01 -4.150790e-01
    outer loop
      vertex   3.170893e+01 1.590734e+01 2.480708e-01
      vertex   3.176983e+01 1.576665e+01 5.242246e-01
      vertex   3.164437e+01 1.574683e+01 3.135923e-01
    endloop
  endfacet
  facet normal 8.284095e-01 -3.138854e-01 -4.639112e-01
    outer loop
      vertex   3.164437e+01 1.574683e+01 3.135923e-01
      vertex   3.176983e+01 1.576665e+01 5.242246e-01
      vertex   3.172542e+01 1.559855e+01 5.586525e-01
    endloop
  endfacet
  facet normal 8.302778e-01 -3.107881e-01 -4.626549e-01
    outer loop
      vertex   3.164437e+01 1.574683e+01 3.135923e-01
      vertex   3.172542e+01 1.559855e+01 5.586525e-01
      vertex   3.160541e+01 1.557224e+01 3.609503e-01
    endloop
  endfacet
  facet normal 8.566193e-01 -9.022129e-02 -5.079995e-01
    outer loop
      vertex   3.160541e+01 1.557224e+01 3.609503e-01
      vertex   3.172542e+01 1.559855e+01 5.586525e-01
      vertex   3.163079e+01 1.534889e+01 4.434304e-01
    endloop
  endfacet
  facet normal 7.761539e-01 -1.389008e-01 -6.150542e-01
    outer loop
      vertex   3.160541e+01 1.557224e+01 3.609503e-01
      vertex   3.163079e+01 1.534889e+01 4.434304e-01
      vertex   3.150569e+01 1.531944e+01 2.922024e-01
    endloop
  endfacet
  facet normal 4.563616e-01 -8.896476e-01 -1.616634e-02
    outer loop
      vertex   3.238466e+01 1.632970e+01 6.308525e-01
      vertex   3.236635e+01 1.631360e+01 1.000000e+00
      vertex   3.223515e+01 1.625238e+01 6.653076e-01
    endloop
  endfacet
  facet normal 5.310757e-01 -8.456334e-01 -5.350444e-02
    outer loop
      vertex   3.223515e+01 1.625238e+01 6.653076e-01
      vertex   3.236635e+01 1.631360e+01 1.000000e+00
      vertex   3.217667e+01 1.619448e+01 1.000000e+00
    endloop
  endfacet
  facet normal 5.743493e-01 -8.175784e-01 -4.108992e-02
    outer loop
      vertex   3.223515e+01 1.625238e+01 6.653076e-01
      vertex   3.217667e+01 1.619448e+01 1.000000e+00
      vertex   3.214759e+01 1.618981e+01 6.862600e-01
    endloop
  endfacet
  facet normal 6.842575e-01 -7.273396e-01 -5.261922e-02
    outer loop
      vertex   3.214759e+01 1.618981e+01 6.862600e-01
      vertex   3.217667e+01 1.619448e+01 1.000000e+00
      vertex   3.202560e+01 1.607284e+01 7.167803e-01
    endloop
  endfacet
  facet normal 6.612760e-01 -7.321980e-01 -1.630957e-01
    outer loop
      vertex   3.214759e+01 1.618981e+01 6.862600e-01
      vertex   3.202560e+01 1.607284e+01 7.167803e-01
      vertex   3.205385e+01 1.617788e+01 3.597627e-01
    endloop
  endfacet
  facet normal 6.506180e-01 -7.409262e-01 -1.665071e-01
    outer loop
      vertex   3.205385e+01 1.617788e+01 3.597627e-01
      vertex   3.202560e+01 1.607284e+01 7.167803e-01
      vertex   3.193679e+01 1.606085e+01 4.231359e-01
    endloop
  endfacet
  facet normal 7.050849e-01 -7.053370e-01 -7.317814e-02
    outer loop
      vertex   3.217667e+01 1.619448e+01 1.000000e+00
      vertex   3.201826e+01 1.603613e+01 1.000000e+00
      vertex   3.202560e+01 1.607284e+01 7.167803e-01
    endloop
  endfacet
  facet normal 7.990509e-01 -5.985647e-01 -5.690314e-02
    outer loop
      vertex   3.202560e+01 1.607284e+01 7.167803e-01
      vertex   3.201826e+01 1.603613e+01 1.000000e+00
      vertex   3.192513e+01 1.593616e+01 7.437104e-01
    endloop
  endfacet
  facet normal 7.682189e-01 -6.055926e-01 -2.075986e-01
    outer loop
      vertex   3.202560e+01 1.607284e+01 7.167803e-01
      vertex   3.192513e+01 1.593616e+01 7.437104e-01
      vertex   3.193679e+01 1.606085e+01 4.231359e-01
    endloop
  endfacet
  facet normal 7.629850e-01 -6.113451e-01 -2.100265e-01
    outer loop
      vertex   3.193679e+01 1.606085e+01 4.231359e-01
      vertex   3.192513e+01 1.593616e+01 7.437104e-01
      vertex   3.184106e+01 1.592233e+01 4.785630e-01
    endloop
  endfacet
  facet normal 8.424452e-01 -5.294934e-01 -9.961334e-02
    outer loop
      vertex   3.201826e+01 1.603613e+01 1.000000e+00
      vertex   3.189908e+01 1.584649e+01 1.000000e+00
      vertex   3.192513e+01 1.593616e+01 7.437104e-01
    endloop
  endfacet
  facet normal 8.891721e-01 -4.525031e-01 -6.792620e-02
    outer loop
      vertex   3.192513e+01 1.593616e+01 7.437104e-01
      vertex   3.189908e+01 1.584649e+01 1.000000e+00
      vertex   3.184930e+01 1.578378e+01 7.662178e-01
    endloop
  endfacet
  facet normal 8.526905e-01 -4.606984e-01 -2.463247e-01
    outer loop
      vertex   3.192513e+01 1.593616e+01 7.437104e-01
      vertex   3.184930e+01 1.578378e+01 7.662178e-01
      vertex   3.184106e+01 1.592233e+01 4.785630e-01
    endloop
  endfacet
  facet normal 8.517217e-01 -4.621331e-01 -2.469880e-01
    outer loop
      vertex   3.184106e+01 1.592233e+01 4.785630e-01
      vertex   3.184930e+01 1.578378e+01 7.662178e-01
      vertex   3.176983e+01 1.576665e+01 5.242246e-01
    endloop
  endfacet
  facet normal 9.379579e-01 -3.282863e-01 -1.116380e-01
    outer loop
      vertex   3.189908e+01 1.584649e+01 1.000000e+00
      vertex   3.182508e+01 1.563509e+01 1.000000e+00
      vertex   3.184930e+01 1.578378e+01 7.662178e-01
    endloop
  endfacet
  facet normal 9.518750e-01 -2.935502e-01 -8.810412e-02
    outer loop
      vertex   3.184930e+01 1.578378e+01 7.662178e-01
      vertex   3.182508e+01 1.563509e+01 1.000000e+00
      vertex   3.180042e+01 1.562006e+01 7.836202e-01
    endloop
  endfacet
  facet normal 9.119048e-01 -3.018132e-01 -2.780979e-01
    outer loop
      vertex   3.184930e+01 1.578378e+01 7.662178e-01
      vertex   3.180042e+01 1.562006e+01 7.836202e-01
      vertex   3.176983e+01 1.576665e+01 5.242246e-01
    endloop
  endfacet
  facet normal 9.137561e-01 -2.979786e-01 -2.761493e-01
    outer loop
      vertex   3.176983e+01 1.576665e+01 5.242246e-01
      vertex   3.180042e+01 1.562006e+01 7.836202e-01
      vertex   3.172542e+01 1.559855e+01 5.586525e-01
    endloop
  endfacet
  facet normal 9.882271e-01 -1.113720e-01 -1.048970e-01
    outer loop
      vertex   3.182508e+01 1.563509e+01 1.000000e+00
      vertex   3.180000e+01 1.541252e+01 1.000000e+00
      vertex   3.180042e+01 1.562006e+01 7.836202e-01
    endloop
  endfacet
  facet normal 9.904527e-01 -1.004467e-01 -9.441338e-02
    outer loop
      vertex   3.180042e+01 1.562006e+01 7.836202e-01
      vertex   3.180000e+01 1.541252e+01 1.000000e+00
      vertex   3.178041e+01 1.540319e+01 8.043877e-01
    endloop
  endfacet
  facet normal 9.542650e-01 -1.145111e-01 -2.761621e-01
    outer loop
      vertex   3.180042e+01 1.562006e+01 7.836202e-01
      vertex   3.178041e+01 1.540319e+01 8.043877e-01
      vertex   3.172321e+01 1.537973e+01 6.164883e-01
    endloop
  endfacet
  facet normal 9.473241e-01 -9.072733e-02 -3.071572e-01
    outer loop
      vertex   3.180042e+01 1.562006e+01 7.836202e-01
      vertex   3.172321e+01 1.537973e+01 6.164883e-01
      vertex   3.172542e+01 1.559855e+01 5.586525e-01
    endloop
  endfacet
  facet normal 8.841481e-01 -1.276901e-01 -4.494190e-01
    outer loop
      vertex   3.172542e+01 1.559855e+01 5.586525e-01
      vertex   3.172321e+01 1.537973e+01 6.164883e-01
      vertex   3.163079e+01 1.534889e+01 4.434304e-01
    endloop
  endfacet
  facet normal 7.206299e-01 -9.759183e-02 -6.864170e-01
    outer loop
      vertex   3.160541e+01 1.557224e+01 3.609503e-01
      vertex   3.150569e+01 1.531944e+01 2.922024e-01
      vertex   3.145061e+01 1.555357e+01 2.010998e-01
    endloop
  endfacet
  facet normal 6.340367e-01 -1.463326e-01 -7.593314e-01
    outer loop
      vertex   3.145061e+01 1.555357e+01 2.010998e-01
      vertex   3.150569e+01 1.531944e+01 2.922024e-01
      vertex   3.135313e+01 1.530248e+01 1.680854e-01
    endloop
  endfacet
  facet normal 5.512917e-01 -1.052230e-01 -8.276507e-01
    outer loop
      vertex   3.145061e+01 1.555357e+01 2.010998e-01
      vertex   3.135313e+01 1.530248e+01 1.680854e-01
      vertex   3.127156e+01 1.555389e+01 8.179368e-02
    endloop
  endfacet
  facet normal 4.630021e-01 -1.496487e-01 -8.736328e-01
    outer loop
      vertex   3.127156e+01 1.555389e+01 8.179368e-02
      vertex   3.135313e+01 1.530248e+01 1.680854e-01
      vertex   3.117986e+01 1.530706e+01 7.547313e-02
    endloop
  endfacet
  facet normal 4.008655e-01 -1.256965e-01 -9.074730e-01
    outer loop
      vertex   3.127156e+01 1.555389e+01 8.179368e-02
      vertex   3.117986e+01 1.530706e+01 7.547313e-02
      vertex   3.117086e+01 1.556496e+01 3.577758e-02
    endloop
  endfacet
  facet normal 2.635065e-01 -1.377653e-01 -9.547696e-01
    outer loop
      vertex   3.117086e+01 1.556496e+01 3.577758e-02
      vertex   3.117986e+01 1.530706e+01 7.547313e-02
      vertex   3.099264e+01 1.534219e+01 1.873521e-02
    endloop
  endfacet
  facet normal 2.829818e-01 -1.539639e-01 -9.466871e-01
    outer loop
      vertex   3.117086e+01 1.556496e+01 3.577758e-02
      vertex   3.099264e+01 1.534219e+01 1.873521e-02
      vertex   3.106744e+01 1.558540e+01 1.537994e-03
    endloop
  endfacet
  facet normal 6.383652e-02 -8.990943e-02 -9.939020e-01
    outer loop
      vertex   3.106744e+01 1.558540e+01 1.537994e-03
      vertex   3.099264e+01 1.534219e+01 1.873521e-02
      vertex   3.080000e+01 1.541252e+01 6.735606e-16
    endloop
  endfacet
  facet normal 8.400452e-02 -1.211511e-01 -9.890731e-01
    outer loop
      vertex   3.106744e+01 1.558540e+01 1.537994e-03
      vertex   3.080000e+01 1.541252e+01 6.735606e-16
      vertex   3.115922e+01 1.566160e+01 -1.908555e-16
    endloop
  endfacet
  facet normal 3.727775e-01 -4.737887e-01 -7.978479e-01
    outer loop
      vertex   3.148982e+01 1.592171e+01 -1.803955e-17
      vertex   3.130664e+01 1.574075e+01 2.187461e-02
      vertex   3.115922e+01 1.566160e+01 -1.908555e-16
    endloop
  endfacet
  facet normal 3.154239e-01 -3.429358e-01 -8.848180e-01
    outer loop
      vertex   3.115922e+01 1.566160e+01 -1.908555e-16
      vertex   3.130664e+01 1.574075e+01 2.187461e-02
      vertex   3.127156e+01 1.555389e+01 8.179368e-02
    endloop
  endfacet
  facet normal 3.728620e-01 -2.823243e-01 -8.838931e-01
    outer loop
      vertex   3.115922e+01 1.566160e+01 -1.908555e-16
      vertex   3.127156e+01 1.555389e+01 8.179368e-02
      vertex   3.117086e+01 1.556496e+01 3.577758e-02
    endloop
  endfacet
  facet normal 4.461741e-01 -6.758129e-01 -5.866903e-01
    outer loop
      vertex   3.185875e+01 1.616528e+01 9.715801e-16
      vertex   3.154360e+01 1.590089e+01 6.489089e-02
      vertex   3.148982e+01 1.592171e+01 -1.803955e-17
    endloop
  endfacet
  facet normal 5.737409e-01 -5.115060e-01 -6.396741e-01
    outer loop
      vertex   3.148982e+01 1.592171e+01 -1.803955e-17
      vertex   3.154360e+01 1.590089e+01 6.489089e-02
      vertex   3.148615e+01 1.573524e+01 1.458214e-01
    endloop
  endfacet
  facet normal 4.622900e-01 -5.518548e-01 -6.940780e-01
    outer loop
      vertex   3.148982e+01 1.592171e+01 -1.803955e-17
      vertex   3.148615e+01 1.573524e+01 1.458214e-01
      vertex   3.130664e+01 1.574075e+01 2.187461e-02
    endloop
  endfacet
  facet normal 5.272258e-01 -3.400770e-01 -7.787044e-01
    outer loop
      vertex   3.130664e+01 1.574075e+01 2.187461e-02
      vertex   3.148615e+01 1.573524e+01 1.458214e-01
      vertex   3.145061e+01 1.555357e+01 2.010998e-01
    endloop
  endfacet
  facet normal 5.194546e-01 -3.477910e-01 -7.805180e-01
    outer loop
      vertex   3.130664e+01 1.574075e+01 2.187461e-02
      vertex   3.145061e+01 1.555357e+01 2.010998e-01
      vertex   3.127156e+01 1.555389e+01 8.179368e-02
    endloop
  endfacet
  facet normal 3.859913e-01 -8.410558e-01 3.789932e-01
    outer loop
      vertex   3.208820e+01 1.627058e+01 2.452793e-15
      vertex   3.198267e+01 1.622519e+01 6.745260e-03
      vertex   3.185875e+01 1.616528e+01 9.715801e-16
    endloop
  endfacet
  facet normal 4.306948e-01 -8.600618e-01 -2.734880e-01
    outer loop
      vertex   3.185875e+01 1.616528e+01 9.715801e-16
      vertex   3.198267e+01 1.622519e+01 6.745260e-03
      vertex   3.190479e+01 1.616534e+01 7.232502e-02
    endloop
  endfacet
  facet normal 5.369858e-01 -7.714956e-01 -3.412341e-01
    outer loop
      vertex   3.185875e+01 1.616528e+01 9.715801e-16
      vertex   3.190479e+01 1.616534e+01 7.232502e-02
      vertex   3.179680e+01 1.604844e+01 1.666780e-01
    endloop
  endfacet
  facet normal 2.427598e-01 -3.109621e-01 -9.188962e-01
    outer loop
      vertex   3.115922e+01 1.566160e+01 -1.908555e-16
      vertex   3.117086e+01 1.556496e+01 3.577758e-02
      vertex   3.106744e+01 1.558540e+01 1.537994e-03
    endloop
  endfacet
  facet normal 4.433283e-01 -8.928003e-01 -7.979770e-02
    outer loop
      vertex   3.228224e+01 1.631343e+01 2.439347e-01
      vertex   3.238466e+01 1.632970e+01 6.308525e-01
      vertex   3.223515e+01 1.625238e+01 6.653076e-01
    endloop
  endfacet
  facet normal 5.418870e-01 -8.310726e-01 -1.252070e-01
    outer loop
      vertex   3.205385e+01 1.617788e+01 3.597627e-01
      vertex   3.213814e+01 1.623943e+01 3.160444e-01
      vertex   3.214759e+01 1.618981e+01 6.862600e-01
    endloop
  endfacet
  facet normal 5.570056e-01 -8.211597e-01 -1.242643e-01
    outer loop
      vertex   3.214759e+01 1.618981e+01 6.862600e-01
      vertex   3.213814e+01 1.623943e+01 3.160444e-01
      vertex   3.223515e+01 1.625238e+01 6.653076e-01
    endloop
  endfacet
  facet normal 4.217427e-01 -9.028472e-01 -8.366587e-02
    outer loop
      vertex   3.213814e+01 1.623943e+01 3.160444e-01
      vertex   3.228224e+01 1.631343e+01 2.439347e-01
      vertex   3.223515e+01 1.625238e+01 6.653076e-01
    endloop
  endfacet
  facet normal 6.971094e-01 -3.300335e-01 -6.364875e-01
    outer loop
      vertex   3.145061e+01 1.555357e+01 2.010998e-01
      vertex   3.148615e+01 1.573524e+01 1.458214e-01
      vertex   3.160541e+01 1.557224e+01 3.609503e-01
    endloop
  endfacet
  facet normal 6.984017e-01 -3.283602e-01 -6.359360e-01
    outer loop
      vertex   3.160541e+01 1.557224e+01 3.609503e-01
      vertex   3.148615e+01 1.573524e+01 1.458214e-01
      vertex   3.164437e+01 1.574683e+01 3.135923e-01
    endloop
  endfacet
  facet normal 6.454066e-01 -5.041798e-01 -5.738057e-01
    outer loop
      vertex   3.148615e+01 1.573524e+01 1.458214e-01
      vertex   3.154360e+01 1.590089e+01 6.489089e-02
      vertex   3.164437e+01 1.574683e+01 3.135923e-01
    endloop
  endfacet
  facet normal 6.531361e-01 -4.962124e-01 -5.720022e-01
    outer loop
      vertex   3.164437e+01 1.574683e+01 3.135923e-01
      vertex   3.154360e+01 1.590089e+01 6.489089e-02
      vertex   3.170893e+01 1.590734e+01 2.480708e-01
    endloop
  endfacet
  facet normal 5.696734e-01 -7.573623e-01 -3.191779e-01
    outer loop
      vertex   3.185875e+01 1.616528e+01 9.715801e-16
      vertex   3.179680e+01 1.604844e+01 1.666780e-01
      vertex   3.154360e+01 1.590089e+01 6.489089e-02
    endloop
  endfacet
  facet normal 5.772905e-01 -6.469138e-01 -4.982351e-01
    outer loop
      vertex   3.154360e+01 1.590089e+01 6.489089e-02
      vertex   3.179680e+01 1.604844e+01 1.666780e-01
      vertex   3.170893e+01 1.590734e+01 2.480708e-01
    endloop
  endfacet
  facet normal 3.300140e-01 -9.439761e-01 0.000000e+00
    outer loop
      vertex   3.257778e+01 1.638751e+01 1.000000e+00
      vertex   3.257778e+01 1.638751e+01 7.000000e+00
      vertex   3.236635e+01 1.631360e+01 4.000000e+00
    endloop
  endfacet
  facet normal 3.300140e-01 -9.439761e-01 0.000000e+00
    outer loop
      vertex   3.236635e+01 1.631360e+01 4.000000e+00
      vertex   3.257778e+01 1.638751e+01 7.000000e+00
      vertex   3.236635e+01 1.631360e+01 7.000000e+00
    endloop
  endfacet
  facet normal 5.318375e-01 -8.468464e-01 0.000000e+00
    outer loop
      vertex   3.236635e+01 1.631360e+01 4.000000e+00
      vertex   3.236635e+01 1.631360e+01 7.000000e+00
      vertex   3.217667e+01 1.619448e+01 4.000000e+00
    endloop
  endfacet
  facet normal 5.318375e-01 -8.468464e-01 0.000000e+00
    outer loop
      vertex   3.217667e+01 1.619448e+01 4.000000e+00
      vertex   3.236635e+01 1.631360e+01 7.000000e+00
      vertex   3.217667e+01 1.619448e+01 7.000000e+00
    endloop
  endfacet
  facet normal 7.069804e-01 -7.072331e-01 0.000000e+00
    outer loop
      vertex   3.217667e+01 1.619448e+01 4.000000e+00
      vertex   3.217667e+01 1.619448e+01 7.000000e+00
      vertex   3.201826e+01 1.603613e+01 4.000000e+00
    endloop
  endfacet
  facet normal 7.069804e-01 -7.072331e-01 0.000000e+00
    outer loop
      vertex   3.201826e+01 1.603613e+01 4.000000e+00
      vertex   3.217667e+01 1.619448e+01 7.000000e+00
      vertex   3.201826e+01 1.603613e+01 7.000000e+00
    endloop
  endfacet
  facet normal 8.466563e-01 -5.321402e-01 0.000000e+00
    outer loop
      vertex   3.201826e+01 1.603613e+01 4.000000e+00
      vertex   3.201826e+01 1.603613e+01 7.000000e+00
      vertex   3.189908e+01 1.584649e+01 4.000000e+00
    endloop
  endfacet
  facet normal 8.466563e-01 -5.321402e-01 -2.320375e-15
    outer loop
      vertex   3.189908e+01 1.584649e+01 4.000000e+00
      vertex   3.201826e+01 1.603613e+01 7.000000e+00
      vertex   3.189908e+01 1.584649e+01 7.000000e+00
    endloop
  endfacet
  facet normal 9.438580e-01 -3.303514e-01 -2.431112e-15
    outer loop
      vertex   3.189908e+01 1.584649e+01 4.000000e+00
      vertex   3.189908e+01 1.584649e+01 7.000000e+00
      vertex   3.182508e+01 1.563509e+01 4.000000e+00
    endloop
  endfacet
  facet normal 9.438580e-01 -3.303514e-01 0.000000e+00
    outer loop
      vertex   3.182508e+01 1.563509e+01 4.000000e+00
      vertex   3.189908e+01 1.584649e+01 7.000000e+00
      vertex   3.182508e+01 1.563509e+01 7.000000e+00
    endloop
  endfacet
  facet normal 9.937094e-01 -1.119898e-01 0.000000e+00
    outer loop
      vertex   3.182508e+01 1.563509e+01 4.000000e+00
      vertex   3.182508e+01 1.563509e+01 7.000000e+00
      vertex   3.180000e+01 1.541252e+01 7.000000e+00
    endloop
  endfacet
  facet normal 9.937094e-01 -1.119898e-01 0.000000e+00
    outer loop
      vertex   3.180000e+01 1.541252e+01 7.000000e+00
      vertex   3.180000e+01 1.541252e+01 1.000000e+00
      vertex   3.182508e+01 1.563509e+01 4.000000e+00
    endloop
  endfacet
  facet normal 9.937094e-01 -1.119898e-01 0.000000e+00
    outer loop
      vertex   3.182508e+01 1.563509e+01 4.000000e+00
      vertex   3.180000e+01 1.541252e+01 1.000000e+00
      vertex   3.182508e+01 1.563509e+01 1.000000e+00
    endloop
  endfacet
  facet normal 9.438580e-01 -3.303514e-01 0.000000e+00
    outer loop
      vertex   3.182508e+01 1.563509e+01 4.000000e+00
      vertex   3.182508e+01 1.563509e+01 1.000000e+00
      vertex   3.189908e+01 1.584649e+01 4.000000e+00
    endloop
  endfacet
  facet normal 9.438580e-01 -3.303514e-01 0.000000e+00
    outer loop
      vertex   3.189908e+01 1.584649e+01 4.000000e+00
      vertex   3.182508e+01 1.563509e+01 1.000000e+00
      vertex   3.189908e+01 1.584649e+01 1.000000e+00
    endloop
  endfacet
  facet normal 8.466563e-01 -5.321402e-01 0.000000e+00
    outer loop
      vertex   3.189908e+01 1.584649e+01 4.000000e+00
      vertex   3.189908e+01 1.584649e+01 1.000000e+00
      vertex   3.201826e+01 1.603613e+01 4.000000e+00
    endloop
  endfacet
  facet normal 8.466563e-01 -5.321402e-01 0.000000e+00
    outer loop
      vertex   3.201826e+01 1.603613e+01 4.000000e+00
      vertex   3.189908e+01 1.584649e+01 1.000000e+00
      vertex   3.201826e+01 1.603613e+01 1.000000e+00
    endloop
  endfacet
  facet normal 7.069804e-01 -7.072331e-01 0.000000e+00
    outer loop
      vertex   3.201826e+01 1.603613e+01 4.000000e+00
      vertex   3.201826e+01 1.603613e+01 1.000000e+00
      vertex   3.217667e+01 1.619448e+01 4.000000e+00
    endloop
  endfacet
  facet normal 7.069804e-01 -7.072331e-01 -2.511998e-15
    outer loop
      vertex   3.217667e+01 1.619448e+01 4.000000e+00
      vertex   3.201826e+01 1.603613e+01 1.000000e+00
      vertex   3.217667e+01 1.619448e+01 1.000000e+00
    endloop
  endfacet
  facet normal 5.318375e-01 -8.468464e-01 -2.262512e-15
    outer loop
      vertex   3.217667e+01 1.619448e+01 4.000000e+00
      vertex   3.217667e+01 1.619448e+01 1.000000e+00
      vertex   3.236635e+01 1.631360e+01 4.000000e+00
    endloop
  endfacet
  facet normal 5.318375e-01 -8.468464e-01 0.000000e+00
    outer loop
      vertex   3.236635e+01 1.631360e+01 4.000000e+00
      vertex   3.217667e+01 1.619448e+01 1.000000e+00
      vertex   3.236635e+01 1.631360e+01 1.000000e+00
    endloop
  endfacet
  facet normal 3.300140e-01 -9.439761e-01 0.000000e+00
    outer loop
      vertex   3.236635e+01 1.631360e+01 4.000000e+00
      vertex   3.236635e+01 1.631360e+01 1.000000e+00
      vertex   3.257778e+01 1.638751e+01 1.000000e+00
    endloop
  endfacet
  facet normal 2.537071e-01 -9.667741e-01 3.131229e-02
    outer loop
      vertex   3.245922e+01 1.636261e+01 7.765715e+00
      vertex   3.236937e+01 1.634662e+01 8.000000e+00
      vertex   3.223502e+01 1.630730e+01 7.874495e+00
    endloop
  endfacet
  facet normal 2.609873e-01 -9.650686e-01 2.298481e-02
    outer loop
      vertex   3.223502e+01 1.630730e+01 7.874495e+00
      vertex   3.236937e+01 1.634662e+01 8.000000e+00
      vertex   3.208820e+01 1.627058e+01 8.000000e+00
    endloop
  endfacet
  facet normal 3.702877e-01 -9.140025e-01 1.657905e-01
    outer loop
      vertex   3.223502e+01 1.630730e+01 7.874495e+00
      vertex   3.208820e+01 1.627058e+01 8.000000e+00
      vertex   3.209397e+01 1.623491e+01 7.790435e+00
    endloop
  endfacet
  facet normal 4.114634e-01 -8.965583e-01 1.639548e-01
    outer loop
      vertex   3.209397e+01 1.623491e+01 7.790435e+00
      vertex   3.208820e+01 1.627058e+01 8.000000e+00
      vertex   3.185875e+01 1.616528e+01 8.000000e+00
    endloop
  endfacet
  facet normal 4.719459e-01 -8.458221e-01 2.487006e-01
    outer loop
      vertex   3.209397e+01 1.623491e+01 7.790435e+00
      vertex   3.185875e+01 1.616528e+01 8.000000e+00
      vertex   3.201115e+01 1.617367e+01 7.739333e+00
    endloop
  endfacet
  facet normal 5.576510e-01 -7.735257e-01 3.011367e-01
    outer loop
      vertex   3.201115e+01 1.617367e+01 7.739333e+00
      vertex   3.185875e+01 1.616528e+01 8.000000e+00
      vertex   3.174709e+01 1.604598e+01 7.900327e+00
    endloop
  endfacet
  facet normal 5.650056e-01 -7.582457e-01 3.253185e-01
    outer loop
      vertex   3.201115e+01 1.617367e+01 7.739333e+00
      vertex   3.174709e+01 1.604598e+01 7.900327e+00
      vertex   3.189667e+01 1.605678e+01 7.665696e+00
    endloop
  endfacet
  facet normal 6.608107e-01 -6.401556e-01 3.918291e-01
    outer loop
      vertex   3.189667e+01 1.605678e+01 7.665696e+00
      vertex   3.174709e+01 1.604598e+01 7.900327e+00
      vertex   3.166218e+01 1.590423e+01 7.811937e+00
    endloop
  endfacet
  facet normal 6.623417e-01 -6.311435e-01 4.036848e-01
    outer loop
      vertex   3.189667e+01 1.605678e+01 7.665696e+00
      vertex   3.166218e+01 1.590423e+01 7.811937e+00
      vertex   3.180322e+01 1.591765e+01 7.601514e+00
    endloop
  endfacet
  facet normal 7.394470e-01 -4.872533e-01 4.645453e-01
    outer loop
      vertex   3.180322e+01 1.591765e+01 7.601514e+00
      vertex   3.166218e+01 1.590423e+01 7.811937e+00
      vertex   3.159983e+01 1.574232e+01 7.741355e+00
    endloop
  endfacet
  facet normal 7.391754e-01 -4.833978e-01 4.689844e-01
    outer loop
      vertex   3.180322e+01 1.591765e+01 7.601514e+00
      vertex   3.159983e+01 1.574232e+01 7.741355e+00
      vertex   3.173396e+01 1.576074e+01 7.548937e+00
    endloop
  endfacet
  facet normal 7.920725e-01 -3.167515e-01 5.218138e-01
    outer loop
      vertex   3.173396e+01 1.576074e+01 7.548937e+00
      vertex   3.159983e+01 1.574232e+01 7.741355e+00
      vertex   3.156232e+01 1.556576e+01 7.691118e+00
    endloop
  endfacet
  facet normal 7.928508e-01 -3.195474e-01 5.189191e-01
    outer loop
      vertex   3.173396e+01 1.576074e+01 7.548937e+00
      vertex   3.156232e+01 1.556576e+01 7.691118e+00
      vertex   3.169122e+01 1.559095e+01 7.509692e+00
    endloop
  endfacet
  facet normal 8.177078e-01 -9.422928e-02 5.678686e-01
    outer loop
      vertex   3.169122e+01 1.559095e+01 7.509692e+00
      vertex   3.156232e+01 1.556576e+01 7.691118e+00
      vertex   3.163078e+01 1.534889e+01 7.556560e+00
    endloop
  endfacet
  facet normal 8.833880e-01 -1.336078e-01 4.491932e-01
    outer loop
      vertex   3.169122e+01 1.559095e+01 7.509692e+00
      vertex   3.163078e+01 1.534889e+01 7.556560e+00
      vertex   3.172345e+01 1.538037e+01 7.383675e+00
    endloop
  endfacet
  facet normal 5.147466e-01 -7.796785e-01 3.565634e-01
    outer loop
      vertex   3.185875e+01 1.616528e+01 8.000000e+00
      vertex   3.148982e+01 1.592171e+01 8.000000e+00
      vertex   3.174709e+01 1.604598e+01 7.900327e+00
    endloop
  endfacet
  facet normal 5.263945e-01 -6.540576e-01 5.432472e-01
    outer loop
      vertex   3.174709e+01 1.604598e+01 7.900327e+00
      vertex   3.148982e+01 1.592171e+01 8.000000e+00
      vertex   3.166218e+01 1.590423e+01 7.811937e+00
    endloop
  endfacet
  facet normal 3.673725e-01 -4.669191e-01 8.043781e-01
    outer loop
      vertex   3.115922e+01 1.566160e+01 8.000000e+00
      vertex   3.130986e+01 1.574033e+01 7.976902e+00
      vertex   3.148982e+01 1.592171e+01 8.000000e+00
    endloop
  endfacet
  facet normal 5.132137e-01 -5.887116e-01 6.245240e-01
    outer loop
      vertex   3.148982e+01 1.592171e+01 8.000000e+00
      vertex   3.130986e+01 1.574033e+01 7.976902e+00
      vertex   3.149319e+01 1.590101e+01 7.977719e+00
    endloop
  endfacet
  facet normal 5.932733e-01 -5.430706e-01 5.942231e-01
    outer loop
      vertex   3.148982e+01 1.592171e+01 8.000000e+00
      vertex   3.149319e+01 1.590101e+01 7.977719e+00
      vertex   3.166218e+01 1.590423e+01 7.811937e+00
    endloop
  endfacet
  facet normal 6.073823e-01 -5.098046e-01 6.092504e-01
    outer loop
      vertex   3.166218e+01 1.590423e+01 7.811937e+00
      vertex   3.149319e+01 1.590101e+01 7.977719e+00
      vertex   3.143799e+01 1.573431e+01 7.893252e+00
    endloop
  endfacet
  facet normal 6.048457e-01 -5.022952e-01 6.179492e-01
    outer loop
      vertex   3.166218e+01 1.590423e+01 7.811937e+00
      vertex   3.143799e+01 1.573431e+01 7.893252e+00
      vertex   3.159983e+01 1.574232e+01 7.741355e+00
    endloop
  endfacet
  facet normal 6.537973e-01 -3.339633e-01 6.789827e-01
    outer loop
      vertex   3.159983e+01 1.574232e+01 7.741355e+00
      vertex   3.143799e+01 1.573431e+01 7.893252e+00
      vertex   3.140362e+01 1.555110e+01 7.836243e+00
    endloop
  endfacet
  facet normal 6.529922e-01 -3.323641e-01 6.805404e-01
    outer loop
      vertex   3.159983e+01 1.574232e+01 7.741355e+00
      vertex   3.140362e+01 1.555110e+01 7.836243e+00
      vertex   3.156232e+01 1.556576e+01 7.691118e+00
    endloop
  endfacet
  facet normal 6.763783e-01 -1.040231e-01 7.291719e-01
    outer loop
      vertex   3.156232e+01 1.556576e+01 7.691118e+00
      vertex   3.140362e+01 1.555110e+01 7.836243e+00
      vertex   3.150609e+01 1.531892e+01 7.708065e+00
    endloop
  endfacet
  facet normal 7.780042e-01 -1.351115e-01 6.135588e-01
    outer loop
      vertex   3.156232e+01 1.556576e+01 7.691118e+00
      vertex   3.150609e+01 1.531892e+01 7.708065e+00
      vertex   3.163078e+01 1.534889e+01 7.556560e+00
    endloop
  endfacet
  facet normal 2.003216e-01 -2.889033e-01 9.361656e-01
    outer loop
      vertex   3.080000e+01 1.541252e+01 8.000000e+00
      vertex   3.113960e+01 1.557097e+01 7.976230e+00
      vertex   3.115922e+01 1.566160e+01 8.000000e+00
    endloop
  endfacet
  facet normal 3.485330e-01 -3.076599e-01 8.853644e-01
    outer loop
      vertex   3.115922e+01 1.566160e+01 8.000000e+00
      vertex   3.113960e+01 1.557097e+01 7.976230e+00
      vertex   3.127527e+01 1.555376e+01 7.916841e+00
    endloop
  endfacet
  facet normal 3.150720e-01 -3.432517e-01 8.848208e-01
    outer loop
      vertex   3.115922e+01 1.566160e+01 8.000000e+00
      vertex   3.127527e+01 1.555376e+01 7.916841e+00
      vertex   3.130986e+01 1.574033e+01 7.976902e+00
    endloop
  endfacet
  facet normal 5.009797e-01 -3.479714e-01 7.924236e-01
    outer loop
      vertex   3.130986e+01 1.574033e+01 7.976902e+00
      vertex   3.127527e+01 1.555376e+01 7.916841e+00
      vertex   3.143799e+01 1.573431e+01 7.893252e+00
    endloop
  endfacet
  facet normal 4.505142e-01 -5.176997e-01 7.273404e-01
    outer loop
      vertex   3.130986e+01 1.574033e+01 7.976902e+00
      vertex   3.143799e+01 1.573431e+01 7.893252e+00
      vertex   3.149319e+01 1.590101e+01 7.977719e+00
    endloop
  endfacet
  facet normal 8.505980e-02 -3.291942e-02 9.958319e-01
    outer loop
      vertex   3.080000e+01 1.541252e+01 8.000000e+00
      vertex   3.099263e+01 1.534227e+01 7.981224e+00
      vertex   3.113960e+01 1.557097e+01 7.976230e+00
    endloop
  endfacet
  facet normal 2.605970e-01 -1.466337e-01 9.542472e-01
    outer loop
      vertex   3.113960e+01 1.557097e+01 7.976230e+00
      vertex   3.099263e+01 1.534227e+01 7.981224e+00
      vertex   3.118009e+01 1.530693e+01 7.924600e+00
    endloop
  endfacet
  facet normal 3.853219e-01 -1.198289e-01 9.149689e-01
    outer loop
      vertex   3.113960e+01 1.557097e+01 7.976230e+00
      vertex   3.118009e+01 1.530693e+01 7.924600e+00
      vertex   3.127527e+01 1.555376e+01 7.916841e+00
    endloop
  endfacet
  facet normal 4.592935e-01 -1.495915e-01 8.755980e-01
    outer loop
      vertex   3.127527e+01 1.555376e+01 7.916841e+00
      vertex   3.118009e+01 1.530693e+01 7.924600e+00
      vertex   3.135392e+01 1.530142e+01 7.832475e+00
    endloop
  endfacet
  facet normal 5.263988e-01 -1.174714e-01 8.420836e-01
    outer loop
      vertex   3.127527e+01 1.555376e+01 7.916841e+00
      vertex   3.135392e+01 1.530142e+01 7.832475e+00
      vertex   3.140362e+01 1.555110e+01 7.836243e+00
    endloop
  endfacet
  facet normal 6.363712e-01 -1.381028e-01 7.589198e-01
    outer loop
      vertex   3.140362e+01 1.555110e+01 7.836243e+00
      vertex   3.135392e+01 1.530142e+01 7.832475e+00
      vertex   3.150609e+01 1.531892e+01 7.708065e+00
    endloop
  endfacet
  facet normal 9.214405e-01 -8.574170e-02 3.789402e-01
    outer loop
      vertex   3.169122e+01 1.559095e+01 7.509692e+00
      vertex   3.172345e+01 1.538037e+01 7.383675e+00
      vertex   3.178020e+01 1.561491e+01 7.298734e+00
    endloop
  endfacet
  facet normal 9.528124e-01 -1.314806e-01 2.736082e-01
    outer loop
      vertex   3.178020e+01 1.561491e+01 7.298734e+00
      vertex   3.172345e+01 1.538037e+01 7.383675e+00
      vertex   3.178065e+01 1.540388e+01 7.195768e+00
    endloop
  endfacet
  facet normal 9.817215e-01 -8.177550e-02 1.718595e-01
    outer loop
      vertex   3.178020e+01 1.561491e+01 7.298734e+00
      vertex   3.178065e+01 1.540388e+01 7.195768e+00
      vertex   3.182141e+01 1.562780e+01 7.069459e+00
    endloop
  endfacet
  facet normal 9.875145e-01 -1.278999e-01 9.196068e-02
    outer loop
      vertex   3.182141e+01 1.562780e+01 7.069459e+00
      vertex   3.178065e+01 1.540388e+01 7.195768e+00
      vertex   3.180000e+01 1.541252e+01 7.000000e+00
    endloop
  endfacet
  facet normal 9.928857e-01 -1.118970e-01 4.070624e-02
    outer loop
      vertex   3.182141e+01 1.562780e+01 7.069459e+00
      vertex   3.180000e+01 1.541252e+01 7.000000e+00
      vertex   3.182508e+01 1.563509e+01 7.000000e+00
    endloop
  endfacet
  facet normal 9.546252e-01 -2.971884e-01 1.922866e-02
    outer loop
      vertex   3.182141e+01 1.562780e+01 7.069459e+00
      vertex   3.182508e+01 1.563509e+01 7.000000e+00
      vertex   3.187181e+01 1.579003e+01 7.075117e+00
    endloop
  endfacet
  facet normal 9.396865e-01 -3.288913e-01 9.391340e-02
    outer loop
      vertex   3.187181e+01 1.579003e+01 7.075117e+00
      vertex   3.182508e+01 1.563509e+01 7.000000e+00
      vertex   3.189908e+01 1.584649e+01 7.000000e+00
    endloop
  endfacet
  facet normal 8.908846e-01 -4.538826e-01 -1.775530e-02
    outer loop
      vertex   3.187181e+01 1.579003e+01 7.075117e+00
      vertex   3.189908e+01 1.584649e+01 7.000000e+00
      vertex   3.194900e+01 1.594126e+01 7.082352e+00
    endloop
  endfacet
  facet normal 8.425283e-01 -5.295457e-01 9.862745e-02
    outer loop
      vertex   3.194900e+01 1.594126e+01 7.082352e+00
      vertex   3.189908e+01 1.584649e+01 7.000000e+00
      vertex   3.201826e+01 1.603613e+01 7.000000e+00
    endloop
  endfacet
  facet normal 8.011885e-01 -5.982177e-01 -1.525183e-02
    outer loop
      vertex   3.194900e+01 1.594126e+01 7.082352e+00
      vertex   3.201826e+01 1.603613e+01 7.000000e+00
      vertex   3.205068e+01 1.607722e+01 7.090952e+00
    endloop
  endfacet
  facet normal 7.053712e-01 -7.056234e-01 6.743166e-02
    outer loop
      vertex   3.205068e+01 1.607722e+01 7.090952e+00
      vertex   3.201826e+01 1.603613e+01 7.000000e+00
      vertex   3.217667e+01 1.619448e+01 7.000000e+00
    endloop
  endfacet
  facet normal 6.875476e-01 -7.259510e-01 1.653636e-02
    outer loop
      vertex   3.205068e+01 1.607722e+01 7.090952e+00
      vertex   3.217667e+01 1.619448e+01 7.000000e+00
      vertex   3.217377e+01 1.619403e+01 7.100659e+00
    endloop
  endfacet
  facet normal 5.789438e-01 -8.152636e-01 1.301076e-02
    outer loop
      vertex   3.217377e+01 1.619403e+01 7.100659e+00
      vertex   3.217667e+01 1.619448e+01 7.000000e+00
      vertex   3.226236e+01 1.625704e+01 7.107335e+00
    endloop
  endfacet
  facet normal 5.746306e-01 -8.153347e-01 7.091580e-02
    outer loop
      vertex   3.217377e+01 1.619403e+01 7.100659e+00
      vertex   3.226236e+01 1.625704e+01 7.107335e+00
      vertex   3.212217e+01 1.618657e+01 7.433059e+00
    endloop
  endfacet
  facet normal 5.674338e-01 -8.207168e-01 6.665384e-02
    outer loop
      vertex   3.212217e+01 1.618657e+01 7.433059e+00
      vertex   3.226236e+01 1.625704e+01 7.107335e+00
      vertex   3.220910e+01 1.624904e+01 7.462171e+00
    endloop
  endfacet
  facet normal 5.398468e-01 -8.262436e-01 1.608943e-01
    outer loop
      vertex   3.212217e+01 1.618657e+01 7.433059e+00
      vertex   3.220910e+01 1.624904e+01 7.462171e+00
      vertex   3.201115e+01 1.617367e+01 7.739333e+00
    endloop
  endfacet
  facet normal 5.269152e-01 -8.367926e-01 1.487900e-01
    outer loop
      vertex   3.201115e+01 1.617367e+01 7.739333e+00
      vertex   3.220910e+01 1.624904e+01 7.462171e+00
      vertex   3.209397e+01 1.623491e+01 7.790435e+00
    endloop
  endfacet
  facet normal 5.305750e-01 -8.448361e-01 6.886347e-02
    outer loop
      vertex   3.217667e+01 1.619448e+01 7.000000e+00
      vertex   3.236635e+01 1.631360e+01 7.000000e+00
      vertex   3.226236e+01 1.625704e+01 7.107335e+00
    endloop
  endfacet
  facet normal 4.617136e-01 -8.868044e-01 -1.996334e-02
    outer loop
      vertex   3.226236e+01 1.625704e+01 7.107335e+00
      vertex   3.236635e+01 1.631360e+01 7.000000e+00
      vertex   3.241293e+01 1.633519e+01 7.118255e+00
    endloop
  endfacet
  facet normal 4.573406e-01 -8.879619e-01 4.861248e-02
    outer loop
      vertex   3.226236e+01 1.625704e+01 7.107335e+00
      vertex   3.241293e+01 1.633519e+01 7.118255e+00
      vertex   3.220910e+01 1.624904e+01 7.462171e+00
    endloop
  endfacet
  facet normal 4.476182e-01 -8.932602e-01 4.152311e-02
    outer loop
      vertex   3.220910e+01 1.624904e+01 7.462171e+00
      vertex   3.241293e+01 1.633519e+01 7.118255e+00
      vertex   3.235700e+01 1.632537e+01 7.509878e+00
    endloop
  endfacet
  facet normal 4.272138e-01 -8.972841e-01 1.112191e-01
    outer loop
      vertex   3.220910e+01 1.624904e+01 7.462171e+00
      vertex   3.235700e+01 1.632537e+01 7.509878e+00
      vertex   3.209397e+01 1.623491e+01 7.790435e+00
    endloop
  endfacet
  facet normal 4.105210e-01 -9.071590e-01 9.238512e-02
    outer loop
      vertex   3.209397e+01 1.623491e+01 7.790435e+00
      vertex   3.235700e+01 1.632537e+01 7.509878e+00
      vertex   3.223502e+01 1.630730e+01 7.874495e+00
    endloop
  endfacet
  facet normal 3.297184e-01 -9.431306e-01 4.231276e-02
    outer loop
      vertex   3.236635e+01 1.631360e+01 7.000000e+00
      vertex   3.257778e+01 1.638751e+01 7.000000e+00
      vertex   3.241293e+01 1.633519e+01 7.118255e+00
    endloop
  endfacet
  facet normal 3.055332e-01 -9.521703e-01 4.597968e-03
    outer loop
      vertex   3.241293e+01 1.633519e+01 7.118255e+00
      vertex   3.257778e+01 1.638751e+01 7.000000e+00
      vertex   3.256443e+01 1.638449e+01 7.261418e+00
    endloop
  endfacet
  facet normal 2.939798e-01 -9.556418e-01 1.801984e-02
    outer loop
      vertex   3.241293e+01 1.633519e+01 7.118255e+00
      vertex   3.256443e+01 1.638449e+01 7.261418e+00
      vertex   3.235700e+01 1.632537e+01 7.509878e+00
    endloop
  endfacet
  facet normal 2.876080e-01 -9.576703e-01 1.221777e-02
    outer loop
      vertex   3.235700e+01 1.632537e+01 7.509878e+00
      vertex   3.256443e+01 1.638449e+01 7.261418e+00
      vertex   3.252465e+01 1.637582e+01 7.518154e+00
    endloop
  endfacet
  facet normal 2.869738e-01 -9.576186e-01 2.475139e-02
    outer loop
      vertex   3.235700e+01 1.632537e+01 7.509878e+00
      vertex   3.252465e+01 1.637582e+01 7.518154e+00
      vertex   3.245922e+01 1.636261e+01 7.765715e+00
    endloop
  endfacet
  facet normal 2.567094e-01 -9.657403e-01 3.802595e-02
    outer loop
      vertex   3.235700e+01 1.632537e+01 7.509878e+00
      vertex   3.245922e+01 1.636261e+01 7.765715e+00
      vertex   3.223502e+01 1.630730e+01 7.874495e+00
    endloop
  endfacet
  facet normal 8.887520e-01 -3.032099e-01 3.437784e-01
    outer loop
      vertex   3.173396e+01 1.576074e+01 7.548937e+00
      vertex   3.169122e+01 1.559095e+01 7.509692e+00
      vertex   3.182793e+01 1.577960e+01 7.322642e+00
    endloop
  endfacet
  facet normal 8.888835e-01 -3.069742e-01 3.400780e-01
    outer loop
      vertex   3.182793e+01 1.577960e+01 7.322642e+00
      vertex   3.169122e+01 1.559095e+01 7.509692e+00
      vertex   3.178020e+01 1.561491e+01 7.298734e+00
    endloop
  endfacet
  facet normal 9.426975e-01 -2.956497e-01 1.546370e-01
    outer loop
      vertex   3.182793e+01 1.577960e+01 7.322642e+00
      vertex   3.178020e+01 1.561491e+01 7.298734e+00
      vertex   3.187181e+01 1.579003e+01 7.075117e+00
    endloop
  endfacet
  facet normal 9.422836e-01 -2.980072e-01 1.526212e-01
    outer loop
      vertex   3.187181e+01 1.579003e+01 7.075117e+00
      vertex   3.178020e+01 1.561491e+01 7.298734e+00
      vertex   3.182141e+01 1.562780e+01 7.069459e+00
    endloop
  endfacet
  facet normal 8.297369e-01 -4.680928e-01 3.040161e-01
    outer loop
      vertex   3.180322e+01 1.591765e+01 7.601514e+00
      vertex   3.173396e+01 1.576074e+01 7.548937e+00
      vertex   3.190251e+01 1.593269e+01 7.353664e+00
    endloop
  endfacet
  facet normal 8.300506e-01 -4.663674e-01 3.058061e-01
    outer loop
      vertex   3.190251e+01 1.593269e+01 7.353664e+00
      vertex   3.173396e+01 1.576074e+01 7.548937e+00
      vertex   3.182793e+01 1.577960e+01 7.322642e+00
    endloop
  endfacet
  facet normal 8.794477e-01 -4.560750e-01 1.362618e-01
    outer loop
      vertex   3.190251e+01 1.593269e+01 7.353664e+00
      vertex   3.182793e+01 1.577960e+01 7.322642e+00
      vertex   3.194900e+01 1.594126e+01 7.082352e+00
    endloop
  endfacet
  facet normal 8.796529e-01 -4.555404e-01 1.367248e-01
    outer loop
      vertex   3.194900e+01 1.594126e+01 7.082352e+00
      vertex   3.182793e+01 1.577960e+01 7.322642e+00
      vertex   3.187181e+01 1.579003e+01 7.075117e+00
    endloop
  endfacet
  facet normal 6.347499e-01 -7.467487e-01 1.986424e-01
    outer loop
      vertex   3.212217e+01 1.618657e+01 7.433059e+00
      vertex   3.201115e+01 1.617367e+01 7.739333e+00
      vertex   3.189667e+01 1.605678e+01 7.665696e+00
    endloop
  endfacet
  facet normal 7.440550e-01 -6.174926e-01 2.551177e-01
    outer loop
      vertex   3.189667e+01 1.605678e+01 7.665696e+00
      vertex   3.180322e+01 1.591765e+01 7.601514e+00
      vertex   3.200163e+01 1.606970e+01 7.390856e+00
    endloop
  endfacet
  facet normal 7.467182e-01 -6.113358e-01 2.620698e-01
    outer loop
      vertex   3.200163e+01 1.606970e+01 7.390856e+00
      vertex   3.180322e+01 1.591765e+01 7.601514e+00
      vertex   3.190251e+01 1.593269e+01 7.353664e+00
    endloop
  endfacet
  facet normal 7.899634e-01 -6.024486e-01 1.140764e-01
    outer loop
      vertex   3.200163e+01 1.606970e+01 7.390856e+00
      vertex   3.190251e+01 1.593269e+01 7.353664e+00
      vertex   3.205068e+01 1.607722e+01 7.090952e+00
    endloop
  endfacet
  facet normal 7.917919e-01 -5.995368e-01 1.167096e-01
    outer loop
      vertex   3.205068e+01 1.607722e+01 7.090952e+00
      vertex   3.190251e+01 1.593269e+01 7.353664e+00
      vertex   3.194900e+01 1.594126e+01 7.082352e+00
    endloop
  endfacet
  facet normal 4.947723e-01 -3.415035e-01 7.991093e-01
    outer loop
      vertex   3.140362e+01 1.555110e+01 7.836243e+00
      vertex   3.143799e+01 1.573431e+01 7.893252e+00
      vertex   3.127527e+01 1.555376e+01 7.916841e+00
    endloop
  endfacet
  facet normal 6.771686e-01 -7.304574e-01 8.873910e-02
    outer loop
      vertex   3.217377e+01 1.619403e+01 7.100659e+00
      vertex   3.212217e+01 1.618657e+01 7.433059e+00
      vertex   3.200163e+01 1.606970e+01 7.390856e+00
    endloop
  endfacet
  facet normal 6.415770e-01 -7.376582e-01 2.103316e-01
    outer loop
      vertex   3.200163e+01 1.606970e+01 7.390856e+00
      vertex   3.212217e+01 1.618657e+01 7.433059e+00
      vertex   3.189667e+01 1.605678e+01 7.665696e+00
    endloop
  endfacet
  facet normal 6.814516e-01 -7.259005e-01 9.323197e-02
    outer loop
      vertex   3.217377e+01 1.619403e+01 7.100659e+00
      vertex   3.200163e+01 1.606970e+01 7.390856e+00
      vertex   3.205068e+01 1.607722e+01 7.090952e+00
    endloop
  endfacet
  facet normal 3.300093e-01 9.439627e-01 5.323625e-03
    outer loop
      vertex   3.257778e+01 -1.638751e+01 7.000000e+00
      vertex   3.236635e+01 -1.631360e+01 7.000000e+00
      vertex   3.256428e+01 -1.638427e+01 7.261286e+00
    endloop
  endfacet
  facet normal 3.051261e-01 9.519478e-01 2.633294e-02
    outer loop
      vertex   3.256428e+01 -1.638427e+01 7.261286e+00
      vertex   3.236635e+01 -1.631360e+01 7.000000e+00
      vertex   3.238400e+01 -1.632957e+01 7.372948e+00
    endloop
  endfacet
  facet normal 2.979423e-01 9.544886e-01 1.348999e-02
    outer loop
      vertex   3.256428e+01 -1.638427e+01 7.261286e+00
      vertex   3.238400e+01 -1.632957e+01 7.372948e+00
      vertex   3.252441e+01 -1.637545e+01 7.517898e+00
    endloop
  endfacet
  facet normal 2.786908e-01 9.597854e-01 3.381535e-02
    outer loop
      vertex   3.252441e+01 -1.637545e+01 7.517898e+00
      vertex   3.238400e+01 -1.632957e+01 7.372948e+00
      vertex   3.228018e+01 -1.631312e+01 7.761553e+00
    endloop
  endfacet
  facet normal 2.652734e-01 9.639802e-01 1.929346e-02
    outer loop
      vertex   3.252441e+01 -1.637545e+01 7.517898e+00
      vertex   3.228018e+01 -1.631312e+01 7.761553e+00
      vertex   3.245912e+01 -1.636244e+01 7.765561e+00
    endloop
  endfacet
  facet normal 2.647920e-01 9.636200e-01 3.635370e-02
    outer loop
      vertex   3.245912e+01 -1.636244e+01 7.765561e+00
      vertex   3.228018e+01 -1.631312e+01 7.761553e+00
      vertex   3.236937e+01 -1.634662e+01 8.000000e+00
    endloop
  endfacet
  facet normal 2.608680e-01 9.646277e-01 3.796304e-02
    outer loop
      vertex   3.236937e+01 -1.634662e+01 8.000000e+00
      vertex   3.228018e+01 -1.631312e+01 7.761553e+00
      vertex   3.208820e+01 -1.627058e+01 8.000000e+00
    endloop
  endfacet
  facet normal 3.897573e-01 9.083238e-01 1.517796e-01
    outer loop
      vertex   3.208820e+01 -1.627058e+01 8.000000e+00
      vertex   3.228018e+01 -1.631312e+01 7.761553e+00
      vertex   3.213619e+01 -1.623919e+01 7.688880e+00
    endloop
  endfacet
  facet normal 3.800200e-01 9.126177e-01 1.507109e-01
    outer loop
      vertex   3.208820e+01 -1.627058e+01 8.000000e+00
      vertex   3.213619e+01 -1.623919e+01 7.688880e+00
      vertex   3.197897e+01 -1.622494e+01 7.999008e+00
    endloop
  endfacet
  facet normal 5.002357e-01 8.387604e-01 2.150473e-01
    outer loop
      vertex   3.197897e+01 -1.622494e+01 7.999008e+00
      vertex   3.213619e+01 -1.623919e+01 7.688880e+00
      vertex   3.205197e+01 -1.617767e+01 7.644826e+00
    endloop
  endfacet
  facet normal 4.765302e-01 8.531927e-01 2.120877e-01
    outer loop
      vertex   3.197897e+01 -1.622494e+01 7.999008e+00
      vertex   3.205197e+01 -1.617767e+01 7.644826e+00
      vertex   3.190126e+01 -1.616513e+01 7.933001e+00
    endloop
  endfacet
  facet normal 5.982403e-01 7.507316e-01 2.801974e-01
    outer loop
      vertex   3.190126e+01 -1.616513e+01 7.933001e+00
      vertex   3.205197e+01 -1.617767e+01 7.644826e+00
      vertex   3.193502e+01 -1.606063e+01 7.580970e+00
    endloop
  endfacet
  facet normal 5.799904e-01 7.641022e-01 2.824165e-01
    outer loop
      vertex   3.190126e+01 -1.616513e+01 7.933001e+00
      vertex   3.193502e+01 -1.606063e+01 7.580970e+00
      vertex   3.179350e+01 -1.604823e+01 7.838047e+00
    endloop
  endfacet
  facet normal 6.970996e-01 6.236807e-01 3.536587e-01
    outer loop
      vertex   3.179350e+01 -1.604823e+01 7.838047e+00
      vertex   3.193502e+01 -1.606063e+01 7.580970e+00
      vertex   3.183938e+01 -1.592208e+01 7.525133e+00
    endloop
  endfacet
  facet normal 6.870779e-01 6.333459e-01 3.560857e-01
    outer loop
      vertex   3.179350e+01 -1.604823e+01 7.838047e+00
      vertex   3.183938e+01 -1.592208e+01 7.525133e+00
      vertex   3.170582e+01 -1.590708e+01 7.756161e+00
    endloop
  endfacet
  facet normal 7.741496e-01 4.765869e-01 4.166021e-01
    outer loop
      vertex   3.170582e+01 -1.590708e+01 7.756161e+00
      vertex   3.183938e+01 -1.592208e+01 7.525133e+00
      vertex   3.176824e+01 -1.576632e+01 7.479151e+00
    endloop
  endfacet
  facet normal 7.709529e-01 4.805981e-01 4.179200e-01
    outer loop
      vertex   3.170582e+01 -1.590708e+01 7.756161e+00
      vertex   3.176824e+01 -1.576632e+01 7.479151e+00
      vertex   3.164141e+01 -1.574646e+01 7.690278e+00
    endloop
  endfacet
  facet normal 8.265962e-01 3.140604e-01 4.670168e-01
    outer loop
      vertex   3.164141e+01 -1.574646e+01 7.690278e+00
      vertex   3.176824e+01 -1.576632e+01 7.479151e+00
      vertex   3.172391e+01 -1.559814e+01 7.444504e+00
    endloop
  endfacet
  facet normal 8.284353e-01 3.110137e-01 4.657956e-01
    outer loop
      vertex   3.164141e+01 -1.574646e+01 7.690278e+00
      vertex   3.172391e+01 -1.559814e+01 7.444504e+00
      vertex   3.160255e+01 -1.557172e+01 7.642707e+00
    endloop
  endfacet
  facet normal 8.546786e-01 8.938835e-02 5.114041e-01
    outer loop
      vertex   3.160255e+01 -1.557172e+01 7.642707e+00
      vertex   3.172391e+01 -1.559814e+01 7.444504e+00
      vertex   3.163079e+01 -1.534888e+01 7.556567e+00
    endloop
  endfacet
  facet normal 7.762278e-01 1.393223e-01 6.148655e-01
    outer loop
      vertex   3.160255e+01 -1.557172e+01 7.642707e+00
      vertex   3.163079e+01 -1.534888e+01 7.556567e+00
      vertex   3.150571e+01 -1.531943e+01 7.707806e+00
    endloop
  endfacet
  facet normal 4.562215e-01 8.897129e-01 1.651652e-02
    outer loop
      vertex   3.238400e+01 -1.632957e+01 7.372948e+00
      vertex   3.236635e+01 -1.631360e+01 7.000000e+00
      vertex   3.223451e+01 -1.625227e+01 7.338128e+00
    endloop
  endfacet
  facet normal 5.310702e-01 8.456247e-01 5.369633e-02
    outer loop
      vertex   3.223451e+01 -1.625227e+01 7.338128e+00
      vertex   3.236635e+01 -1.631360e+01 7.000000e+00
      vertex   3.217667e+01 -1.619448e+01 7.000000e+00
    endloop
  endfacet
  facet normal 5.742330e-01 8.176379e-01 4.152927e-02
    outer loop
      vertex   3.223451e+01 -1.625227e+01 7.338128e+00
      vertex   3.217667e+01 -1.619448e+01 7.000000e+00
      vertex   3.214697e+01 -1.618972e+01 7.316955e+00
    endloop
  endfacet
  facet normal 6.841755e-01 7.273753e-01 5.318816e-02
    outer loop
      vertex   3.214697e+01 -1.618972e+01 7.316955e+00
      vertex   3.217667e+01 -1.619448e+01 7.000000e+00
      vertex   3.202501e+01 -1.607274e+01 7.286115e+00
    endloop
  endfacet
  facet normal 6.607720e-01 7.323309e-01 1.645348e-01
    outer loop
      vertex   3.214697e+01 -1.618972e+01 7.316955e+00
      vertex   3.202501e+01 -1.607274e+01 7.286115e+00
      vertex   3.205197e+01 -1.617767e+01 7.644826e+00
    endloop
  endfacet
  facet normal 6.499693e-01 7.411736e-01 1.679335e-01
    outer loop
      vertex   3.205197e+01 -1.617767e+01 7.644826e+00
      vertex   3.202501e+01 -1.607274e+01 7.286115e+00
      vertex   3.193502e+01 -1.606063e+01 7.580970e+00
    endloop
  endfacet
  facet normal 7.050606e-01 7.053126e-01 7.364600e-02
    outer loop
      vertex   3.217667e+01 -1.619448e+01 7.000000e+00
      vertex   3.201826e+01 -1.603613e+01 7.000000e+00
      vertex   3.202501e+01 -1.607274e+01 7.286115e+00
    endloop
  endfacet
  facet normal 7.989863e-01 5.985677e-01 5.777223e-02
    outer loop
      vertex   3.202501e+01 -1.607274e+01 7.286115e+00
      vertex   3.201826e+01 -1.603613e+01 7.000000e+00
      vertex   3.192457e+01 -1.593605e+01 7.258906e+00
    endloop
  endfacet
  facet normal 7.676326e-01 6.057133e-01 2.094076e-01
    outer loop
      vertex   3.202501e+01 -1.607274e+01 7.286115e+00
      vertex   3.192457e+01 -1.593605e+01 7.258906e+00
      vertex   3.193502e+01 -1.606063e+01 7.580970e+00
    endloop
  endfacet
  facet normal 7.623229e-01 6.115465e-01 2.118363e-01
    outer loop
      vertex   3.193502e+01 -1.606063e+01 7.580970e+00
      vertex   3.192457e+01 -1.593605e+01 7.258906e+00
      vertex   3.183938e+01 -1.592208e+01 7.525133e+00
    endloop
  endfacet
  facet normal 8.423958e-01 5.294624e-01 1.001947e-01
    outer loop
      vertex   3.201826e+01 -1.603613e+01 7.000000e+00
      vertex   3.189908e+01 -1.584649e+01 7.000000e+00
      vertex   3.192457e+01 -1.593605e+01 7.258906e+00
    endloop
  endfacet
  facet normal 8.891122e-01 4.524641e-01 6.896192e-02
    outer loop
      vertex   3.192457e+01 -1.593605e+01 7.258906e+00
      vertex   3.189908e+01 -1.584649e+01 7.000000e+00
      vertex   3.184877e+01 -1.578363e+01 7.236169e+00
    endloop
  endfacet
  facet normal 8.520226e-01 4.607939e-01 2.484480e-01
    outer loop
      vertex   3.192457e+01 -1.593605e+01 7.258906e+00
      vertex   3.184877e+01 -1.578363e+01 7.236169e+00
      vertex   3.183938e+01 -1.592208e+01 7.525133e+00
    endloop
  endfacet
  facet normal 8.510332e-01 4.622585e-01 2.491176e-01
    outer loop
      vertex   3.183938e+01 -1.592208e+01 7.525133e+00
      vertex   3.184877e+01 -1.578363e+01 7.236169e+00
      vertex   3.176824e+01 -1.576632e+01 7.479151e+00
    endloop
  endfacet
  facet normal 9.378760e-01 3.282576e-01 1.124082e-01
    outer loop
      vertex   3.189908e+01 -1.584649e+01 7.000000e+00
      vertex   3.182508e+01 -1.563509e+01 7.000000e+00
      vertex   3.184877e+01 -1.578363e+01 7.236169e+00
    endloop
  endfacet
  facet normal 9.518061e-01 2.934647e-01 8.912708e-02
    outer loop
      vertex   3.184877e+01 -1.578363e+01 7.236169e+00
      vertex   3.182508e+01 -1.563509e+01 7.000000e+00
      vertex   3.179993e+01 -1.561989e+01 7.218595e+00
    endloop
  endfacet
  facet normal 9.111573e-01 3.018759e-01 2.804699e-01
    outer loop
      vertex   3.184877e+01 -1.578363e+01 7.236169e+00
      vertex   3.179993e+01 -1.561989e+01 7.218595e+00
      vertex   3.176824e+01 -1.576632e+01 7.479151e+00
    endloop
  endfacet
  facet normal 9.130255e-01 2.980084e-01 2.785235e-01
    outer loop
      vertex   3.176824e+01 -1.576632e+01 7.479151e+00
      vertex   3.179993e+01 -1.561989e+01 7.218595e+00
      vertex   3.172391e+01 -1.559814e+01 7.444504e+00
    endloop
  endfacet
  facet normal 9.881144e-01 1.113593e-01 1.059672e-01
    outer loop
      vertex   3.182508e+01 -1.563509e+01 7.000000e+00
      vertex   3.180000e+01 -1.541252e+01 7.000000e+00
      vertex   3.179993e+01 -1.561989e+01 7.218595e+00
    endloop
  endfacet
  facet normal 9.905615e-01 9.927836e-02 9.450733e-02
    outer loop
      vertex   3.179993e+01 -1.561989e+01 7.218595e+00
      vertex   3.180000e+01 -1.541252e+01 7.000000e+00
      vertex   3.178040e+01 -1.540317e+01 7.195608e+00
    endloop
  endfacet
  facet normal 9.541979e-01 1.152620e-01 2.760816e-01
    outer loop
      vertex   3.179993e+01 -1.561989e+01 7.218595e+00
      vertex   3.178040e+01 -1.540317e+01 7.195608e+00
      vertex   3.172320e+01 -1.537969e+01 7.383502e+00
    endloop
  endfacet
  facet normal 9.465465e-01 8.962335e-02 3.098667e-01
    outer loop
      vertex   3.179993e+01 -1.561989e+01 7.218595e+00
      vertex   3.172320e+01 -1.537969e+01 7.383502e+00
      vertex   3.172391e+01 -1.559814e+01 7.444504e+00
    endloop
  endfacet
  facet normal 8.841418e-01 1.283411e-01 4.492459e-01
    outer loop
      vertex   3.172391e+01 -1.559814e+01 7.444504e+00
      vertex   3.172320e+01 -1.537969e+01 7.383502e+00
      vertex   3.163079e+01 -1.534888e+01 7.556567e+00
    endloop
  endfacet
  facet normal 7.171301e-01 9.721627e-02 6.901257e-01
    outer loop
      vertex   3.160255e+01 -1.557172e+01 7.642707e+00
      vertex   3.150571e+01 -1.531943e+01 7.707806e+00
      vertex   3.144627e+01 -1.555329e+01 7.802509e+00
    endloop
  endfacet
  facet normal 6.338814e-01 1.464437e-01 7.594397e-01
    outer loop
      vertex   3.144627e+01 -1.555329e+01 7.802509e+00
      vertex   3.150571e+01 -1.531943e+01 7.707806e+00
      vertex   3.135312e+01 -1.530251e+01 7.831900e+00
    endloop
  endfacet
  facet normal 5.459959e-01 1.053969e-01 8.311317e-01
    outer loop
      vertex   3.144627e+01 -1.555329e+01 7.802509e+00
      vertex   3.135312e+01 -1.530251e+01 7.831900e+00
      vertex   3.126573e+01 -1.555434e+01 7.921245e+00
    endloop
  endfacet
  facet normal 4.629117e-01 1.493435e-01 8.737330e-01
    outer loop
      vertex   3.126573e+01 -1.555434e+01 7.921245e+00
      vertex   3.135312e+01 -1.530251e+01 7.831900e+00
      vertex   3.117983e+01 -1.530712e+01 7.924498e+00
    endloop
  endfacet
  facet normal 3.952505e-01 1.253577e-01 9.099794e-01
    outer loop
      vertex   3.126573e+01 -1.555434e+01 7.921245e+00
      vertex   3.117983e+01 -1.530712e+01 7.924498e+00
      vertex   3.116635e+01 -1.556569e+01 7.965976e+00
    endloop
  endfacet
  facet normal 2.633794e-01 1.393866e-01 9.545694e-01
    outer loop
      vertex   3.116635e+01 -1.556569e+01 7.965976e+00
      vertex   3.117983e+01 -1.530712e+01 7.924498e+00
      vertex   3.099265e+01 -1.534219e+01 7.981266e+00
    endloop
  endfacet
  facet normal 4.280613e-01 2.737517e-01 8.612918e-01
    outer loop
      vertex   3.116635e+01 -1.556569e+01 7.965976e+00
      vertex   3.099265e+01 -1.534219e+01 7.981266e+00
      vertex   3.115922e+01 -1.566160e+01 8.000000e+00
    endloop
  endfacet
  facet normal 6.330984e-02 9.130529e-02 9.938084e-01
    outer loop
      vertex   3.115922e+01 -1.566160e+01 8.000000e+00
      vertex   3.099265e+01 -1.534219e+01 7.981266e+00
      vertex   3.080000e+01 -1.541252e+01 8.000000e+00
    endloop
  endfacet
  facet normal 3.710175e-01 4.715517e-01 7.999906e-01
    outer loop
      vertex   3.148982e+01 -1.592171e+01 8.000000e+00
      vertex   3.130087e+01 -1.574130e+01 7.981287e+00
      vertex   3.115922e+01 -1.566160e+01 8.000000e+00
    endloop
  endfacet
  facet normal 3.101533e-01 3.430372e-01 8.866399e-01
    outer loop
      vertex   3.115922e+01 -1.566160e+01 8.000000e+00
      vertex   3.130087e+01 -1.574130e+01 7.981287e+00
      vertex   3.126573e+01 -1.555434e+01 7.921245e+00
    endloop
  endfacet
  facet normal 3.657234e-01 2.869348e-01 8.853896e-01
    outer loop
      vertex   3.115922e+01 -1.566160e+01 8.000000e+00
      vertex   3.126573e+01 -1.555434e+01 7.921245e+00
      vertex   3.116635e+01 -1.556569e+01 7.965976e+00
    endloop
  endfacet
  facet normal 5.148294e-01 7.798040e-01 3.561690e-01
    outer loop
      vertex   3.185875e+01 -1.616528e+01 8.000000e+00
      vertex   3.179350e+01 -1.604823e+01 7.838047e+00
      vertex   3.148982e+01 -1.592171e+01 8.000000e+00
    endloop
  endfacet
  facet normal 5.602599e-01 5.311361e-01 6.356126e-01
    outer loop
      vertex   3.148982e+01 -1.592171e+01 8.000000e+00
      vertex   3.179350e+01 -1.604823e+01 7.838047e+00
      vertex   3.153902e+01 -1.590088e+01 7.939227e+00
    endloop
  endfacet
  facet normal 5.734944e-01 5.117661e-01 6.396872e-01
    outer loop
      vertex   3.148982e+01 -1.592171e+01 8.000000e+00
      vertex   3.153902e+01 -1.590088e+01 7.939227e+00
      vertex   3.148175e+01 -1.573512e+01 7.857952e+00
    endloop
  endfacet
  facet normal 6.419786e-01 5.047560e-01 5.771350e-01
    outer loop
      vertex   3.148175e+01 -1.573512e+01 7.857952e+00
      vertex   3.153902e+01 -1.590088e+01 7.939227e+00
      vertex   3.164141e+01 -1.574646e+01 7.690278e+00
    endloop
  endfacet
  facet normal 6.949888e-01 3.286363e-01 6.395223e-01
    outer loop
      vertex   3.148175e+01 -1.573512e+01 7.857952e+00
      vertex   3.164141e+01 -1.574646e+01 7.690278e+00
      vertex   3.160255e+01 -1.557172e+01 7.642707e+00
    endloop
  endfacet
  facet normal 9.865745e-02 2.149697e-01 -9.716248e-01
    outer loop
      vertex   3.208820e+01 -1.627058e+01 8.000000e+00
      vertex   3.197897e+01 -1.622494e+01 7.999008e+00
      vertex   3.185875e+01 -1.616528e+01 8.000000e+00
    endloop
  endfacet
  facet normal 4.292552e-01 8.605015e-01 2.743667e-01
    outer loop
      vertex   3.185875e+01 -1.616528e+01 8.000000e+00
      vertex   3.197897e+01 -1.622494e+01 7.999008e+00
      vertex   3.190126e+01 -1.616513e+01 7.933001e+00
    endloop
  endfacet
  facet normal 5.360054e-01 7.718784e-01 3.419094e-01
    outer loop
      vertex   3.185875e+01 -1.616528e+01 8.000000e+00
      vertex   3.190126e+01 -1.616513e+01 7.933001e+00
      vertex   3.179350e+01 -1.604823e+01 7.838047e+00
    endloop
  endfacet
  facet normal 4.429658e-01 8.929143e-01 8.053198e-02
    outer loop
      vertex   3.228018e+01 -1.631312e+01 7.761553e+00
      vertex   3.238400e+01 -1.632957e+01 7.372948e+00
      vertex   3.223451e+01 -1.625227e+01 7.338128e+00
    endloop
  endfacet
  facet normal 5.412481e-01 8.313286e-01 1.262670e-01
    outer loop
      vertex   3.205197e+01 -1.617767e+01 7.644826e+00
      vertex   3.213619e+01 -1.623919e+01 7.688880e+00
      vertex   3.214697e+01 -1.618972e+01 7.316955e+00
    endloop
  endfacet
  facet normal 5.565639e-01 8.212902e-01 1.253755e-01
    outer loop
      vertex   3.214697e+01 -1.618972e+01 7.316955e+00
      vertex   3.213619e+01 -1.623919e+01 7.688880e+00
      vertex   3.223451e+01 -1.625227e+01 7.338128e+00
    endloop
  endfacet
  facet normal 4.210977e-01 9.030844e-01 8.435225e-02
    outer loop
      vertex   3.213619e+01 -1.623919e+01 7.688880e+00
      vertex   3.228018e+01 -1.631312e+01 7.761553e+00
      vertex   3.223451e+01 -1.625227e+01 7.338128e+00
    endloop
  endfacet
  facet normal 5.741472e-01 6.473991e-01 5.012279e-01
    outer loop
      vertex   3.153902e+01 -1.590088e+01 7.939227e+00
      vertex   3.179350e+01 -1.604823e+01 7.838047e+00
      vertex   3.170582e+01 -1.590708e+01 7.756161e+00
    endloop
  endfacet
  facet normal 6.498877e-01 4.966184e-01 5.753400e-01
    outer loop
      vertex   3.170582e+01 -1.590708e+01 7.756161e+00
      vertex   3.164141e+01 -1.574646e+01 7.690278e+00
      vertex   3.153902e+01 -1.590088e+01 7.939227e+00
    endloop
  endfacet
  facet normal 6.935304e-01 3.305205e-01 6.401342e-01
    outer loop
      vertex   3.160255e+01 -1.557172e+01 7.642707e+00
      vertex   3.144627e+01 -1.555329e+01 7.802509e+00
      vertex   3.148175e+01 -1.573512e+01 7.857952e+00
    endloop
  endfacet
  facet normal 5.217524e-01 3.403396e-01 7.822681e-01
    outer loop
      vertex   3.148175e+01 -1.573512e+01 7.857952e+00
      vertex   3.144627e+01 -1.555329e+01 7.802509e+00
      vertex   3.130087e+01 -1.574130e+01 7.981287e+00
    endloop
  endfacet
  facet normal 4.571228e-01 5.511577e-01 6.980429e-01
    outer loop
      vertex   3.148175e+01 -1.573512e+01 7.857952e+00
      vertex   3.130087e+01 -1.574130e+01 7.981287e+00
      vertex   3.148982e+01 -1.592171e+01 8.000000e+00
    endloop
  endfacet
  facet normal 5.136490e-01 3.483508e-01 7.841023e-01
    outer loop
      vertex   3.126573e+01 -1.555434e+01 7.921245e+00
      vertex   3.130087e+01 -1.574130e+01 7.981287e+00
      vertex   3.144627e+01 -1.555329e+01 7.802509e+00
    endloop
  endfacet
  facet normal 3.300140e-01 9.439761e-01 5.589461e-16
    outer loop
      vertex   3.257778e+01 -1.638751e+01 7.000000e+00
      vertex   3.257778e+01 -1.638751e+01 1.000000e+00
      vertex   3.236635e+01 -1.631360e+01 4.000000e+00
    endloop
  endfacet
  facet normal 3.300140e-01 9.439761e-01 0.000000e+00
    outer loop
      vertex   3.236635e+01 -1.631360e+01 4.000000e+00
      vertex   3.257778e+01 -1.638751e+01 1.000000e+00
      vertex   3.236635e+01 -1.631360e+01 1.000000e+00
    endloop
  endfacet
  facet normal 5.318375e-01 8.468464e-01 0.000000e+00
    outer loop
      vertex   3.236635e+01 -1.631360e+01 4.000000e+00
      vertex   3.236635e+01 -1.631360e+01 1.000000e+00
      vertex   3.217667e+01 -1.619448e+01 4.000000e+00
    endloop
  endfacet
  facet normal 5.318375e-01 8.468464e-01 0.000000e+00
    outer loop
      vertex   3.217667e+01 -1.619448e+01 4.000000e+00
      vertex   3.236635e+01 -1.631360e+01 1.000000e+00
      vertex   3.217667e+01 -1.619448e+01 1.000000e+00
    endloop
  endfacet
  facet normal 7.069804e-01 7.072331e-01 0.000000e+00
    outer loop
      vertex   3.217667e+01 -1.619448e+01 4.000000e+00
      vertex   3.217667e+01 -1.619448e+01 1.000000e+00
      vertex   3.201826e+01 -1.603613e+01 4.000000e+00
    endloop
  endfacet
  facet normal 7.069804e-01 7.072331e-01 0.000000e+00
    outer loop
      vertex   3.201826e+01 -1.603613e+01 4.000000e+00
      vertex   3.217667e+01 -1.619448e+01 1.000000e+00
      vertex   3.201826e+01 -1.603613e+01 1.000000e+00
    endloop
  endfacet
  facet normal 8.466563e-01 5.321402e-01 0.000000e+00
    outer loop
      vertex   3.201826e+01 -1.603613e+01 4.000000e+00
      vertex   3.201826e+01 -1.603613e+01 1.000000e+00
      vertex   3.189908e+01 -1.584649e+01 4.000000e+00
    endloop
  endfacet
  facet normal 8.466563e-01 5.321402e-01 2.320375e-15
    outer loop
      vertex   3.189908e+01 -1.584649e+01 4.000000e+00
      vertex   3.201826e+01 -1.603613e+01 1.000000e+00
      vertex   3.189908e+01 -1.584649e+01 1.000000e+00
    endloop
  endfacet
  facet normal 9.438580e-01 3.303514e-01 2.431112e-15
    outer loop
      vertex   3.189908e+01 -1.584649e+01 4.000000e+00
      vertex   3.189908e+01 -1.584649e+01 1.000000e+00
      vertex   3.182508e+01 -1.563509e+01 4.000000e+00
    endloop
  endfacet
  facet normal 9.438580e-01 3.303514e-01 0.000000e+00
    outer loop
      vertex   3.182508e+01 -1.563509e+01 4.000000e+00
      vertex   3.189908e+01 -1.584649e+01 1.000000e+00
      vertex   3.182508e+01 -1.563509e+01 1.000000e+00
    endloop
  endfacet
  facet normal 9.937094e-01 1.119898e-01 0.000000e+00
    outer loop
      vertex   3.182508e+01 -1.563509e+01 4.000000e+00
      vertex   3.182508e+01 -1.563509e+01 1.000000e+00
      vertex   3.180000e+01 -1.541252e+01 1.000000e+00
    endloop
  endfacet
  facet normal 9.937094e-01 1.119898e-01 -0.000000e+00
    outer loop
      vertex   3.180000e+01 -1.541252e+01 1.000000e+00
      vertex   3.180000e+01 -1.541252e+01 7.000000e+00
      vertex   3.182508e+01 -1.563509e+01 4.000000e+00
    endloop
  endfacet
  facet normal 9.937094e-01 1.119898e-01 -0.000000e+00
    outer loop
      vertex   3.182508e+01 -1.563509e+01 4.000000e+00
      vertex   3.180000e+01 -1.541252e+01 7.000000e+00
      vertex   3.182508e+01 -1.563509e+01 7.000000e+00
    endloop
  endfacet
  facet normal 9.438580e-01 3.303514e-01 -0.000000e+00
    outer loop
      vertex   3.182508e+01 -1.563509e+01 4.000000e+00
      vertex   3.182508e+01 -1.563509e+01 7.000000e+00
      vertex   3.189908e+01 -1.584649e+01 4.000000e+00
    endloop
  endfacet
  facet normal 9.438580e-01 3.303514e-01 -2.235505e-15
    outer loop
      vertex   3.189908e+01 -1.584649e+01 4.000000e+00
      vertex   3.182508e+01 -1.563509e+01 7.000000e+00
      vertex   3.189908e+01 -1.584649e+01 7.000000e+00
    endloop
  endfacet
  facet normal 8.466563e-01 5.321402e-01 -2.005285e-15
    outer loop
      vertex   3.189908e+01 -1.584649e+01 4.000000e+00
      vertex   3.189908e+01 -1.584649e+01 7.000000e+00
      vertex   3.201826e+01 -1.603613e+01 4.000000e+00
    endloop
  endfacet
  facet normal 8.466563e-01 5.321402e-01 -0.000000e+00
    outer loop
      vertex   3.201826e+01 -1.603613e+01 4.000000e+00
      vertex   3.189908e+01 -1.584649e+01 7.000000e+00
      vertex   3.201826e+01 -1.603613e+01 7.000000e+00
    endloop
  endfacet
  facet normal 7.069804e-01 7.072331e-01 -0.000000e+00
    outer loop
      vertex   3.201826e+01 -1.603613e+01 4.000000e+00
      vertex   3.201826e+01 -1.603613e+01 7.000000e+00
      vertex   3.217667e+01 -1.619448e+01 4.000000e+00
    endloop
  endfacet
  facet normal 7.069804e-01 7.072331e-01 2.511998e-15
    outer loop
      vertex   3.217667e+01 -1.619448e+01 4.000000e+00
      vertex   3.201826e+01 -1.603613e+01 7.000000e+00
      vertex   3.217667e+01 -1.619448e+01 7.000000e+00
    endloop
  endfacet
  facet normal 5.318375e-01 8.468464e-01 2.262512e-15
    outer loop
      vertex   3.217667e+01 -1.619448e+01 4.000000e+00
      vertex   3.217667e+01 -1.619448e+01 7.000000e+00
      vertex   3.236635e+01 -1.631360e+01 4.000000e+00
    endloop
  endfacet
  facet normal 5.318375e-01 8.468464e-01 -0.000000e+00
    outer loop
      vertex   3.236635e+01 -1.631360e+01 4.000000e+00
      vertex   3.217667e+01 -1.619448e+01 7.000000e+00
      vertex   3.236635e+01 -1.631360e+01 7.000000e+00
    endloop
  endfacet
  facet normal 3.300140e-01 9.439761e-01 -0.000000e+00
    outer loop
      vertex   3.236635e+01 -1.631360e+01 4.000000e+00
      vertex   3.236635e+01 -1.631360e+01 7.000000e+00
      vertex   3.257778e+01 -1.638751e+01 7.000000e+00
    endloop
  endfacet
  facet normal 2.537073e-01 9.667741e-01 -3.131239e-02
    outer loop
      vertex   3.245922e+01 -1.636261e+01 2.342848e-01
      vertex   3.236937e+01 -1.634662e+01 1.368176e-13
      vertex   3.223503e+01 -1.630730e+01 1.255074e-01
    endloop
  endfacet
  facet normal 2.607470e-01 9.651269e-01 -2.326079e-02
    outer loop
      vertex   3.223503e+01 -1.630730e+01 1.255074e-01
      vertex   3.236937e+01 -1.634662e+01 1.368176e-13
      vertex   3.208891e+01 -1.627085e+01 -2.687190e-16
    endloop
  endfacet
  facet normal 3.703417e-01 9.139977e-01 -1.656961e-01
    outer loop
      vertex   3.223503e+01 -1.630730e+01 1.255074e-01
      vertex   3.208891e+01 -1.627085e+01 -2.687190e-16
      vertex   3.209397e+01 -1.623491e+01 2.095667e-01
    endloop
  endfacet
  facet normal 4.109875e-01 8.968174e-01 -1.637307e-01
    outer loop
      vertex   3.209397e+01 -1.623491e+01 2.095667e-01
      vertex   3.208891e+01 -1.627085e+01 -2.687190e-16
      vertex   3.185986e+01 -1.616588e+01 5.895798e-16
    endloop
  endfacet
  facet normal 4.719726e-01 8.458204e-01 -2.486557e-01
    outer loop
      vertex   3.209397e+01 -1.623491e+01 2.095667e-01
      vertex   3.185986e+01 -1.616588e+01 5.895798e-16
      vertex   3.201115e+01 -1.617367e+01 2.606687e-01
    endloop
  endfacet
  facet normal 5.574199e-01 7.739807e-01 -3.003948e-01
    outer loop
      vertex   3.201115e+01 -1.617367e+01 2.606687e-01
      vertex   3.185986e+01 -1.616588e+01 5.895798e-16
      vertex   3.174709e+01 -1.604598e+01 9.967453e-02
    endloop
  endfacet
  facet normal 5.650062e-01 7.582456e-01 -3.253177e-01
    outer loop
      vertex   3.201115e+01 -1.617367e+01 2.606687e-01
      vertex   3.174709e+01 -1.604598e+01 9.967453e-02
      vertex   3.189667e+01 -1.605678e+01 3.343052e-01
    endloop
  endfacet
  facet normal 6.608114e-01 6.401555e-01 -3.918282e-01
    outer loop
      vertex   3.189667e+01 -1.605678e+01 3.343052e-01
      vertex   3.174709e+01 -1.604598e+01 9.967453e-02
      vertex   3.166218e+01 -1.590423e+01 1.880646e-01
    endloop
  endfacet
  facet normal 6.623424e-01 6.311434e-01 -4.036838e-01
    outer loop
      vertex   3.189667e+01 -1.605678e+01 3.343052e-01
      vertex   3.166218e+01 -1.590423e+01 1.880646e-01
      vertex   3.180322e+01 -1.591765e+01 3.984875e-01
    endloop
  endfacet
  facet normal 7.394477e-01 4.872532e-01 -4.645442e-01
    outer loop
      vertex   3.180322e+01 -1.591765e+01 3.984875e-01
      vertex   3.166218e+01 -1.590423e+01 1.880646e-01
      vertex   3.159983e+01 -1.574232e+01 2.586467e-01
    endloop
  endfacet
  facet normal 7.391761e-01 4.833977e-01 -4.689833e-01
    outer loop
      vertex   3.180322e+01 -1.591765e+01 3.984875e-01
      vertex   3.159983e+01 -1.574232e+01 2.586467e-01
      vertex   3.173397e+01 -1.576074e+01 4.510643e-01
    endloop
  endfacet
  facet normal 7.920733e-01 3.167515e-01 -5.218126e-01
    outer loop
      vertex   3.173397e+01 -1.576074e+01 4.510643e-01
      vertex   3.159983e+01 -1.574232e+01 2.586467e-01
      vertex   3.156232e+01 -1.556576e+01 3.088829e-01
    endloop
  endfacet
  facet normal 7.928516e-01 3.195474e-01 -5.189179e-01
    outer loop
      vertex   3.173397e+01 -1.576074e+01 4.510643e-01
      vertex   3.156232e+01 -1.556576e+01 3.088829e-01
      vertex   3.169122e+01 -1.559095e+01 4.903091e-01
    endloop
  endfacet
  facet normal 8.177087e-01 9.422924e-02 -5.678674e-01
    outer loop
      vertex   3.169122e+01 -1.559095e+01 4.903091e-01
      vertex   3.156232e+01 -1.556576e+01 3.088829e-01
      vertex   3.163078e+01 -1.534889e+01 4.434399e-01
    endloop
  endfacet
  facet normal 8.833880e-01 1.336080e-01 -4.491931e-01
    outer loop
      vertex   3.169122e+01 -1.559095e+01 4.903091e-01
      vertex   3.163078e+01 -1.534889e+01 4.434399e-01
      vertex   3.172345e+01 -1.538037e+01 6.163250e-01
    endloop
  endfacet
  facet normal 5.142969e-01 7.800252e-01 -3.564538e-01
    outer loop
      vertex   3.185986e+01 -1.616588e+01 5.895798e-16
      vertex   3.149172e+01 -1.592316e+01 4.532307e-16
      vertex   3.174709e+01 -1.604598e+01 9.967453e-02
    endloop
  endfacet
  facet normal 5.265571e-01 6.540569e-01 -5.430904e-01
    outer loop
      vertex   3.174709e+01 -1.604598e+01 9.967453e-02
      vertex   3.149172e+01 -1.592316e+01 4.532307e-16
      vertex   3.166218e+01 -1.590423e+01 1.880646e-01
    endloop
  endfacet
  facet normal 3.675909e-01 4.672358e-01 -8.040943e-01
    outer loop
      vertex   3.116199e+01 -1.566375e+01 2.469614e-16
      vertex   3.130986e+01 -1.574033e+01 2.309885e-02
      vertex   3.149172e+01 -1.592316e+01 4.532307e-16
    endloop
  endfacet
  facet normal 5.150487e-01 5.907861e-01 -6.210447e-01
    outer loop
      vertex   3.149172e+01 -1.592316e+01 4.532307e-16
      vertex   3.130986e+01 -1.574033e+01 2.309885e-02
      vertex   3.149319e+01 -1.590101e+01 2.228209e-02
    endloop
  endfacet
  facet normal 5.884597e-01 5.537773e-01 -5.891059e-01
    outer loop
      vertex   3.149172e+01 -1.592316e+01 4.532307e-16
      vertex   3.149319e+01 -1.590101e+01 2.228209e-02
      vertex   3.166218e+01 -1.590423e+01 1.880646e-01
    endloop
  endfacet
  facet normal 6.073837e-01 5.098045e-01 -6.092491e-01
    outer loop
      vertex   3.166218e+01 -1.590423e+01 1.880646e-01
      vertex   3.149319e+01 -1.590101e+01 2.228209e-02
      vertex   3.143799e+01 -1.573431e+01 1.067496e-01
    endloop
  endfacet
  facet normal 6.048471e-01 5.022951e-01 -6.179479e-01
    outer loop
      vertex   3.166218e+01 -1.590423e+01 1.880646e-01
      vertex   3.143799e+01 -1.573431e+01 1.067496e-01
      vertex   3.159983e+01 -1.574232e+01 2.586467e-01
    endloop
  endfacet
  facet normal 6.537988e-01 3.339633e-01 -6.789813e-01
    outer loop
      vertex   3.159983e+01 -1.574232e+01 2.586467e-01
      vertex   3.143799e+01 -1.573431e+01 1.067496e-01
      vertex   3.140362e+01 -1.555110e+01 1.637585e-01
    endloop
  endfacet
  facet normal 6.529937e-01 3.323641e-01 -6.805390e-01
    outer loop
      vertex   3.159983e+01 -1.574232e+01 2.586467e-01
      vertex   3.140362e+01 -1.555110e+01 1.637585e-01
      vertex   3.156232e+01 -1.556576e+01 3.088829e-01
    endloop
  endfacet
  facet normal 6.763797e-01 1.040228e-01 -7.291706e-01
    outer loop
      vertex   3.156232e+01 -1.556576e+01 3.088829e-01
      vertex   3.140362e+01 -1.555110e+01 1.637585e-01
      vertex   3.150609e+01 -1.531892e+01 2.919352e-01
    endloop
  endfacet
  facet normal 7.780042e-01 1.351119e-01 -6.135587e-01
    outer loop
      vertex   3.156232e+01 -1.556576e+01 3.088829e-01
      vertex   3.150609e+01 -1.531892e+01 2.919352e-01
      vertex   3.163078e+01 -1.534889e+01 4.434399e-01
    endloop
  endfacet
  facet normal 2.004041e-01 2.882607e-01 -9.363461e-01
    outer loop
      vertex   3.080439e+01 -1.541514e+01 -1.387779e-16
      vertex   3.113960e+01 -1.557097e+01 2.376983e-02
      vertex   3.116199e+01 -1.566375e+01 2.469614e-16
    endloop
  endfacet
  facet normal 3.478364e-01 3.105849e-01 -8.846168e-01
    outer loop
      vertex   3.116199e+01 -1.566375e+01 2.469614e-16
      vertex   3.113960e+01 -1.557097e+01 2.376983e-02
      vertex   3.127528e+01 -1.555376e+01 8.315958e-02
    endloop
  endfacet
  facet normal 3.159653e-01 3.433078e-01 -8.844804e-01
    outer loop
      vertex   3.116199e+01 -1.566375e+01 2.469614e-16
      vertex   3.127528e+01 -1.555376e+01 8.315958e-02
      vertex   3.130986e+01 -1.574033e+01 2.309885e-02
    endloop
  endfacet
  facet normal 5.009815e-01 3.479714e-01 -7.924225e-01
    outer loop
      vertex   3.130986e+01 -1.574033e+01 2.309885e-02
      vertex   3.127528e+01 -1.555376e+01 8.315958e-02
      vertex   3.143799e+01 -1.573431e+01 1.067496e-01
    endloop
  endfacet
  facet normal 4.505159e-01 5.176997e-01 -7.273393e-01
    outer loop
      vertex   3.130986e+01 -1.574033e+01 2.309885e-02
      vertex   3.143799e+01 -1.573431e+01 1.067496e-01
      vertex   3.149319e+01 -1.590101e+01 2.228209e-02
    endloop
  endfacet
  facet normal 6.005677e-02 1.007471e-01 -9.930978e-01
    outer loop
      vertex   3.080000e+01 -1.541252e+01 1.658829e-16
      vertex   3.099263e+01 -1.534227e+01 1.877596e-02
      vertex   3.080439e+01 -1.541514e+01 -1.387779e-16
    endloop
  endfacet
  facet normal 8.627153e-02 3.369994e-02 -9.957015e-01
    outer loop
      vertex   3.080439e+01 -1.541514e+01 -1.387779e-16
      vertex   3.099263e+01 -1.534227e+01 1.877596e-02
      vertex   3.113960e+01 -1.557097e+01 2.376983e-02
    endloop
  endfacet
  facet normal 2.605970e-01 1.466335e-01 -9.542472e-01
    outer loop
      vertex   3.099263e+01 -1.534227e+01 1.877596e-02
      vertex   3.118009e+01 -1.530693e+01 7.540030e-02
      vertex   3.113960e+01 -1.557097e+01 2.376983e-02
    endloop
  endfacet
  facet normal 3.853232e-01 1.198289e-01 -9.149683e-01
    outer loop
      vertex   3.113960e+01 -1.557097e+01 2.376983e-02
      vertex   3.118009e+01 -1.530693e+01 7.540030e-02
      vertex   3.127528e+01 -1.555376e+01 8.315958e-02
    endloop
  endfacet
  facet normal 4.592936e-01 1.495916e-01 -8.755979e-01
    outer loop
      vertex   3.118009e+01 -1.530693e+01 7.540030e-02
      vertex   3.135392e+01 -1.530142e+01 1.675254e-01
      vertex   3.127528e+01 -1.555376e+01 8.315958e-02
    endloop
  endfacet
  facet normal 5.264006e-01 1.174711e-01 -8.420825e-01
    outer loop
      vertex   3.127528e+01 -1.555376e+01 8.315958e-02
      vertex   3.135392e+01 -1.530142e+01 1.675254e-01
      vertex   3.140362e+01 -1.555110e+01 1.637585e-01
    endloop
  endfacet
  facet normal 4.947741e-01 3.415036e-01 -7.991082e-01
    outer loop
      vertex   3.127528e+01 -1.555376e+01 8.315958e-02
      vertex   3.140362e+01 -1.555110e+01 1.637585e-01
      vertex   3.143799e+01 -1.573431e+01 1.067496e-01
    endloop
  endfacet
  facet normal 6.363711e-01 1.381034e-01 -7.589198e-01
    outer loop
      vertex   3.135392e+01 -1.530142e+01 1.675254e-01
      vertex   3.150609e+01 -1.531892e+01 2.919352e-01
      vertex   3.140362e+01 -1.555110e+01 1.637585e-01
    endloop
  endfacet
  facet normal 9.214409e-01 8.574185e-02 -3.789393e-01
    outer loop
      vertex   3.169122e+01 -1.559095e+01 4.903091e-01
      vertex   3.172345e+01 -1.538037e+01 6.163250e-01
      vertex   3.178020e+01 -1.561491e+01 7.012667e-01
    endloop
  endfacet
  facet normal 9.528124e-01 1.314807e-01 -2.736082e-01
    outer loop
      vertex   3.178020e+01 -1.561491e+01 7.012667e-01
      vertex   3.172345e+01 -1.538037e+01 6.163250e-01
      vertex   3.178065e+01 -1.540388e+01 8.042321e-01
    endloop
  endfacet
  facet normal 9.817215e-01 8.177576e-02 -1.718591e-01
    outer loop
      vertex   3.178020e+01 -1.561491e+01 7.012667e-01
      vertex   3.178065e+01 -1.540388e+01 8.042321e-01
      vertex   3.182141e+01 -1.562780e+01 9.305415e-01
    endloop
  endfacet
  facet normal 9.875145e-01 1.278999e-01 -9.196068e-02
    outer loop
      vertex   3.182141e+01 -1.562780e+01 9.305415e-01
      vertex   3.178065e+01 -1.540388e+01 8.042321e-01
      vertex   3.180000e+01 -1.541252e+01 1.000000e+00
    endloop
  endfacet
  facet normal 9.928857e-01 1.118970e-01 -4.070595e-02
    outer loop
      vertex   3.182141e+01 -1.562780e+01 9.305415e-01
      vertex   3.180000e+01 -1.541252e+01 1.000000e+00
      vertex   3.182508e+01 -1.563509e+01 1.000000e+00
    endloop
  endfacet
  facet normal 9.546252e-01 2.971885e-01 -1.922869e-02
    outer loop
      vertex   3.182141e+01 -1.562780e+01 9.305415e-01
      vertex   3.182508e+01 -1.563509e+01 1.000000e+00
      vertex   3.187181e+01 -1.579003e+01 9.248834e-01
    endloop
  endfacet
  facet normal 9.396865e-01 3.288913e-01 -9.391345e-02
    outer loop
      vertex   3.187181e+01 -1.579003e+01 9.248834e-01
      vertex   3.182508e+01 -1.563509e+01 1.000000e+00
      vertex   3.189908e+01 -1.584649e+01 1.000000e+00
    endloop
  endfacet
  facet normal 8.908845e-01 4.538827e-01 1.775548e-02
    outer loop
      vertex   3.187181e+01 -1.579003e+01 9.248834e-01
      vertex   3.189908e+01 -1.584649e+01 1.000000e+00
      vertex   3.194900e+01 -1.594126e+01 9.176482e-01
    endloop
  endfacet
  facet normal 8.425283e-01 5.295457e-01 -9.862762e-02
    outer loop
      vertex   3.194900e+01 -1.594126e+01 9.176482e-01
      vertex   3.189908e+01 -1.584649e+01 1.000000e+00
      vertex   3.201826e+01 -1.603613e+01 1.000000e+00
    endloop
  endfacet
  facet normal 8.011885e-01 5.982177e-01 1.525203e-02
    outer loop
      vertex   3.194900e+01 -1.594126e+01 9.176482e-01
      vertex   3.201826e+01 -1.603613e+01 1.000000e+00
      vertex   3.205068e+01 -1.607722e+01 9.090485e-01
    endloop
  endfacet
  facet normal 7.053712e-01 7.056234e-01 -6.743179e-02
    outer loop
      vertex   3.205068e+01 -1.607722e+01 9.090485e-01
      vertex   3.201826e+01 -1.603613e+01 1.000000e+00
      vertex   3.217667e+01 -1.619448e+01 1.000000e+00
    endloop
  endfacet
  facet normal 6.875476e-01 7.259510e-01 -1.653631e-02
    outer loop
      vertex   3.205068e+01 -1.607722e+01 9.090485e-01
      vertex   3.217667e+01 -1.619448e+01 1.000000e+00
      vertex   3.217377e+01 -1.619403e+01 8.993417e-01
    endloop
  endfacet
  facet normal 5.789438e-01 8.152637e-01 -1.301072e-02
    outer loop
      vertex   3.217377e+01 -1.619403e+01 8.993417e-01
      vertex   3.217667e+01 -1.619448e+01 1.000000e+00
      vertex   3.226236e+01 -1.625704e+01 8.926657e-01
    endloop
  endfacet
  facet normal 5.746306e-01 8.153347e-01 -7.091559e-02
    outer loop
      vertex   3.217377e+01 -1.619403e+01 8.993417e-01
      vertex   3.226236e+01 -1.625704e+01 8.926657e-01
      vertex   3.212217e+01 -1.618657e+01 5.669418e-01
    endloop
  endfacet
  facet normal 5.674339e-01 8.207168e-01 -6.665365e-02
    outer loop
      vertex   3.212217e+01 -1.618657e+01 5.669418e-01
      vertex   3.226236e+01 -1.625704e+01 8.926657e-01
      vertex   3.220910e+01 -1.624904e+01 5.378305e-01
    endloop
  endfacet
  facet normal 5.398470e-01 8.262436e-01 -1.608939e-01
    outer loop
      vertex   3.212217e+01 -1.618657e+01 5.669418e-01
      vertex   3.220910e+01 -1.624904e+01 5.378305e-01
      vertex   3.201115e+01 -1.617367e+01 2.606687e-01
    endloop
  endfacet
  facet normal 5.269155e-01 8.367925e-01 -1.487896e-01
    outer loop
      vertex   3.201115e+01 -1.617367e+01 2.606687e-01
      vertex   3.220910e+01 -1.624904e+01 5.378305e-01
      vertex   3.209397e+01 -1.623491e+01 2.095667e-01
    endloop
  endfacet
  facet normal 5.305750e-01 8.448361e-01 -6.886363e-02
    outer loop
      vertex   3.217667e+01 -1.619448e+01 1.000000e+00
      vertex   3.236635e+01 -1.631360e+01 1.000000e+00
      vertex   3.226236e+01 -1.625704e+01 8.926657e-01
    endloop
  endfacet
  facet normal 4.617136e-01 8.868044e-01 1.996346e-02
    outer loop
      vertex   3.226236e+01 -1.625704e+01 8.926657e-01
      vertex   3.236635e+01 -1.631360e+01 1.000000e+00
      vertex   3.241293e+01 -1.633519e+01 8.817453e-01
    endloop
  endfacet
  facet normal 4.573406e-01 8.879619e-01 -4.861233e-02
    outer loop
      vertex   3.226236e+01 -1.625704e+01 8.926657e-01
      vertex   3.241293e+01 -1.633519e+01 8.817453e-01
      vertex   3.220910e+01 -1.624904e+01 5.378305e-01
    endloop
  endfacet
  facet normal 4.476182e-01 8.932602e-01 -4.152299e-02
    outer loop
      vertex   3.220910e+01 -1.624904e+01 5.378305e-01
      vertex   3.241293e+01 -1.633519e+01 8.817453e-01
      vertex   3.235700e+01 -1.632537e+01 4.901233e-01
    endloop
  endfacet
  facet normal 4.272139e-01 8.972841e-01 -1.112188e-01
    outer loop
      vertex   3.220910e+01 -1.624904e+01 5.378305e-01
      vertex   3.235700e+01 -1.632537e+01 4.901233e-01
      vertex   3.209397e+01 -1.623491e+01 2.095667e-01
    endloop
  endfacet
  facet normal 4.105212e-01 9.071590e-01 -9.238488e-02
    outer loop
      vertex   3.209397e+01 -1.623491e+01 2.095667e-01
      vertex   3.235700e+01 -1.632537e+01 4.901233e-01
      vertex   3.223503e+01 -1.630730e+01 1.255074e-01
    endloop
  endfacet
  facet normal 3.297184e-01 9.431306e-01 -4.231290e-02
    outer loop
      vertex   3.236635e+01 -1.631360e+01 1.000000e+00
      vertex   3.257778e+01 -1.638751e+01 1.000000e+00
      vertex   3.241293e+01 -1.633519e+01 8.817453e-01
    endloop
  endfacet
  facet normal 3.055332e-01 9.521703e-01 -4.597968e-03
    outer loop
      vertex   3.241293e+01 -1.633519e+01 8.817453e-01
      vertex   3.257778e+01 -1.638751e+01 1.000000e+00
      vertex   3.256443e+01 -1.638449e+01 7.385821e-01
    endloop
  endfacet
  facet normal 2.939798e-01 9.556418e-01 -1.801978e-02
    outer loop
      vertex   3.241293e+01 -1.633519e+01 8.817453e-01
      vertex   3.256443e+01 -1.638449e+01 7.385821e-01
      vertex   3.235700e+01 -1.632537e+01 4.901233e-01
    endloop
  endfacet
  facet normal 2.876081e-01 9.576702e-01 -1.221778e-02
    outer loop
      vertex   3.235700e+01 -1.632537e+01 4.901233e-01
      vertex   3.256443e+01 -1.638449e+01 7.385821e-01
      vertex   3.252465e+01 -1.637582e+01 4.818462e-01
    endloop
  endfacet
  facet normal 2.869738e-01 9.576186e-01 -2.475139e-02
    outer loop
      vertex   3.235700e+01 -1.632537e+01 4.901233e-01
      vertex   3.252465e+01 -1.637582e+01 4.818462e-01
      vertex   3.245922e+01 -1.636261e+01 2.342848e-01
    endloop
  endfacet
  facet normal 2.567095e-01 9.657403e-01 -3.802582e-02
    outer loop
      vertex   3.235700e+01 -1.632537e+01 4.901233e-01
      vertex   3.245922e+01 -1.636261e+01 2.342848e-01
      vertex   3.223503e+01 -1.630730e+01 1.255074e-01
    endloop
  endfacet
  facet normal 8.887523e-01 3.032100e-01 -3.437775e-01
    outer loop
      vertex   3.173397e+01 -1.576074e+01 4.510643e-01
      vertex   3.169122e+01 -1.559095e+01 4.903091e-01
      vertex   3.182793e+01 -1.577960e+01 6.773592e-01
    endloop
  endfacet
  facet normal 8.888838e-01 3.069743e-01 -3.400771e-01
    outer loop
      vertex   3.182793e+01 -1.577960e+01 6.773592e-01
      vertex   3.169122e+01 -1.559095e+01 4.903091e-01
      vertex   3.178020e+01 -1.561491e+01 7.012667e-01
    endloop
  endfacet
  facet normal 9.426976e-01 2.956498e-01 -1.546365e-01
    outer loop
      vertex   3.182793e+01 -1.577960e+01 6.773592e-01
      vertex   3.178020e+01 -1.561491e+01 7.012667e-01
      vertex   3.187181e+01 -1.579003e+01 9.248834e-01
    endloop
  endfacet
  facet normal 9.422837e-01 2.980073e-01 -1.526208e-01
    outer loop
      vertex   3.187181e+01 -1.579003e+01 9.248834e-01
      vertex   3.178020e+01 -1.561491e+01 7.012667e-01
      vertex   3.182141e+01 -1.562780e+01 9.305415e-01
    endloop
  endfacet
  facet normal 8.297372e-01 4.680928e-01 -3.040153e-01
    outer loop
      vertex   3.180322e+01 -1.591765e+01 3.984875e-01
      vertex   3.173397e+01 -1.576074e+01 4.510643e-01
      vertex   3.190251e+01 -1.593269e+01 6.463364e-01
    endloop
  endfacet
  facet normal 8.300509e-01 4.663675e-01 -3.058053e-01
    outer loop
      vertex   3.190251e+01 -1.593269e+01 6.463364e-01
      vertex   3.173397e+01 -1.576074e+01 4.510643e-01
      vertex   3.182793e+01 -1.577960e+01 6.773592e-01
    endloop
  endfacet
  facet normal 8.794478e-01 4.560751e-01 -1.362614e-01
    outer loop
      vertex   3.190251e+01 -1.593269e+01 6.463364e-01
      vertex   3.182793e+01 -1.577960e+01 6.773592e-01
      vertex   3.194900e+01 -1.594126e+01 9.176482e-01
    endloop
  endfacet
  facet normal 8.796529e-01 4.555405e-01 -1.367244e-01
    outer loop
      vertex   3.194900e+01 -1.594126e+01 9.176482e-01
      vertex   3.182793e+01 -1.577960e+01 6.773592e-01
      vertex   3.187181e+01 -1.579003e+01 9.248834e-01
    endloop
  endfacet
  facet normal 6.347502e-01 7.467487e-01 -1.986419e-01
    outer loop
      vertex   3.212217e+01 -1.618657e+01 5.669418e-01
      vertex   3.201115e+01 -1.617367e+01 2.606687e-01
      vertex   3.189667e+01 -1.605678e+01 3.343052e-01
    endloop
  endfacet
  facet normal 7.440553e-01 6.174925e-01 -2.551170e-01
    outer loop
      vertex   3.189667e+01 -1.605678e+01 3.343052e-01
      vertex   3.180322e+01 -1.591765e+01 3.984875e-01
      vertex   3.200163e+01 -1.606970e+01 6.091448e-01
    endloop
  endfacet
  facet normal 7.467184e-01 6.113358e-01 -2.620691e-01
    outer loop
      vertex   3.200163e+01 -1.606970e+01 6.091448e-01
      vertex   3.180322e+01 -1.591765e+01 3.984875e-01
      vertex   3.190251e+01 -1.593269e+01 6.463364e-01
    endloop
  endfacet
  facet normal 7.899635e-01 6.024486e-01 -1.140761e-01
    outer loop
      vertex   3.200163e+01 -1.606970e+01 6.091448e-01
      vertex   3.190251e+01 -1.593269e+01 6.463364e-01
      vertex   3.205068e+01 -1.607722e+01 9.090485e-01
    endloop
  endfacet
  facet normal 7.917919e-01 5.995369e-01 -1.167093e-01
    outer loop
      vertex   3.205068e+01 -1.607722e+01 9.090485e-01
      vertex   3.190251e+01 -1.593269e+01 6.463364e-01
      vertex   3.194900e+01 -1.594126e+01 9.176482e-01
    endloop
  endfacet
  facet normal 6.771687e-01 7.304574e-01 -8.873886e-02
    outer loop
      vertex   3.217377e+01 -1.619403e+01 8.993417e-01
      vertex   3.212217e+01 -1.618657e+01 5.669418e-01
      vertex   3.200163e+01 -1.606970e+01 6.091448e-01
    endloop
  endfacet
  facet normal 6.415772e-01 7.376581e-01 -2.103311e-01
    outer loop
      vertex   3.200163e+01 -1.606970e+01 6.091448e-01
      vertex   3.212217e+01 -1.618657e+01 5.669418e-01
      vertex   3.189667e+01 -1.605678e+01 3.343052e-01
    endloop
  endfacet
  facet normal 6.814516e-01 7.259005e-01 -9.323171e-02
    outer loop
      vertex   3.217377e+01 -1.619403e+01 8.993417e-01
      vertex   3.200163e+01 -1.606970e+01 6.091448e-01
      vertex   3.205068e+01 -1.607722e+01 9.090485e-01
    endloop
  endfacet
  facet normal 2.483792e-01 9.682236e-01 -2.917002e-02
    outer loop
      vertex   3.236937e+01 -1.634662e+01 1.368176e-13
      vertex   3.245922e+01 -1.636261e+01 2.342848e-01
      vertex   3.296333e+01 -1.649899e+01 0.000000e+00
    endloop
  endfacet
  facet normal 2.543393e-01 9.669888e-01 -1.562687e-02
    outer loop
      vertex   3.296333e+01 -1.649899e+01 0.000000e+00
      vertex   3.245922e+01 -1.636261e+01 2.342848e-01
      vertex   3.252465e+01 -1.637582e+01 4.818462e-01
    endloop
  endfacet
  facet normal 2.621323e-01 9.649986e-01 -8.023168e-03
    outer loop
      vertex   3.296333e+01 -1.649899e+01 0.000000e+00
      vertex   3.252465e+01 -1.637582e+01 4.818462e-01
      vertex   3.256443e+01 -1.638449e+01 7.385821e-01
    endloop
  endfacet
  facet normal 2.712257e-01 9.625119e-01 -2.726332e-03
    outer loop
      vertex   3.256443e+01 -1.638449e+01 7.385821e-01
      vertex   3.257778e+01 -1.638751e+01 1.000000e+00
      vertex   3.296333e+01 -1.649899e+01 0.000000e+00
    endloop
  endfacet
  facet normal 2.777587e-01 9.606509e-01 3.046365e-12
    outer loop
      vertex   3.296333e+01 -1.649899e+01 0.000000e+00
      vertex   3.257778e+01 -1.638751e+01 1.000000e+00
      vertex   3.296333e+01 -1.649899e+01 8.000000e+00
    endloop
  endfacet
  facet normal 4.137224e-01 9.104031e-01 -4.653623e-12
    outer loop
      vertex   3.296333e+01 -1.649899e+01 0.000000e+00
      vertex   3.296333e+01 -1.649899e+01 8.000000e+00
      vertex   3.352159e+01 -1.675268e+01 0.000000e+00
    endloop
  endfacet
  facet normal 4.137224e-01 9.104031e-01 4.608292e-12
    outer loop
      vertex   3.352159e+01 -1.675268e+01 0.000000e+00
      vertex   3.296333e+01 -1.649899e+01 8.000000e+00
      vertex   3.352159e+01 -1.675268e+01 8.000000e+00
    endloop
  endfacet
  facet normal 5.662609e-01 8.242261e-01 -4.608455e-12
    outer loop
      vertex   3.352159e+01 -1.675268e+01 0.000000e+00
      vertex   3.352159e+01 -1.675268e+01 8.000000e+00
      vertex   3.402700e+01 -1.709991e+01 0.000000e+00
    endloop
  endfacet
  facet normal 5.662609e-01 8.242261e-01 4.563135e-12
    outer loop
      vertex   3.402700e+01 -1.709991e+01 0.000000e+00
      vertex   3.352159e+01 -1.675268e+01 8.000000e+00
      vertex   3.402700e+01 -1.709991e+01 8.000000e+00
    endloop
  endfacet
  facet normal 7.014183e-01 7.127499e-01 -4.562527e-12
    outer loop
      vertex   3.402700e+01 -1.709991e+01 0.000000e+00
      vertex   3.402700e+01 -1.709991e+01 8.000000e+00
      vertex   3.446405e+01 -1.753002e+01 0.000000e+00
    endloop
  endfacet
  facet normal 7.014183e-01 7.127499e-01 4.517229e-12
    outer loop
      vertex   3.446405e+01 -1.753002e+01 0.000000e+00
      vertex   3.402700e+01 -1.709991e+01 8.000000e+00
      vertex   3.446405e+01 -1.753002e+01 8.000000e+00
    endloop
  endfacet
  facet normal 8.150461e-01 5.793962e-01 -4.517381e-12
    outer loop
      vertex   3.446405e+01 -1.753002e+01 0.000000e+00
      vertex   3.446405e+01 -1.753002e+01 8.000000e+00
      vertex   3.481934e+01 -1.802980e+01 0.000000e+00
    endloop
  endfacet
  facet normal 8.150461e-01 5.793962e-01 4.471763e-12
    outer loop
      vertex   3.481934e+01 -1.802980e+01 0.000000e+00
      vertex   3.446405e+01 -1.753002e+01 8.000000e+00
      vertex   3.481934e+01 -1.802980e+01 8.000000e+00
    endloop
  endfacet
  facet normal 9.036564e-01 4.282582e-01 -4.471714e-12
    outer loop
      vertex   3.481934e+01 -1.802980e+01 0.000000e+00
      vertex   3.481934e+01 -1.802980e+01 8.000000e+00
      vertex   3.508194e+01 -1.858392e+01 0.000000e+00
    endloop
  endfacet
  facet normal 9.036564e-01 4.282582e-01 4.426851e-12
    outer loop
      vertex   3.508194e+01 -1.858392e+01 0.000000e+00
      vertex   3.481934e+01 -1.802980e+01 8.000000e+00
      vertex   3.508194e+01 -1.858392e+01 8.000000e+00
    endloop
  endfacet
  facet normal 9.645295e-01 2.639751e-01 -4.425681e-12
    outer loop
      vertex   3.508194e+01 -1.858392e+01 0.000000e+00
      vertex   3.508194e+01 -1.858392e+01 8.000000e+00
      vertex   3.524381e+01 -1.917536e+01 0.000000e+00
    endloop
  endfacet
  facet normal 9.645295e-01 2.639751e-01 4.381289e-12
    outer loop
      vertex   3.524381e+01 -1.917536e+01 0.000000e+00
      vertex   3.508194e+01 -1.858392e+01 8.000000e+00
      vertex   3.524381e+01 -1.917536e+01 8.000000e+00
    endloop
  endfacet
  facet normal 9.957969e-01 9.158943e-02 -4.380159e-12
    outer loop
      vertex   3.524381e+01 -1.917536e+01 0.000000e+00
      vertex   3.524381e+01 -1.917536e+01 8.000000e+00
      vertex   3.529997e+01 -1.978598e+01 0.000000e+00
    endloop
  endfacet
  facet normal 9.957969e-01 9.158943e-02 4.335344e-12
    outer loop
      vertex   3.529997e+01 -1.978598e+01 0.000000e+00
      vertex   3.524381e+01 -1.917536e+01 8.000000e+00
      vertex   3.529997e+01 -1.978598e+01 8.000000e+00
    endloop
  endfacet
  facet normal 9.964988e-01 -8.360754e-02 -4.334938e-12
    outer loop
      vertex   3.529997e+01 -1.978598e+01 0.000000e+00
      vertex   3.529997e+01 -1.978598e+01 8.000000e+00
      vertex   3.524870e+01 -2.039703e+01 0.000000e+00
    endloop
  endfacet
  facet normal 9.964988e-01 -8.360754e-02 4.288986e-12
    outer loop
      vertex   3.524870e+01 -2.039703e+01 0.000000e+00
      vertex   3.529997e+01 -1.978598e+01 8.000000e+00
      vertex   3.524870e+01 -2.039703e+01 8.000000e+00
    endloop
  endfacet
  facet normal 9.666137e-01 -2.562382e-01 -4.290338e-12
    outer loop
      vertex   3.524870e+01 -2.039703e+01 0.000000e+00
      vertex   3.524870e+01 -2.039703e+01 8.000000e+00
      vertex   3.509158e+01 -2.098975e+01 0.000000e+00
    endloop
  endfacet
  facet normal 9.666137e-01 -2.562382e-01 4.244398e-12
    outer loop
      vertex   3.509158e+01 -2.098975e+01 0.000000e+00
      vertex   3.524870e+01 -2.039703e+01 8.000000e+00
      vertex   3.509158e+01 -2.098975e+01 8.000000e+00
    endloop
  endfacet
  facet normal 9.070589e-01 -4.210038e-01 -4.243818e-12
    outer loop
      vertex   3.509158e+01 -2.098975e+01 0.000000e+00
      vertex   3.509158e+01 -2.098975e+01 8.000000e+00
      vertex   3.483342e+01 -2.154595e+01 0.000000e+00
    endloop
  endfacet
  facet normal 9.070589e-01 -4.210038e-01 4.198401e-12
    outer loop
      vertex   3.483342e+01 -2.154595e+01 0.000000e+00
      vertex   3.509158e+01 -2.098975e+01 8.000000e+00
      vertex   3.483342e+01 -2.154595e+01 8.000000e+00
    endloop
  endfacet
  facet normal 8.196624e-01 -5.728469e-01 -4.198661e-12
    outer loop
      vertex   3.483342e+01 -2.154595e+01 0.000000e+00
      vertex   3.483342e+01 -2.154595e+01 8.000000e+00
      vertex   3.448216e+01 -2.204856e+01 0.000000e+00
    endloop
  endfacet
  facet normal 8.196624e-01 -5.728469e-01 4.153204e-12
    outer loop
      vertex   3.448216e+01 -2.204856e+01 0.000000e+00
      vertex   3.483342e+01 -2.154595e+01 8.000000e+00
      vertex   3.448216e+01 -2.204856e+01 8.000000e+00
    endloop
  endfacet
  facet normal 7.071068e-01 -7.071068e-01 -4.152895e-12
    outer loop
      vertex   3.448216e+01 -2.204856e+01 0.000000e+00
      vertex   3.448216e+01 -2.204856e+01 8.000000e+00
      vertex   3.404856e+01 -2.248216e+01 0.000000e+00
    endloop
  endfacet
  facet normal 7.071068e-01 -7.071068e-01 4.107362e-12
    outer loop
      vertex   3.404856e+01 -2.248216e+01 0.000000e+00
      vertex   3.448216e+01 -2.204856e+01 8.000000e+00
      vertex   3.404856e+01 -2.248216e+01 8.000000e+00
    endloop
  endfacet
  facet normal 5.728469e-01 -8.196624e-01 -4.107666e-12
    outer loop
      vertex   3.404856e+01 -2.248216e+01 0.000000e+00
      vertex   3.404856e+01 -2.248216e+01 8.000000e+00
      vertex   3.354595e+01 -2.283342e+01 0.000000e+00
    endloop
  endfacet
  facet normal 5.728469e-01 -8.196624e-01 4.061907e-12
    outer loop
      vertex   3.354595e+01 -2.283342e+01 0.000000e+00
      vertex   3.404856e+01 -2.248216e+01 8.000000e+00
      vertex   3.354595e+01 -2.283342e+01 8.000000e+00
    endloop
  endfacet
  facet normal 4.210038e-01 -9.070589e-01 -4.062001e-12
    outer loop
      vertex   3.354595e+01 -2.283342e+01 0.000000e+00
      vertex   3.354595e+01 -2.283342e+01 8.000000e+00
      vertex   3.298975e+01 -2.309158e+01 0.000000e+00
    endloop
  endfacet
  facet normal 4.210038e-01 -9.070589e-01 4.016158e-12
    outer loop
      vertex   3.298975e+01 -2.309158e+01 0.000000e+00
      vertex   3.354595e+01 -2.283342e+01 8.000000e+00
      vertex   3.298975e+01 -2.309158e+01 8.000000e+00
    endloop
  endfacet
  facet normal 2.562382e-01 -9.666137e-01 -4.016796e-12
    outer loop
      vertex   3.298975e+01 -2.309158e+01 0.000000e+00
      vertex   3.298975e+01 -2.309158e+01 8.000000e+00
      vertex   3.239703e+01 -2.324870e+01 0.000000e+00
    endloop
  endfacet
  facet normal 2.562382e-01 -9.666137e-01 3.971370e-12
    outer loop
      vertex   3.239703e+01 -2.324870e+01 0.000000e+00
      vertex   3.298975e+01 -2.309158e+01 8.000000e+00
      vertex   3.239703e+01 -2.324870e+01 8.000000e+00
    endloop
  endfacet
  facet normal 8.360754e-02 -9.964988e-01 -3.970510e-12
    outer loop
      vertex   3.239703e+01 -2.324870e+01 0.000000e+00
      vertex   3.239703e+01 -2.324870e+01 8.000000e+00
      vertex   3.178598e+01 -2.329997e+01 0.000000e+00
    endloop
  endfacet
  facet normal 8.360754e-02 -9.964988e-01 3.925675e-12
    outer loop
      vertex   3.178598e+01 -2.329997e+01 0.000000e+00
      vertex   3.239703e+01 -2.324870e+01 8.000000e+00
      vertex   3.178598e+01 -2.329997e+01 8.000000e+00
    endloop
  endfacet
  facet normal -9.158943e-02 -9.957969e-01 -3.925016e-12
    outer loop
      vertex   3.178598e+01 -2.329997e+01 0.000000e+00
      vertex   3.178598e+01 -2.329997e+01 8.000000e+00
      vertex   3.117536e+01 -2.324381e+01 0.000000e+00
    endloop
  endfacet
  facet normal -9.158943e-02 -9.957969e-01 3.879630e-12
    outer loop
      vertex   3.117536e+01 -2.324381e+01 0.000000e+00
      vertex   3.178598e+01 -2.329997e+01 8.000000e+00
      vertex   3.117536e+01 -2.324381e+01 8.000000e+00
    endloop
  endfacet
  facet normal -2.639751e-01 -9.645295e-01 -3.880129e-12
    outer loop
      vertex   3.117536e+01 -2.324381e+01 0.000000e+00
      vertex   3.117536e+01 -2.324381e+01 8.000000e+00
      vertex   3.058392e+01 -2.308194e+01 0.000000e+00
    endloop
  endfacet
  facet normal -2.639751e-01 -9.645295e-01 3.834769e-12
    outer loop
      vertex   3.058392e+01 -2.308194e+01 0.000000e+00
      vertex   3.117536e+01 -2.324381e+01 8.000000e+00
      vertex   3.058392e+01 -2.308194e+01 8.000000e+00
    endloop
  endfacet
  facet normal -4.282582e-01 -9.036564e-01 -3.833805e-12
    outer loop
      vertex   3.058392e+01 -2.308194e+01 0.000000e+00
      vertex   3.058392e+01 -2.308194e+01 8.000000e+00
      vertex   3.002980e+01 -2.281934e+01 0.000000e+00
    endloop
  endfacet
  facet normal -4.282582e-01 -9.036564e-01 3.788083e-12
    outer loop
      vertex   3.002980e+01 -2.281934e+01 0.000000e+00
      vertex   3.058392e+01 -2.308194e+01 8.000000e+00
      vertex   3.002980e+01 -2.281934e+01 8.000000e+00
    endloop
  endfacet
  facet normal -5.793962e-01 -8.150461e-01 -3.789406e-12
    outer loop
      vertex   3.002980e+01 -2.281934e+01 0.000000e+00
      vertex   3.002980e+01 -2.281934e+01 8.000000e+00
      vertex   2.953002e+01 -2.246405e+01 0.000000e+00
    endloop
  endfacet
  facet normal -5.793962e-01 -8.150461e-01 3.743134e-12
    outer loop
      vertex   2.953002e+01 -2.246405e+01 0.000000e+00
      vertex   3.002980e+01 -2.281934e+01 8.000000e+00
      vertex   2.953002e+01 -2.246405e+01 8.000000e+00
    endloop
  endfacet
  facet normal -7.127499e-01 -7.014183e-01 -3.743268e-12
    outer loop
      vertex   2.953002e+01 -2.246405e+01 0.000000e+00
      vertex   2.953002e+01 -2.246405e+01 8.000000e+00
      vertex   2.909991e+01 -2.202700e+01 0.000000e+00
    endloop
  endfacet
  facet normal -7.127499e-01 -7.014183e-01 3.697076e-12
    outer loop
      vertex   2.909991e+01 -2.202700e+01 0.000000e+00
      vertex   2.953002e+01 -2.246405e+01 8.000000e+00
      vertex   2.909991e+01 -2.202700e+01 8.000000e+00
    endloop
  endfacet
  facet normal -8.242261e-01 -5.662609e-01 -3.698288e-12
    outer loop
      vertex   2.909991e+01 -2.202700e+01 0.000000e+00
      vertex   2.909991e+01 -2.202700e+01 8.000000e+00
      vertex   2.875268e+01 -2.152159e+01 0.000000e+00
    endloop
  endfacet
  facet normal -8.242261e-01 -5.662609e-01 3.651422e-12
    outer loop
      vertex   2.875268e+01 -2.152159e+01 0.000000e+00
      vertex   2.909991e+01 -2.202700e+01 8.000000e+00
      vertex   2.875268e+01 -2.152159e+01 8.000000e+00
    endloop
  endfacet
  facet normal -9.104031e-01 -4.137224e-01 -3.652889e-12
    outer loop
      vertex   2.875268e+01 -2.152159e+01 0.000000e+00
      vertex   2.875268e+01 -2.152159e+01 8.000000e+00
      vertex   2.849899e+01 -2.096333e+01 0.000000e+00
    endloop
  endfacet
  facet normal -9.104031e-01 -4.137224e-01 3.606810e-12
    outer loop
      vertex   2.849899e+01 -2.096333e+01 0.000000e+00
      vertex   2.875268e+01 -2.152159e+01 8.000000e+00
      vertex   2.849899e+01 -2.096333e+01 8.000000e+00
    endloop
  endfacet
  facet normal -9.606509e-01 -2.777587e-01 -2.360438e-12
    outer loop
      vertex   2.849899e+01 -2.096333e+01 0.000000e+00
      vertex   2.849899e+01 -2.096333e+01 8.000000e+00
      vertex   2.838751e+01 -2.057778e+01 7.000000e+00
    endloop
  endfacet
  facet normal -9.625119e-01 -2.712257e-01 2.726332e-03
    outer loop
      vertex   2.838751e+01 -2.057778e+01 7.000000e+00
      vertex   2.849899e+01 -2.096333e+01 8.000000e+00
      vertex   2.838449e+01 -2.056443e+01 7.261418e+00
    endloop
  endfacet
  facet normal -9.649986e-01 -2.621323e-01 8.023168e-03
    outer loop
      vertex   2.838449e+01 -2.056443e+01 7.261418e+00
      vertex   2.849899e+01 -2.096333e+01 8.000000e+00
      vertex   2.837582e+01 -2.052465e+01 7.518154e+00
    endloop
  endfacet
  facet normal -9.669888e-01 -2.543393e-01 1.562687e-02
    outer loop
      vertex   2.837582e+01 -2.052465e+01 7.518154e+00
      vertex   2.849899e+01 -2.096333e+01 8.000000e+00
      vertex   2.836261e+01 -2.045922e+01 7.765715e+00
    endloop
  endfacet
  facet normal -9.682236e-01 -2.483792e-01 2.917002e-02
    outer loop
      vertex   2.836261e+01 -2.045922e+01 7.765715e+00
      vertex   2.849899e+01 -2.096333e+01 8.000000e+00
      vertex   2.834662e+01 -2.036937e+01 8.000000e+00
    endloop
  endfacet
  facet normal 2.777587e-01 9.606509e-01 5.688196e-16
    outer loop
      vertex   3.257778e+01 -1.638751e+01 1.000000e+00
      vertex   3.257778e+01 -1.638751e+01 7.000000e+00
      vertex   3.296333e+01 -1.649899e+01 8.000000e+00
    endloop
  endfacet
  facet normal 2.726460e-01 9.621120e-01 2.134123e-03
    outer loop
      vertex   3.296333e+01 -1.649899e+01 8.000000e+00
      vertex   3.257778e+01 -1.638751e+01 7.000000e+00
      vertex   3.256428e+01 -1.638427e+01 7.261286e+00
    endloop
  endfacet
  facet normal 2.630655e-01 9.647471e-01 7.718824e-03
    outer loop
      vertex   3.296333e+01 -1.649899e+01 8.000000e+00
      vertex   3.256428e+01 -1.638427e+01 7.261286e+00
      vertex   3.252441e+01 -1.637545e+01 7.517898e+00
    endloop
  endfacet
  facet normal 2.543247e-01 9.669824e-01 1.624963e-02
    outer loop
      vertex   3.252441e+01 -1.637545e+01 7.517898e+00
      vertex   3.245912e+01 -1.636244e+01 7.765561e+00
      vertex   3.296333e+01 -1.649899e+01 8.000000e+00
    endloop
  endfacet
  facet normal 2.483748e-01 9.682068e-01 2.975922e-02
    outer loop
      vertex   3.296333e+01 -1.649899e+01 8.000000e+00
      vertex   3.245912e+01 -1.636244e+01 7.765561e+00
      vertex   3.236937e+01 -1.634662e+01 8.000000e+00
    endloop
  endfacet
  facet normal -9.606509e-01 -2.777587e-01 5.688196e-16
    outer loop
      vertex   2.838751e+01 -2.057778e+01 7.000000e+00
      vertex   2.838751e+01 -2.057778e+01 1.000000e+00
      vertex   2.849899e+01 -2.096333e+01 0.000000e+00
    endloop
  endfacet
  facet normal -9.621121e-01 -2.726457e-01 -2.134267e-03
    outer loop
      vertex   2.849899e+01 -2.096333e+01 0.000000e+00
      vertex   2.838751e+01 -2.057778e+01 1.000000e+00
      vertex   2.838427e+01 -2.056428e+01 7.387130e-01
    endloop
  endfacet
  facet normal -9.647472e-01 -2.630651e-01 -7.718986e-03
    outer loop
      vertex   2.849899e+01 -2.096333e+01 0.000000e+00
      vertex   2.838427e+01 -2.056428e+01 7.387130e-01
      vertex   2.837545e+01 -2.052441e+01 4.820998e-01
    endloop
  endfacet
  facet normal -9.669824e-01 -2.543246e-01 -1.624963e-02
    outer loop
      vertex   2.837545e+01 -2.052441e+01 4.820998e-01
      vertex   2.836244e+01 -2.045912e+01 2.344367e-01
      vertex   2.849899e+01 -2.096333e+01 0.000000e+00
    endloop
  endfacet
  facet normal -9.682068e-01 -2.483748e-01 -2.975911e-02
    outer loop
      vertex   2.849899e+01 -2.096333e+01 0.000000e+00
      vertex   2.836244e+01 -2.045912e+01 2.344367e-01
      vertex   2.834662e+01 -2.036937e+01 3.574286e-10
    endloop
  endfacet
  facet normal -9.439627e-01 -3.300093e-01 -5.323868e-03
    outer loop
      vertex   2.838751e+01 -2.057778e+01 1.000000e+00
      vertex   2.831360e+01 -2.036635e+01 1.000000e+00
      vertex   2.838427e+01 -2.056428e+01 7.387130e-01
    endloop
  endfacet
  facet normal -9.519688e-01 -3.050555e-01 -2.639228e-02
    outer loop
      vertex   2.838427e+01 -2.056428e+01 7.387130e-01
      vertex   2.831360e+01 -2.036635e+01 1.000000e+00
      vertex   2.832970e+01 -2.038466e+01 6.308525e-01
    endloop
  endfacet
  facet normal -9.544472e-01 -2.980737e-01 -1.351211e-02
    outer loop
      vertex   2.838427e+01 -2.056428e+01 7.387130e-01
      vertex   2.832970e+01 -2.038466e+01 6.308525e-01
      vertex   2.837545e+01 -2.052441e+01 4.820998e-01
    endloop
  endfacet
  facet normal -9.598074e-01 -2.786659e-01 -3.339319e-02
    outer loop
      vertex   2.837545e+01 -2.052441e+01 4.820998e-01
      vertex   2.832970e+01 -2.038466e+01 6.308525e-01
      vertex   2.831343e+01 -2.028224e+01 2.439348e-01
    endloop
  endfacet
  facet normal -9.637708e-01 -2.660179e-01 -1.950075e-02
    outer loop
      vertex   2.837545e+01 -2.052441e+01 4.820998e-01
      vertex   2.831343e+01 -2.028224e+01 2.439348e-01
      vertex   2.836244e+01 -2.045912e+01 2.344367e-01
    endloop
  endfacet
  facet normal -9.635466e-01 -2.650454e-01 -3.645551e-02
    outer loop
      vertex   2.836244e+01 -2.045912e+01 2.344367e-01
      vertex   2.831343e+01 -2.028224e+01 2.439348e-01
      vertex   2.834662e+01 -2.036937e+01 3.574286e-10
    endloop
  endfacet
  facet normal -9.646229e-01 -2.608667e-01 -3.809449e-02
    outer loop
      vertex   2.834662e+01 -2.036937e+01 3.574286e-10
      vertex   2.831343e+01 -2.028224e+01 2.439348e-01
      vertex   2.827058e+01 -2.008820e+01 -2.000687e-15
    endloop
  endfacet
  facet normal -9.080511e-01 -3.906043e-01 -1.512334e-01
    outer loop
      vertex   2.827058e+01 -2.008820e+01 -2.000687e-15
      vertex   2.831343e+01 -2.028224e+01 2.439348e-01
      vertex   2.823943e+01 -2.013814e+01 3.160445e-01
    endloop
  endfacet
  facet normal -9.116391e-01 -3.825195e-01 -1.503096e-01
    outer loop
      vertex   2.827058e+01 -2.008820e+01 -2.000687e-15
      vertex   2.823943e+01 -2.013814e+01 3.160445e-01
      vertex   2.822519e+01 -1.998267e+01 6.745308e-03
    endloop
  endfacet
  facet normal -8.384235e-01 -5.014737e-01 -2.134718e-01
    outer loop
      vertex   2.822519e+01 -1.998267e+01 6.745308e-03
      vertex   2.823943e+01 -2.013814e+01 3.160445e-01
      vertex   2.817788e+01 -2.005385e+01 3.597627e-01
    endloop
  endfacet
  facet normal -8.527378e-01 -4.779788e-01 -2.106527e-01
    outer loop
      vertex   2.822519e+01 -1.998267e+01 6.745308e-03
      vertex   2.817788e+01 -2.005385e+01 3.597627e-01
      vertex   2.816534e+01 -1.990479e+01 7.232506e-02
    endloop
  endfacet
  facet normal -7.503846e-01 -5.996090e-01 -2.781940e-01
    outer loop
      vertex   2.816534e+01 -1.990479e+01 7.232506e-02
      vertex   2.817788e+01 -2.005385e+01 3.597627e-01
      vertex   2.806085e+01 -1.993679e+01 4.231359e-01
    endloop
  endfacet
  facet normal -7.636314e-01 -5.815424e-01 -2.804915e-01
    outer loop
      vertex   2.816534e+01 -1.990479e+01 7.232506e-02
      vertex   2.806085e+01 -1.993679e+01 4.231359e-01
      vertex   2.804844e+01 -1.979680e+01 1.666780e-01
    endloop
  endfacet
  facet normal -6.233582e-01 -6.986308e-01 -3.511973e-01
    outer loop
      vertex   2.804844e+01 -1.979680e+01 1.666780e-01
      vertex   2.806085e+01 -1.993679e+01 4.231359e-01
      vertex   2.792233e+01 -1.984106e+01 4.785630e-01
    endloop
  endfacet
  facet normal -6.329109e-01 -6.887322e-01 -3.536549e-01
    outer loop
      vertex   2.804844e+01 -1.979680e+01 1.666780e-01
      vertex   2.792233e+01 -1.984106e+01 4.785630e-01
      vertex   2.790734e+01 -1.970893e+01 2.480708e-01
    endloop
  endfacet
  facet normal -4.763248e-01 -7.758286e-01 -4.137689e-01
    outer loop
      vertex   2.790734e+01 -1.970893e+01 2.480708e-01
      vertex   2.792233e+01 -1.984106e+01 4.785630e-01
      vertex   2.776665e+01 -1.976983e+01 5.242246e-01
    endloop
  endfacet
  facet normal -4.802490e-01 -7.727033e-01 -4.150790e-01
    outer loop
      vertex   2.790734e+01 -1.970893e+01 2.480708e-01
      vertex   2.776665e+01 -1.976983e+01 5.242246e-01
      vertex   2.774683e+01 -1.964437e+01 3.135924e-01
    endloop
  endfacet
  facet normal -3.138854e-01 -8.284096e-01 -4.639111e-01
    outer loop
      vertex   2.774683e+01 -1.964437e+01 3.135924e-01
      vertex   2.776665e+01 -1.976983e+01 5.242246e-01
      vertex   2.759855e+01 -1.972542e+01 5.586525e-01
    endloop
  endfacet
  facet normal -3.107881e-01 -8.302778e-01 -4.626549e-01
    outer loop
      vertex   2.774683e+01 -1.964437e+01 3.135924e-01
      vertex   2.759855e+01 -1.972542e+01 5.586525e-01
      vertex   2.757224e+01 -1.960541e+01 3.609503e-01
    endloop
  endfacet
  facet normal -9.022130e-02 -8.566193e-01 -5.079994e-01
    outer loop
      vertex   2.757224e+01 -1.960541e+01 3.609503e-01
      vertex   2.759855e+01 -1.972542e+01 5.586525e-01
      vertex   2.734889e+01 -1.963079e+01 4.434304e-01
    endloop
  endfacet
  facet normal -1.389008e-01 -7.761539e-01 -6.150542e-01
    outer loop
      vertex   2.757224e+01 -1.960541e+01 3.609503e-01
      vertex   2.734889e+01 -1.963079e+01 4.434304e-01
      vertex   2.731944e+01 -1.950569e+01 2.922024e-01
    endloop
  endfacet
  facet normal -8.896476e-01 -4.563616e-01 -1.616634e-02
    outer loop
      vertex   2.832970e+01 -2.038466e+01 6.308525e-01
      vertex   2.831360e+01 -2.036635e+01 1.000000e+00
      vertex   2.825238e+01 -2.023515e+01 6.653076e-01
    endloop
  endfacet
  facet normal -8.456334e-01 -5.310757e-01 -5.350444e-02
    outer loop
      vertex   2.825238e+01 -2.023515e+01 6.653076e-01
      vertex   2.831360e+01 -2.036635e+01 1.000000e+00
      vertex   2.819448e+01 -2.017667e+01 1.000000e+00
    endloop
  endfacet
  facet normal -8.175784e-01 -5.743493e-01 -4.108992e-02
    outer loop
      vertex   2.825238e+01 -2.023515e+01 6.653076e-01
      vertex   2.819448e+01 -2.017667e+01 1.000000e+00
      vertex   2.818981e+01 -2.014759e+01 6.862600e-01
    endloop
  endfacet
  facet normal -7.273396e-01 -6.842575e-01 -5.261921e-02
    outer loop
      vertex   2.818981e+01 -2.014759e+01 6.862600e-01
      vertex   2.819448e+01 -2.017667e+01 1.000000e+00
      vertex   2.807284e+01 -2.002560e+01 7.167803e-01
    endloop
  endfacet
  facet normal -7.321980e-01 -6.612760e-01 -1.630956e-01
    outer loop
      vertex   2.818981e+01 -2.014759e+01 6.862600e-01
      vertex   2.807284e+01 -2.002560e+01 7.167803e-01
      vertex   2.817788e+01 -2.005385e+01 3.597627e-01
    endloop
  endfacet
  facet normal -7.409262e-01 -6.506180e-01 -1.665071e-01
    outer loop
      vertex   2.817788e+01 -2.005385e+01 3.597627e-01
      vertex   2.807284e+01 -2.002560e+01 7.167803e-01
      vertex   2.806085e+01 -1.993679e+01 4.231359e-01
    endloop
  endfacet
  facet normal -7.053370e-01 -7.050849e-01 -7.317813e-02
    outer loop
      vertex   2.819448e+01 -2.017667e+01 1.000000e+00
      vertex   2.803613e+01 -2.001826e+01 1.000000e+00
      vertex   2.807284e+01 -2.002560e+01 7.167803e-01
    endloop
  endfacet
  facet normal -5.985647e-01 -7.990509e-01 -5.690313e-02
    outer loop
      vertex   2.807284e+01 -2.002560e+01 7.167803e-01
      vertex   2.803613e+01 -2.001826e+01 1.000000e+00
      vertex   2.793616e+01 -1.992513e+01 7.437104e-01
    endloop
  endfacet
  facet normal -6.055926e-01 -7.682190e-01 -2.075986e-01
    outer loop
      vertex   2.807284e+01 -2.002560e+01 7.167803e-01
      vertex   2.793616e+01 -1.992513e+01 7.437104e-01
      vertex   2.806085e+01 -1.993679e+01 4.231359e-01
    endloop
  endfacet
  facet normal -6.113451e-01 -7.629850e-01 -2.100265e-01
    outer loop
      vertex   2.806085e+01 -1.993679e+01 4.231359e-01
      vertex   2.793616e+01 -1.992513e+01 7.437104e-01
      vertex   2.792233e+01 -1.984106e+01 4.785630e-01
    endloop
  endfacet
  facet normal -5.294934e-01 -8.424452e-01 -9.961334e-02
    outer loop
      vertex   2.803613e+01 -2.001826e+01 1.000000e+00
      vertex   2.784649e+01 -1.989908e+01 1.000000e+00
      vertex   2.793616e+01 -1.992513e+01 7.437104e-01
    endloop
  endfacet
  facet normal -4.525031e-01 -8.891721e-01 -6.792619e-02
    outer loop
      vertex   2.793616e+01 -1.992513e+01 7.437104e-01
      vertex   2.784649e+01 -1.989908e+01 1.000000e+00
      vertex   2.778378e+01 -1.984930e+01 7.662178e-01
    endloop
  endfacet
  facet normal -4.606984e-01 -8.526905e-01 -2.463247e-01
    outer loop
      vertex   2.793616e+01 -1.992513e+01 7.437104e-01
      vertex   2.778378e+01 -1.984930e+01 7.662178e-01
      vertex   2.792233e+01 -1.984106e+01 4.785630e-01
    endloop
  endfacet
  facet normal -4.621331e-01 -8.517218e-01 -2.469880e-01
    outer loop
      vertex   2.792233e+01 -1.984106e+01 4.785630e-01
      vertex   2.778378e+01 -1.984930e+01 7.662178e-01
      vertex   2.776665e+01 -1.976983e+01 5.242246e-01
    endloop
  endfacet
  facet normal -3.282863e-01 -9.379579e-01 -1.116380e-01
    outer loop
      vertex   2.784649e+01 -1.989908e+01 1.000000e+00
      vertex   2.763509e+01 -1.982508e+01 1.000000e+00
      vertex   2.778378e+01 -1.984930e+01 7.662178e-01
    endloop
  endfacet
  facet normal -2.935502e-01 -9.518750e-01 -8.810411e-02
    outer loop
      vertex   2.778378e+01 -1.984930e+01 7.662178e-01
      vertex   2.763509e+01 -1.982508e+01 1.000000e+00
      vertex   2.762006e+01 -1.980042e+01 7.836203e-01
    endloop
  endfacet
  facet normal -3.018132e-01 -9.119048e-01 -2.780979e-01
    outer loop
      vertex   2.778378e+01 -1.984930e+01 7.662178e-01
      vertex   2.762006e+01 -1.980042e+01 7.836203e-01
      vertex   2.776665e+01 -1.976983e+01 5.242246e-01
    endloop
  endfacet
  facet normal -2.979786e-01 -9.137561e-01 -2.761493e-01
    outer loop
      vertex   2.776665e+01 -1.976983e+01 5.242246e-01
      vertex   2.762006e+01 -1.980042e+01 7.836203e-01
      vertex   2.759855e+01 -1.972542e+01 5.586525e-01
    endloop
  endfacet
  facet normal -1.113720e-01 -9.882271e-01 -1.048970e-01
    outer loop
      vertex   2.763509e+01 -1.982508e+01 1.000000e+00
      vertex   2.741252e+01 -1.980000e+01 1.000000e+00
      vertex   2.762006e+01 -1.980042e+01 7.836203e-01
    endloop
  endfacet
  facet normal -1.004467e-01 -9.904527e-01 -9.441338e-02
    outer loop
      vertex   2.762006e+01 -1.980042e+01 7.836203e-01
      vertex   2.741252e+01 -1.980000e+01 1.000000e+00
      vertex   2.740319e+01 -1.978041e+01 8.043877e-01
    endloop
  endfacet
  facet normal -1.145111e-01 -9.542650e-01 -2.761621e-01
    outer loop
      vertex   2.762006e+01 -1.980042e+01 7.836203e-01
      vertex   2.740319e+01 -1.978041e+01 8.043877e-01
      vertex   2.737973e+01 -1.972321e+01 6.164883e-01
    endloop
  endfacet
  facet normal -9.072734e-02 -9.473241e-01 -3.071572e-01
    outer loop
      vertex   2.762006e+01 -1.980042e+01 7.836203e-01
      vertex   2.737973e+01 -1.972321e+01 6.164883e-01
      vertex   2.759855e+01 -1.972542e+01 5.586525e-01
    endloop
  endfacet
  facet normal -1.276901e-01 -8.841481e-01 -4.494190e-01
    outer loop
      vertex   2.759855e+01 -1.972542e+01 5.586525e-01
      vertex   2.737973e+01 -1.972321e+01 6.164883e-01
      vertex   2.734889e+01 -1.963079e+01 4.434304e-01
    endloop
  endfacet
  facet normal -9.759183e-02 -7.206300e-01 -6.864170e-01
    outer loop
      vertex   2.757224e+01 -1.960541e+01 3.609503e-01
      vertex   2.731944e+01 -1.950569e+01 2.922024e-01
      vertex   2.755357e+01 -1.945061e+01 2.010998e-01
    endloop
  endfacet
  facet normal -1.463326e-01 -6.340367e-01 -7.593314e-01
    outer loop
      vertex   2.755357e+01 -1.945061e+01 2.010998e-01
      vertex   2.731944e+01 -1.950569e+01 2.922024e-01
      vertex   2.730248e+01 -1.935313e+01 1.680854e-01
    endloop
  endfacet
  facet normal -1.052230e-01 -5.512917e-01 -8.276506e-01
    outer loop
      vertex   2.755357e+01 -1.945061e+01 2.010998e-01
      vertex   2.730248e+01 -1.935313e+01 1.680854e-01
      vertex   2.755389e+01 -1.927156e+01 8.179371e-02
    endloop
  endfacet
  facet normal -1.496487e-01 -4.630021e-01 -8.736328e-01
    outer loop
      vertex   2.755389e+01 -1.927156e+01 8.179371e-02
      vertex   2.730248e+01 -1.935313e+01 1.680854e-01
      vertex   2.730706e+01 -1.917986e+01 7.547313e-02
    endloop
  endfacet
  facet normal -1.256965e-01 -4.008655e-01 -9.074730e-01
    outer loop
      vertex   2.755389e+01 -1.927156e+01 8.179371e-02
      vertex   2.730706e+01 -1.917986e+01 7.547313e-02
      vertex   2.756496e+01 -1.917086e+01 3.577759e-02
    endloop
  endfacet
  facet normal -1.377653e-01 -2.635065e-01 -9.547696e-01
    outer loop
      vertex   2.756496e+01 -1.917086e+01 3.577759e-02
      vertex   2.730706e+01 -1.917986e+01 7.547313e-02
      vertex   2.734219e+01 -1.899264e+01 1.873521e-02
    endloop
  endfacet
  facet normal -1.539639e-01 -2.829818e-01 -9.466871e-01
    outer loop
      vertex   2.756496e+01 -1.917086e+01 3.577759e-02
      vertex   2.734219e+01 -1.899264e+01 1.873521e-02
      vertex   2.758540e+01 -1.906744e+01 1.538001e-03
    endloop
  endfacet
  facet normal -8.990942e-02 -6.383653e-02 -9.939020e-01
    outer loop
      vertex   2.758540e+01 -1.906744e+01 1.538001e-03
      vertex   2.734219e+01 -1.899264e+01 1.873521e-02
      vertex   2.741252e+01 -1.880000e+01 5.879086e-16
    endloop
  endfacet
  facet normal -1.211514e-01 -8.400473e-02 -9.890731e-01
    outer loop
      vertex   2.758540e+01 -1.906744e+01 1.538001e-03
      vertex   2.741252e+01 -1.880000e+01 5.879086e-16
      vertex   2.766160e+01 -1.915922e+01 -9.544637e-17
    endloop
  endfacet
  facet normal -4.737887e-01 -3.727775e-01 -7.978479e-01
    outer loop
      vertex   2.792171e+01 -1.948982e+01 -3.879713e-16
      vertex   2.774075e+01 -1.930664e+01 2.187464e-02
      vertex   2.766160e+01 -1.915922e+01 -9.544637e-17
    endloop
  endfacet
  facet normal -3.429358e-01 -3.154240e-01 -8.848179e-01
    outer loop
      vertex   2.766160e+01 -1.915922e+01 -9.544637e-17
      vertex   2.774075e+01 -1.930664e+01 2.187464e-02
      vertex   2.755389e+01 -1.927156e+01 8.179371e-02
    endloop
  endfacet
  facet normal -2.823242e-01 -3.728620e-01 -8.838931e-01
    outer loop
      vertex   2.766160e+01 -1.915922e+01 -9.544637e-17
      vertex   2.755389e+01 -1.927156e+01 8.179371e-02
      vertex   2.756496e+01 -1.917086e+01 3.577759e-02
    endloop
  endfacet
  facet normal -6.758129e-01 -4.461742e-01 -5.866903e-01
    outer loop
      vertex   2.816528e+01 -1.985875e+01 -1.353284e-15
      vertex   2.790089e+01 -1.954360e+01 6.489092e-02
      vertex   2.792171e+01 -1.948982e+01 -3.879713e-16
    endloop
  endfacet
  facet normal -5.115060e-01 -5.737409e-01 -6.396741e-01
    outer loop
      vertex   2.792171e+01 -1.948982e+01 -3.879713e-16
      vertex   2.790089e+01 -1.954360e+01 6.489092e-02
      vertex   2.773524e+01 -1.948615e+01 1.458214e-01
    endloop
  endfacet
  facet normal -5.518548e-01 -4.622900e-01 -6.940780e-01
    outer loop
      vertex   2.792171e+01 -1.948982e+01 -3.879713e-16
      vertex   2.773524e+01 -1.948615e+01 1.458214e-01
      vertex   2.774075e+01 -1.930664e+01 2.187464e-02
    endloop
  endfacet
  facet normal -3.400770e-01 -5.272258e-01 -7.787044e-01
    outer loop
      vertex   2.774075e+01 -1.930664e+01 2.187464e-02
      vertex   2.773524e+01 -1.948615e+01 1.458214e-01
      vertex   2.755357e+01 -1.945061e+01 2.010998e-01
    endloop
  endfacet
  facet normal -3.477910e-01 -5.194546e-01 -7.805180e-01
    outer loop
      vertex   2.774075e+01 -1.930664e+01 2.187464e-02
      vertex   2.755357e+01 -1.945061e+01 2.010998e-01
      vertex   2.755389e+01 -1.927156e+01 8.179371e-02
    endloop
  endfacet
  facet normal -8.410571e-01 -3.859919e-01 3.789896e-01
    outer loop
      vertex   2.827058e+01 -2.008820e+01 -2.000687e-15
      vertex   2.822519e+01 -1.998267e+01 6.745308e-03
      vertex   2.816528e+01 -1.985875e+01 -1.353284e-15
    endloop
  endfacet
  facet normal -8.600618e-01 -4.306948e-01 -2.734880e-01
    outer loop
      vertex   2.816528e+01 -1.985875e+01 -1.353284e-15
      vertex   2.822519e+01 -1.998267e+01 6.745308e-03
      vertex   2.816534e+01 -1.990479e+01 7.232506e-02
    endloop
  endfacet
  facet normal -7.714956e-01 -5.369858e-01 -3.412341e-01
    outer loop
      vertex   2.816528e+01 -1.985875e+01 -1.353284e-15
      vertex   2.816534e+01 -1.990479e+01 7.232506e-02
      vertex   2.804844e+01 -1.979680e+01 1.666780e-01
    endloop
  endfacet
  facet normal -3.109621e-01 -2.427599e-01 -9.188962e-01
    outer loop
      vertex   2.766160e+01 -1.915922e+01 -9.544637e-17
      vertex   2.756496e+01 -1.917086e+01 3.577759e-02
      vertex   2.758540e+01 -1.906744e+01 1.538001e-03
    endloop
  endfacet
  facet normal -8.928003e-01 -4.433283e-01 -7.979769e-02
    outer loop
      vertex   2.831343e+01 -2.028224e+01 2.439348e-01
      vertex   2.832970e+01 -2.038466e+01 6.308525e-01
      vertex   2.825238e+01 -2.023515e+01 6.653076e-01
    endloop
  endfacet
  facet normal -8.310726e-01 -5.418870e-01 -1.252070e-01
    outer loop
      vertex   2.817788e+01 -2.005385e+01 3.597627e-01
      vertex   2.823943e+01 -2.013814e+01 3.160445e-01
      vertex   2.818981e+01 -2.014759e+01 6.862600e-01
    endloop
  endfacet
  facet normal -8.211597e-01 -5.570056e-01 -1.242643e-01
    outer loop
      vertex   2.818981e+01 -2.014759e+01 6.862600e-01
      vertex   2.823943e+01 -2.013814e+01 3.160445e-01
      vertex   2.825238e+01 -2.023515e+01 6.653076e-01
    endloop
  endfacet
  facet normal -9.028472e-01 -4.217427e-01 -8.366586e-02
    outer loop
      vertex   2.823943e+01 -2.013814e+01 3.160445e-01
      vertex   2.831343e+01 -2.028224e+01 2.439348e-01
      vertex   2.825238e+01 -2.023515e+01 6.653076e-01
    endloop
  endfacet
  facet normal -3.300335e-01 -6.971094e-01 -6.364875e-01
    outer loop
      vertex   2.755357e+01 -1.945061e+01 2.010998e-01
      vertex   2.773524e+01 -1.948615e+01 1.458214e-01
      vertex   2.757224e+01 -1.960541e+01 3.609503e-01
    endloop
  endfacet
  facet normal -3.283602e-01 -6.984017e-01 -6.359360e-01
    outer loop
      vertex   2.757224e+01 -1.960541e+01 3.609503e-01
      vertex   2.773524e+01 -1.948615e+01 1.458214e-01
      vertex   2.774683e+01 -1.964437e+01 3.135924e-01
    endloop
  endfacet
  facet normal -5.041798e-01 -6.454066e-01 -5.738057e-01
    outer loop
      vertex   2.773524e+01 -1.948615e+01 1.458214e-01
      vertex   2.790089e+01 -1.954360e+01 6.489092e-02
      vertex   2.774683e+01 -1.964437e+01 3.135924e-01
    endloop
  endfacet
  facet normal -4.962124e-01 -6.531361e-01 -5.720022e-01
    outer loop
      vertex   2.774683e+01 -1.964437e+01 3.135924e-01
      vertex   2.790089e+01 -1.954360e+01 6.489092e-02
      vertex   2.790734e+01 -1.970893e+01 2.480708e-01
    endloop
  endfacet
  facet normal -7.573623e-01 -5.696734e-01 -3.191779e-01
    outer loop
      vertex   2.816528e+01 -1.985875e+01 -1.353284e-15
      vertex   2.804844e+01 -1.979680e+01 1.666780e-01
      vertex   2.790089e+01 -1.954360e+01 6.489092e-02
    endloop
  endfacet
  facet normal -6.469138e-01 -5.772905e-01 -4.982351e-01
    outer loop
      vertex   2.790089e+01 -1.954360e+01 6.489092e-02
      vertex   2.804844e+01 -1.979680e+01 1.666780e-01
      vertex   2.790734e+01 -1.970893e+01 2.480708e-01
    endloop
  endfacet
  facet normal -9.439761e-01 -3.300140e-01 5.589461e-16
    outer loop
      vertex   2.838751e+01 -2.057778e+01 1.000000e+00
      vertex   2.838751e+01 -2.057778e+01 7.000000e+00
      vertex   2.831360e+01 -2.036635e+01 4.000000e+00
    endloop
  endfacet
  facet normal -9.439761e-01 -3.300140e-01 0.000000e+00
    outer loop
      vertex   2.831360e+01 -2.036635e+01 4.000000e+00
      vertex   2.838751e+01 -2.057778e+01 7.000000e+00
      vertex   2.831360e+01 -2.036635e+01 7.000000e+00
    endloop
  endfacet
  facet normal -8.468464e-01 -5.318375e-01 0.000000e+00
    outer loop
      vertex   2.831360e+01 -2.036635e+01 4.000000e+00
      vertex   2.831360e+01 -2.036635e+01 7.000000e+00
      vertex   2.819448e+01 -2.017667e+01 4.000000e+00
    endloop
  endfacet
  facet normal -8.468464e-01 -5.318375e-01 0.000000e+00
    outer loop
      vertex   2.819448e+01 -2.017667e+01 4.000000e+00
      vertex   2.831360e+01 -2.036635e+01 7.000000e+00
      vertex   2.819448e+01 -2.017667e+01 7.000000e+00
    endloop
  endfacet
  facet normal -7.072331e-01 -7.069804e-01 0.000000e+00
    outer loop
      vertex   2.819448e+01 -2.017667e+01 4.000000e+00
      vertex   2.819448e+01 -2.017667e+01 7.000000e+00
      vertex   2.803613e+01 -2.001826e+01 4.000000e+00
    endloop
  endfacet
  facet normal -7.072331e-01 -7.069804e-01 8.372330e-16
    outer loop
      vertex   2.803613e+01 -2.001826e+01 4.000000e+00
      vertex   2.819448e+01 -2.017667e+01 7.000000e+00
      vertex   2.803613e+01 -2.001826e+01 7.000000e+00
    endloop
  endfacet
  facet normal -5.321402e-01 -8.466563e-01 1.002642e-15
    outer loop
      vertex   2.803613e+01 -2.001826e+01 4.000000e+00
      vertex   2.803613e+01 -2.001826e+01 7.000000e+00
      vertex   2.784649e+01 -1.989908e+01 4.000000e+00
    endloop
  endfacet
  facet normal -5.321402e-01 -8.466563e-01 -2.577187e-16
    outer loop
      vertex   2.784649e+01 -1.989908e+01 4.000000e+00
      vertex   2.803613e+01 -2.001826e+01 7.000000e+00
      vertex   2.784649e+01 -1.989908e+01 7.000000e+00
    endloop
  endfacet
  facet normal -3.303514e-01 -9.438580e-01 3.353233e-16
    outer loop
      vertex   2.784649e+01 -1.989908e+01 4.000000e+00
      vertex   2.784649e+01 -1.989908e+01 7.000000e+00
      vertex   2.763509e+01 -1.982508e+01 4.000000e+00
    endloop
  endfacet
  facet normal -3.303514e-01 -9.438580e-01 7.265378e-16
    outer loop
      vertex   2.763509e+01 -1.982508e+01 4.000000e+00
      vertex   2.784649e+01 -1.989908e+01 7.000000e+00
      vertex   2.763509e+01 -1.982508e+01 7.000000e+00
    endloop
  endfacet
  facet normal -1.119898e-01 -9.937094e-01 1.044166e-15
    outer loop
      vertex   2.763509e+01 -1.982508e+01 4.000000e+00
      vertex   2.763509e+01 -1.982508e+01 7.000000e+00
      vertex   2.741252e+01 -1.980000e+01 7.000000e+00
    endloop
  endfacet
  facet normal -1.119898e-01 -9.937094e-01 -1.326226e-16
    outer loop
      vertex   2.741252e+01 -1.980000e+01 7.000000e+00
      vertex   2.741252e+01 -1.980000e+01 1.000000e+00
      vertex   2.763509e+01 -1.982508e+01 4.000000e+00
    endloop
  endfacet
  facet normal -1.119898e-01 -9.937094e-01 -0.000000e+00
    outer loop
      vertex   2.763509e+01 -1.982508e+01 4.000000e+00
      vertex   2.741252e+01 -1.980000e+01 1.000000e+00
      vertex   2.763509e+01 -1.982508e+01 1.000000e+00
    endloop
  endfacet
  facet normal -3.303514e-01 -9.438580e-01 -0.000000e+00
    outer loop
      vertex   2.763509e+01 -1.982508e+01 4.000000e+00
      vertex   2.763509e+01 -1.982508e+01 1.000000e+00
      vertex   2.784649e+01 -1.989908e+01 4.000000e+00
    endloop
  endfacet
  facet normal -3.303514e-01 -9.438580e-01 2.235505e-15
    outer loop
      vertex   2.784649e+01 -1.989908e+01 4.000000e+00
      vertex   2.763509e+01 -1.982508e+01 1.000000e+00
      vertex   2.784649e+01 -1.989908e+01 1.000000e+00
    endloop
  endfacet
  facet normal -5.321402e-01 -8.466563e-01 2.005285e-15
    outer loop
      vertex   2.784649e+01 -1.989908e+01 4.000000e+00
      vertex   2.784649e+01 -1.989908e+01 1.000000e+00
      vertex   2.803613e+01 -2.001826e+01 4.000000e+00
    endloop
  endfacet
  facet normal -5.321402e-01 -8.466563e-01 1.002642e-15
    outer loop
      vertex   2.803613e+01 -2.001826e+01 4.000000e+00
      vertex   2.784649e+01 -1.989908e+01 1.000000e+00
      vertex   2.803613e+01 -2.001826e+01 1.000000e+00
    endloop
  endfacet
  facet normal -7.072331e-01 -7.069804e-01 8.372330e-16
    outer loop
      vertex   2.803613e+01 -2.001826e+01 4.000000e+00
      vertex   2.803613e+01 -2.001826e+01 1.000000e+00
      vertex   2.819448e+01 -2.017667e+01 4.000000e+00
    endloop
  endfacet
  facet normal -7.072331e-01 -7.069804e-01 8.372330e-16
    outer loop
      vertex   2.819448e+01 -2.017667e+01 4.000000e+00
      vertex   2.803613e+01 -2.001826e+01 1.000000e+00
      vertex   2.819448e+01 -2.017667e+01 1.000000e+00
    endloop
  endfacet
  facet normal -8.468464e-01 -5.318375e-01 6.298221e-16
    outer loop
      vertex   2.819448e+01 -2.017667e+01 4.000000e+00
      vertex   2.819448e+01 -2.017667e+01 1.000000e+00
      vertex   2.831360e+01 -2.036635e+01 4.000000e+00
    endloop
  endfacet
  facet normal -8.468464e-01 -5.318375e-01 6.298221e-16
    outer loop
      vertex   2.831360e+01 -2.036635e+01 4.000000e+00
      vertex   2.819448e+01 -2.017667e+01 1.000000e+00
      vertex   2.831360e+01 -2.036635e+01 1.000000e+00
    endloop
  endfacet
  facet normal -9.439761e-01 -3.300140e-01 3.908150e-16
    outer loop
      vertex   2.831360e+01 -2.036635e+01 4.000000e+00
      vertex   2.831360e+01 -2.036635e+01 1.000000e+00
      vertex   2.838751e+01 -2.057778e+01 1.000000e+00
    endloop
  endfacet
  facet normal -9.667741e-01 -2.537071e-01 3.131229e-02
    outer loop
      vertex   2.836261e+01 -2.045922e+01 7.765715e+00
      vertex   2.834662e+01 -2.036937e+01 8.000000e+00
      vertex   2.830730e+01 -2.023502e+01 7.874495e+00
    endloop
  endfacet
  facet normal -9.650686e-01 -2.609873e-01 2.298481e-02
    outer loop
      vertex   2.830730e+01 -2.023502e+01 7.874495e+00
      vertex   2.834662e+01 -2.036937e+01 8.000000e+00
      vertex   2.827058e+01 -2.008820e+01 8.000000e+00
    endloop
  endfacet
  facet normal -9.140025e-01 -3.702877e-01 1.657905e-01
    outer loop
      vertex   2.830730e+01 -2.023502e+01 7.874495e+00
      vertex   2.827058e+01 -2.008820e+01 8.000000e+00
      vertex   2.823491e+01 -2.009397e+01 7.790435e+00
    endloop
  endfacet
  facet normal -8.965583e-01 -4.114634e-01 1.639548e-01
    outer loop
      vertex   2.823491e+01 -2.009397e+01 7.790435e+00
      vertex   2.827058e+01 -2.008820e+01 8.000000e+00
      vertex   2.816528e+01 -1.985875e+01 8.000000e+00
    endloop
  endfacet
  facet normal -8.458221e-01 -4.719459e-01 2.487006e-01
    outer loop
      vertex   2.823491e+01 -2.009397e+01 7.790435e+00
      vertex   2.816528e+01 -1.985875e+01 8.000000e+00
      vertex   2.817367e+01 -2.001115e+01 7.739333e+00
    endloop
  endfacet
  facet normal -7.735257e-01 -5.576510e-01 3.011367e-01
    outer loop
      vertex   2.817367e+01 -2.001115e+01 7.739333e+00
      vertex   2.816528e+01 -1.985875e+01 8.000000e+00
      vertex   2.804598e+01 -1.974709e+01 7.900327e+00
    endloop
  endfacet
  facet normal -7.582457e-01 -5.650056e-01 3.253185e-01
    outer loop
      vertex   2.817367e+01 -2.001115e+01 7.739333e+00
      vertex   2.804598e+01 -1.974709e+01 7.900327e+00
      vertex   2.805678e+01 -1.989667e+01 7.665696e+00
    endloop
  endfacet
  facet normal -6.401556e-01 -6.608107e-01 3.918291e-01
    outer loop
      vertex   2.805678e+01 -1.989667e+01 7.665696e+00
      vertex   2.804598e+01 -1.974709e+01 7.900327e+00
      vertex   2.790423e+01 -1.966218e+01 7.811937e+00
    endloop
  endfacet
  facet normal -6.311435e-01 -6.623417e-01 4.036848e-01
    outer loop
      vertex   2.805678e+01 -1.989667e+01 7.665696e+00
      vertex   2.790423e+01 -1.966218e+01 7.811937e+00
      vertex   2.791765e+01 -1.980322e+01 7.601514e+00
    endloop
  endfacet
  facet normal -4.872533e-01 -7.394470e-01 4.645453e-01
    outer loop
      vertex   2.791765e+01 -1.980322e+01 7.601514e+00
      vertex   2.790423e+01 -1.966218e+01 7.811937e+00
      vertex   2.774232e+01 -1.959983e+01 7.741355e+00
    endloop
  endfacet
  facet normal -4.833978e-01 -7.391754e-01 4.689844e-01
    outer loop
      vertex   2.791765e+01 -1.980322e+01 7.601514e+00
      vertex   2.774232e+01 -1.959983e+01 7.741355e+00
      vertex   2.776074e+01 -1.973396e+01 7.548937e+00
    endloop
  endfacet
  facet normal -3.167515e-01 -7.920725e-01 5.218138e-01
    outer loop
      vertex   2.776074e+01 -1.973396e+01 7.548937e+00
      vertex   2.774232e+01 -1.959983e+01 7.741355e+00
      vertex   2.756576e+01 -1.956232e+01 7.691118e+00
    endloop
  endfacet
  facet normal -3.195474e-01 -7.928508e-01 5.189191e-01
    outer loop
      vertex   2.776074e+01 -1.973396e+01 7.548937e+00
      vertex   2.756576e+01 -1.956232e+01 7.691118e+00
      vertex   2.759095e+01 -1.969122e+01 7.509692e+00
    endloop
  endfacet
  facet normal -9.422928e-02 -8.177078e-01 5.678686e-01
    outer loop
      vertex   2.759095e+01 -1.969122e+01 7.509692e+00
      vertex   2.756576e+01 -1.956232e+01 7.691118e+00
      vertex   2.734889e+01 -1.963078e+01 7.556560e+00
    endloop
  endfacet
  facet normal -1.336078e-01 -8.833880e-01 4.491932e-01
    outer loop
      vertex   2.759095e+01 -1.969122e+01 7.509692e+00
      vertex   2.734889e+01 -1.963078e+01 7.556560e+00
      vertex   2.738037e+01 -1.972345e+01 7.383675e+00
    endloop
  endfacet
  facet normal -7.796785e-01 -5.147466e-01 3.565634e-01
    outer loop
      vertex   2.816528e+01 -1.985875e+01 8.000000e+00
      vertex   2.792171e+01 -1.948982e+01 8.000000e+00
      vertex   2.804598e+01 -1.974709e+01 7.900327e+00
    endloop
  endfacet
  facet normal -6.540576e-01 -5.263945e-01 5.432472e-01
    outer loop
      vertex   2.804598e+01 -1.974709e+01 7.900327e+00
      vertex   2.792171e+01 -1.948982e+01 8.000000e+00
      vertex   2.790423e+01 -1.966218e+01 7.811937e+00
    endloop
  endfacet
  facet normal -4.669191e-01 -3.673725e-01 8.043781e-01
    outer loop
      vertex   2.766160e+01 -1.915922e+01 8.000000e+00
      vertex   2.774033e+01 -1.930986e+01 7.976902e+00
      vertex   2.792171e+01 -1.948982e+01 8.000000e+00
    endloop
  endfacet
  facet normal -5.887116e-01 -5.132137e-01 6.245240e-01
    outer loop
      vertex   2.792171e+01 -1.948982e+01 8.000000e+00
      vertex   2.774033e+01 -1.930986e+01 7.976902e+00
      vertex   2.790101e+01 -1.949319e+01 7.977719e+00
    endloop
  endfacet
  facet normal -5.430706e-01 -5.932733e-01 5.942231e-01
    outer loop
      vertex   2.792171e+01 -1.948982e+01 8.000000e+00
      vertex   2.790101e+01 -1.949319e+01 7.977719e+00
      vertex   2.790423e+01 -1.966218e+01 7.811937e+00
    endloop
  endfacet
  facet normal -5.098046e-01 -6.073823e-01 6.092504e-01
    outer loop
      vertex   2.790423e+01 -1.966218e+01 7.811937e+00
      vertex   2.790101e+01 -1.949319e+01 7.977719e+00
      vertex   2.773431e+01 -1.943799e+01 7.893252e+00
    endloop
  endfacet
  facet normal -5.022952e-01 -6.048457e-01 6.179492e-01
    outer loop
      vertex   2.790423e+01 -1.966218e+01 7.811937e+00
      vertex   2.773431e+01 -1.943799e+01 7.893252e+00
      vertex   2.774232e+01 -1.959983e+01 7.741355e+00
    endloop
  endfacet
  facet normal -3.339633e-01 -6.537973e-01 6.789827e-01
    outer loop
      vertex   2.774232e+01 -1.959983e+01 7.741355e+00
      vertex   2.773431e+01 -1.943799e+01 7.893252e+00
      vertex   2.755110e+01 -1.940362e+01 7.836243e+00
    endloop
  endfacet
  facet normal -3.323641e-01 -6.529922e-01 6.805404e-01
    outer loop
      vertex   2.774232e+01 -1.959983e+01 7.741355e+00
      vertex   2.755110e+01 -1.940362e+01 7.836243e+00
      vertex   2.756576e+01 -1.956232e+01 7.691118e+00
    endloop
  endfacet
  facet normal -1.040231e-01 -6.763782e-01 7.291719e-01
    outer loop
      vertex   2.756576e+01 -1.956232e+01 7.691118e+00
      vertex   2.755110e+01 -1.940362e+01 7.836243e+00
      vertex   2.731892e+01 -1.950609e+01 7.708065e+00
    endloop
  endfacet
  facet normal -1.351115e-01 -7.780042e-01 6.135588e-01
    outer loop
      vertex   2.756576e+01 -1.956232e+01 7.691118e+00
      vertex   2.731892e+01 -1.950609e+01 7.708065e+00
      vertex   2.734889e+01 -1.963078e+01 7.556560e+00
    endloop
  endfacet
  facet normal -2.889033e-01 -2.003216e-01 9.361656e-01
    outer loop
      vertex   2.741252e+01 -1.880000e+01 8.000000e+00
      vertex   2.757097e+01 -1.913960e+01 7.976230e+00
      vertex   2.766160e+01 -1.915922e+01 8.000000e+00
    endloop
  endfacet
  facet normal -3.076599e-01 -3.485330e-01 8.853644e-01
    outer loop
      vertex   2.766160e+01 -1.915922e+01 8.000000e+00
      vertex   2.757097e+01 -1.913960e+01 7.976230e+00
      vertex   2.755376e+01 -1.927527e+01 7.916841e+00
    endloop
  endfacet
  facet normal -3.432517e-01 -3.150720e-01 8.848208e-01
    outer loop
      vertex   2.766160e+01 -1.915922e+01 8.000000e+00
      vertex   2.755376e+01 -1.927527e+01 7.916841e+00
      vertex   2.774033e+01 -1.930986e+01 7.976902e+00
    endloop
  endfacet
  facet normal -3.479714e-01 -5.009797e-01 7.924236e-01
    outer loop
      vertex   2.774033e+01 -1.930986e+01 7.976902e+00
      vertex   2.755376e+01 -1.927527e+01 7.916841e+00
      vertex   2.773431e+01 -1.943799e+01 7.893252e+00
    endloop
  endfacet
  facet normal -5.176997e-01 -4.505142e-01 7.273404e-01
    outer loop
      vertex   2.774033e+01 -1.930986e+01 7.976902e+00
      vertex   2.773431e+01 -1.943799e+01 7.893252e+00
      vertex   2.790101e+01 -1.949319e+01 7.977719e+00
    endloop
  endfacet
  facet normal -3.291942e-02 -8.505980e-02 9.958319e-01
    outer loop
      vertex   2.741252e+01 -1.880000e+01 8.000000e+00
      vertex   2.734227e+01 -1.899263e+01 7.981224e+00
      vertex   2.757097e+01 -1.913960e+01 7.976230e+00
    endloop
  endfacet
  facet normal -1.466337e-01 -2.605970e-01 9.542472e-01
    outer loop
      vertex   2.757097e+01 -1.913960e+01 7.976230e+00
      vertex   2.734227e+01 -1.899263e+01 7.981224e+00
      vertex   2.730693e+01 -1.918009e+01 7.924600e+00
    endloop
  endfacet
  facet normal -1.198289e-01 -3.853219e-01 9.149689e-01
    outer loop
      vertex   2.757097e+01 -1.913960e+01 7.976230e+00
      vertex   2.730693e+01 -1.918009e+01 7.924600e+00
      vertex   2.755376e+01 -1.927527e+01 7.916841e+00
    endloop
  endfacet
  facet normal -1.495915e-01 -4.592935e-01 8.755980e-01
    outer loop
      vertex   2.755376e+01 -1.927527e+01 7.916841e+00
      vertex   2.730693e+01 -1.918009e+01 7.924600e+00
      vertex   2.730142e+01 -1.935392e+01 7.832475e+00
    endloop
  endfacet
  facet normal -1.174714e-01 -5.263988e-01 8.420836e-01
    outer loop
      vertex   2.755376e+01 -1.927527e+01 7.916841e+00
      vertex   2.730142e+01 -1.935392e+01 7.832475e+00
      vertex   2.755110e+01 -1.940362e+01 7.836243e+00
    endloop
  endfacet
  facet normal -1.381028e-01 -6.363712e-01 7.589198e-01
    outer loop
      vertex   2.755110e+01 -1.940362e+01 7.836243e+00
      vertex   2.730142e+01 -1.935392e+01 7.832475e+00
      vertex   2.731892e+01 -1.950609e+01 7.708065e+00
    endloop
  endfacet
  facet normal -8.574170e-02 -9.214405e-01 3.789402e-01
    outer loop
      vertex   2.759095e+01 -1.969122e+01 7.509692e+00
      vertex   2.738037e+01 -1.972345e+01 7.383675e+00
      vertex   2.761491e+01 -1.978020e+01 7.298734e+00
    endloop
  endfacet
  facet normal -1.314806e-01 -9.528124e-01 2.736082e-01
    outer loop
      vertex   2.761491e+01 -1.978020e+01 7.298734e+00
      vertex   2.738037e+01 -1.972345e+01 7.383675e+00
      vertex   2.740388e+01 -1.978065e+01 7.195768e+00
    endloop
  endfacet
  facet normal -8.177550e-02 -9.817215e-01 1.718595e-01
    outer loop
      vertex   2.761491e+01 -1.978020e+01 7.298734e+00
      vertex   2.740388e+01 -1.978065e+01 7.195768e+00
      vertex   2.762780e+01 -1.982141e+01 7.069459e+00
    endloop
  endfacet
  facet normal -1.278999e-01 -9.875145e-01 9.196068e-02
    outer loop
      vertex   2.762780e+01 -1.982141e+01 7.069459e+00
      vertex   2.740388e+01 -1.978065e+01 7.195768e+00
      vertex   2.741252e+01 -1.980000e+01 7.000000e+00
    endloop
  endfacet
  facet normal -1.118970e-01 -9.928857e-01 4.070624e-02
    outer loop
      vertex   2.762780e+01 -1.982141e+01 7.069459e+00
      vertex   2.741252e+01 -1.980000e+01 7.000000e+00
      vertex   2.763509e+01 -1.982508e+01 7.000000e+00
    endloop
  endfacet
  facet normal -2.971884e-01 -9.546252e-01 1.922866e-02
    outer loop
      vertex   2.762780e+01 -1.982141e+01 7.069459e+00
      vertex   2.763509e+01 -1.982508e+01 7.000000e+00
      vertex   2.779003e+01 -1.987181e+01 7.075117e+00
    endloop
  endfacet
  facet normal -3.288913e-01 -9.396865e-01 9.391340e-02
    outer loop
      vertex   2.779003e+01 -1.987181e+01 7.075117e+00
      vertex   2.763509e+01 -1.982508e+01 7.000000e+00
      vertex   2.784649e+01 -1.989908e+01 7.000000e+00
    endloop
  endfacet
  facet normal -4.538826e-01 -8.908846e-01 -1.775530e-02
    outer loop
      vertex   2.779003e+01 -1.987181e+01 7.075117e+00
      vertex   2.784649e+01 -1.989908e+01 7.000000e+00
      vertex   2.794126e+01 -1.994900e+01 7.082352e+00
    endloop
  endfacet
  facet normal -5.295457e-01 -8.425283e-01 9.862745e-02
    outer loop
      vertex   2.794126e+01 -1.994900e+01 7.082352e+00
      vertex   2.784649e+01 -1.989908e+01 7.000000e+00
      vertex   2.803613e+01 -2.001826e+01 7.000000e+00
    endloop
  endfacet
  facet normal -5.982177e-01 -8.011885e-01 -1.525183e-02
    outer loop
      vertex   2.794126e+01 -1.994900e+01 7.082352e+00
      vertex   2.803613e+01 -2.001826e+01 7.000000e+00
      vertex   2.807722e+01 -2.005068e+01 7.090952e+00
    endloop
  endfacet
  facet normal -7.056234e-01 -7.053712e-01 6.743166e-02
    outer loop
      vertex   2.807722e+01 -2.005068e+01 7.090952e+00
      vertex   2.803613e+01 -2.001826e+01 7.000000e+00
      vertex   2.819448e+01 -2.017667e+01 7.000000e+00
    endloop
  endfacet
  facet normal -7.259510e-01 -6.875476e-01 1.653636e-02
    outer loop
      vertex   2.807722e+01 -2.005068e+01 7.090952e+00
      vertex   2.819448e+01 -2.017667e+01 7.000000e+00
      vertex   2.819403e+01 -2.017377e+01 7.100659e+00
    endloop
  endfacet
  facet normal -8.152636e-01 -5.789438e-01 1.301076e-02
    outer loop
      vertex   2.819403e+01 -2.017377e+01 7.100659e+00
      vertex   2.819448e+01 -2.017667e+01 7.000000e+00
      vertex   2.825704e+01 -2.026236e+01 7.107335e+00
    endloop
  endfacet
  facet normal -8.153347e-01 -5.746306e-01 7.091580e-02
    outer loop
      vertex   2.819403e+01 -2.017377e+01 7.100659e+00
      vertex   2.825704e+01 -2.026236e+01 7.107335e+00
      vertex   2.818657e+01 -2.012217e+01 7.433059e+00
    endloop
  endfacet
  facet normal -8.207168e-01 -5.674338e-01 6.665384e-02
    outer loop
      vertex   2.818657e+01 -2.012217e+01 7.433059e+00
      vertex   2.825704e+01 -2.026236e+01 7.107335e+00
      vertex   2.824904e+01 -2.020910e+01 7.462171e+00
    endloop
  endfacet
  facet normal -8.262436e-01 -5.398468e-01 1.608943e-01
    outer loop
      vertex   2.818657e+01 -2.012217e+01 7.433059e+00
      vertex   2.824904e+01 -2.020910e+01 7.462171e+00
      vertex   2.817367e+01 -2.001115e+01 7.739333e+00
    endloop
  endfacet
  facet normal -8.367926e-01 -5.269152e-01 1.487900e-01
    outer loop
      vertex   2.817367e+01 -2.001115e+01 7.739333e+00
      vertex   2.824904e+01 -2.020910e+01 7.462171e+00
      vertex   2.823491e+01 -2.009397e+01 7.790435e+00
    endloop
  endfacet
  facet normal -8.448361e-01 -5.305750e-01 6.886347e-02
    outer loop
      vertex   2.819448e+01 -2.017667e+01 7.000000e+00
      vertex   2.831360e+01 -2.036635e+01 7.000000e+00
      vertex   2.825704e+01 -2.026236e+01 7.107335e+00
    endloop
  endfacet
  facet normal -8.868044e-01 -4.617136e-01 -1.996334e-02
    outer loop
      vertex   2.825704e+01 -2.026236e+01 7.107335e+00
      vertex   2.831360e+01 -2.036635e+01 7.000000e+00
      vertex   2.833519e+01 -2.041293e+01 7.118255e+00
    endloop
  endfacet
  facet normal -8.879619e-01 -4.573406e-01 4.861248e-02
    outer loop
      vertex   2.825704e+01 -2.026236e+01 7.107335e+00
      vertex   2.833519e+01 -2.041293e+01 7.118255e+00
      vertex   2.824904e+01 -2.020910e+01 7.462171e+00
    endloop
  endfacet
  facet normal -8.932602e-01 -4.476182e-01 4.152311e-02
    outer loop
      vertex   2.824904e+01 -2.020910e+01 7.462171e+00
      vertex   2.833519e+01 -2.041293e+01 7.118255e+00
      vertex   2.832537e+01 -2.035700e+01 7.509878e+00
    endloop
  endfacet
  facet normal -8.972841e-01 -4.272138e-01 1.112191e-01
    outer loop
      vertex   2.824904e+01 -2.020910e+01 7.462171e+00
      vertex   2.832537e+01 -2.035700e+01 7.509878e+00
      vertex   2.823491e+01 -2.009397e+01 7.790435e+00
    endloop
  endfacet
  facet normal -9.071590e-01 -4.105210e-01 9.238512e-02
    outer loop
      vertex   2.823491e+01 -2.009397e+01 7.790435e+00
      vertex   2.832537e+01 -2.035700e+01 7.509878e+00
      vertex   2.830730e+01 -2.023502e+01 7.874495e+00
    endloop
  endfacet
  facet normal -9.431306e-01 -3.297184e-01 4.231276e-02
    outer loop
      vertex   2.831360e+01 -2.036635e+01 7.000000e+00
      vertex   2.838751e+01 -2.057778e+01 7.000000e+00
      vertex   2.833519e+01 -2.041293e+01 7.118255e+00
    endloop
  endfacet
  facet normal -9.521703e-01 -3.055332e-01 4.597968e-03
    outer loop
      vertex   2.833519e+01 -2.041293e+01 7.118255e+00
      vertex   2.838751e+01 -2.057778e+01 7.000000e+00
      vertex   2.838449e+01 -2.056443e+01 7.261418e+00
    endloop
  endfacet
  facet normal -9.556418e-01 -2.939798e-01 1.801984e-02
    outer loop
      vertex   2.833519e+01 -2.041293e+01 7.118255e+00
      vertex   2.838449e+01 -2.056443e+01 7.261418e+00
      vertex   2.832537e+01 -2.035700e+01 7.509878e+00
    endloop
  endfacet
  facet normal -9.576703e-01 -2.876080e-01 1.221777e-02
    outer loop
      vertex   2.832537e+01 -2.035700e+01 7.509878e+00
      vertex   2.838449e+01 -2.056443e+01 7.261418e+00
      vertex   2.837582e+01 -2.052465e+01 7.518154e+00
    endloop
  endfacet
  facet normal -9.576186e-01 -2.869738e-01 2.475139e-02
    outer loop
      vertex   2.832537e+01 -2.035700e+01 7.509878e+00
      vertex   2.837582e+01 -2.052465e+01 7.518154e+00
      vertex   2.836261e+01 -2.045922e+01 7.765715e+00
    endloop
  endfacet
  facet normal -9.657403e-01 -2.567094e-01 3.802595e-02
    outer loop
      vertex   2.832537e+01 -2.035700e+01 7.509878e+00
      vertex   2.836261e+01 -2.045922e+01 7.765715e+00
      vertex   2.830730e+01 -2.023502e+01 7.874495e+00
    endloop
  endfacet
  facet normal -3.032099e-01 -8.887520e-01 3.437784e-01
    outer loop
      vertex   2.776074e+01 -1.973396e+01 7.548937e+00
      vertex   2.759095e+01 -1.969122e+01 7.509692e+00
      vertex   2.777960e+01 -1.982793e+01 7.322642e+00
    endloop
  endfacet
  facet normal -3.069742e-01 -8.888835e-01 3.400780e-01
    outer loop
      vertex   2.777960e+01 -1.982793e+01 7.322642e+00
      vertex   2.759095e+01 -1.969122e+01 7.509692e+00
      vertex   2.761491e+01 -1.978020e+01 7.298734e+00
    endloop
  endfacet
  facet normal -2.956497e-01 -9.426975e-01 1.546370e-01
    outer loop
      vertex   2.777960e+01 -1.982793e+01 7.322642e+00
      vertex   2.761491e+01 -1.978020e+01 7.298734e+00
      vertex   2.779003e+01 -1.987181e+01 7.075117e+00
    endloop
  endfacet
  facet normal -2.980072e-01 -9.422836e-01 1.526212e-01
    outer loop
      vertex   2.779003e+01 -1.987181e+01 7.075117e+00
      vertex   2.761491e+01 -1.978020e+01 7.298734e+00
      vertex   2.762780e+01 -1.982141e+01 7.069459e+00
    endloop
  endfacet
  facet normal -4.680928e-01 -8.297369e-01 3.040161e-01
    outer loop
      vertex   2.791765e+01 -1.980322e+01 7.601514e+00
      vertex   2.776074e+01 -1.973396e+01 7.548937e+00
      vertex   2.793269e+01 -1.990251e+01 7.353664e+00
    endloop
  endfacet
  facet normal -4.663674e-01 -8.300506e-01 3.058061e-01
    outer loop
      vertex   2.793269e+01 -1.990251e+01 7.353664e+00
      vertex   2.776074e+01 -1.973396e+01 7.548937e+00
      vertex   2.777960e+01 -1.982793e+01 7.322642e+00
    endloop
  endfacet
  facet normal -4.560750e-01 -8.794477e-01 1.362618e-01
    outer loop
      vertex   2.793269e+01 -1.990251e+01 7.353664e+00
      vertex   2.777960e+01 -1.982793e+01 7.322642e+00
      vertex   2.794126e+01 -1.994900e+01 7.082352e+00
    endloop
  endfacet
  facet normal -4.555404e-01 -8.796529e-01 1.367248e-01
    outer loop
      vertex   2.794126e+01 -1.994900e+01 7.082352e+00
      vertex   2.777960e+01 -1.982793e+01 7.322642e+00
      vertex   2.779003e+01 -1.987181e+01 7.075117e+00
    endloop
  endfacet
  facet normal -7.467487e-01 -6.347499e-01 1.986424e-01
    outer loop
      vertex   2.818657e+01 -2.012217e+01 7.433059e+00
      vertex   2.817367e+01 -2.001115e+01 7.739333e+00
      vertex   2.805678e+01 -1.989667e+01 7.665696e+00
    endloop
  endfacet
  facet normal -6.174926e-01 -7.440550e-01 2.551177e-01
    outer loop
      vertex   2.805678e+01 -1.989667e+01 7.665696e+00
      vertex   2.791765e+01 -1.980322e+01 7.601514e+00
      vertex   2.806970e+01 -2.000163e+01 7.390856e+00
    endloop
  endfacet
  facet normal -6.113358e-01 -7.467182e-01 2.620698e-01
    outer loop
      vertex   2.806970e+01 -2.000163e+01 7.390856e+00
      vertex   2.791765e+01 -1.980322e+01 7.601514e+00
      vertex   2.793269e+01 -1.990251e+01 7.353664e+00
    endloop
  endfacet
  facet normal -6.024486e-01 -7.899634e-01 1.140764e-01
    outer loop
      vertex   2.806970e+01 -2.000163e+01 7.390856e+00
      vertex   2.793269e+01 -1.990251e+01 7.353664e+00
      vertex   2.807722e+01 -2.005068e+01 7.090952e+00
    endloop
  endfacet
  facet normal -5.995368e-01 -7.917919e-01 1.167096e-01
    outer loop
      vertex   2.807722e+01 -2.005068e+01 7.090952e+00
      vertex   2.793269e+01 -1.990251e+01 7.353664e+00
      vertex   2.794126e+01 -1.994900e+01 7.082352e+00
    endloop
  endfacet
  facet normal -3.415035e-01 -4.947723e-01 7.991093e-01
    outer loop
      vertex   2.755110e+01 -1.940362e+01 7.836243e+00
      vertex   2.773431e+01 -1.943799e+01 7.893252e+00
      vertex   2.755376e+01 -1.927527e+01 7.916841e+00
    endloop
  endfacet
  facet normal -7.304574e-01 -6.771686e-01 8.873910e-02
    outer loop
      vertex   2.819403e+01 -2.017377e+01 7.100659e+00
      vertex   2.818657e+01 -2.012217e+01 7.433059e+00
      vertex   2.806970e+01 -2.000163e+01 7.390856e+00
    endloop
  endfacet
  facet normal -7.376582e-01 -6.415770e-01 2.103316e-01
    outer loop
      vertex   2.806970e+01 -2.000163e+01 7.390856e+00
      vertex   2.818657e+01 -2.012217e+01 7.433059e+00
      vertex   2.805678e+01 -1.989667e+01 7.665696e+00
    endloop
  endfacet
  facet normal -7.259005e-01 -6.814516e-01 9.323197e-02
    outer loop
      vertex   2.819403e+01 -2.017377e+01 7.100659e+00
      vertex   2.806970e+01 -2.000163e+01 7.390856e+00
      vertex   2.807722e+01 -2.005068e+01 7.090952e+00
    endloop
  endfacet
  facet normal 9.439627e-01 -3.300093e-01 5.323627e-03
    outer loop
      vertex   -2.838751e+01 -2.057778e+01 7.000000e+00
      vertex   -2.831360e+01 -2.036635e+01 7.000000e+00
      vertex   -2.838427e+01 -2.056428e+01 7.261286e+00
    endloop
  endfacet
  facet normal 9.519480e-01 -3.051256e-01 2.633342e-02
    outer loop
      vertex   -2.838427e+01 -2.056428e+01 7.261286e+00
      vertex   -2.831360e+01 -2.036635e+01 7.000000e+00
      vertex   -2.832957e+01 -2.038400e+01 7.372917e+00
    endloop
  endfacet
  facet normal 9.544882e-01 -2.979434e-01 1.349017e-02
    outer loop
      vertex   -2.838427e+01 -2.056428e+01 7.261286e+00
      vertex   -2.832957e+01 -2.038400e+01 7.372917e+00
      vertex   -2.837545e+01 -2.052441e+01 7.517898e+00
    endloop
  endfacet
  facet normal 9.597856e-01 -2.786905e-01 3.381179e-02
    outer loop
      vertex   -2.837545e+01 -2.052441e+01 7.517898e+00
      vertex   -2.832957e+01 -2.038400e+01 7.372917e+00
      vertex   -2.831312e+01 -2.028020e+01 7.761507e+00
    endloop
  endfacet
  facet normal 9.639784e-01 -2.652797e-01 1.929522e-02
    outer loop
      vertex   -2.837545e+01 -2.052441e+01 7.517898e+00
      vertex   -2.831312e+01 -2.028020e+01 7.761507e+00
      vertex   -2.836244e+01 -2.045912e+01 7.765561e+00
    endloop
  endfacet
  facet normal 9.636194e-01 -2.647942e-01 3.635458e-02
    outer loop
      vertex   -2.836244e+01 -2.045912e+01 7.765561e+00
      vertex   -2.831312e+01 -2.028020e+01 7.761507e+00
      vertex   -2.834662e+01 -2.036937e+01 8.000000e+00
    endloop
  endfacet
  facet normal 9.646277e-01 -2.608680e-01 3.796423e-02
    outer loop
      vertex   -2.834662e+01 -2.036937e+01 8.000000e+00
      vertex   -2.831312e+01 -2.028020e+01 7.761507e+00
      vertex   -2.827058e+01 -2.008820e+01 8.000000e+00
    endloop
  endfacet
  facet normal 9.083215e-01 -3.897645e-01 1.517750e-01
    outer loop
      vertex   -2.827058e+01 -2.008820e+01 8.000000e+00
      vertex   -2.831312e+01 -2.028020e+01 7.761507e+00
      vertex   -2.823919e+01 -2.013621e+01 7.688839e+00
    endloop
  endfacet
  facet normal 9.126096e-01 -3.800408e-01 1.507074e-01
    outer loop
      vertex   -2.827058e+01 -2.008820e+01 8.000000e+00
      vertex   -2.823919e+01 -2.013621e+01 7.688839e+00
      vertex   -2.822494e+01 -1.997900e+01 7.998960e+00
    endloop
  endfacet
  facet normal 8.387575e-01 -5.002461e-01 2.150340e-01
    outer loop
      vertex   -2.822494e+01 -1.997900e+01 7.998960e+00
      vertex   -2.823919e+01 -2.013621e+01 7.688839e+00
      vertex   -2.817767e+01 -2.005199e+01 7.644787e+00
    endloop
  endfacet
  facet normal 8.531888e-01 -4.765425e-01 2.120756e-01
    outer loop
      vertex   -2.822494e+01 -1.997900e+01 7.998960e+00
      vertex   -2.817767e+01 -2.005199e+01 7.644787e+00
      vertex   -2.816513e+01 -1.990129e+01 7.932957e+00
    endloop
  endfacet
  facet normal 7.507287e-01 -5.982519e-01 2.801806e-01
    outer loop
      vertex   -2.816513e+01 -1.990129e+01 7.932957e+00
      vertex   -2.817767e+01 -2.005199e+01 7.644787e+00
      vertex   -2.806064e+01 -1.993503e+01 7.580936e+00
    endloop
  endfacet
  facet normal 7.640982e-01 -5.800035e-01 2.824003e-01
    outer loop
      vertex   -2.816513e+01 -1.990129e+01 7.932957e+00
      vertex   -2.806064e+01 -1.993503e+01 7.580936e+00
      vertex   -2.804823e+01 -1.979353e+01 7.838007e+00
    endloop
  endfacet
  facet normal 6.236780e-01 -6.971126e-01 3.536380e-01
    outer loop
      vertex   -2.804823e+01 -1.979353e+01 7.838007e+00
      vertex   -2.806064e+01 -1.993503e+01 7.580936e+00
      vertex   -2.792208e+01 -1.983940e+01 7.525102e+00
    endloop
  endfacet
  facet normal 6.333422e-01 -6.870918e-01 3.560653e-01
    outer loop
      vertex   -2.804823e+01 -1.979353e+01 7.838007e+00
      vertex   -2.792208e+01 -1.983940e+01 7.525102e+00
      vertex   -2.790708e+01 -1.970585e+01 7.756125e+00
    endloop
  endfacet
  facet normal 4.765847e-01 -7.741638e-01 4.165783e-01
    outer loop
      vertex   -2.790708e+01 -1.970585e+01 7.756125e+00
      vertex   -2.792208e+01 -1.983940e+01 7.525102e+00
      vertex   -2.776633e+01 -1.976825e+01 7.479123e+00
    endloop
  endfacet
  facet normal 4.805951e-01 -7.709677e-01 4.178961e-01
    outer loop
      vertex   -2.790708e+01 -1.970585e+01 7.756125e+00
      vertex   -2.776633e+01 -1.976825e+01 7.479123e+00
      vertex   -2.774646e+01 -1.964143e+01 7.690245e+00
    endloop
  endfacet
  facet normal 3.140589e-01 -8.266115e-01 4.669907e-01
    outer loop
      vertex   -2.774646e+01 -1.964143e+01 7.690245e+00
      vertex   -2.776633e+01 -1.976825e+01 7.479123e+00
      vertex   -2.759814e+01 -1.972393e+01 7.444478e+00
    endloop
  endfacet
  facet normal 3.110118e-01 -8.284508e-01 4.657692e-01
    outer loop
      vertex   -2.774646e+01 -1.964143e+01 7.690245e+00
      vertex   -2.759814e+01 -1.972393e+01 7.444478e+00
      vertex   -2.757172e+01 -1.960258e+01 7.642677e+00
    endloop
  endfacet
  facet normal 8.939511e-02 -8.546950e-01 5.113755e-01
    outer loop
      vertex   -2.757172e+01 -1.960258e+01 7.642677e+00
      vertex   -2.759814e+01 -1.972393e+01 7.444478e+00
      vertex   -2.734888e+01 -1.963079e+01 7.556567e+00
    endloop
  endfacet
  facet normal 1.393191e-01 -7.762272e-01 6.148671e-01
    outer loop
      vertex   -2.757172e+01 -1.960258e+01 7.642677e+00
      vertex   -2.734888e+01 -1.963079e+01 7.556567e+00
      vertex   -2.731943e+01 -1.950571e+01 7.707806e+00
    endloop
  endfacet
  facet normal 8.897124e-01 -4.562227e-01 1.651361e-02
    outer loop
      vertex   -2.832957e+01 -2.038400e+01 7.372917e+00
      vertex   -2.831360e+01 -2.036635e+01 7.000000e+00
      vertex   -2.825227e+01 -2.023451e+01 7.338100e+00
    endloop
  endfacet
  facet normal 8.456248e-01 -5.310703e-01 5.369471e-02
    outer loop
      vertex   -2.825227e+01 -2.023451e+01 7.338100e+00
      vertex   -2.831360e+01 -2.036635e+01 7.000000e+00
      vertex   -2.819448e+01 -2.017667e+01 7.000000e+00
    endloop
  endfacet
  facet normal 8.176374e-01 -5.742340e-01 4.152560e-02
    outer loop
      vertex   -2.825227e+01 -2.023451e+01 7.338100e+00
      vertex   -2.819448e+01 -2.017667e+01 7.000000e+00
      vertex   -2.818972e+01 -2.014697e+01 7.316929e+00
    endloop
  endfacet
  facet normal 7.273750e-01 -6.841762e-01 5.318340e-02
    outer loop
      vertex   -2.818972e+01 -2.014697e+01 7.316929e+00
      vertex   -2.819448e+01 -2.017667e+01 7.000000e+00
      vertex   -2.807274e+01 -2.002501e+01 7.286091e+00
    endloop
  endfacet
  facet normal 7.323298e-01 -6.607763e-01 1.645228e-01
    outer loop
      vertex   -2.818972e+01 -2.014697e+01 7.316929e+00
      vertex   -2.807274e+01 -2.002501e+01 7.286091e+00
      vertex   -2.817767e+01 -2.005199e+01 7.644787e+00
    endloop
  endfacet
  facet normal 7.411715e-01 -6.499747e-01 1.679215e-01
    outer loop
      vertex   -2.817767e+01 -2.005199e+01 7.644787e+00
      vertex   -2.807274e+01 -2.002501e+01 7.286091e+00
      vertex   -2.806064e+01 -1.993503e+01 7.580936e+00
    endloop
  endfacet
  facet normal 7.053128e-01 -7.050608e-01 7.364208e-02
    outer loop
      vertex   -2.819448e+01 -2.017667e+01 7.000000e+00
      vertex   -2.803613e+01 -2.001826e+01 7.000000e+00
      vertex   -2.807274e+01 -2.002501e+01 7.286091e+00
    endloop
  endfacet
  facet normal 5.985677e-01 -7.989868e-01 5.776498e-02
    outer loop
      vertex   -2.807274e+01 -2.002501e+01 7.286091e+00
      vertex   -2.803613e+01 -2.001826e+01 7.000000e+00
      vertex   -2.793605e+01 -1.992457e+01 7.258884e+00
    endloop
  endfacet
  facet normal 6.057123e-01 -7.676376e-01 2.093924e-01
    outer loop
      vertex   -2.807274e+01 -2.002501e+01 7.286091e+00
      vertex   -2.793605e+01 -1.992457e+01 7.258884e+00
      vertex   -2.806064e+01 -1.993503e+01 7.580936e+00
    endloop
  endfacet
  facet normal 6.115448e-01 -7.623285e-01 2.118212e-01
    outer loop
      vertex   -2.806064e+01 -1.993503e+01 7.580936e+00
      vertex   -2.793605e+01 -1.992457e+01 7.258884e+00
      vertex   -2.792208e+01 -1.983940e+01 7.525102e+00
    endloop
  endfacet
  facet normal 5.294626e-01 -8.423962e-01 1.001898e-01
    outer loop
      vertex   -2.803613e+01 -2.001826e+01 7.000000e+00
      vertex   -2.784649e+01 -1.989908e+01 7.000000e+00
      vertex   -2.793605e+01 -1.992457e+01 7.258884e+00
    endloop
  endfacet
  facet normal 4.524644e-01 -8.891127e-01 6.895328e-02
    outer loop
      vertex   -2.793605e+01 -1.992457e+01 7.258884e+00
      vertex   -2.784649e+01 -1.989908e+01 7.000000e+00
      vertex   -2.778364e+01 -1.984877e+01 7.236149e+00
    endloop
  endfacet
  facet normal 4.607931e-01 -8.520283e-01 2.484302e-01
    outer loop
      vertex   -2.793605e+01 -1.992457e+01 7.258884e+00
      vertex   -2.778364e+01 -1.984877e+01 7.236149e+00
      vertex   -2.792208e+01 -1.983940e+01 7.525102e+00
    endloop
  endfacet
  facet normal 4.622574e-01 -8.510390e-01 2.490997e-01
    outer loop
      vertex   -2.792208e+01 -1.983940e+01 7.525102e+00
      vertex   -2.778364e+01 -1.984877e+01 7.236149e+00
      vertex   -2.776633e+01 -1.976825e+01 7.479123e+00
    endloop
  endfacet
  facet normal 3.282579e-01 -9.378767e-01 1.124018e-01
    outer loop
      vertex   -2.784649e+01 -1.989908e+01 7.000000e+00
      vertex   -2.763509e+01 -1.982508e+01 7.000000e+00
      vertex   -2.778364e+01 -1.984877e+01 7.236149e+00
    endloop
  endfacet
  facet normal 2.934654e-01 -9.518067e-01 8.911854e-02
    outer loop
      vertex   -2.778364e+01 -1.984877e+01 7.236149e+00
      vertex   -2.763509e+01 -1.982508e+01 7.000000e+00
      vertex   -2.761989e+01 -1.979993e+01 7.218577e+00
    endloop
  endfacet
  facet normal 3.018754e-01 -9.111636e-01 2.804500e-01
    outer loop
      vertex   -2.778364e+01 -1.984877e+01 7.236149e+00
      vertex   -2.761989e+01 -1.979993e+01 7.218577e+00
      vertex   -2.776633e+01 -1.976825e+01 7.479123e+00
    endloop
  endfacet
  facet normal 2.980081e-01 -9.130317e-01 2.785037e-01
    outer loop
      vertex   -2.776633e+01 -1.976825e+01 7.479123e+00
      vertex   -2.761989e+01 -1.979993e+01 7.218577e+00
      vertex   -2.759814e+01 -1.972393e+01 7.444478e+00
    endloop
  endfacet
  facet normal 1.113594e-01 -9.881153e-01 1.059582e-01
    outer loop
      vertex   -2.763509e+01 -1.982508e+01 7.000000e+00
      vertex   -2.741252e+01 -1.980000e+01 7.000000e+00
      vertex   -2.761989e+01 -1.979993e+01 7.218577e+00
    endloop
  endfacet
  facet normal 9.928821e-02 -9.905606e-01 9.450653e-02
    outer loop
      vertex   -2.761989e+01 -1.979993e+01 7.218577e+00
      vertex   -2.741252e+01 -1.980000e+01 7.000000e+00
      vertex   -2.740317e+01 -1.978040e+01 7.195608e+00
    endloop
  endfacet
  facet normal 1.152558e-01 -9.541984e-01 2.760823e-01
    outer loop
      vertex   -2.761989e+01 -1.979993e+01 7.218577e+00
      vertex   -2.740317e+01 -1.978040e+01 7.195608e+00
      vertex   -2.737969e+01 -1.972320e+01 7.383502e+00
    endloop
  endfacet
  facet normal 8.963250e-02 -9.465531e-01 3.098440e-01
    outer loop
      vertex   -2.761989e+01 -1.979993e+01 7.218577e+00
      vertex   -2.737969e+01 -1.972320e+01 7.383502e+00
      vertex   -2.759814e+01 -1.972393e+01 7.444478e+00
    endloop
  endfacet
  facet normal 1.283359e-01 -8.841418e-01 4.492473e-01
    outer loop
      vertex   -2.759814e+01 -1.972393e+01 7.444478e+00
      vertex   -2.737969e+01 -1.972320e+01 7.383502e+00
      vertex   -2.734888e+01 -1.963079e+01 7.556567e+00
    endloop
  endfacet
  facet normal 9.721903e-02 -7.171597e-01 6.900945e-01
    outer loop
      vertex   -2.757172e+01 -1.960258e+01 7.642677e+00
      vertex   -2.731943e+01 -1.950571e+01 7.707806e+00
      vertex   -2.755329e+01 -1.944631e+01 7.802478e+00
    endloop
  endfacet
  facet normal 1.464432e-01 -6.338827e-01 7.594387e-01
    outer loop
      vertex   -2.755329e+01 -1.944631e+01 7.802478e+00
      vertex   -2.731943e+01 -1.950571e+01 7.707806e+00
      vertex   -2.730251e+01 -1.935312e+01 7.831900e+00
    endloop
  endfacet
  facet normal 1.053948e-01 -5.460408e-01 8.311025e-01
    outer loop
      vertex   -2.755329e+01 -1.944631e+01 7.802478e+00
      vertex   -2.730251e+01 -1.935312e+01 7.831900e+00
      vertex   -2.755434e+01 -1.926578e+01 7.921220e+00
    endloop
  endfacet
  facet normal 1.493468e-01 -4.629124e-01 8.737320e-01
    outer loop
      vertex   -2.755434e+01 -1.926578e+01 7.921220e+00
      vertex   -2.730251e+01 -1.935312e+01 7.831900e+00
      vertex   -2.730711e+01 -1.917983e+01 7.924498e+00
    endloop
  endfacet
  facet normal 1.253600e-01 -3.952980e-01 9.099585e-01
    outer loop
      vertex   -2.755434e+01 -1.926578e+01 7.921220e+00
      vertex   -2.730711e+01 -1.917983e+01 7.924498e+00
      vertex   -2.756569e+01 -1.916639e+01 7.965961e+00
    endloop
  endfacet
  facet normal 1.393734e-01 -2.633803e-01 9.545710e-01
    outer loop
      vertex   -2.756569e+01 -1.916639e+01 7.965961e+00
      vertex   -2.730711e+01 -1.917983e+01 7.924498e+00
      vertex   -2.734219e+01 -1.899265e+01 7.981266e+00
    endloop
  endfacet
  facet normal 2.737174e-01 -4.279902e-01 8.613380e-01
    outer loop
      vertex   -2.756569e+01 -1.916639e+01 7.965961e+00
      vertex   -2.734219e+01 -1.899265e+01 7.981266e+00
      vertex   -2.766160e+01 -1.915922e+01 8.000000e+00
    endloop
  endfacet
  facet normal 9.130535e-02 -6.330988e-02 9.938084e-01
    outer loop
      vertex   -2.766160e+01 -1.915922e+01 8.000000e+00
      vertex   -2.734219e+01 -1.899265e+01 7.981266e+00
      vertex   -2.741252e+01 -1.880000e+01 8.000000e+00
    endloop
  endfacet
  facet normal 4.715696e-01 -3.710315e-01 7.999736e-01
    outer loop
      vertex   -2.792171e+01 -1.948982e+01 8.000000e+00
      vertex   -2.774129e+01 -1.930092e+01 7.981260e+00
      vertex   -2.766160e+01 -1.915922e+01 8.000000e+00
    endloop
  endfacet
  facet normal 3.430364e-01 -3.101985e-01 8.866244e-01
    outer loop
      vertex   -2.766160e+01 -1.915922e+01 8.000000e+00
      vertex   -2.774129e+01 -1.930092e+01 7.981260e+00
      vertex   -2.755434e+01 -1.926578e+01 7.921220e+00
    endloop
  endfacet
  facet normal 2.868974e-01 -3.657836e-01 8.853769e-01
    outer loop
      vertex   -2.766160e+01 -1.915922e+01 8.000000e+00
      vertex   -2.755434e+01 -1.926578e+01 7.921220e+00
      vertex   -2.756569e+01 -1.916639e+01 7.965961e+00
    endloop
  endfacet
  facet normal 7.798060e-01 -5.148307e-01 3.561628e-01
    outer loop
      vertex   -2.816528e+01 -1.985875e+01 8.000000e+00
      vertex   -2.804823e+01 -1.979353e+01 7.838007e+00
      vertex   -2.792171e+01 -1.948982e+01 8.000000e+00
    endloop
  endfacet
  facet normal 5.311055e-01 -5.602841e-01 6.356168e-01
    outer loop
      vertex   -2.792171e+01 -1.948982e+01 8.000000e+00
      vertex   -2.804823e+01 -1.979353e+01 7.838007e+00
      vertex   -2.790088e+01 -1.953906e+01 7.939192e+00
    endloop
  endfacet
  facet normal 5.117640e-01 -5.734951e-01 6.396882e-01
    outer loop
      vertex   -2.792171e+01 -1.948982e+01 8.000000e+00
      vertex   -2.790088e+01 -1.953906e+01 7.939192e+00
      vertex   -2.773512e+01 -1.948179e+01 7.857920e+00
    endloop
  endfacet
  facet normal 5.047512e-01 -6.420076e-01 5.771070e-01
    outer loop
      vertex   -2.773512e+01 -1.948179e+01 7.857920e+00
      vertex   -2.790088e+01 -1.953906e+01 7.939192e+00
      vertex   -2.774646e+01 -1.964143e+01 7.690245e+00
    endloop
  endfacet
  facet normal 3.286339e-01 -6.950176e-01 6.394922e-01
    outer loop
      vertex   -2.773512e+01 -1.948179e+01 7.857920e+00
      vertex   -2.774646e+01 -1.964143e+01 7.690245e+00
      vertex   -2.757172e+01 -1.960258e+01 7.642677e+00
    endloop
  endfacet
  facet normal 2.253993e-01 -1.034440e-01 -9.687592e-01
    outer loop
      vertex   -2.827058e+01 -2.008820e+01 8.000000e+00
      vertex   -2.822494e+01 -1.997900e+01 7.998960e+00
      vertex   -2.816528e+01 -1.985875e+01 8.000000e+00
    endloop
  endfacet
  facet normal 8.604978e-01 -4.292674e-01 2.743592e-01
    outer loop
      vertex   -2.816528e+01 -1.985875e+01 8.000000e+00
      vertex   -2.822494e+01 -1.997900e+01 7.998960e+00
      vertex   -2.816513e+01 -1.990129e+01 7.932957e+00
    endloop
  endfacet
  facet normal 7.718752e-01 -5.360135e-01 3.419039e-01
    outer loop
      vertex   -2.816528e+01 -1.985875e+01 8.000000e+00
      vertex   -2.816513e+01 -1.990129e+01 7.932957e+00
      vertex   -2.804823e+01 -1.979353e+01 7.838007e+00
    endloop
  endfacet
  facet normal 8.929133e-01 -4.429688e-01 8.052582e-02
    outer loop
      vertex   -2.831312e+01 -2.028020e+01 7.761507e+00
      vertex   -2.832957e+01 -2.038400e+01 7.372917e+00
      vertex   -2.825227e+01 -2.023451e+01 7.338100e+00
    endloop
  endfacet
  facet normal 8.313264e-01 -5.412535e-01 1.262581e-01
    outer loop
      vertex   -2.817767e+01 -2.005199e+01 7.644787e+00
      vertex   -2.823919e+01 -2.013621e+01 7.688839e+00
      vertex   -2.818972e+01 -2.014697e+01 7.316929e+00
    endloop
  endfacet
  facet normal 8.212891e-01 -5.565676e-01 1.253662e-01
    outer loop
      vertex   -2.818972e+01 -2.014697e+01 7.316929e+00
      vertex   -2.823919e+01 -2.013621e+01 7.688839e+00
      vertex   -2.825227e+01 -2.023451e+01 7.338100e+00
    endloop
  endfacet
  facet normal 9.030824e-01 -4.211032e-01 8.434651e-02
    outer loop
      vertex   -2.823919e+01 -2.013621e+01 7.688839e+00
      vertex   -2.831312e+01 -2.028020e+01 7.761507e+00
      vertex   -2.825227e+01 -2.023451e+01 7.338100e+00
    endloop
  endfacet
  facet normal 6.473950e-01 -5.741738e-01 5.012027e-01
    outer loop
      vertex   -2.790088e+01 -1.953906e+01 7.939192e+00
      vertex   -2.804823e+01 -1.979353e+01 7.838007e+00
      vertex   -2.790708e+01 -1.970585e+01 7.756125e+00
    endloop
  endfacet
  facet normal 4.966150e-01 -6.499152e-01 5.753119e-01
    outer loop
      vertex   -2.790708e+01 -1.970585e+01 7.756125e+00
      vertex   -2.774646e+01 -1.964143e+01 7.690245e+00
      vertex   -2.790088e+01 -1.953906e+01 7.939192e+00
    endloop
  endfacet
  facet normal 3.305164e-01 -6.935607e-01 6.401035e-01
    outer loop
      vertex   -2.757172e+01 -1.960258e+01 7.642677e+00
      vertex   -2.755329e+01 -1.944631e+01 7.802478e+00
      vertex   -2.773512e+01 -1.948179e+01 7.857920e+00
    endloop
  endfacet
  facet normal 3.403374e-01 -5.217987e-01 7.822382e-01
    outer loop
      vertex   -2.773512e+01 -1.948179e+01 7.857920e+00
      vertex   -2.755329e+01 -1.944631e+01 7.802478e+00
      vertex   -2.774129e+01 -1.930092e+01 7.981260e+00
    endloop
  endfacet
  facet normal 5.511643e-01 -4.571663e-01 6.980092e-01
    outer loop
      vertex   -2.773512e+01 -1.948179e+01 7.857920e+00
      vertex   -2.774129e+01 -1.930092e+01 7.981260e+00
      vertex   -2.792171e+01 -1.948982e+01 8.000000e+00
    endloop
  endfacet
  facet normal 3.483461e-01 -5.136982e-01 7.840722e-01
    outer loop
      vertex   -2.755434e+01 -1.926578e+01 7.921220e+00
      vertex   -2.774129e+01 -1.930092e+01 7.981260e+00
      vertex   -2.755329e+01 -1.944631e+01 7.802478e+00
    endloop
  endfacet
  facet normal 9.439761e-01 -3.300140e-01 0.000000e+00
    outer loop
      vertex   -2.838751e+01 -2.057778e+01 7.000000e+00
      vertex   -2.838751e+01 -2.057778e+01 1.000000e+00
      vertex   -2.831360e+01 -2.036635e+01 4.000000e+00
    endloop
  endfacet
  facet normal 9.439761e-01 -3.300140e-01 1.117892e-15
    outer loop
      vertex   -2.831360e+01 -2.036635e+01 4.000000e+00
      vertex   -2.838751e+01 -2.057778e+01 1.000000e+00
      vertex   -2.831360e+01 -2.036635e+01 1.000000e+00
    endloop
  endfacet
  facet normal 8.468464e-01 -5.318375e-01 1.002868e-15
    outer loop
      vertex   -2.831360e+01 -2.036635e+01 4.000000e+00
      vertex   -2.831360e+01 -2.036635e+01 1.000000e+00
      vertex   -2.819448e+01 -2.017667e+01 4.000000e+00
    endloop
  endfacet
  facet normal 8.468464e-01 -5.318375e-01 0.000000e+00
    outer loop
      vertex   -2.819448e+01 -2.017667e+01 4.000000e+00
      vertex   -2.831360e+01 -2.036635e+01 1.000000e+00
      vertex   -2.819448e+01 -2.017667e+01 1.000000e+00
    endloop
  endfacet
  facet normal 7.072331e-01 -7.069804e-01 0.000000e+00
    outer loop
      vertex   -2.819448e+01 -2.017667e+01 4.000000e+00
      vertex   -2.819448e+01 -2.017667e+01 1.000000e+00
      vertex   -2.803613e+01 -2.001826e+01 4.000000e+00
    endloop
  endfacet
  facet normal 7.072331e-01 -7.069804e-01 0.000000e+00
    outer loop
      vertex   -2.803613e+01 -2.001826e+01 4.000000e+00
      vertex   -2.819448e+01 -2.017667e+01 1.000000e+00
      vertex   -2.803613e+01 -2.001826e+01 1.000000e+00
    endloop
  endfacet
  facet normal 5.321402e-01 -8.466563e-01 0.000000e+00
    outer loop
      vertex   -2.803613e+01 -2.001826e+01 4.000000e+00
      vertex   -2.803613e+01 -2.001826e+01 1.000000e+00
      vertex   -2.784649e+01 -1.989908e+01 4.000000e+00
    endloop
  endfacet
  facet normal 5.321402e-01 -8.466563e-01 -2.263004e-15
    outer loop
      vertex   -2.784649e+01 -1.989908e+01 4.000000e+00
      vertex   -2.803613e+01 -2.001826e+01 1.000000e+00
      vertex   -2.784649e+01 -1.989908e+01 1.000000e+00
    endloop
  endfacet
  facet normal 3.303514e-01 -9.438580e-01 -1.900182e-15
    outer loop
      vertex   -2.784649e+01 -1.989908e+01 4.000000e+00
      vertex   -2.784649e+01 -1.989908e+01 1.000000e+00
      vertex   -2.763509e+01 -1.982508e+01 4.000000e+00
    endloop
  endfacet
  facet normal 3.303514e-01 -9.438580e-01 -2.626719e-15
    outer loop
      vertex   -2.763509e+01 -1.982508e+01 4.000000e+00
      vertex   -2.784649e+01 -1.989908e+01 1.000000e+00
      vertex   -2.763509e+01 -1.982508e+01 1.000000e+00
    endloop
  endfacet
  facet normal 1.119898e-01 -9.937094e-01 -2.486199e-15
    outer loop
      vertex   -2.763509e+01 -1.982508e+01 4.000000e+00
      vertex   -2.763509e+01 -1.982508e+01 1.000000e+00
      vertex   -2.741252e+01 -1.980000e+01 1.000000e+00
    endloop
  endfacet
  facet normal 1.119898e-01 -9.937094e-01 0.000000e+00
    outer loop
      vertex   -2.741252e+01 -1.980000e+01 1.000000e+00
      vertex   -2.741252e+01 -1.980000e+01 7.000000e+00
      vertex   -2.763509e+01 -1.982508e+01 4.000000e+00
    endloop
  endfacet
  facet normal 1.119898e-01 -9.937094e-01 0.000000e+00
    outer loop
      vertex   -2.763509e+01 -1.982508e+01 4.000000e+00
      vertex   -2.741252e+01 -1.980000e+01 7.000000e+00
      vertex   -2.763509e+01 -1.982508e+01 7.000000e+00
    endloop
  endfacet
  facet normal 3.303514e-01 -9.438580e-01 0.000000e+00
    outer loop
      vertex   -2.763509e+01 -1.982508e+01 4.000000e+00
      vertex   -2.763509e+01 -1.982508e+01 7.000000e+00
      vertex   -2.784649e+01 -1.989908e+01 4.000000e+00
    endloop
  endfacet
  facet normal 3.303514e-01 -9.438580e-01 0.000000e+00
    outer loop
      vertex   -2.784649e+01 -1.989908e+01 4.000000e+00
      vertex   -2.763509e+01 -1.982508e+01 7.000000e+00
      vertex   -2.784649e+01 -1.989908e+01 7.000000e+00
    endloop
  endfacet
  facet normal 5.321402e-01 -8.466563e-01 0.000000e+00
    outer loop
      vertex   -2.784649e+01 -1.989908e+01 4.000000e+00
      vertex   -2.784649e+01 -1.989908e+01 7.000000e+00
      vertex   -2.803613e+01 -2.001826e+01 4.000000e+00
    endloop
  endfacet
  facet normal 5.321402e-01 -8.466563e-01 0.000000e+00
    outer loop
      vertex   -2.803613e+01 -2.001826e+01 4.000000e+00
      vertex   -2.784649e+01 -1.989908e+01 7.000000e+00
      vertex   -2.803613e+01 -2.001826e+01 7.000000e+00
    endloop
  endfacet
  facet normal 7.072331e-01 -7.069804e-01 0.000000e+00
    outer loop
      vertex   -2.803613e+01 -2.001826e+01 4.000000e+00
      vertex   -2.803613e+01 -2.001826e+01 7.000000e+00
      vertex   -2.819448e+01 -2.017667e+01 4.000000e+00
    endloop
  endfacet
  facet normal 7.072331e-01 -7.069804e-01 0.000000e+00
    outer loop
      vertex   -2.819448e+01 -2.017667e+01 4.000000e+00
      vertex   -2.803613e+01 -2.001826e+01 7.000000e+00
      vertex   -2.819448e+01 -2.017667e+01 7.000000e+00
    endloop
  endfacet
  facet normal 8.468464e-01 -5.318375e-01 0.000000e+00
    outer loop
      vertex   -2.819448e+01 -2.017667e+01 4.000000e+00
      vertex   -2.819448e+01 -2.017667e+01 7.000000e+00
      vertex   -2.831360e+01 -2.036635e+01 4.000000e+00
    endloop
  endfacet
  facet normal 8.468464e-01 -5.318375e-01 0.000000e+00
    outer loop
      vertex   -2.831360e+01 -2.036635e+01 4.000000e+00
      vertex   -2.819448e+01 -2.017667e+01 7.000000e+00
      vertex   -2.831360e+01 -2.036635e+01 7.000000e+00
    endloop
  endfacet
  facet normal 9.439761e-01 -3.300140e-01 0.000000e+00
    outer loop
      vertex   -2.831360e+01 -2.036635e+01 4.000000e+00
      vertex   -2.831360e+01 -2.036635e+01 7.000000e+00
      vertex   -2.838751e+01 -2.057778e+01 7.000000e+00
    endloop
  endfacet
  facet normal 9.667741e-01 -2.537073e-01 -3.131239e-02
    outer loop
      vertex   -2.836261e+01 -2.045922e+01 2.342848e-01
      vertex   -2.834662e+01 -2.036937e+01 1.371906e-13
      vertex   -2.830730e+01 -2.023503e+01 1.255074e-01
    endloop
  endfacet
  facet normal 9.651269e-01 -2.607470e-01 -2.326079e-02
    outer loop
      vertex   -2.830730e+01 -2.023503e+01 1.255074e-01
      vertex   -2.834662e+01 -2.036937e+01 1.371906e-13
      vertex   -2.827085e+01 -2.008891e+01 -1.631218e-15
    endloop
  endfacet
  facet normal 9.139977e-01 -3.703417e-01 -1.656961e-01
    outer loop
      vertex   -2.830730e+01 -2.023503e+01 1.255074e-01
      vertex   -2.827085e+01 -2.008891e+01 -1.631218e-15
      vertex   -2.823491e+01 -2.009397e+01 2.095667e-01
    endloop
  endfacet
  facet normal 8.968174e-01 -4.109875e-01 -1.637307e-01
    outer loop
      vertex   -2.823491e+01 -2.009397e+01 2.095667e-01
      vertex   -2.827085e+01 -2.008891e+01 -1.631218e-15
      vertex   -2.816588e+01 -1.985986e+01 -1.318472e-15
    endloop
  endfacet
  facet normal 8.458204e-01 -4.719726e-01 -2.486557e-01
    outer loop
      vertex   -2.823491e+01 -2.009397e+01 2.095667e-01
      vertex   -2.816588e+01 -1.985986e+01 -1.318472e-15
      vertex   -2.817367e+01 -2.001115e+01 2.606687e-01
    endloop
  endfacet
  facet normal 7.739807e-01 -5.574199e-01 -3.003948e-01
    outer loop
      vertex   -2.817367e+01 -2.001115e+01 2.606687e-01
      vertex   -2.816588e+01 -1.985986e+01 -1.318472e-15
      vertex   -2.804598e+01 -1.974709e+01 9.967451e-02
    endloop
  endfacet
  facet normal 7.582456e-01 -5.650062e-01 -3.253177e-01
    outer loop
      vertex   -2.817367e+01 -2.001115e+01 2.606687e-01
      vertex   -2.804598e+01 -1.974709e+01 9.967451e-02
      vertex   -2.805678e+01 -1.989667e+01 3.343051e-01
    endloop
  endfacet
  facet normal 6.401555e-01 -6.608113e-01 -3.918282e-01
    outer loop
      vertex   -2.805678e+01 -1.989667e+01 3.343051e-01
      vertex   -2.804598e+01 -1.974709e+01 9.967451e-02
      vertex   -2.790423e+01 -1.966218e+01 1.880646e-01
    endloop
  endfacet
  facet normal 6.311434e-01 -6.623424e-01 -4.036838e-01
    outer loop
      vertex   -2.805678e+01 -1.989667e+01 3.343051e-01
      vertex   -2.790423e+01 -1.966218e+01 1.880646e-01
      vertex   -2.791765e+01 -1.980322e+01 3.984875e-01
    endloop
  endfacet
  facet normal 4.872532e-01 -7.394477e-01 -4.645442e-01
    outer loop
      vertex   -2.791765e+01 -1.980322e+01 3.984875e-01
      vertex   -2.790423e+01 -1.966218e+01 1.880646e-01
      vertex   -2.774232e+01 -1.959983e+01 2.586467e-01
    endloop
  endfacet
  facet normal 4.833977e-01 -7.391761e-01 -4.689833e-01
    outer loop
      vertex   -2.791765e+01 -1.980322e+01 3.984875e-01
      vertex   -2.774232e+01 -1.959983e+01 2.586467e-01
      vertex   -2.776074e+01 -1.973397e+01 4.510643e-01
    endloop
  endfacet
  facet normal 3.167515e-01 -7.920733e-01 -5.218126e-01
    outer loop
      vertex   -2.776074e+01 -1.973397e+01 4.510643e-01
      vertex   -2.774232e+01 -1.959983e+01 2.586467e-01
      vertex   -2.756576e+01 -1.956232e+01 3.088829e-01
    endloop
  endfacet
  facet normal 3.195474e-01 -7.928516e-01 -5.189179e-01
    outer loop
      vertex   -2.776074e+01 -1.973397e+01 4.510643e-01
      vertex   -2.756576e+01 -1.956232e+01 3.088829e-01
      vertex   -2.759095e+01 -1.969122e+01 4.903091e-01
    endloop
  endfacet
  facet normal 9.422924e-02 -8.177087e-01 -5.678674e-01
    outer loop
      vertex   -2.759095e+01 -1.969122e+01 4.903091e-01
      vertex   -2.756576e+01 -1.956232e+01 3.088829e-01
      vertex   -2.734889e+01 -1.963078e+01 4.434399e-01
    endloop
  endfacet
  facet normal 1.336080e-01 -8.833880e-01 -4.491931e-01
    outer loop
      vertex   -2.759095e+01 -1.969122e+01 4.903091e-01
      vertex   -2.734889e+01 -1.963078e+01 4.434399e-01
      vertex   -2.738037e+01 -1.972345e+01 6.163250e-01
    endloop
  endfacet
  facet normal 7.800252e-01 -5.142969e-01 -3.564538e-01
    outer loop
      vertex   -2.816588e+01 -1.985986e+01 -1.318472e-15
      vertex   -2.792316e+01 -1.949172e+01 -7.174588e-16
      vertex   -2.804598e+01 -1.974709e+01 9.967451e-02
    endloop
  endfacet
  facet normal 6.540569e-01 -5.265571e-01 -5.430904e-01
    outer loop
      vertex   -2.804598e+01 -1.974709e+01 9.967451e-02
      vertex   -2.792316e+01 -1.949172e+01 -7.174588e-16
      vertex   -2.790423e+01 -1.966218e+01 1.880646e-01
    endloop
  endfacet
  facet normal 4.672358e-01 -3.675909e-01 -8.040943e-01
    outer loop
      vertex   -2.766375e+01 -1.916199e+01 -4.280823e-16
      vertex   -2.774033e+01 -1.930986e+01 2.309884e-02
      vertex   -2.792316e+01 -1.949172e+01 -7.174588e-16
    endloop
  endfacet
  facet normal 5.907861e-01 -5.150487e-01 -6.210447e-01
    outer loop
      vertex   -2.792316e+01 -1.949172e+01 -7.174588e-16
      vertex   -2.774033e+01 -1.930986e+01 2.309884e-02
      vertex   -2.790101e+01 -1.949319e+01 2.228207e-02
    endloop
  endfacet
  facet normal 5.537774e-01 -5.884597e-01 -5.891059e-01
    outer loop
      vertex   -2.792316e+01 -1.949172e+01 -7.174588e-16
      vertex   -2.790101e+01 -1.949319e+01 2.228207e-02
      vertex   -2.790423e+01 -1.966218e+01 1.880646e-01
    endloop
  endfacet
  facet normal 5.098045e-01 -6.073837e-01 -6.092491e-01
    outer loop
      vertex   -2.790423e+01 -1.966218e+01 1.880646e-01
      vertex   -2.790101e+01 -1.949319e+01 2.228207e-02
      vertex   -2.773431e+01 -1.943799e+01 1.067496e-01
    endloop
  endfacet
  facet normal 5.022951e-01 -6.048471e-01 -6.179479e-01
    outer loop
      vertex   -2.790423e+01 -1.966218e+01 1.880646e-01
      vertex   -2.773431e+01 -1.943799e+01 1.067496e-01
      vertex   -2.774232e+01 -1.959983e+01 2.586467e-01
    endloop
  endfacet
  facet normal 3.339633e-01 -6.537988e-01 -6.789813e-01
    outer loop
      vertex   -2.774232e+01 -1.959983e+01 2.586467e-01
      vertex   -2.773431e+01 -1.943799e+01 1.067496e-01
      vertex   -2.755110e+01 -1.940362e+01 1.637585e-01
    endloop
  endfacet
  facet normal 3.323641e-01 -6.529937e-01 -6.805390e-01
    outer loop
      vertex   -2.774232e+01 -1.959983e+01 2.586467e-01
      vertex   -2.755110e+01 -1.940362e+01 1.637585e-01
      vertex   -2.756576e+01 -1.956232e+01 3.088829e-01
    endloop
  endfacet
  facet normal 1.040228e-01 -6.763797e-01 -7.291706e-01
    outer loop
      vertex   -2.756576e+01 -1.956232e+01 3.088829e-01
      vertex   -2.755110e+01 -1.940362e+01 1.637585e-01
      vertex   -2.731892e+01 -1.950609e+01 2.919352e-01
    endloop
  endfacet
  facet normal 1.351119e-01 -7.780042e-01 -6.135587e-01
    outer loop
      vertex   -2.756576e+01 -1.956232e+01 3.088829e-01
      vertex   -2.731892e+01 -1.950609e+01 2.919352e-01
      vertex   -2.734889e+01 -1.963078e+01 4.434399e-01
    endloop
  endfacet
  facet normal 2.882607e-01 -2.004041e-01 -9.363461e-01
    outer loop
      vertex   -2.741514e+01 -1.880439e+01 -1.387779e-16
      vertex   -2.757097e+01 -1.913960e+01 2.376982e-02
      vertex   -2.766375e+01 -1.916199e+01 -4.280823e-16
    endloop
  endfacet
  facet normal 3.105849e-01 -3.478364e-01 -8.846168e-01
    outer loop
      vertex   -2.766375e+01 -1.916199e+01 -4.280823e-16
      vertex   -2.757097e+01 -1.913960e+01 2.376982e-02
      vertex   -2.755376e+01 -1.927528e+01 8.315957e-02
    endloop
  endfacet
  facet normal 3.433078e-01 -3.159653e-01 -8.844804e-01
    outer loop
      vertex   -2.766375e+01 -1.916199e+01 -4.280823e-16
      vertex   -2.755376e+01 -1.927528e+01 8.315957e-02
      vertex   -2.774033e+01 -1.930986e+01 2.309884e-02
    endloop
  endfacet
  facet normal 3.479714e-01 -5.009815e-01 -7.924225e-01
    outer loop
      vertex   -2.774033e+01 -1.930986e+01 2.309884e-02
      vertex   -2.755376e+01 -1.927528e+01 8.315957e-02
      vertex   -2.773431e+01 -1.943799e+01 1.067496e-01
    endloop
  endfacet
  facet normal 5.176997e-01 -4.505159e-01 -7.273393e-01
    outer loop
      vertex   -2.774033e+01 -1.930986e+01 2.309884e-02
      vertex   -2.773431e+01 -1.943799e+01 1.067496e-01
      vertex   -2.790101e+01 -1.949319e+01 2.228207e-02
    endloop
  endfacet
  facet normal 1.007471e-01 -6.005677e-02 -9.930978e-01
    outer loop
      vertex   -2.741252e+01 -1.880000e+01 -3.659182e-17
      vertex   -2.734227e+01 -1.899263e+01 1.877596e-02
      vertex   -2.741514e+01 -1.880439e+01 -1.387779e-16
    endloop
  endfacet
  facet normal 3.369995e-02 -8.627152e-02 -9.957015e-01
    outer loop
      vertex   -2.741514e+01 -1.880439e+01 -1.387779e-16
      vertex   -2.734227e+01 -1.899263e+01 1.877596e-02
      vertex   -2.757097e+01 -1.913960e+01 2.376982e-02
    endloop
  endfacet
  facet normal 1.466335e-01 -2.605970e-01 -9.542472e-01
    outer loop
      vertex   -2.734227e+01 -1.899263e+01 1.877596e-02
      vertex   -2.730693e+01 -1.918009e+01 7.540030e-02
      vertex   -2.757097e+01 -1.913960e+01 2.376982e-02
    endloop
  endfacet
  facet normal 1.198289e-01 -3.853232e-01 -9.149684e-01
    outer loop
      vertex   -2.757097e+01 -1.913960e+01 2.376982e-02
      vertex   -2.730693e+01 -1.918009e+01 7.540030e-02
      vertex   -2.755376e+01 -1.927528e+01 8.315957e-02
    endloop
  endfacet
  facet normal 1.495916e-01 -4.592936e-01 -8.755979e-01
    outer loop
      vertex   -2.730693e+01 -1.918009e+01 7.540030e-02
      vertex   -2.730142e+01 -1.935392e+01 1.675254e-01
      vertex   -2.755376e+01 -1.927528e+01 8.315957e-02
    endloop
  endfacet
  facet normal 1.174711e-01 -5.264005e-01 -8.420825e-01
    outer loop
      vertex   -2.755376e+01 -1.927528e+01 8.315957e-02
      vertex   -2.730142e+01 -1.935392e+01 1.675254e-01
      vertex   -2.755110e+01 -1.940362e+01 1.637585e-01
    endloop
  endfacet
  facet normal 3.415036e-01 -4.947741e-01 -7.991082e-01
    outer loop
      vertex   -2.755376e+01 -1.927528e+01 8.315957e-02
      vertex   -2.755110e+01 -1.940362e+01 1.637585e-01
      vertex   -2.773431e+01 -1.943799e+01 1.067496e-01
    endloop
  endfacet
  facet normal 1.381034e-01 -6.363711e-01 -7.589198e-01
    outer loop
      vertex   -2.730142e+01 -1.935392e+01 1.675254e-01
      vertex   -2.731892e+01 -1.950609e+01 2.919352e-01
      vertex   -2.755110e+01 -1.940362e+01 1.637585e-01
    endloop
  endfacet
  facet normal 8.574185e-02 -9.214409e-01 -3.789393e-01
    outer loop
      vertex   -2.759095e+01 -1.969122e+01 4.903091e-01
      vertex   -2.738037e+01 -1.972345e+01 6.163250e-01
      vertex   -2.761491e+01 -1.978020e+01 7.012667e-01
    endloop
  endfacet
  facet normal 1.314807e-01 -9.528124e-01 -2.736082e-01
    outer loop
      vertex   -2.761491e+01 -1.978020e+01 7.012667e-01
      vertex   -2.738037e+01 -1.972345e+01 6.163250e-01
      vertex   -2.740388e+01 -1.978065e+01 8.042321e-01
    endloop
  endfacet
  facet normal 8.177575e-02 -9.817215e-01 -1.718591e-01
    outer loop
      vertex   -2.761491e+01 -1.978020e+01 7.012667e-01
      vertex   -2.740388e+01 -1.978065e+01 8.042321e-01
      vertex   -2.762780e+01 -1.982141e+01 9.305415e-01
    endloop
  endfacet
  facet normal 1.278999e-01 -9.875145e-01 -9.196068e-02
    outer loop
      vertex   -2.762780e+01 -1.982141e+01 9.305415e-01
      vertex   -2.740388e+01 -1.978065e+01 8.042321e-01
      vertex   -2.741252e+01 -1.980000e+01 1.000000e+00
    endloop
  endfacet
  facet normal 1.118970e-01 -9.928857e-01 -4.070595e-02
    outer loop
      vertex   -2.762780e+01 -1.982141e+01 9.305415e-01
      vertex   -2.741252e+01 -1.980000e+01 1.000000e+00
      vertex   -2.763509e+01 -1.982508e+01 1.000000e+00
    endloop
  endfacet
  facet normal 2.971885e-01 -9.546252e-01 -1.922869e-02
    outer loop
      vertex   -2.762780e+01 -1.982141e+01 9.305415e-01
      vertex   -2.763509e+01 -1.982508e+01 1.000000e+00
      vertex   -2.779003e+01 -1.987181e+01 9.248834e-01
    endloop
  endfacet
  facet normal 3.288913e-01 -9.396865e-01 -9.391345e-02
    outer loop
      vertex   -2.779003e+01 -1.987181e+01 9.248834e-01
      vertex   -2.763509e+01 -1.982508e+01 1.000000e+00
      vertex   -2.784649e+01 -1.989908e+01 1.000000e+00
    endloop
  endfacet
  facet normal 4.538827e-01 -8.908845e-01 1.775548e-02
    outer loop
      vertex   -2.779003e+01 -1.987181e+01 9.248834e-01
      vertex   -2.784649e+01 -1.989908e+01 1.000000e+00
      vertex   -2.794126e+01 -1.994900e+01 9.176482e-01
    endloop
  endfacet
  facet normal 5.295457e-01 -8.425283e-01 -9.862762e-02
    outer loop
      vertex   -2.794126e+01 -1.994900e+01 9.176482e-01
      vertex   -2.784649e+01 -1.989908e+01 1.000000e+00
      vertex   -2.803613e+01 -2.001826e+01 1.000000e+00
    endloop
  endfacet
  facet normal 5.982177e-01 -8.011885e-01 1.525203e-02
    outer loop
      vertex   -2.794126e+01 -1.994900e+01 9.176482e-01
      vertex   -2.803613e+01 -2.001826e+01 1.000000e+00
      vertex   -2.807722e+01 -2.005068e+01 9.090484e-01
    endloop
  endfacet
  facet normal 7.056234e-01 -7.053712e-01 -6.743179e-02
    outer loop
      vertex   -2.807722e+01 -2.005068e+01 9.090484e-01
      vertex   -2.803613e+01 -2.001826e+01 1.000000e+00
      vertex   -2.819448e+01 -2.017667e+01 1.000000e+00
    endloop
  endfacet
  facet normal 7.259510e-01 -6.875476e-01 -1.653631e-02
    outer loop
      vertex   -2.807722e+01 -2.005068e+01 9.090484e-01
      vertex   -2.819448e+01 -2.017667e+01 1.000000e+00
      vertex   -2.819403e+01 -2.017377e+01 8.993417e-01
    endloop
  endfacet
  facet normal 8.152637e-01 -5.789438e-01 -1.301072e-02
    outer loop
      vertex   -2.819403e+01 -2.017377e+01 8.993417e-01
      vertex   -2.819448e+01 -2.017667e+01 1.000000e+00
      vertex   -2.825704e+01 -2.026236e+01 8.926657e-01
    endloop
  endfacet
  facet normal 8.153347e-01 -5.746306e-01 -7.091559e-02
    outer loop
      vertex   -2.819403e+01 -2.017377e+01 8.993417e-01
      vertex   -2.825704e+01 -2.026236e+01 8.926657e-01
      vertex   -2.818657e+01 -2.012217e+01 5.669418e-01
    endloop
  endfacet
  facet normal 8.207168e-01 -5.674339e-01 -6.665365e-02
    outer loop
      vertex   -2.818657e+01 -2.012217e+01 5.669418e-01
      vertex   -2.825704e+01 -2.026236e+01 8.926657e-01
      vertex   -2.824904e+01 -2.020910e+01 5.378304e-01
    endloop
  endfacet
  facet normal 8.262436e-01 -5.398470e-01 -1.608939e-01
    outer loop
      vertex   -2.818657e+01 -2.012217e+01 5.669418e-01
      vertex   -2.824904e+01 -2.020910e+01 5.378304e-01
      vertex   -2.817367e+01 -2.001115e+01 2.606687e-01
    endloop
  endfacet
  facet normal 8.367925e-01 -5.269155e-01 -1.487896e-01
    outer loop
      vertex   -2.817367e+01 -2.001115e+01 2.606687e-01
      vertex   -2.824904e+01 -2.020910e+01 5.378304e-01
      vertex   -2.823491e+01 -2.009397e+01 2.095667e-01
    endloop
  endfacet
  facet normal 8.448361e-01 -5.305750e-01 -6.886363e-02
    outer loop
      vertex   -2.819448e+01 -2.017667e+01 1.000000e+00
      vertex   -2.831360e+01 -2.036635e+01 1.000000e+00
      vertex   -2.825704e+01 -2.026236e+01 8.926657e-01
    endloop
  endfacet
  facet normal 8.868044e-01 -4.617136e-01 1.996346e-02
    outer loop
      vertex   -2.825704e+01 -2.026236e+01 8.926657e-01
      vertex   -2.831360e+01 -2.036635e+01 1.000000e+00
      vertex   -2.833519e+01 -2.041293e+01 8.817453e-01
    endloop
  endfacet
  facet normal 8.879619e-01 -4.573406e-01 -4.861233e-02
    outer loop
      vertex   -2.825704e+01 -2.026236e+01 8.926657e-01
      vertex   -2.833519e+01 -2.041293e+01 8.817453e-01
      vertex   -2.824904e+01 -2.020910e+01 5.378304e-01
    endloop
  endfacet
  facet normal 8.932602e-01 -4.476182e-01 -4.152299e-02
    outer loop
      vertex   -2.824904e+01 -2.020910e+01 5.378304e-01
      vertex   -2.833519e+01 -2.041293e+01 8.817453e-01
      vertex   -2.832537e+01 -2.035700e+01 4.901233e-01
    endloop
  endfacet
  facet normal 8.972841e-01 -4.272139e-01 -1.112188e-01
    outer loop
      vertex   -2.824904e+01 -2.020910e+01 5.378304e-01
      vertex   -2.832537e+01 -2.035700e+01 4.901233e-01
      vertex   -2.823491e+01 -2.009397e+01 2.095667e-01
    endloop
  endfacet
  facet normal 9.071590e-01 -4.105212e-01 -9.238488e-02
    outer loop
      vertex   -2.823491e+01 -2.009397e+01 2.095667e-01
      vertex   -2.832537e+01 -2.035700e+01 4.901233e-01
      vertex   -2.830730e+01 -2.023503e+01 1.255074e-01
    endloop
  endfacet
  facet normal 9.431306e-01 -3.297184e-01 -4.231289e-02
    outer loop
      vertex   -2.831360e+01 -2.036635e+01 1.000000e+00
      vertex   -2.838751e+01 -2.057778e+01 1.000000e+00
      vertex   -2.833519e+01 -2.041293e+01 8.817453e-01
    endloop
  endfacet
  facet normal 9.521703e-01 -3.055332e-01 -4.597968e-03
    outer loop
      vertex   -2.833519e+01 -2.041293e+01 8.817453e-01
      vertex   -2.838751e+01 -2.057778e+01 1.000000e+00
      vertex   -2.838449e+01 -2.056443e+01 7.385821e-01
    endloop
  endfacet
  facet normal 9.556418e-01 -2.939798e-01 -1.801978e-02
    outer loop
      vertex   -2.833519e+01 -2.041293e+01 8.817453e-01
      vertex   -2.838449e+01 -2.056443e+01 7.385821e-01
      vertex   -2.832537e+01 -2.035700e+01 4.901233e-01
    endloop
  endfacet
  facet normal 9.576702e-01 -2.876081e-01 -1.221778e-02
    outer loop
      vertex   -2.832537e+01 -2.035700e+01 4.901233e-01
      vertex   -2.838449e+01 -2.056443e+01 7.385821e-01
      vertex   -2.837582e+01 -2.052465e+01 4.818462e-01
    endloop
  endfacet
  facet normal 9.576186e-01 -2.869738e-01 -2.475139e-02
    outer loop
      vertex   -2.832537e+01 -2.035700e+01 4.901233e-01
      vertex   -2.837582e+01 -2.052465e+01 4.818462e-01
      vertex   -2.836261e+01 -2.045922e+01 2.342848e-01
    endloop
  endfacet
  facet normal 9.657403e-01 -2.567095e-01 -3.802582e-02
    outer loop
      vertex   -2.832537e+01 -2.035700e+01 4.901233e-01
      vertex   -2.836261e+01 -2.045922e+01 2.342848e-01
      vertex   -2.830730e+01 -2.023503e+01 1.255074e-01
    endloop
  endfacet
  facet normal 3.032100e-01 -8.887523e-01 -3.437775e-01
    outer loop
      vertex   -2.776074e+01 -1.973397e+01 4.510643e-01
      vertex   -2.759095e+01 -1.969122e+01 4.903091e-01
      vertex   -2.777960e+01 -1.982793e+01 6.773592e-01
    endloop
  endfacet
  facet normal 3.069743e-01 -8.888838e-01 -3.400771e-01
    outer loop
      vertex   -2.777960e+01 -1.982793e+01 6.773592e-01
      vertex   -2.759095e+01 -1.969122e+01 4.903091e-01
      vertex   -2.761491e+01 -1.978020e+01 7.012667e-01
    endloop
  endfacet
  facet normal 2.956498e-01 -9.426976e-01 -1.546366e-01
    outer loop
      vertex   -2.777960e+01 -1.982793e+01 6.773592e-01
      vertex   -2.761491e+01 -1.978020e+01 7.012667e-01
      vertex   -2.779003e+01 -1.987181e+01 9.248834e-01
    endloop
  endfacet
  facet normal 2.980073e-01 -9.422837e-01 -1.526208e-01
    outer loop
      vertex   -2.779003e+01 -1.987181e+01 9.248834e-01
      vertex   -2.761491e+01 -1.978020e+01 7.012667e-01
      vertex   -2.762780e+01 -1.982141e+01 9.305415e-01
    endloop
  endfacet
  facet normal 4.680928e-01 -8.297372e-01 -3.040153e-01
    outer loop
      vertex   -2.791765e+01 -1.980322e+01 3.984875e-01
      vertex   -2.776074e+01 -1.973397e+01 4.510643e-01
      vertex   -2.793269e+01 -1.990251e+01 6.463364e-01
    endloop
  endfacet
  facet normal 4.663675e-01 -8.300509e-01 -3.058053e-01
    outer loop
      vertex   -2.793269e+01 -1.990251e+01 6.463364e-01
      vertex   -2.776074e+01 -1.973397e+01 4.510643e-01
      vertex   -2.777960e+01 -1.982793e+01 6.773592e-01
    endloop
  endfacet
  facet normal 4.560751e-01 -8.794478e-01 -1.362614e-01
    outer loop
      vertex   -2.793269e+01 -1.990251e+01 6.463364e-01
      vertex   -2.777960e+01 -1.982793e+01 6.773592e-01
      vertex   -2.794126e+01 -1.994900e+01 9.176482e-01
    endloop
  endfacet
  facet normal 4.555405e-01 -8.796529e-01 -1.367244e-01
    outer loop
      vertex   -2.794126e+01 -1.994900e+01 9.176482e-01
      vertex   -2.777960e+01 -1.982793e+01 6.773592e-01
      vertex   -2.779003e+01 -1.987181e+01 9.248834e-01
    endloop
  endfacet
  facet normal 7.467487e-01 -6.347502e-01 -1.986419e-01
    outer loop
      vertex   -2.818657e+01 -2.012217e+01 5.669418e-01
      vertex   -2.817367e+01 -2.001115e+01 2.606687e-01
      vertex   -2.805678e+01 -1.989667e+01 3.343051e-01
    endloop
  endfacet
  facet normal 6.174925e-01 -7.440553e-01 -2.551170e-01
    outer loop
      vertex   -2.805678e+01 -1.989667e+01 3.343051e-01
      vertex   -2.791765e+01 -1.980322e+01 3.984875e-01
      vertex   -2.806970e+01 -2.000163e+01 6.091448e-01
    endloop
  endfacet
  facet normal 6.113358e-01 -7.467184e-01 -2.620691e-01
    outer loop
      vertex   -2.806970e+01 -2.000163e+01 6.091448e-01
      vertex   -2.791765e+01 -1.980322e+01 3.984875e-01
      vertex   -2.793269e+01 -1.990251e+01 6.463364e-01
    endloop
  endfacet
  facet normal 6.024486e-01 -7.899635e-01 -1.140761e-01
    outer loop
      vertex   -2.806970e+01 -2.000163e+01 6.091448e-01
      vertex   -2.793269e+01 -1.990251e+01 6.463364e-01
      vertex   -2.807722e+01 -2.005068e+01 9.090484e-01
    endloop
  endfacet
  facet normal 5.995369e-01 -7.917919e-01 -1.167093e-01
    outer loop
      vertex   -2.807722e+01 -2.005068e+01 9.090484e-01
      vertex   -2.793269e+01 -1.990251e+01 6.463364e-01
      vertex   -2.794126e+01 -1.994900e+01 9.176482e-01
    endloop
  endfacet
  facet normal 7.304574e-01 -6.771687e-01 -8.873886e-02
    outer loop
      vertex   -2.819403e+01 -2.017377e+01 8.993417e-01
      vertex   -2.818657e+01 -2.012217e+01 5.669418e-01
      vertex   -2.806970e+01 -2.000163e+01 6.091448e-01
    endloop
  endfacet
  facet normal 7.376581e-01 -6.415772e-01 -2.103311e-01
    outer loop
      vertex   -2.806970e+01 -2.000163e+01 6.091448e-01
      vertex   -2.818657e+01 -2.012217e+01 5.669418e-01
      vertex   -2.805678e+01 -1.989667e+01 3.343051e-01
    endloop
  endfacet
  facet normal 7.259005e-01 -6.814516e-01 -9.323171e-02
    outer loop
      vertex   -2.819403e+01 -2.017377e+01 8.993417e-01
      vertex   -2.806970e+01 -2.000163e+01 6.091448e-01
      vertex   -2.807722e+01 -2.005068e+01 9.090484e-01
    endloop
  endfacet
  facet normal 9.682236e-01 -2.483792e-01 -2.917002e-02
    outer loop
      vertex   -2.834662e+01 -2.036937e+01 1.371906e-13
      vertex   -2.836261e+01 -2.045922e+01 2.342848e-01
      vertex   -2.849899e+01 -2.096333e+01 0.000000e+00
    endloop
  endfacet
  facet normal 9.669888e-01 -2.543393e-01 -1.562687e-02
    outer loop
      vertex   -2.849899e+01 -2.096333e+01 0.000000e+00
      vertex   -2.836261e+01 -2.045922e+01 2.342848e-01
      vertex   -2.837582e+01 -2.052465e+01 4.818462e-01
    endloop
  endfacet
  facet normal 9.649986e-01 -2.621323e-01 -8.023168e-03
    outer loop
      vertex   -2.849899e+01 -2.096333e+01 0.000000e+00
      vertex   -2.837582e+01 -2.052465e+01 4.818462e-01
      vertex   -2.838449e+01 -2.056443e+01 7.385821e-01
    endloop
  endfacet
  facet normal 9.625119e-01 -2.712257e-01 -2.726332e-03
    outer loop
      vertex   -2.838449e+01 -2.056443e+01 7.385821e-01
      vertex   -2.838751e+01 -2.057778e+01 1.000000e+00
      vertex   -2.849899e+01 -2.096333e+01 0.000000e+00
    endloop
  endfacet
  facet normal 9.606509e-01 -2.777587e-01 3.019336e-12
    outer loop
      vertex   -2.849899e+01 -2.096333e+01 0.000000e+00
      vertex   -2.838751e+01 -2.057778e+01 1.000000e+00
      vertex   -2.849899e+01 -2.096333e+01 8.000000e+00
    endloop
  endfacet
  facet normal 9.104031e-01 -4.137224e-01 -4.613677e-12
    outer loop
      vertex   -2.849899e+01 -2.096333e+01 0.000000e+00
      vertex   -2.849899e+01 -2.096333e+01 8.000000e+00
      vertex   -2.875268e+01 -2.152159e+01 0.000000e+00
    endloop
  endfacet
  facet normal 9.104031e-01 -4.137224e-01 4.537986e-12
    outer loop
      vertex   -2.875268e+01 -2.152159e+01 0.000000e+00
      vertex   -2.849899e+01 -2.096333e+01 8.000000e+00
      vertex   -2.875268e+01 -2.152159e+01 8.000000e+00
    endloop
  endfacet
  facet normal 8.242261e-01 -5.662609e-01 -4.537768e-12
    outer loop
      vertex   -2.875268e+01 -2.152159e+01 0.000000e+00
      vertex   -2.875268e+01 -2.152159e+01 8.000000e+00
      vertex   -2.909991e+01 -2.202700e+01 0.000000e+00
    endloop
  endfacet
  facet normal 8.242261e-01 -5.662609e-01 4.462059e-12
    outer loop
      vertex   -2.909991e+01 -2.202700e+01 0.000000e+00
      vertex   -2.875268e+01 -2.152159e+01 8.000000e+00
      vertex   -2.909991e+01 -2.202700e+01 8.000000e+00
    endloop
  endfacet
  facet normal 7.127499e-01 -7.014183e-01 -4.462713e-12
    outer loop
      vertex   -2.909991e+01 -2.202700e+01 0.000000e+00
      vertex   -2.909991e+01 -2.202700e+01 8.000000e+00
      vertex   -2.953002e+01 -2.246405e+01 0.000000e+00
    endloop
  endfacet
  facet normal 7.127499e-01 -7.014183e-01 4.386637e-12
    outer loop
      vertex   -2.953002e+01 -2.246405e+01 0.000000e+00
      vertex   -2.909991e+01 -2.202700e+01 8.000000e+00
      vertex   -2.953002e+01 -2.246405e+01 8.000000e+00
    endloop
  endfacet
  facet normal 5.793962e-01 -8.150461e-01 -4.387029e-12
    outer loop
      vertex   -2.953002e+01 -2.246405e+01 0.000000e+00
      vertex   -2.953002e+01 -2.246405e+01 8.000000e+00
      vertex   -3.002980e+01 -2.281934e+01 0.000000e+00
    endloop
  endfacet
  facet normal 5.793962e-01 -8.150461e-01 4.311311e-12
    outer loop
      vertex   -3.002980e+01 -2.281934e+01 0.000000e+00
      vertex   -2.953002e+01 -2.246405e+01 8.000000e+00
      vertex   -3.002980e+01 -2.281934e+01 8.000000e+00
    endloop
  endfacet
  facet normal 4.282582e-01 -9.036564e-01 -4.311272e-12
    outer loop
      vertex   -3.002980e+01 -2.281934e+01 0.000000e+00
      vertex   -3.002980e+01 -2.281934e+01 8.000000e+00
      vertex   -3.058392e+01 -2.308194e+01 0.000000e+00
    endloop
  endfacet
  facet normal 4.282582e-01 -9.036564e-01 4.235739e-12
    outer loop
      vertex   -3.058392e+01 -2.308194e+01 0.000000e+00
      vertex   -3.002980e+01 -2.281934e+01 8.000000e+00
      vertex   -3.058392e+01 -2.308194e+01 8.000000e+00
    endloop
  endfacet
  facet normal 2.639751e-01 -9.645295e-01 -4.235821e-12
    outer loop
      vertex   -3.058392e+01 -2.308194e+01 0.000000e+00
      vertex   -3.058392e+01 -2.308194e+01 8.000000e+00
      vertex   -3.117536e+01 -2.324381e+01 0.000000e+00
    endloop
  endfacet
  facet normal 2.639751e-01 -9.645295e-01 4.160126e-12
    outer loop
      vertex   -3.117536e+01 -2.324381e+01 0.000000e+00
      vertex   -3.058392e+01 -2.308194e+01 8.000000e+00
      vertex   -3.117536e+01 -2.324381e+01 8.000000e+00
    endloop
  endfacet
  facet normal 9.158943e-02 -9.957969e-01 -4.160352e-12
    outer loop
      vertex   -3.117536e+01 -2.324381e+01 0.000000e+00
      vertex   -3.117536e+01 -2.324381e+01 8.000000e+00
      vertex   -3.178598e+01 -2.329997e+01 0.000000e+00
    endloop
  endfacet
  facet normal 9.158943e-02 -9.957969e-01 4.084983e-12
    outer loop
      vertex   -3.178598e+01 -2.329997e+01 0.000000e+00
      vertex   -3.117536e+01 -2.324381e+01 8.000000e+00
      vertex   -3.178598e+01 -2.329997e+01 8.000000e+00
    endloop
  endfacet
  facet normal -8.360754e-02 -9.964988e-01 -4.084394e-12
    outer loop
      vertex   -3.178598e+01 -2.329997e+01 0.000000e+00
      vertex   -3.178598e+01 -2.329997e+01 8.000000e+00
      vertex   -3.239703e+01 -2.324870e+01 0.000000e+00
    endloop
  endfacet
  facet normal -8.360754e-02 -9.964988e-01 4.008914e-12
    outer loop
      vertex   -3.239703e+01 -2.324870e+01 0.000000e+00
      vertex   -3.178598e+01 -2.329997e+01 8.000000e+00
      vertex   -3.239703e+01 -2.324870e+01 8.000000e+00
    endloop
  endfacet
  facet normal -2.562382e-01 -9.666137e-01 -4.009405e-12
    outer loop
      vertex   -3.239703e+01 -2.324870e+01 0.000000e+00
      vertex   -3.239703e+01 -2.324870e+01 8.000000e+00
      vertex   -3.298975e+01 -2.309158e+01 0.000000e+00
    endloop
  endfacet
  facet normal -2.562382e-01 -9.666137e-01 3.933393e-12
    outer loop
      vertex   -3.298975e+01 -2.309158e+01 0.000000e+00
      vertex   -3.239703e+01 -2.324870e+01 8.000000e+00
      vertex   -3.298975e+01 -2.309158e+01 8.000000e+00
    endloop
  endfacet
  facet normal -4.210038e-01 -9.070589e-01 -3.933898e-12
    outer loop
      vertex   -3.298975e+01 -2.309158e+01 0.000000e+00
      vertex   -3.298975e+01 -2.309158e+01 8.000000e+00
      vertex   -3.354595e+01 -2.283342e+01 0.000000e+00
    endloop
  endfacet
  facet normal -4.210038e-01 -9.070589e-01 3.858230e-12
    outer loop
      vertex   -3.354595e+01 -2.283342e+01 0.000000e+00
      vertex   -3.298975e+01 -2.309158e+01 8.000000e+00
      vertex   -3.354595e+01 -2.283342e+01 8.000000e+00
    endloop
  endfacet
  facet normal -5.728469e-01 -8.196624e-01 -3.857948e-12
    outer loop
      vertex   -3.354595e+01 -2.283342e+01 0.000000e+00
      vertex   -3.354595e+01 -2.283342e+01 8.000000e+00
      vertex   -3.404856e+01 -2.248216e+01 0.000000e+00
    endloop
  endfacet
  facet normal -5.728469e-01 -8.196624e-01 3.782699e-12
    outer loop
      vertex   -3.404856e+01 -2.248216e+01 0.000000e+00
      vertex   -3.354595e+01 -2.283342e+01 8.000000e+00
      vertex   -3.404856e+01 -2.248216e+01 8.000000e+00
    endloop
  endfacet
  facet normal -7.071068e-01 -7.071068e-01 -3.782353e-12
    outer loop
      vertex   -3.404856e+01 -2.248216e+01 0.000000e+00
      vertex   -3.404856e+01 -2.248216e+01 8.000000e+00
      vertex   -3.448216e+01 -2.204856e+01 0.000000e+00
    endloop
  endfacet
  facet normal -7.071068e-01 -7.071068e-01 3.706988e-12
    outer loop
      vertex   -3.448216e+01 -2.204856e+01 0.000000e+00
      vertex   -3.404856e+01 -2.248216e+01 8.000000e+00
      vertex   -3.448216e+01 -2.204856e+01 8.000000e+00
    endloop
  endfacet
  facet normal -8.196624e-01 -5.728469e-01 -3.707072e-12
    outer loop
      vertex   -3.448216e+01 -2.204856e+01 0.000000e+00
      vertex   -3.448216e+01 -2.204856e+01 8.000000e+00
      vertex   -3.483342e+01 -2.154595e+01 0.000000e+00
    endloop
  endfacet
  facet normal -8.196624e-01 -5.728469e-01 3.631191e-12
    outer loop
      vertex   -3.483342e+01 -2.154595e+01 0.000000e+00
      vertex   -3.448216e+01 -2.204856e+01 8.000000e+00
      vertex   -3.483342e+01 -2.154595e+01 8.000000e+00
    endloop
  endfacet
  facet normal -9.070589e-01 -4.210038e-01 -3.631842e-12
    outer loop
      vertex   -3.483342e+01 -2.154595e+01 0.000000e+00
      vertex   -3.483342e+01 -2.154595e+01 8.000000e+00
      vertex   -3.509158e+01 -2.098975e+01 0.000000e+00
    endloop
  endfacet
  facet normal -9.070589e-01 -4.210038e-01 3.556214e-12
    outer loop
      vertex   -3.509158e+01 -2.098975e+01 0.000000e+00
      vertex   -3.483342e+01 -2.154595e+01 8.000000e+00
      vertex   -3.509158e+01 -2.098975e+01 8.000000e+00
    endloop
  endfacet
  facet normal -9.666137e-01 -2.562382e-01 -3.555753e-12
    outer loop
      vertex   -3.509158e+01 -2.098975e+01 0.000000e+00
      vertex   -3.509158e+01 -2.098975e+01 8.000000e+00
      vertex   -3.524870e+01 -2.039703e+01 0.000000e+00
    endloop
  endfacet
  facet normal -9.666137e-01 -2.562382e-01 3.480841e-12
    outer loop
      vertex   -3.524870e+01 -2.039703e+01 0.000000e+00
      vertex   -3.509158e+01 -2.098975e+01 8.000000e+00
      vertex   -3.524870e+01 -2.039703e+01 8.000000e+00
    endloop
  endfacet
  facet normal -9.964988e-01 -8.360754e-02 -3.479949e-12
    outer loop
      vertex   -3.524870e+01 -2.039703e+01 0.000000e+00
      vertex   -3.524870e+01 -2.039703e+01 8.000000e+00
      vertex   -3.529997e+01 -1.978598e+01 0.000000e+00
    endloop
  endfacet
  facet normal -9.964988e-01 -8.360754e-02 3.405469e-12
    outer loop
      vertex   -3.529997e+01 -1.978598e+01 0.000000e+00
      vertex   -3.524870e+01 -2.039703e+01 8.000000e+00
      vertex   -3.529997e+01 -1.978598e+01 8.000000e+00
    endloop
  endfacet
  facet normal -9.957969e-01 9.158943e-02 -3.404278e-12
    outer loop
      vertex   -3.529997e+01 -1.978598e+01 0.000000e+00
      vertex   -3.529997e+01 -1.978598e+01 8.000000e+00
      vertex   -3.524381e+01 -1.917536e+01 0.000000e+00
    endloop
  endfacet
  facet normal -9.957969e-01 9.158943e-02 3.329402e-12
    outer loop
      vertex   -3.524381e+01 -1.917536e+01 0.000000e+00
      vertex   -3.529997e+01 -1.978598e+01 8.000000e+00
      vertex   -3.524381e+01 -1.917536e+01 8.000000e+00
    endloop
  endfacet
  facet normal -9.645295e-01 2.639751e-01 -3.329273e-12
    outer loop
      vertex   -3.524381e+01 -1.917536e+01 0.000000e+00
      vertex   -3.524381e+01 -1.917536e+01 8.000000e+00
      vertex   -3.508194e+01 -1.858392e+01 0.000000e+00
    endloop
  endfacet
  facet normal -9.645295e-01 2.639751e-01 3.253868e-12
    outer loop
      vertex   -3.508194e+01 -1.858392e+01 0.000000e+00
      vertex   -3.524381e+01 -1.917536e+01 8.000000e+00
      vertex   -3.508194e+01 -1.858392e+01 8.000000e+00
    endloop
  endfacet
  facet normal -9.036564e-01 4.282582e-01 -3.253880e-12
    outer loop
      vertex   -3.508194e+01 -1.858392e+01 0.000000e+00
      vertex   -3.508194e+01 -1.858392e+01 8.000000e+00
      vertex   -3.481934e+01 -1.802980e+01 0.000000e+00
    endloop
  endfacet
  facet normal -9.036564e-01 4.282582e-01 3.179260e-12
    outer loop
      vertex   -3.481934e+01 -1.802980e+01 0.000000e+00
      vertex   -3.508194e+01 -1.858392e+01 8.000000e+00
      vertex   -3.481934e+01 -1.802980e+01 8.000000e+00
    endloop
  endfacet
  facet normal -8.150461e-01 5.793962e-01 -3.177405e-12
    outer loop
      vertex   -3.481934e+01 -1.802980e+01 0.000000e+00
      vertex   -3.481934e+01 -1.802980e+01 8.000000e+00
      vertex   -3.446405e+01 -1.753002e+01 0.000000e+00
    endloop
  endfacet
  facet normal -8.150461e-01 5.793962e-01 3.102936e-12
    outer loop
      vertex   -3.446405e+01 -1.753002e+01 0.000000e+00
      vertex   -3.481934e+01 -1.802980e+01 8.000000e+00
      vertex   -3.446405e+01 -1.753002e+01 8.000000e+00
    endloop
  endfacet
  facet normal -7.014183e-01 7.127499e-01 -3.102707e-12
    outer loop
      vertex   -3.446405e+01 -1.753002e+01 0.000000e+00
      vertex   -3.446405e+01 -1.753002e+01 8.000000e+00
      vertex   -3.402700e+01 -1.709991e+01 0.000000e+00
    endloop
  endfacet
  facet normal -7.014183e-01 7.127499e-01 3.027427e-12
    outer loop
      vertex   -3.402700e+01 -1.709991e+01 0.000000e+00
      vertex   -3.446405e+01 -1.753002e+01 8.000000e+00
      vertex   -3.402700e+01 -1.709991e+01 8.000000e+00
    endloop
  endfacet
  facet normal -5.662609e-01 8.242261e-01 -3.026971e-12
    outer loop
      vertex   -3.402700e+01 -1.709991e+01 0.000000e+00
      vertex   -3.402700e+01 -1.709991e+01 8.000000e+00
      vertex   -3.352159e+01 -1.675268e+01 0.000000e+00
    endloop
  endfacet
  facet normal -5.662609e-01 8.242261e-01 2.951666e-12
    outer loop
      vertex   -3.352159e+01 -1.675268e+01 0.000000e+00
      vertex   -3.402700e+01 -1.709991e+01 8.000000e+00
      vertex   -3.352159e+01 -1.675268e+01 8.000000e+00
    endloop
  endfacet
  facet normal -4.137224e-01 9.104031e-01 -2.951744e-12
    outer loop
      vertex   -3.352159e+01 -1.675268e+01 0.000000e+00
      vertex   -3.352159e+01 -1.675268e+01 8.000000e+00
      vertex   -3.296333e+01 -1.649899e+01 0.000000e+00
    endloop
  endfacet
  facet normal -4.137224e-01 9.104031e-01 2.875791e-12
    outer loop
      vertex   -3.296333e+01 -1.649899e+01 0.000000e+00
      vertex   -3.352159e+01 -1.675268e+01 8.000000e+00
      vertex   -3.296333e+01 -1.649899e+01 8.000000e+00
    endloop
  endfacet
  facet normal -2.777587e-01 9.606509e-01 -1.882885e-12
    outer loop
      vertex   -3.296333e+01 -1.649899e+01 0.000000e+00
      vertex   -3.296333e+01 -1.649899e+01 8.000000e+00
      vertex   -3.257778e+01 -1.638751e+01 7.000000e+00
    endloop
  endfacet
  facet normal -2.712257e-01 9.625119e-01 2.726331e-03
    outer loop
      vertex   -3.257778e+01 -1.638751e+01 7.000000e+00
      vertex   -3.296333e+01 -1.649899e+01 8.000000e+00
      vertex   -3.256443e+01 -1.638449e+01 7.261418e+00
    endloop
  endfacet
  facet normal -2.621323e-01 9.649986e-01 8.023169e-03
    outer loop
      vertex   -3.256443e+01 -1.638449e+01 7.261418e+00
      vertex   -3.296333e+01 -1.649899e+01 8.000000e+00
      vertex   -3.252465e+01 -1.637582e+01 7.518154e+00
    endloop
  endfacet
  facet normal -2.543393e-01 9.669888e-01 1.562686e-02
    outer loop
      vertex   -3.252465e+01 -1.637582e+01 7.518154e+00
      vertex   -3.296333e+01 -1.649899e+01 8.000000e+00
      vertex   -3.245922e+01 -1.636261e+01 7.765715e+00
    endloop
  endfacet
  facet normal -2.483792e-01 9.682236e-01 2.917003e-02
    outer loop
      vertex   -3.245922e+01 -1.636261e+01 7.765715e+00
      vertex   -3.296333e+01 -1.649899e+01 8.000000e+00
      vertex   -3.236937e+01 -1.634662e+01 8.000000e+00
    endloop
  endfacet
  facet normal 9.606509e-01 -2.777587e-01 0.000000e+00
    outer loop
      vertex   -2.838751e+01 -2.057778e+01 1.000000e+00
      vertex   -2.838751e+01 -2.057778e+01 7.000000e+00
      vertex   -2.849899e+01 -2.096333e+01 8.000000e+00
    endloop
  endfacet
  facet normal 9.621120e-01 -2.726460e-01 2.134124e-03
    outer loop
      vertex   -2.849899e+01 -2.096333e+01 8.000000e+00
      vertex   -2.838751e+01 -2.057778e+01 7.000000e+00
      vertex   -2.838427e+01 -2.056428e+01 7.261286e+00
    endloop
  endfacet
  facet normal 9.647471e-01 -2.630655e-01 7.718825e-03
    outer loop
      vertex   -2.849899e+01 -2.096333e+01 8.000000e+00
      vertex   -2.838427e+01 -2.056428e+01 7.261286e+00
      vertex   -2.837545e+01 -2.052441e+01 7.517898e+00
    endloop
  endfacet
  facet normal 9.669824e-01 -2.543247e-01 1.624963e-02
    outer loop
      vertex   -2.837545e+01 -2.052441e+01 7.517898e+00
      vertex   -2.836244e+01 -2.045912e+01 7.765561e+00
      vertex   -2.849899e+01 -2.096333e+01 8.000000e+00
    endloop
  endfacet
  facet normal 9.682068e-01 -2.483748e-01 2.975922e-02
    outer loop
      vertex   -2.849899e+01 -2.096333e+01 8.000000e+00
      vertex   -2.836244e+01 -2.045912e+01 7.765561e+00
      vertex   -2.834662e+01 -2.036937e+01 8.000000e+00
    endloop
  endfacet
  facet normal -2.777587e-01 9.606509e-01 0.000000e+00
    outer loop
      vertex   -3.257778e+01 -1.638751e+01 7.000000e+00
      vertex   -3.257778e+01 -1.638751e+01 1.000000e+00
      vertex   -3.296333e+01 -1.649899e+01 0.000000e+00
    endloop
  endfacet
  facet normal -2.726454e-01 9.621122e-01 -2.134389e-03
    outer loop
      vertex   -3.296333e+01 -1.649899e+01 0.000000e+00
      vertex   -3.257778e+01 -1.638751e+01 1.000000e+00
      vertex   -3.256428e+01 -1.638427e+01 7.387123e-01
    endloop
  endfacet
  facet normal -2.630648e-01 9.647473e-01 -7.719122e-03
    outer loop
      vertex   -3.296333e+01 -1.649899e+01 0.000000e+00
      vertex   -3.256428e+01 -1.638427e+01 7.387123e-01
      vertex   -3.252441e+01 -1.637545e+01 4.820978e-01
    endloop
  endfacet
  facet normal -2.543245e-01 9.669824e-01 -1.624963e-02
    outer loop
      vertex   -3.252441e+01 -1.637545e+01 4.820978e-01
      vertex   -3.245912e+01 -1.636244e+01 2.344345e-01
      vertex   -3.296333e+01 -1.649899e+01 0.000000e+00
    endloop
  endfacet
  facet normal -2.483748e-01 9.682068e-01 -2.975902e-02
    outer loop
      vertex   -3.296333e+01 -1.649899e+01 0.000000e+00
      vertex   -3.245912e+01 -1.636244e+01 2.344345e-01
      vertex   -3.236937e+01 -1.634662e+01 2.811304e-10
    endloop
  endfacet
  facet normal -3.300093e-01 -9.439627e-01 5.323869e-03
    outer loop
      vertex   -3.257778e+01 1.638751e+01 7.000000e+00
      vertex   -3.236635e+01 1.631360e+01 7.000000e+00
      vertex   -3.256428e+01 1.638427e+01 7.261287e+00
    endloop
  endfacet
  facet normal -3.050554e-01 -9.519688e-01 2.639239e-02
    outer loop
      vertex   -3.256428e+01 1.638427e+01 7.261287e+00
      vertex   -3.236635e+01 1.631360e+01 7.000000e+00
      vertex   -3.238466e+01 1.632970e+01 7.369140e+00
    endloop
  endfacet
  facet normal -2.980740e-01 -9.544471e-01 1.351215e-02
    outer loop
      vertex   -3.256428e+01 1.638427e+01 7.261287e+00
      vertex   -3.238466e+01 1.632970e+01 7.369140e+00
      vertex   -3.252441e+01 1.637545e+01 7.517900e+00
    endloop
  endfacet
  facet normal -2.786659e-01 -9.598074e-01 3.339241e-02
    outer loop
      vertex   -3.252441e+01 1.637545e+01 7.517900e+00
      vertex   -3.238466e+01 1.632970e+01 7.369140e+00
      vertex   -3.228225e+01 1.631343e+01 7.756055e+00
    endloop
  endfacet
  facet normal -2.660193e-01 -9.637704e-01 1.950113e-02
    outer loop
      vertex   -3.252441e+01 1.637545e+01 7.517900e+00
      vertex   -3.228225e+01 1.631343e+01 7.756055e+00
      vertex   -3.245912e+01 1.636244e+01 7.765563e+00
    endloop
  endfacet
  facet normal -2.650458e-01 -9.635464e-01 3.645569e-02
    outer loop
      vertex   -3.245912e+01 1.636244e+01 7.765563e+00
      vertex   -3.228225e+01 1.631343e+01 7.756055e+00
      vertex   -3.236937e+01 1.634662e+01 8.000000e+00
    endloop
  endfacet
  facet normal -2.606273e-01 -9.646839e-01 3.818851e-02
    outer loop
      vertex   -3.236937e+01 1.634662e+01 8.000000e+00
      vertex   -3.228225e+01 1.631343e+01 7.756055e+00
      vertex   -3.208891e+01 1.627085e+01 8.000000e+00
    endloop
  endfacet
  facet normal -3.906567e-01 -9.080463e-01 1.511263e-01
    outer loop
      vertex   -3.208891e+01 1.627085e+01 8.000000e+00
      vertex   -3.228225e+01 1.631343e+01 7.756055e+00
      vertex   -3.213814e+01 1.623943e+01 7.683946e+00
    endloop
  endfacet
  facet normal -3.823047e-01 -9.117483e-01 1.501935e-01
    outer loop
      vertex   -3.208891e+01 1.627085e+01 8.000000e+00
      vertex   -3.213814e+01 1.623943e+01 7.683946e+00
      vertex   -3.198268e+01 1.622519e+01 7.993244e+00
    endloop
  endfacet
  facet normal -5.014759e-01 -8.384229e-01 2.134689e-01
    outer loop
      vertex   -3.198268e+01 1.622519e+01 7.993244e+00
      vertex   -3.213814e+01 1.623943e+01 7.683946e+00
      vertex   -3.205385e+01 1.617788e+01 7.640229e+00
    endloop
  endfacet
  facet normal -4.779814e-01 -8.527369e-01 2.106501e-01
    outer loop
      vertex   -3.198268e+01 1.622519e+01 7.993244e+00
      vertex   -3.205385e+01 1.617788e+01 7.640229e+00
      vertex   -3.190480e+01 1.616534e+01 7.927665e+00
    endloop
  endfacet
  facet normal -5.996115e-01 -7.503840e-01 2.781903e-01
    outer loop
      vertex   -3.190480e+01 1.616534e+01 7.927665e+00
      vertex   -3.205385e+01 1.617788e+01 7.640229e+00
      vertex   -3.193680e+01 1.606085e+01 7.576856e+00
    endloop
  endfacet
  facet normal -5.815452e-01 -7.636306e-01 2.804880e-01
    outer loop
      vertex   -3.190480e+01 1.616534e+01 7.927665e+00
      vertex   -3.193680e+01 1.606085e+01 7.576856e+00
      vertex   -3.179680e+01 1.604844e+01 7.833313e+00
    endloop
  endfacet
  facet normal -6.986336e-01 -6.233576e-01 3.511928e-01
    outer loop
      vertex   -3.179680e+01 1.604844e+01 7.833313e+00
      vertex   -3.193680e+01 1.606085e+01 7.576856e+00
      vertex   -3.184107e+01 1.592234e+01 7.521430e+00
    endloop
  endfacet
  facet normal -6.887352e-01 -6.329101e-01 3.536504e-01
    outer loop
      vertex   -3.179680e+01 1.604844e+01 7.833313e+00
      vertex   -3.184107e+01 1.592234e+01 7.521430e+00
      vertex   -3.170894e+01 1.590734e+01 7.751921e+00
    endloop
  endfacet
  facet normal -7.758316e-01 -4.763243e-01 4.137637e-01
    outer loop
      vertex   -3.170894e+01 1.590734e+01 7.751921e+00
      vertex   -3.184107e+01 1.592234e+01 7.521430e+00
      vertex   -3.176983e+01 1.576665e+01 7.475769e+00
    endloop
  endfacet
  facet normal -7.727065e-01 -4.802484e-01 4.150737e-01
    outer loop
      vertex   -3.170894e+01 1.590734e+01 7.751921e+00
      vertex   -3.176983e+01 1.576665e+01 7.475769e+00
      vertex   -3.164437e+01 1.574683e+01 7.686401e+00
    endloop
  endfacet
  facet normal -8.284129e-01 -3.138851e-01 4.639054e-01
    outer loop
      vertex   -3.164437e+01 1.574683e+01 7.686401e+00
      vertex   -3.176983e+01 1.576665e+01 7.475769e+00
      vertex   -3.172542e+01 1.559855e+01 7.441342e+00
    endloop
  endfacet
  facet normal -8.302812e-01 -3.107877e-01 4.626491e-01
    outer loop
      vertex   -3.164437e+01 1.574683e+01 7.686401e+00
      vertex   -3.172542e+01 1.559855e+01 7.441342e+00
      vertex   -3.160541e+01 1.557224e+01 7.639043e+00
    endloop
  endfacet
  facet normal -8.566229e-01 -9.022289e-02 5.079931e-01
    outer loop
      vertex   -3.160541e+01 1.557224e+01 7.639043e+00
      vertex   -3.172542e+01 1.559855e+01 7.441342e+00
      vertex   -3.163079e+01 1.534889e+01 7.556570e+00
    endloop
  endfacet
  facet normal -7.761538e-01 -1.388999e-01 6.150546e-01
    outer loop
      vertex   -3.160541e+01 1.557224e+01 7.639043e+00
      vertex   -3.163079e+01 1.534889e+01 7.556570e+00
      vertex   -3.150569e+01 1.531944e+01 7.707798e+00
    endloop
  endfacet
  facet normal -4.563618e-01 -8.896474e-01 1.616568e-02
    outer loop
      vertex   -3.238466e+01 1.632970e+01 7.369140e+00
      vertex   -3.236635e+01 1.631360e+01 7.000000e+00
      vertex   -3.223515e+01 1.625238e+01 7.334686e+00
    endloop
  endfacet
  facet normal -5.310757e-01 -8.456334e-01 5.350409e-02
    outer loop
      vertex   -3.223515e+01 1.625238e+01 7.334686e+00
      vertex   -3.236635e+01 1.631360e+01 7.000000e+00
      vertex   -3.217667e+01 1.619448e+01 7.000000e+00
    endloop
  endfacet
  facet normal -5.743495e-01 -8.175783e-01 4.108910e-02
    outer loop
      vertex   -3.223515e+01 1.625238e+01 7.334686e+00
      vertex   -3.217667e+01 1.619448e+01 7.000000e+00
      vertex   -3.214759e+01 1.618981e+01 7.313734e+00
    endloop
  endfacet
  facet normal -6.842576e-01 -7.273396e-01 5.261816e-02
    outer loop
      vertex   -3.214759e+01 1.618981e+01 7.313734e+00
      vertex   -3.217667e+01 1.619448e+01 7.000000e+00
      vertex   -3.202560e+01 1.607284e+01 7.283214e+00
    endloop
  endfacet
  facet normal -6.612769e-01 -7.321978e-01 1.630930e-01
    outer loop
      vertex   -3.214759e+01 1.618981e+01 7.313734e+00
      vertex   -3.202560e+01 1.607284e+01 7.283214e+00
      vertex   -3.205385e+01 1.617788e+01 7.640229e+00
    endloop
  endfacet
  facet normal -6.506192e-01 -7.409257e-01 1.665044e-01
    outer loop
      vertex   -3.205385e+01 1.617788e+01 7.640229e+00
      vertex   -3.202560e+01 1.607284e+01 7.283214e+00
      vertex   -3.193680e+01 1.606085e+01 7.576856e+00
    endloop
  endfacet
  facet normal -7.050849e-01 -7.053370e-01 7.317727e-02
    outer loop
      vertex   -3.217667e+01 1.619448e+01 7.000000e+00
      vertex   -3.201826e+01 1.603613e+01 7.000000e+00
      vertex   -3.202560e+01 1.607284e+01 7.283214e+00
    endloop
  endfacet
  facet normal -7.990510e-01 -5.985647e-01 5.690152e-02
    outer loop
      vertex   -3.202560e+01 1.607284e+01 7.283214e+00
      vertex   -3.201826e+01 1.603613e+01 7.000000e+00
      vertex   -3.192513e+01 1.593616e+01 7.256285e+00
    endloop
  endfacet
  facet normal -7.682200e-01 -6.055924e-01 2.075953e-01
    outer loop
      vertex   -3.202560e+01 1.607284e+01 7.283214e+00
      vertex   -3.192513e+01 1.593616e+01 7.256285e+00
      vertex   -3.193680e+01 1.606085e+01 7.576856e+00
    endloop
  endfacet
  facet normal -7.629862e-01 -6.113447e-01 2.100231e-01
    outer loop
      vertex   -3.193680e+01 1.606085e+01 7.576856e+00
      vertex   -3.192513e+01 1.593616e+01 7.256285e+00
      vertex   -3.184107e+01 1.592234e+01 7.521430e+00
    endloop
  endfacet
  facet normal -8.424453e-01 -5.294935e-01 9.961226e-02
    outer loop
      vertex   -3.201826e+01 1.603613e+01 7.000000e+00
      vertex   -3.189908e+01 1.584649e+01 7.000000e+00
      vertex   -3.192513e+01 1.593616e+01 7.256285e+00
    endloop
  endfacet
  facet normal -8.891722e-01 -4.525032e-01 6.792426e-02
    outer loop
      vertex   -3.192513e+01 1.593616e+01 7.256285e+00
      vertex   -3.189908e+01 1.584649e+01 7.000000e+00
      vertex   -3.184930e+01 1.578378e+01 7.233778e+00
    endloop
  endfacet
  facet normal -8.526917e-01 -4.606983e-01 2.463208e-01
    outer loop
      vertex   -3.192513e+01 1.593616e+01 7.256285e+00
      vertex   -3.184930e+01 1.578378e+01 7.233778e+00
      vertex   -3.184107e+01 1.592234e+01 7.521430e+00
    endloop
  endfacet
  facet normal -8.517230e-01 -4.621329e-01 2.469841e-01
    outer loop
      vertex   -3.184107e+01 1.592234e+01 7.521430e+00
      vertex   -3.184930e+01 1.578378e+01 7.233778e+00
      vertex   -3.176983e+01 1.576665e+01 7.475769e+00
    endloop
  endfacet
  facet normal -9.379581e-01 -3.282864e-01 1.116366e-01
    outer loop
      vertex   -3.189908e+01 1.584649e+01 7.000000e+00
      vertex   -3.182508e+01 1.563509e+01 7.000000e+00
      vertex   -3.184930e+01 1.578378e+01 7.233778e+00
    endloop
  endfacet
  facet normal -9.518751e-01 -2.935504e-01 8.810221e-02
    outer loop
      vertex   -3.184930e+01 1.578378e+01 7.233778e+00
      vertex   -3.182508e+01 1.563509e+01 7.000000e+00
      vertex   -3.180042e+01 1.562006e+01 7.216376e+00
    endloop
  endfacet
  facet normal -9.119061e-01 -3.018131e-01 2.780935e-01
    outer loop
      vertex   -3.184930e+01 1.578378e+01 7.233778e+00
      vertex   -3.180042e+01 1.562006e+01 7.216376e+00
      vertex   -3.176983e+01 1.576665e+01 7.475769e+00
    endloop
  endfacet
  facet normal -9.137575e-01 -2.979786e-01 2.761449e-01
    outer loop
      vertex   -3.176983e+01 1.576665e+01 7.475769e+00
      vertex   -3.180042e+01 1.562006e+01 7.216376e+00
      vertex   -3.172542e+01 1.559855e+01 7.441342e+00
    endloop
  endfacet
  facet normal -9.882274e-01 -1.113720e-01 1.048950e-01
    outer loop
      vertex   -3.182508e+01 1.563509e+01 7.000000e+00
      vertex   -3.180000e+01 1.541252e+01 7.000000e+00
      vertex   -3.180042e+01 1.562006e+01 7.216376e+00
    endloop
  endfacet
  facet normal -9.904525e-01 -1.004489e-01 9.441321e-02
    outer loop
      vertex   -3.180042e+01 1.562006e+01 7.216376e+00
      vertex   -3.180000e+01 1.541252e+01 7.000000e+00
      vertex   -3.178041e+01 1.540319e+01 7.195612e+00
    endloop
  endfacet
  facet normal -9.542651e-01 -1.145097e-01 2.761623e-01
    outer loop
      vertex   -3.180042e+01 1.562006e+01 7.216376e+00
      vertex   -3.178041e+01 1.540319e+01 7.195612e+00
      vertex   -3.172321e+01 1.537973e+01 7.383512e+00
    endloop
  endfacet
  facet normal -9.473256e-01 -9.072940e-02 3.071522e-01
    outer loop
      vertex   -3.180042e+01 1.562006e+01 7.216376e+00
      vertex   -3.172321e+01 1.537973e+01 7.383512e+00
      vertex   -3.172542e+01 1.559855e+01 7.441342e+00
    endloop
  endfacet
  facet normal -8.841481e-01 -1.276888e-01 4.494193e-01
    outer loop
      vertex   -3.172542e+01 1.559855e+01 7.441342e+00
      vertex   -3.172321e+01 1.537973e+01 7.383512e+00
      vertex   -3.163079e+01 1.534889e+01 7.556570e+00
    endloop
  endfacet
  facet normal -7.206364e-01 -9.759261e-02 6.864101e-01
    outer loop
      vertex   -3.160541e+01 1.557224e+01 7.639043e+00
      vertex   -3.150569e+01 1.531944e+01 7.707798e+00
      vertex   -3.145062e+01 1.555357e+01 7.798894e+00
    endloop
  endfacet
  facet normal -6.340370e-01 -1.463322e-01 7.593313e-01
    outer loop
      vertex   -3.145062e+01 1.555357e+01 7.798894e+00
      vertex   -3.150569e+01 1.531944e+01 7.707798e+00
      vertex   -3.135313e+01 1.530248e+01 7.831915e+00
    endloop
  endfacet
  facet normal -5.513014e-01 -1.052228e-01 8.276442e-01
    outer loop
      vertex   -3.145062e+01 1.555357e+01 7.798894e+00
      vertex   -3.135313e+01 1.530248e+01 7.831915e+00
      vertex   -3.127157e+01 1.555389e+01 7.918201e+00
    endloop
  endfacet
  facet normal -4.630023e-01 -1.496491e-01 8.736327e-01
    outer loop
      vertex   -3.127157e+01 1.555389e+01 7.918201e+00
      vertex   -3.135313e+01 1.530248e+01 7.831915e+00
      vertex   -3.117986e+01 1.530706e+01 7.924527e+00
    endloop
  endfacet
  facet normal -4.008758e-01 -1.256972e-01 9.074684e-01
    outer loop
      vertex   -3.127157e+01 1.555389e+01 7.918201e+00
      vertex   -3.117986e+01 1.530706e+01 7.924527e+00
      vertex   -3.117087e+01 1.556496e+01 7.964219e+00
    endloop
  endfacet
  facet normal -2.635068e-01 -1.377622e-01 9.547700e-01
    outer loop
      vertex   -3.117087e+01 1.556496e+01 7.964219e+00
      vertex   -3.117986e+01 1.530706e+01 7.924527e+00
      vertex   -3.099264e+01 1.534219e+01 7.981265e+00
    endloop
  endfacet
  facet normal -4.252264e-01 -2.742012e-01 8.625521e-01
    outer loop
      vertex   -3.117087e+01 1.556496e+01 7.964219e+00
      vertex   -3.099264e+01 1.534219e+01 7.981265e+00
      vertex   -3.116199e+01 1.566375e+01 8.000000e+00
    endloop
  endfacet
  facet normal -6.350698e-02 -9.134824e-02 9.937919e-01
    outer loop
      vertex   -3.116199e+01 1.566375e+01 8.000000e+00
      vertex   -3.099264e+01 1.534219e+01 7.981265e+00
      vertex   -3.080439e+01 1.541514e+01 8.000000e+00
    endloop
  endfacet
  facet normal -5.990105e-02 -1.004850e-01 9.931337e-01
    outer loop
      vertex   -3.080439e+01 1.541514e+01 8.000000e+00
      vertex   -3.099264e+01 1.534219e+01 7.981265e+00
      vertex   -3.080000e+01 1.541252e+01 8.000000e+00
    endloop
  endfacet
  facet normal -3.730161e-01 -4.741316e-01 7.975326e-01
    outer loop
      vertex   -3.149172e+01 1.592316e+01 8.000000e+00
      vertex   -3.130665e+01 1.574075e+01 7.978120e+00
      vertex   -3.116199e+01 1.566375e+01 8.000000e+00
    endloop
  endfacet
  facet normal -3.163602e-01 -3.429959e-01 8.844603e-01
    outer loop
      vertex   -3.116199e+01 1.566375e+01 8.000000e+00
      vertex   -3.130665e+01 1.574075e+01 7.978120e+00
      vertex   -3.127157e+01 1.555389e+01 7.918201e+00
    endloop
  endfacet
  facet normal -3.720001e-01 -2.863752e-01 8.829525e-01
    outer loop
      vertex   -3.116199e+01 1.566375e+01 8.000000e+00
      vertex   -3.127157e+01 1.555389e+01 7.918201e+00
      vertex   -3.117087e+01 1.556496e+01 7.964219e+00
    endloop
  endfacet
  facet normal -4.453173e-01 -6.754050e-01 5.878100e-01
    outer loop
      vertex   -3.185986e+01 1.616588e+01 8.000000e+00
      vertex   -3.154361e+01 1.590089e+01 7.935101e+00
      vertex   -3.149172e+01 1.592316e+01 8.000000e+00
    endloop
  endfacet
  facet normal -5.770880e-01 -5.112803e-01 6.368374e-01
    outer loop
      vertex   -3.149172e+01 1.592316e+01 8.000000e+00
      vertex   -3.154361e+01 1.590089e+01 7.935101e+00
      vertex   -3.148616e+01 1.573524e+01 7.854172e+00
    endloop
  endfacet
  facet normal -4.621769e-01 -5.521646e-01 6.939069e-01
    outer loop
      vertex   -3.149172e+01 1.592316e+01 8.000000e+00
      vertex   -3.148616e+01 1.573524e+01 7.854172e+00
      vertex   -3.130665e+01 1.574075e+01 7.978120e+00
    endloop
  endfacet
  facet normal -5.272358e-01 -3.400765e-01 7.786978e-01
    outer loop
      vertex   -3.130665e+01 1.574075e+01 7.978120e+00
      vertex   -3.148616e+01 1.573524e+01 7.854172e+00
      vertex   -3.145062e+01 1.555357e+01 7.798894e+00
    endloop
  endfacet
  facet normal -5.194652e-01 -3.477899e-01 7.805114e-01
    outer loop
      vertex   -3.130665e+01 1.574075e+01 7.978120e+00
      vertex   -3.145062e+01 1.555357e+01 7.798894e+00
      vertex   -3.127157e+01 1.555389e+01 7.918201e+00
    endloop
  endfacet
  facet normal -3.858410e-01 -8.419452e-01 -3.771670e-01
    outer loop
      vertex   -3.208891e+01 1.627085e+01 8.000000e+00
      vertex   -3.198268e+01 1.622519e+01 7.993244e+00
      vertex   -3.185986e+01 1.616588e+01 8.000000e+00
    endloop
  endfacet
  facet normal -4.304135e-01 -8.600880e-01 2.738482e-01
    outer loop
      vertex   -3.185986e+01 1.616588e+01 8.000000e+00
      vertex   -3.198268e+01 1.622519e+01 7.993244e+00
      vertex   -3.190480e+01 1.616534e+01 7.927665e+00
    endloop
  endfacet
  facet normal -5.379460e-01 -7.713764e-01 3.399891e-01
    outer loop
      vertex   -3.185986e+01 1.616588e+01 8.000000e+00
      vertex   -3.190480e+01 1.616534e+01 7.927665e+00
      vertex   -3.179680e+01 1.604844e+01 7.833313e+00
    endloop
  endfacet
  facet normal -4.433290e-01 -8.928001e-01 7.979633e-02
    outer loop
      vertex   -3.228225e+01 1.631343e+01 7.756055e+00
      vertex   -3.238466e+01 1.632970e+01 7.369140e+00
      vertex   -3.223515e+01 1.625238e+01 7.334686e+00
    endloop
  endfacet
  facet normal -5.418882e-01 -8.310722e-01 1.252050e-01
    outer loop
      vertex   -3.205385e+01 1.617788e+01 7.640229e+00
      vertex   -3.213814e+01 1.623943e+01 7.683946e+00
      vertex   -3.214759e+01 1.618981e+01 7.313734e+00
    endloop
  endfacet
  facet normal -5.570064e-01 -8.211594e-01 1.242622e-01
    outer loop
      vertex   -3.214759e+01 1.618981e+01 7.313734e+00
      vertex   -3.213814e+01 1.623943e+01 7.683946e+00
      vertex   -3.223515e+01 1.625238e+01 7.334686e+00
    endloop
  endfacet
  facet normal -4.217439e-01 -9.028468e-01 8.366459e-02
    outer loop
      vertex   -3.213814e+01 1.623943e+01 7.683946e+00
      vertex   -3.228225e+01 1.631343e+01 7.756055e+00
      vertex   -3.223515e+01 1.625238e+01 7.334686e+00
    endloop
  endfacet
  facet normal -6.971160e-01 -3.300326e-01 6.364808e-01
    outer loop
      vertex   -3.145062e+01 1.555357e+01 7.798894e+00
      vertex   -3.148616e+01 1.573524e+01 7.854172e+00
      vertex   -3.160541e+01 1.557224e+01 7.639043e+00
    endloop
  endfacet
  facet normal -6.984080e-01 -3.283597e-01 6.359294e-01
    outer loop
      vertex   -3.160541e+01 1.557224e+01 7.639043e+00
      vertex   -3.148616e+01 1.573524e+01 7.854172e+00
      vertex   -3.164437e+01 1.574683e+01 7.686401e+00
    endloop
  endfacet
  facet normal -6.454129e-01 -5.041788e-01 5.737996e-01
    outer loop
      vertex   -3.148616e+01 1.573524e+01 7.854172e+00
      vertex   -3.154361e+01 1.590089e+01 7.935101e+00
      vertex   -3.164437e+01 1.574683e+01 7.686401e+00
    endloop
  endfacet
  facet normal -6.531420e-01 -4.962116e-01 5.719961e-01
    outer loop
      vertex   -3.164437e+01 1.574683e+01 7.686401e+00
      vertex   -3.154361e+01 1.590089e+01 7.935101e+00
      vertex   -3.170894e+01 1.590734e+01 7.751921e+00
    endloop
  endfacet
  facet normal -5.695952e-01 -7.577438e-01 3.184111e-01
    outer loop
      vertex   -3.185986e+01 1.616588e+01 8.000000e+00
      vertex   -3.179680e+01 1.604844e+01 7.833313e+00
      vertex   -3.154361e+01 1.590089e+01 7.935101e+00
    endloop
  endfacet
  facet normal -5.772963e-01 -6.469129e-01 4.982296e-01
    outer loop
      vertex   -3.154361e+01 1.590089e+01 7.935101e+00
      vertex   -3.179680e+01 1.604844e+01 7.833313e+00
      vertex   -3.170894e+01 1.590734e+01 7.751921e+00
    endloop
  endfacet
  facet normal -3.300140e-01 -9.439761e-01 5.589461e-16
    outer loop
      vertex   -3.257778e+01 1.638751e+01 7.000000e+00
      vertex   -3.257778e+01 1.638751e+01 1.000000e+00
      vertex   -3.236635e+01 1.631360e+01 4.000000e+00
    endloop
  endfacet
  facet normal -3.300140e-01 -9.439761e-01 7.816301e-16
    outer loop
      vertex   -3.236635e+01 1.631360e+01 4.000000e+00
      vertex   -3.257778e+01 1.638751e+01 1.000000e+00
      vertex   -3.236635e+01 1.631360e+01 1.000000e+00
    endloop
  endfacet
  facet normal -5.318375e-01 -8.468464e-01 1.259644e-15
    outer loop
      vertex   -3.236635e+01 1.631360e+01 4.000000e+00
      vertex   -3.236635e+01 1.631360e+01 1.000000e+00
      vertex   -3.217667e+01 1.619448e+01 4.000000e+00
    endloop
  endfacet
  facet normal -5.318375e-01 -8.468464e-01 1.259644e-15
    outer loop
      vertex   -3.217667e+01 1.619448e+01 4.000000e+00
      vertex   -3.236635e+01 1.631360e+01 1.000000e+00
      vertex   -3.217667e+01 1.619448e+01 1.000000e+00
    endloop
  endfacet
  facet normal -7.069804e-01 -7.072331e-01 1.674466e-15
    outer loop
      vertex   -3.217667e+01 1.619448e+01 4.000000e+00
      vertex   -3.217667e+01 1.619448e+01 1.000000e+00
      vertex   -3.201826e+01 1.603613e+01 4.000000e+00
    endloop
  endfacet
  facet normal -7.069804e-01 -7.072331e-01 -0.000000e+00
    outer loop
      vertex   -3.201826e+01 1.603613e+01 4.000000e+00
      vertex   -3.217667e+01 1.619448e+01 1.000000e+00
      vertex   -3.201826e+01 1.603613e+01 1.000000e+00
    endloop
  endfacet
  facet normal -8.466563e-01 -5.321402e-01 -0.000000e+00
    outer loop
      vertex   -3.201826e+01 1.603613e+01 4.000000e+00
      vertex   -3.201826e+01 1.603613e+01 1.000000e+00
      vertex   -3.189908e+01 1.584649e+01 4.000000e+00
    endloop
  endfacet
  facet normal -8.466563e-01 -5.321402e-01 2.320375e-15
    outer loop
      vertex   -3.189908e+01 1.584649e+01 4.000000e+00
      vertex   -3.201826e+01 1.603613e+01 1.000000e+00
      vertex   -3.189908e+01 1.584649e+01 1.000000e+00
    endloop
  endfacet
  facet normal -9.438580e-01 -3.303514e-01 2.431112e-15
    outer loop
      vertex   -3.189908e+01 1.584649e+01 4.000000e+00
      vertex   -3.189908e+01 1.584649e+01 1.000000e+00
      vertex   -3.182508e+01 1.563509e+01 4.000000e+00
    endloop
  endfacet
  facet normal -9.438580e-01 -3.303514e-01 -0.000000e+00
    outer loop
      vertex   -3.182508e+01 1.563509e+01 4.000000e+00
      vertex   -3.189908e+01 1.584649e+01 1.000000e+00
      vertex   -3.182508e+01 1.563509e+01 1.000000e+00
    endloop
  endfacet
  facet normal -9.937094e-01 -1.119898e-01 -0.000000e+00
    outer loop
      vertex   -3.182508e+01 1.563509e+01 4.000000e+00
      vertex   -3.182508e+01 1.563509e+01 1.000000e+00
      vertex   -3.180000e+01 1.541252e+01 1.000000e+00
    endloop
  endfacet
  facet normal -9.937094e-01 -1.119898e-01 5.883941e-16
    outer loop
      vertex   -3.180000e+01 1.541252e+01 1.000000e+00
      vertex   -3.180000e+01 1.541252e+01 7.000000e+00
      vertex   -3.182508e+01 1.563509e+01 4.000000e+00
    endloop
  endfacet
  facet normal -9.937094e-01 -1.119898e-01 6.631131e-17
    outer loop
      vertex   -3.182508e+01 1.563509e+01 4.000000e+00
      vertex   -3.180000e+01 1.541252e+01 7.000000e+00
      vertex   -3.182508e+01 1.563509e+01 7.000000e+00
    endloop
  endfacet
  facet normal -9.438580e-01 -3.303514e-01 1.956073e-16
    outer loop
      vertex   -3.182508e+01 1.563509e+01 4.000000e+00
      vertex   -3.182508e+01 1.563509e+01 7.000000e+00
      vertex   -3.189908e+01 1.584649e+01 4.000000e+00
    endloop
  endfacet
  facet normal -9.438580e-01 -3.303514e-01 0.000000e+00
    outer loop
      vertex   -3.189908e+01 1.584649e+01 4.000000e+00
      vertex   -3.182508e+01 1.563509e+01 7.000000e+00
      vertex   -3.189908e+01 1.584649e+01 7.000000e+00
    endloop
  endfacet
  facet normal -8.466563e-01 -5.321402e-01 0.000000e+00
    outer loop
      vertex   -3.189908e+01 1.584649e+01 4.000000e+00
      vertex   -3.189908e+01 1.584649e+01 7.000000e+00
      vertex   -3.201826e+01 1.603613e+01 4.000000e+00
    endloop
  endfacet
  facet normal -8.466563e-01 -5.321402e-01 2.005285e-15
    outer loop
      vertex   -3.201826e+01 1.603613e+01 4.000000e+00
      vertex   -3.189908e+01 1.584649e+01 7.000000e+00
      vertex   -3.201826e+01 1.603613e+01 7.000000e+00
    endloop
  endfacet
  facet normal -7.069804e-01 -7.072331e-01 1.674466e-15
    outer loop
      vertex   -3.201826e+01 1.603613e+01 4.000000e+00
      vertex   -3.201826e+01 1.603613e+01 7.000000e+00
      vertex   -3.217667e+01 1.619448e+01 4.000000e+00
    endloop
  endfacet
  facet normal -7.069804e-01 -7.072331e-01 0.000000e+00
    outer loop
      vertex   -3.217667e+01 1.619448e+01 4.000000e+00
      vertex   -3.201826e+01 1.603613e+01 7.000000e+00
      vertex   -3.217667e+01 1.619448e+01 7.000000e+00
    endloop
  endfacet
  facet normal -5.318375e-01 -8.468464e-01 0.000000e+00
    outer loop
      vertex   -3.217667e+01 1.619448e+01 4.000000e+00
      vertex   -3.217667e+01 1.619448e+01 7.000000e+00
      vertex   -3.236635e+01 1.631360e+01 4.000000e+00
    endloop
  endfacet
  facet normal -5.318375e-01 -8.468464e-01 0.000000e+00
    outer loop
      vertex   -3.236635e+01 1.631360e+01 4.000000e+00
      vertex   -3.217667e+01 1.619448e+01 7.000000e+00
      vertex   -3.236635e+01 1.631360e+01 7.000000e+00
    endloop
  endfacet
  facet normal -3.300140e-01 -9.439761e-01 0.000000e+00
    outer loop
      vertex   -3.236635e+01 1.631360e+01 4.000000e+00
      vertex   -3.236635e+01 1.631360e+01 7.000000e+00
      vertex   -3.257778e+01 1.638751e+01 7.000000e+00
    endloop
  endfacet
  facet normal -2.537071e-01 -9.667741e-01 -3.131229e-02
    outer loop
      vertex   -3.245922e+01 1.636261e+01 2.342848e-01
      vertex   -3.236937e+01 1.634662e+01 1.373554e-13
      vertex   -3.223502e+01 1.630730e+01 1.255053e-01
    endloop
  endfacet
  facet normal -2.607470e-01 -9.651269e-01 -2.326021e-02
    outer loop
      vertex   -3.223502e+01 1.630730e+01 1.255053e-01
      vertex   -3.236937e+01 1.634662e+01 1.373554e-13
      vertex   -3.208891e+01 1.627085e+01 -1.510330e-15
    endloop
  endfacet
  facet normal -3.703413e-01 -9.139978e-01 -1.656965e-01
    outer loop
      vertex   -3.223502e+01 1.630730e+01 1.255053e-01
      vertex   -3.208891e+01 1.627085e+01 -1.510330e-15
      vertex   -3.209397e+01 1.623491e+01 2.095649e-01
    endloop
  endfacet
  facet normal -4.109875e-01 -8.968174e-01 -1.637308e-01
    outer loop
      vertex   -3.209397e+01 1.623491e+01 2.095649e-01
      vertex   -3.208891e+01 1.627085e+01 -1.510330e-15
      vertex   -3.185986e+01 1.616588e+01 -1.214385e-15
    endloop
  endfacet
  facet normal -4.719723e-01 -8.458206e-01 -2.486559e-01
    outer loop
      vertex   -3.209397e+01 1.623491e+01 2.095649e-01
      vertex   -3.185986e+01 1.616588e+01 -1.214385e-15
      vertex   -3.201115e+01 1.617367e+01 2.606670e-01
    endloop
  endfacet
  facet normal -5.574189e-01 -7.739814e-01 -3.003947e-01
    outer loop
      vertex   -3.201115e+01 1.617367e+01 2.606670e-01
      vertex   -3.185986e+01 1.616588e+01 -1.214385e-15
      vertex   -3.174709e+01 1.604598e+01 9.967274e-02
    endloop
  endfacet
  facet normal -5.650056e-01 -7.582457e-01 -3.253185e-01
    outer loop
      vertex   -3.201115e+01 1.617367e+01 2.606670e-01
      vertex   -3.174709e+01 1.604598e+01 9.967274e-02
      vertex   -3.189667e+01 1.605678e+01 3.343036e-01
    endloop
  endfacet
  facet normal -6.608106e-01 -6.401556e-01 -3.918292e-01
    outer loop
      vertex   -3.189667e+01 1.605678e+01 3.343036e-01
      vertex   -3.174709e+01 1.604598e+01 9.967274e-02
      vertex   -3.166218e+01 1.590423e+01 1.880631e-01
    endloop
  endfacet
  facet normal -6.623416e-01 -6.311435e-01 -4.036849e-01
    outer loop
      vertex   -3.189667e+01 1.605678e+01 3.343036e-01
      vertex   -3.166218e+01 1.590423e+01 1.880631e-01
      vertex   -3.180322e+01 1.591765e+01 3.984861e-01
    endloop
  endfacet
  facet normal -7.394470e-01 -4.872533e-01 -4.645454e-01
    outer loop
      vertex   -3.180322e+01 1.591765e+01 3.984861e-01
      vertex   -3.166218e+01 1.590423e+01 1.880631e-01
      vertex   -3.159983e+01 1.574232e+01 2.586452e-01
    endloop
  endfacet
  facet normal -7.391753e-01 -4.833978e-01 -4.689845e-01
    outer loop
      vertex   -3.180322e+01 1.591765e+01 3.984861e-01
      vertex   -3.159983e+01 1.574232e+01 2.586452e-01
      vertex   -3.173396e+01 1.576074e+01 4.510630e-01
    endloop
  endfacet
  facet normal -7.920725e-01 -3.167515e-01 -5.218139e-01
    outer loop
      vertex   -3.173396e+01 1.576074e+01 4.510630e-01
      vertex   -3.159983e+01 1.574232e+01 2.586452e-01
      vertex   -3.156232e+01 1.556576e+01 3.088815e-01
    endloop
  endfacet
  facet normal -7.928508e-01 -3.195474e-01 -5.189192e-01
    outer loop
      vertex   -3.173396e+01 1.576074e+01 4.510630e-01
      vertex   -3.156232e+01 1.556576e+01 3.088815e-01
      vertex   -3.169122e+01 1.559095e+01 4.903080e-01
    endloop
  endfacet
  facet normal -8.177078e-01 -9.422929e-02 -5.678687e-01
    outer loop
      vertex   -3.169122e+01 1.559095e+01 4.903080e-01
      vertex   -3.156232e+01 1.556576e+01 3.088815e-01
      vertex   -3.163078e+01 1.534889e+01 4.434399e-01
    endloop
  endfacet
  facet normal -8.833880e-01 -1.336078e-01 -4.491932e-01
    outer loop
      vertex   -3.169122e+01 1.559095e+01 4.903080e-01
      vertex   -3.163078e+01 1.534889e+01 4.434399e-01
      vertex   -3.172345e+01 1.538037e+01 6.163250e-01
    endloop
  endfacet
  facet normal -5.142970e-01 -7.800253e-01 -3.564534e-01
    outer loop
      vertex   -3.185986e+01 1.616588e+01 -1.214385e-15
      vertex   -3.149172e+01 1.592316e+01 -4.768002e-16
      vertex   -3.174709e+01 1.604598e+01 9.967274e-02
    endloop
  endfacet
  facet normal -5.265564e-01 -6.540571e-01 -5.430909e-01
    outer loop
      vertex   -3.174709e+01 1.604598e+01 9.967274e-02
      vertex   -3.149172e+01 1.592316e+01 -4.768002e-16
      vertex   -3.166218e+01 1.590423e+01 1.880631e-01
    endloop
  endfacet
  facet normal -3.675901e-01 -4.672349e-01 -8.040952e-01
    outer loop
      vertex   -3.116199e+01 1.566375e+01 -1.929061e-16
      vertex   -3.130986e+01 1.574033e+01 2.309807e-02
      vertex   -3.149172e+01 1.592316e+01 -4.768002e-16
    endloop
  endfacet
  facet normal -5.150488e-01 -5.907877e-01 -6.210431e-01
    outer loop
      vertex   -3.149172e+01 1.592316e+01 -4.768002e-16
      vertex   -3.130986e+01 1.574033e+01 2.309807e-02
      vertex   -3.149319e+01 1.590101e+01 2.228055e-02
    endloop
  endfacet
  facet normal -5.884541e-01 -5.537867e-01 -5.891028e-01
    outer loop
      vertex   -3.149172e+01 1.592316e+01 -4.768002e-16
      vertex   -3.149319e+01 1.590101e+01 2.228055e-02
      vertex   -3.166218e+01 1.590423e+01 1.880631e-01
    endloop
  endfacet
  facet normal -6.073822e-01 -5.098046e-01 -6.092505e-01
    outer loop
      vertex   -3.166218e+01 1.590423e+01 1.880631e-01
      vertex   -3.149319e+01 1.590101e+01 2.228055e-02
      vertex   -3.143799e+01 1.573431e+01 1.067482e-01
    endloop
  endfacet
  facet normal -6.048456e-01 -5.022952e-01 -6.179493e-01
    outer loop
      vertex   -3.166218e+01 1.590423e+01 1.880631e-01
      vertex   -3.143799e+01 1.573431e+01 1.067482e-01
      vertex   -3.159983e+01 1.574232e+01 2.586452e-01
    endloop
  endfacet
  facet normal -6.537973e-01 -3.339633e-01 -6.789828e-01
    outer loop
      vertex   -3.159983e+01 1.574232e+01 2.586452e-01
      vertex   -3.143799e+01 1.573431e+01 1.067482e-01
      vertex   -3.140362e+01 1.555110e+01 1.637572e-01
    endloop
  endfacet
  facet normal -6.529921e-01 -3.323641e-01 -6.805405e-01
    outer loop
      vertex   -3.159983e+01 1.574232e+01 2.586452e-01
      vertex   -3.140362e+01 1.555110e+01 1.637572e-01
      vertex   -3.156232e+01 1.556576e+01 3.088815e-01
    endloop
  endfacet
  facet normal -6.763782e-01 -1.040231e-01 -7.291720e-01
    outer loop
      vertex   -3.156232e+01 1.556576e+01 3.088815e-01
      vertex   -3.140362e+01 1.555110e+01 1.637572e-01
      vertex   -3.150609e+01 1.531892e+01 2.919352e-01
    endloop
  endfacet
  facet normal -7.780042e-01 -1.351115e-01 -6.135588e-01
    outer loop
      vertex   -3.156232e+01 1.556576e+01 3.088815e-01
      vertex   -3.150609e+01 1.531892e+01 2.919352e-01
      vertex   -3.163078e+01 1.534889e+01 4.434399e-01
    endloop
  endfacet
  facet normal -2.004034e-01 -2.882597e-01 -9.363465e-01
    outer loop
      vertex   -3.080439e+01 1.541514e+01 1.657447e-35
      vertex   -3.113960e+01 1.557097e+01 2.376949e-02
      vertex   -3.116199e+01 1.566375e+01 -1.929061e-16
    endloop
  endfacet
  facet normal -3.478347e-01 -3.105855e-01 -8.846172e-01
    outer loop
      vertex   -3.116199e+01 1.566375e+01 -1.929061e-16
      vertex   -3.113960e+01 1.557097e+01 2.376949e-02
      vertex   -3.127527e+01 1.555376e+01 8.315882e-02
    endloop
  endfacet
  facet normal -3.159640e-01 -3.433077e-01 -8.844810e-01
    outer loop
      vertex   -3.116199e+01 1.566375e+01 -1.929061e-16
      vertex   -3.127527e+01 1.555376e+01 8.315882e-02
      vertex   -3.130986e+01 1.574033e+01 2.309807e-02
    endloop
  endfacet
  facet normal -5.009796e-01 -3.479714e-01 -7.924237e-01
    outer loop
      vertex   -3.130986e+01 1.574033e+01 2.309807e-02
      vertex   -3.127527e+01 1.555376e+01 8.315882e-02
      vertex   -3.143799e+01 1.573431e+01 1.067482e-01
    endloop
  endfacet
  facet normal -4.505141e-01 -5.176997e-01 -7.273404e-01
    outer loop
      vertex   -3.130986e+01 1.574033e+01 2.309807e-02
      vertex   -3.143799e+01 1.573431e+01 1.067482e-01
      vertex   -3.149319e+01 1.590101e+01 2.228055e-02
    endloop
  endfacet
  facet normal -6.005680e-02 -1.007472e-01 -9.930978e-01
    outer loop
      vertex   -3.080000e+01 1.541252e+01 1.688645e-16
      vertex   -3.099263e+01 1.534227e+01 1.877597e-02
      vertex   -3.080439e+01 1.541514e+01 1.657447e-35
    endloop
  endfacet
  facet normal -8.627122e-02 -3.370083e-02 -9.957015e-01
    outer loop
      vertex   -3.080439e+01 1.541514e+01 1.657447e-35
      vertex   -3.099263e+01 1.534227e+01 1.877597e-02
      vertex   -3.113960e+01 1.557097e+01 2.376949e-02
    endloop
  endfacet
  facet normal -2.605970e-01 -1.466337e-01 -9.542472e-01
    outer loop
      vertex   -3.099263e+01 1.534227e+01 1.877597e-02
      vertex   -3.118009e+01 1.530693e+01 7.540031e-02
      vertex   -3.113960e+01 1.557097e+01 2.376949e-02
    endloop
  endfacet
  facet normal -3.853218e-01 -1.198289e-01 -9.149689e-01
    outer loop
      vertex   -3.113960e+01 1.557097e+01 2.376949e-02
      vertex   -3.118009e+01 1.530693e+01 7.540031e-02
      vertex   -3.127527e+01 1.555376e+01 8.315882e-02
    endloop
  endfacet
  facet normal -4.592935e-01 -1.495915e-01 -8.755980e-01
    outer loop
      vertex   -3.118009e+01 1.530693e+01 7.540031e-02
      vertex   -3.135392e+01 1.530142e+01 1.675253e-01
      vertex   -3.127527e+01 1.555376e+01 8.315882e-02
    endloop
  endfacet
  facet normal -5.263987e-01 -1.174714e-01 -8.420836e-01
    outer loop
      vertex   -3.127527e+01 1.555376e+01 8.315882e-02
      vertex   -3.135392e+01 1.530142e+01 1.675253e-01
      vertex   -3.140362e+01 1.555110e+01 1.637572e-01
    endloop
  endfacet
  facet normal -4.947722e-01 -3.415035e-01 -7.991094e-01
    outer loop
      vertex   -3.127527e+01 1.555376e+01 8.315882e-02
      vertex   -3.140362e+01 1.555110e+01 1.637572e-01
      vertex   -3.143799e+01 1.573431e+01 1.067482e-01
    endloop
  endfacet
  facet normal -6.363712e-01 -1.381028e-01 -7.589198e-01
    outer loop
      vertex   -3.135392e+01 1.530142e+01 1.675253e-01
      vertex   -3.150609e+01 1.531892e+01 2.919352e-01
      vertex   -3.140362e+01 1.555110e+01 1.637572e-01
    endloop
  endfacet
  facet normal -9.214405e-01 -8.574169e-02 -3.789403e-01
    outer loop
      vertex   -3.169122e+01 1.559095e+01 4.903080e-01
      vertex   -3.172345e+01 1.538037e+01 6.163250e-01
      vertex   -3.178020e+01 1.561491e+01 7.012659e-01
    endloop
  endfacet
  facet normal -9.528124e-01 -1.314806e-01 -2.736082e-01
    outer loop
      vertex   -3.178020e+01 1.561491e+01 7.012659e-01
      vertex   -3.172345e+01 1.538037e+01 6.163250e-01
      vertex   -3.178065e+01 1.540388e+01 8.042321e-01
    endloop
  endfacet
  facet normal -9.817215e-01 -8.177549e-02 -1.718596e-01
    outer loop
      vertex   -3.178020e+01 1.561491e+01 7.012659e-01
      vertex   -3.178065e+01 1.540388e+01 8.042321e-01
      vertex   -3.182141e+01 1.562780e+01 9.305413e-01
    endloop
  endfacet
  facet normal -9.875145e-01 -1.278999e-01 -9.196068e-02
    outer loop
      vertex   -3.182141e+01 1.562780e+01 9.305413e-01
      vertex   -3.178065e+01 1.540388e+01 8.042321e-01
      vertex   -3.180000e+01 1.541252e+01 1.000000e+00
    endloop
  endfacet
  facet normal -9.928857e-01 -1.118970e-01 -4.070625e-02
    outer loop
      vertex   -3.182141e+01 1.562780e+01 9.305413e-01
      vertex   -3.180000e+01 1.541252e+01 1.000000e+00
      vertex   -3.182508e+01 1.563509e+01 1.000000e+00
    endloop
  endfacet
  facet normal -9.546252e-01 -2.971884e-01 -1.922866e-02
    outer loop
      vertex   -3.182141e+01 1.562780e+01 9.305413e-01
      vertex   -3.182508e+01 1.563509e+01 1.000000e+00
      vertex   -3.187181e+01 1.579003e+01 9.248831e-01
    endloop
  endfacet
  facet normal -9.396865e-01 -3.288913e-01 -9.391339e-02
    outer loop
      vertex   -3.187181e+01 1.579003e+01 9.248831e-01
      vertex   -3.182508e+01 1.563509e+01 1.000000e+00
      vertex   -3.189908e+01 1.584649e+01 1.000000e+00
    endloop
  endfacet
  facet normal -8.908846e-01 -4.538826e-01 1.775529e-02
    outer loop
      vertex   -3.187181e+01 1.579003e+01 9.248831e-01
      vertex   -3.189908e+01 1.584649e+01 1.000000e+00
      vertex   -3.194900e+01 1.594126e+01 9.176479e-01
    endloop
  endfacet
  facet normal -8.425283e-01 -5.295457e-01 -9.862744e-02
    outer loop
      vertex   -3.194900e+01 1.594126e+01 9.176479e-01
      vertex   -3.189908e+01 1.584649e+01 1.000000e+00
      vertex   -3.201826e+01 1.603613e+01 1.000000e+00
    endloop
  endfacet
  facet normal -8.011885e-01 -5.982177e-01 1.525182e-02
    outer loop
      vertex   -3.194900e+01 1.594126e+01 9.176479e-01
      vertex   -3.201826e+01 1.603613e+01 1.000000e+00
      vertex   -3.205068e+01 1.607722e+01 9.090481e-01
    endloop
  endfacet
  facet normal -7.053712e-01 -7.056234e-01 -6.743165e-02
    outer loop
      vertex   -3.205068e+01 1.607722e+01 9.090481e-01
      vertex   -3.201826e+01 1.603613e+01 1.000000e+00
      vertex   -3.217667e+01 1.619448e+01 1.000000e+00
    endloop
  endfacet
  facet normal -6.875476e-01 -7.259510e-01 -1.653637e-02
    outer loop
      vertex   -3.205068e+01 1.607722e+01 9.090481e-01
      vertex   -3.217667e+01 1.619448e+01 1.000000e+00
      vertex   -3.217377e+01 1.619403e+01 8.993414e-01
    endloop
  endfacet
  facet normal -5.789438e-01 -8.152636e-01 -1.301077e-02
    outer loop
      vertex   -3.217377e+01 1.619403e+01 8.993414e-01
      vertex   -3.217667e+01 1.619448e+01 1.000000e+00
      vertex   -3.226236e+01 1.625704e+01 8.926654e-01
    endloop
  endfacet
  facet normal -5.746306e-01 -8.153347e-01 -7.091581e-02
    outer loop
      vertex   -3.217377e+01 1.619403e+01 8.993414e-01
      vertex   -3.226236e+01 1.625704e+01 8.926654e-01
      vertex   -3.212217e+01 1.618657e+01 5.669407e-01
    endloop
  endfacet
  facet normal -5.674338e-01 -8.207168e-01 -6.665385e-02
    outer loop
      vertex   -3.212217e+01 1.618657e+01 5.669407e-01
      vertex   -3.226236e+01 1.625704e+01 8.926654e-01
      vertex   -3.220910e+01 1.624904e+01 5.378292e-01
    endloop
  endfacet
  facet normal -5.398468e-01 -8.262436e-01 -1.608943e-01
    outer loop
      vertex   -3.212217e+01 1.618657e+01 5.669407e-01
      vertex   -3.220910e+01 1.624904e+01 5.378292e-01
      vertex   -3.201115e+01 1.617367e+01 2.606670e-01
    endloop
  endfacet
  facet normal -5.269152e-01 -8.367926e-01 -1.487900e-01
    outer loop
      vertex   -3.201115e+01 1.617367e+01 2.606670e-01
      vertex   -3.220910e+01 1.624904e+01 5.378292e-01
      vertex   -3.209397e+01 1.623491e+01 2.095649e-01
    endloop
  endfacet
  facet normal -5.305750e-01 -8.448361e-01 -6.886346e-02
    outer loop
      vertex   -3.217667e+01 1.619448e+01 1.000000e+00
      vertex   -3.236635e+01 1.631360e+01 1.000000e+00
      vertex   -3.226236e+01 1.625704e+01 8.926654e-01
    endloop
  endfacet
  facet normal -4.617136e-01 -8.868044e-01 1.996333e-02
    outer loop
      vertex   -3.226236e+01 1.625704e+01 8.926654e-01
      vertex   -3.236635e+01 1.631360e+01 1.000000e+00
      vertex   -3.241293e+01 1.633519e+01 8.817449e-01
    endloop
  endfacet
  facet normal -4.573406e-01 -8.879619e-01 -4.861248e-02
    outer loop
      vertex   -3.226236e+01 1.625704e+01 8.926654e-01
      vertex   -3.241293e+01 1.633519e+01 8.817449e-01
      vertex   -3.220910e+01 1.624904e+01 5.378292e-01
    endloop
  endfacet
  facet normal -4.476182e-01 -8.932602e-01 -4.152312e-02
    outer loop
      vertex   -3.220910e+01 1.624904e+01 5.378292e-01
      vertex   -3.241293e+01 1.633519e+01 8.817449e-01
      vertex   -3.235700e+01 1.632537e+01 4.901220e-01
    endloop
  endfacet
  facet normal -4.272137e-01 -8.972841e-01 -1.112191e-01
    outer loop
      vertex   -3.220910e+01 1.624904e+01 5.378292e-01
      vertex   -3.235700e+01 1.632537e+01 4.901220e-01
      vertex   -3.209397e+01 1.623491e+01 2.095649e-01
    endloop
  endfacet
  facet normal -4.105210e-01 -9.071590e-01 -9.238514e-02
    outer loop
      vertex   -3.209397e+01 1.623491e+01 2.095649e-01
      vertex   -3.235700e+01 1.632537e+01 4.901220e-01
      vertex   -3.223502e+01 1.630730e+01 1.255053e-01
    endloop
  endfacet
  facet normal -3.297184e-01 -9.431306e-01 -4.231276e-02
    outer loop
      vertex   -3.236635e+01 1.631360e+01 1.000000e+00
      vertex   -3.257778e+01 1.638751e+01 1.000000e+00
      vertex   -3.241293e+01 1.633519e+01 8.817449e-01
    endloop
  endfacet
  facet normal -3.055332e-01 -9.521703e-01 -4.597968e-03
    outer loop
      vertex   -3.241293e+01 1.633519e+01 8.817449e-01
      vertex   -3.257778e+01 1.638751e+01 1.000000e+00
      vertex   -3.256443e+01 1.638449e+01 7.385821e-01
    endloop
  endfacet
  facet normal -2.939798e-01 -9.556418e-01 -1.801984e-02
    outer loop
      vertex   -3.241293e+01 1.633519e+01 8.817449e-01
      vertex   -3.256443e+01 1.638449e+01 7.385821e-01
      vertex   -3.235700e+01 1.632537e+01 4.901220e-01
    endloop
  endfacet
  facet normal -2.876080e-01 -9.576703e-01 -1.221776e-02
    outer loop
      vertex   -3.235700e+01 1.632537e+01 4.901220e-01
      vertex   -3.256443e+01 1.638449e+01 7.385821e-01
      vertex   -3.252465e+01 1.637582e+01 4.818462e-01
    endloop
  endfacet
  facet normal -2.869738e-01 -9.576186e-01 -2.475139e-02
    outer loop
      vertex   -3.235700e+01 1.632537e+01 4.901220e-01
      vertex   -3.252465e+01 1.637582e+01 4.818462e-01
      vertex   -3.245922e+01 1.636261e+01 2.342848e-01
    endloop
  endfacet
  facet normal -2.567094e-01 -9.657403e-01 -3.802596e-02
    outer loop
      vertex   -3.235700e+01 1.632537e+01 4.901220e-01
      vertex   -3.245922e+01 1.636261e+01 2.342848e-01
      vertex   -3.223502e+01 1.630730e+01 1.255053e-01
    endloop
  endfacet
  facet normal -8.887520e-01 -3.032099e-01 -3.437784e-01
    outer loop
      vertex   -3.173396e+01 1.576074e+01 4.510630e-01
      vertex   -3.169122e+01 1.559095e+01 4.903080e-01
      vertex   -3.182793e+01 1.577960e+01 6.773584e-01
    endloop
  endfacet
  facet normal -8.888835e-01 -3.069742e-01 -3.400780e-01
    outer loop
      vertex   -3.182793e+01 1.577960e+01 6.773584e-01
      vertex   -3.169122e+01 1.559095e+01 4.903080e-01
      vertex   -3.178020e+01 1.561491e+01 7.012659e-01
    endloop
  endfacet
  facet normal -9.426975e-01 -2.956497e-01 -1.546370e-01
    outer loop
      vertex   -3.182793e+01 1.577960e+01 6.773584e-01
      vertex   -3.178020e+01 1.561491e+01 7.012659e-01
      vertex   -3.187181e+01 1.579003e+01 9.248831e-01
    endloop
  endfacet
  facet normal -9.422836e-01 -2.980072e-01 -1.526212e-01
    outer loop
      vertex   -3.187181e+01 1.579003e+01 9.248831e-01
      vertex   -3.178020e+01 1.561491e+01 7.012659e-01
      vertex   -3.182141e+01 1.562780e+01 9.305413e-01
    endloop
  endfacet
  facet normal -8.297369e-01 -4.680928e-01 -3.040161e-01
    outer loop
      vertex   -3.180322e+01 1.591765e+01 3.984861e-01
      vertex   -3.173396e+01 1.576074e+01 4.510630e-01
      vertex   -3.190251e+01 1.593269e+01 6.463355e-01
    endloop
  endfacet
  facet normal -8.300506e-01 -4.663674e-01 -3.058061e-01
    outer loop
      vertex   -3.190251e+01 1.593269e+01 6.463355e-01
      vertex   -3.173396e+01 1.576074e+01 4.510630e-01
      vertex   -3.182793e+01 1.577960e+01 6.773584e-01
    endloop
  endfacet
  facet normal -8.794477e-01 -4.560750e-01 -1.362618e-01
    outer loop
      vertex   -3.190251e+01 1.593269e+01 6.463355e-01
      vertex   -3.182793e+01 1.577960e+01 6.773584e-01
      vertex   -3.194900e+01 1.594126e+01 9.176479e-01
    endloop
  endfacet
  facet normal -8.796529e-01 -4.555404e-01 -1.367249e-01
    outer loop
      vertex   -3.194900e+01 1.594126e+01 9.176479e-01
      vertex   -3.182793e+01 1.577960e+01 6.773584e-01
      vertex   -3.187181e+01 1.579003e+01 9.248831e-01
    endloop
  endfacet
  facet normal -6.347499e-01 -7.467488e-01 -1.986424e-01
    outer loop
      vertex   -3.212217e+01 1.618657e+01 5.669407e-01
      vertex   -3.201115e+01 1.617367e+01 2.606670e-01
      vertex   -3.189667e+01 1.605678e+01 3.343036e-01
    endloop
  endfacet
  facet normal -7.440550e-01 -6.174926e-01 -2.551177e-01
    outer loop
      vertex   -3.189667e+01 1.605678e+01 3.343036e-01
      vertex   -3.180322e+01 1.591765e+01 3.984861e-01
      vertex   -3.200163e+01 1.606970e+01 6.091438e-01
    endloop
  endfacet
  facet normal -7.467181e-01 -6.113358e-01 -2.620698e-01
    outer loop
      vertex   -3.200163e+01 1.606970e+01 6.091438e-01
      vertex   -3.180322e+01 1.591765e+01 3.984861e-01
      vertex   -3.190251e+01 1.593269e+01 6.463355e-01
    endloop
  endfacet
  facet normal -7.899634e-01 -6.024486e-01 -1.140764e-01
    outer loop
      vertex   -3.200163e+01 1.606970e+01 6.091438e-01
      vertex   -3.190251e+01 1.593269e+01 6.463355e-01
      vertex   -3.205068e+01 1.607722e+01 9.090481e-01
    endloop
  endfacet
  facet normal -7.917919e-01 -5.995368e-01 -1.167097e-01
    outer loop
      vertex   -3.205068e+01 1.607722e+01 9.090481e-01
      vertex   -3.190251e+01 1.593269e+01 6.463355e-01
      vertex   -3.194900e+01 1.594126e+01 9.176479e-01
    endloop
  endfacet
  facet normal -6.771686e-01 -7.304574e-01 -8.873912e-02
    outer loop
      vertex   -3.217377e+01 1.619403e+01 8.993414e-01
      vertex   -3.212217e+01 1.618657e+01 5.669407e-01
      vertex   -3.200163e+01 1.606970e+01 6.091438e-01
    endloop
  endfacet
  facet normal -6.415770e-01 -7.376582e-01 -2.103316e-01
    outer loop
      vertex   -3.200163e+01 1.606970e+01 6.091438e-01
      vertex   -3.212217e+01 1.618657e+01 5.669407e-01
      vertex   -3.189667e+01 1.605678e+01 3.343036e-01
    endloop
  endfacet
  facet normal -6.814516e-01 -7.259005e-01 -9.323199e-02
    outer loop
      vertex   -3.217377e+01 1.619403e+01 8.993414e-01
      vertex   -3.200163e+01 1.606970e+01 6.091438e-01
      vertex   -3.205068e+01 1.607722e+01 9.090481e-01
    endloop
  endfacet
  facet normal -3.300093e-01 9.439627e-01 -5.324072e-03
    outer loop
      vertex   -3.257778e+01 -1.638751e+01 1.000000e+00
      vertex   -3.236635e+01 -1.631360e+01 1.000000e+00
      vertex   -3.256428e+01 -1.638427e+01 7.387123e-01
    endloop
  endfacet
  facet normal -3.049943e-01 9.519870e-01 -2.644366e-02
    outer loop
      vertex   -3.256428e+01 -1.638427e+01 7.387123e-01
      vertex   -3.236635e+01 -1.631360e+01 1.000000e+00
      vertex   -3.238520e+01 -1.632980e+01 6.339311e-01
    endloop
  endfacet
  facet normal -2.981765e-01 9.544149e-01 -1.352942e-02
    outer loop
      vertex   -3.256428e+01 -1.638427e+01 7.387123e-01
      vertex   -3.238520e+01 -1.632980e+01 6.339311e-01
      vertex   -3.252441e+01 -1.637545e+01 4.820978e-01
    endloop
  endfacet
  facet normal -2.786508e-01 9.598234e-01 -3.305771e-02
    outer loop
      vertex   -3.252441e+01 -1.637545e+01 4.820978e-01
      vertex   -3.238520e+01 -1.632980e+01 6.339311e-01
      vertex   -3.228389e+01 -1.631367e+01 2.483363e-01
    endloop
  endfacet
  facet normal -2.666051e-01 9.636052e-01 -1.966424e-02
    outer loop
      vertex   -3.252441e+01 -1.637545e+01 4.820978e-01
      vertex   -3.228389e+01 -1.631367e+01 2.483363e-01
      vertex   -3.245912e+01 -1.636244e+01 2.344345e-01
    endloop
  endfacet
  facet normal -2.652352e-01 9.634914e-01 -3.653182e-02
    outer loop
      vertex   -3.245912e+01 -1.636244e+01 2.344345e-01
      vertex   -3.228389e+01 -1.631367e+01 2.483363e-01
      vertex   -3.236937e+01 -1.634662e+01 2.811304e-10
    endloop
  endfacet
  facet normal -2.608658e-01 9.646196e-01 -3.818562e-02
    outer loop
      vertex   -3.236937e+01 -1.634662e+01 2.811304e-10
      vertex   -3.228389e+01 -1.631367e+01 2.483363e-01
      vertex   -3.208820e+01 -1.627058e+01 -8.830770e-16
    endloop
  endfacet
  facet normal -3.912764e-01 9.078337e-01 -1.508003e-01
    outer loop
      vertex   -3.208820e+01 -1.627058e+01 -8.830770e-16
      vertex   -3.228389e+01 -1.631367e+01 2.483363e-01
      vertex   -3.213969e+01 -1.623962e+01 3.199952e-01
    endloop
  endfacet
  facet normal -3.845631e-01 9.108283e-01 -1.500099e-01
    outer loop
      vertex   -3.208820e+01 -1.627058e+01 -8.830770e-16
      vertex   -3.213969e+01 -1.623962e+01 3.199952e-01
      vertex   -3.198560e+01 -1.622540e+01 1.134651e-02
    endloop
  endfacet
  facet normal -5.024549e-01 8.381552e-01 -2.122144e-01
    outer loop
      vertex   -3.198560e+01 -1.622540e+01 1.134651e-02
      vertex   -3.213969e+01 -1.623962e+01 3.199952e-01
      vertex   -3.205535e+01 -1.617806e+01 3.634441e-01
    endloop
  endfacet
  facet normal -4.791274e-01 8.523757e-01 -2.095056e-01
    outer loop
      vertex   -3.198560e+01 -1.622540e+01 1.134651e-02
      vertex   -3.205535e+01 -1.617806e+01 3.634441e-01
      vertex   -3.190759e+01 -1.616551e+01 7.658542e-02
    endloop
  endfacet
  facet normal -6.006940e-01 7.501082e-01 -2.765943e-01
    outer loop
      vertex   -3.190759e+01 -1.616551e+01 7.658542e-02
      vertex   -3.205535e+01 -1.617806e+01 3.634441e-01
      vertex   -3.193821e+01 -1.606103e+01 4.264308e-01
    endloop
  endfacet
  facet normal -5.827730e-01 7.632568e-01 -2.789529e-01
    outer loop
      vertex   -3.190759e+01 -1.616551e+01 7.658542e-02
      vertex   -3.193821e+01 -1.606103e+01 4.264308e-01
      vertex   -3.179942e+01 -1.604861e+01 1.704578e-01
    endloop
  endfacet
  facet normal -6.998447e-01 6.231013e-01 -3.492308e-01
    outer loop
      vertex   -3.179942e+01 -1.604861e+01 1.704578e-01
      vertex   -3.193821e+01 -1.606103e+01 4.264308e-01
      vertex   -3.184240e+01 -1.592254e+01 4.815294e-01
    endloop
  endfacet
  facet normal -6.900436e-01 6.325651e-01 -3.517119e-01
    outer loop
      vertex   -3.179942e+01 -1.604861e+01 1.704578e-01
      vertex   -3.184240e+01 -1.592254e+01 4.815294e-01
      vertex   -3.171140e+01 -1.590756e+01 2.514565e-01
    endloop
  endfacet
  facet normal -7.771600e-01 4.761161e-01 -4.115043e-01
    outer loop
      vertex   -3.171140e+01 -1.590756e+01 2.514565e-01
      vertex   -3.184240e+01 -1.592254e+01 4.815294e-01
      vertex   -3.177110e+01 -1.576691e+01 5.269336e-01
    endloop
  endfacet
  facet normal -7.740908e-01 4.799720e-01 -4.128079e-01
    outer loop
      vertex   -3.171140e+01 -1.590756e+01 2.514565e-01
      vertex   -3.177110e+01 -1.576691e+01 5.269336e-01
      vertex   -3.164672e+01 -1.574713e+01 3.166888e-01
    endloop
  endfacet
  facet normal -8.298481e-01 3.137461e-01 -4.614278e-01
    outer loop
      vertex   -3.164672e+01 -1.574713e+01 3.166888e-01
      vertex   -3.177110e+01 -1.576691e+01 5.269336e-01
      vertex   -3.172662e+01 -1.559889e+01 5.611851e-01
    endloop
  endfacet
  facet normal -8.317385e-01 3.106100e-01 -4.601440e-01
    outer loop
      vertex   -3.164672e+01 -1.574713e+01 3.166888e-01
      vertex   -3.172662e+01 -1.559889e+01 5.611851e-01
      vertex   -3.160767e+01 -1.557266e+01 3.638761e-01
    endloop
  endfacet
  facet normal -8.581579e-01 9.092906e-02 -5.052692e-01
    outer loop
      vertex   -3.160767e+01 -1.557266e+01 3.638761e-01
      vertex   -3.172662e+01 -1.559889e+01 5.611851e-01
      vertex   -3.163080e+01 -1.534889e+01 4.434289e-01
    endloop
  endfacet
  facet normal -7.760977e-01 1.384987e-01 -6.152158e-01
    outer loop
      vertex   -3.160767e+01 -1.557266e+01 3.638761e-01
      vertex   -3.163080e+01 -1.534889e+01 4.434289e-01
      vertex   -3.150567e+01 -1.531945e+01 2.922090e-01
    endloop
  endfacet
  facet normal -4.564734e-01 8.895953e-01 -1.588142e-02
    outer loop
      vertex   -3.238520e+01 -1.632980e+01 6.339311e-01
      vertex   -3.236635e+01 -1.631360e+01 1.000000e+00
      vertex   -3.223566e+01 -1.625247e+01 6.680908e-01
    endloop
  endfacet
  facet normal -5.310800e-01 8.456403e-01 -5.335256e-02
    outer loop
      vertex   -3.223566e+01 -1.625247e+01 6.680908e-01
      vertex   -3.236635e+01 -1.631360e+01 1.000000e+00
      vertex   -3.217667e+01 -1.619448e+01 1.000000e+00
    endloop
  endfacet
  facet normal -5.744422e-01 8.175310e-01 -4.073456e-02
    outer loop
      vertex   -3.223566e+01 -1.625247e+01 6.680908e-01
      vertex   -3.217667e+01 -1.619448e+01 1.000000e+00
      vertex   -3.214808e+01 -1.618989e+01 6.888649e-01
    endloop
  endfacet
  facet normal -6.843230e-01 7.273111e-01 -5.215910e-02
    outer loop
      vertex   -3.214808e+01 -1.618989e+01 6.888649e-01
      vertex   -3.217667e+01 -1.619448e+01 1.000000e+00
      vertex   -3.202607e+01 -1.607292e+01 7.191260e-01
    endloop
  endfacet
  facet normal -6.616782e-01 7.320914e-01 -1.619387e-01
    outer loop
      vertex   -3.214808e+01 -1.618989e+01 6.888649e-01
      vertex   -3.202607e+01 -1.607292e+01 7.191260e-01
      vertex   -3.205535e+01 -1.617806e+01 3.634441e-01
    endloop
  endfacet
  facet normal -6.511354e-01 7.407286e-01 -1.653595e-01
    outer loop
      vertex   -3.205535e+01 -1.617806e+01 3.634441e-01
      vertex   -3.202607e+01 -1.607292e+01 7.191260e-01
      vertex   -3.193821e+01 -1.606103e+01 4.264308e-01
    endloop
  endfacet
  facet normal -7.051043e-01 7.053564e-01 -7.280267e-02
    outer loop
      vertex   -3.217667e+01 -1.619448e+01 1.000000e+00
      vertex   -3.201826e+01 -1.603613e+01 1.000000e+00
      vertex   -3.202607e+01 -1.607292e+01 7.191260e-01
    endloop
  endfacet
  facet normal -7.991025e-01 5.985624e-01 -5.619835e-02
    outer loop
      vertex   -3.202607e+01 -1.607292e+01 7.191260e-01
      vertex   -3.201826e+01 -1.603613e+01 1.000000e+00
      vertex   -3.192558e+01 -1.593626e+01 7.458298e-01
    endloop
  endfacet
  facet normal -7.686869e-01 6.054958e-01 -2.061439e-01
    outer loop
      vertex   -3.202607e+01 -1.607292e+01 7.191260e-01
      vertex   -3.192558e+01 -1.593626e+01 7.458298e-01
      vertex   -3.193821e+01 -1.606103e+01 4.264308e-01
    endloop
  endfacet
  facet normal -7.635131e-01 6.111842e-01 -2.085706e-01
    outer loop
      vertex   -3.193821e+01 -1.606103e+01 4.264308e-01
      vertex   -3.192558e+01 -1.593626e+01 7.458298e-01
      vertex   -3.184240e+01 -1.592254e+01 4.815294e-01
    endloop
  endfacet
  facet normal -8.424846e-01 5.295182e-01 -9.914731e-02
    outer loop
      vertex   -3.201826e+01 -1.603613e+01 1.000000e+00
      vertex   -3.189908e+01 -1.584649e+01 1.000000e+00
      vertex   -3.192558e+01 -1.593626e+01 7.458298e-01
    endloop
  endfacet
  facet normal -8.892198e-01 4.525346e-01 -6.708630e-02
    outer loop
      vertex   -3.192558e+01 -1.593626e+01 7.458298e-01
      vertex   -3.189908e+01 -1.584649e+01 1.000000e+00
      vertex   -3.184972e+01 -1.578389e+01 7.681516e-01
    endloop
  endfacet
  facet normal -8.532235e-01 4.606218e-01 -2.446166e-01
    outer loop
      vertex   -3.192558e+01 -1.593626e+01 7.458298e-01
      vertex   -3.184972e+01 -1.578389e+01 7.681516e-01
      vertex   -3.184240e+01 -1.592254e+01 4.815294e-01
    endloop
  endfacet
  facet normal -8.522710e-01 4.620329e-01 -2.452749e-01
    outer loop
      vertex   -3.184240e+01 -1.592254e+01 4.815294e-01
      vertex   -3.184972e+01 -1.578389e+01 7.681516e-01
      vertex   -3.177110e+01 -1.576691e+01 5.269336e-01
    endloop
  endfacet
  facet normal -9.380234e-01 3.283092e-01 -1.110185e-01
    outer loop
      vertex   -3.189908e+01 -1.584649e+01 1.000000e+00
      vertex   -3.182508e+01 -1.563509e+01 1.000000e+00
      vertex   -3.184972e+01 -1.578389e+01 7.681516e-01
    endloop
  endfacet
  facet normal -9.519300e-01 2.936191e-01 -8.727638e-02
    outer loop
      vertex   -3.184972e+01 -1.578389e+01 7.681516e-01
      vertex   -3.182508e+01 -1.563509e+01 1.000000e+00
      vertex   -3.180082e+01 -1.562020e+01 7.854151e-01
    endloop
  endfacet
  facet normal -9.125013e-01 3.017630e-01 -2.761893e-01
    outer loop
      vertex   -3.184972e+01 -1.578389e+01 7.681516e-01
      vertex   -3.180082e+01 -1.562020e+01 7.854151e-01
      vertex   -3.177110e+01 -1.576691e+01 5.269336e-01
    endloop
  endfacet
  facet normal -9.143389e-01 2.979549e-01 -2.742393e-01
    outer loop
      vertex   -3.177110e+01 -1.576691e+01 5.269336e-01
      vertex   -3.180082e+01 -1.562020e+01 7.854151e-01
      vertex   -3.172662e+01 -1.559889e+01 5.611851e-01
    endloop
  endfacet
  facet normal -9.883175e-01 1.113822e-01 -1.040314e-01
    outer loop
      vertex   -3.182508e+01 -1.563509e+01 1.000000e+00
      vertex   -3.180000e+01 -1.541252e+01 1.000000e+00
      vertex   -3.180082e+01 -1.562020e+01 7.854151e-01
    endloop
  endfacet
  facet normal -9.903652e-01 1.013755e-01 -9.433865e-02
    outer loop
      vertex   -3.180082e+01 -1.562020e+01 7.854151e-01
      vertex   -3.180000e+01 -1.541252e+01 1.000000e+00
      vertex   -3.178041e+01 -1.540321e+01 8.043839e-01
    endloop
  endfacet
  facet normal -9.543200e-01 1.138860e-01 -2.762305e-01
    outer loop
      vertex   -3.180082e+01 -1.562020e+01 7.854151e-01
      vertex   -3.178041e+01 -1.540321e+01 8.043839e-01
      vertex   -3.172323e+01 -1.537975e+01 6.164803e-01
    endloop
  endfacet
  facet normal -9.479418e-01 9.163235e-02 -3.049752e-01
    outer loop
      vertex   -3.180082e+01 -1.562020e+01 7.854151e-01
      vertex   -3.172323e+01 -1.537975e+01 6.164803e-01
      vertex   -3.172662e+01 -1.559889e+01 5.611851e-01
    endloop
  endfacet
  facet normal -8.841533e-01 1.271309e-01 -4.495671e-01
    outer loop
      vertex   -3.172662e+01 -1.559889e+01 5.611851e-01
      vertex   -3.172323e+01 -1.537975e+01 6.164803e-01
      vertex   -3.163080e+01 -1.534889e+01 4.434289e-01
    endloop
  endfacet
  facet normal -7.233998e-01 9.795997e-02 -6.834446e-01
    outer loop
      vertex   -3.160767e+01 -1.557266e+01 3.638761e-01
      vertex   -3.150567e+01 -1.531945e+01 2.922090e-01
      vertex   -3.145405e+01 -1.555380e+01 2.039868e-01
    endloop
  endfacet
  facet normal -6.341629e-01 1.461548e-01 -7.592603e-01
    outer loop
      vertex   -3.145405e+01 -1.555380e+01 2.039868e-01
      vertex   -3.150567e+01 -1.531945e+01 2.922090e-01
      vertex   -3.135313e+01 -1.530245e+01 1.680740e-01
    endloop
  endfacet
  facet normal -5.554731e-01 1.051863e-01 -8.248548e-01
    outer loop
      vertex   -3.145405e+01 -1.555380e+01 2.039868e-01
      vertex   -3.135313e+01 -1.530245e+01 1.680740e-01
      vertex   -3.127618e+01 -1.555355e+01 8.423256e-02
    endloop
  endfacet
  facet normal -4.630795e-01 1.497676e-01 -8.735714e-01
    outer loop
      vertex   -3.127618e+01 -1.555355e+01 8.423256e-02
      vertex   -3.135313e+01 -1.530245e+01 1.680740e-01
      vertex   -3.117988e+01 -1.530701e+01 7.545104e-02
    endloop
  endfacet
  facet normal -4.052960e-01 1.260612e-01 -9.054522e-01
    outer loop
      vertex   -3.127618e+01 -1.555355e+01 8.423256e-02
      vertex   -3.117988e+01 -1.530701e+01 7.545104e-02
      vertex   -3.117444e+01 -1.556440e+01 3.718410e-02
    endloop
  endfacet
  facet normal -2.636270e-01 1.364086e-01 -9.549311e-01
    outer loop
      vertex   -3.117444e+01 -1.556440e+01 3.718410e-02
      vertex   -3.117988e+01 -1.530701e+01 7.545104e-02
      vertex   -3.099264e+01 -1.534219e+01 1.873631e-02
    endloop
  endfacet
  facet normal -2.860027e-01 1.554961e-01 -9.455281e-01
    outer loop
      vertex   -3.117444e+01 -1.556440e+01 3.718410e-02
      vertex   -3.099264e+01 -1.534219e+01 1.873631e-02
      vertex   -3.106989e+01 -1.558480e+01 2.201922e-03
    endloop
  endfacet
  facet normal -6.445518e-02 8.826442e-02 -9.940095e-01
    outer loop
      vertex   -3.106989e+01 -1.558480e+01 2.201922e-03
      vertex   -3.099264e+01 -1.534219e+01 1.873631e-02
      vertex   -3.080000e+01 -1.541252e+01 7.575863e-16
    endloop
  endfacet
  facet normal -1.011916e-01 1.459383e-01 -9.841048e-01
    outer loop
      vertex   -3.106989e+01 -1.558480e+01 2.201922e-03
      vertex   -3.080000e+01 -1.541252e+01 7.575863e-16
      vertex   -3.115922e+01 -1.566160e+01 2.794722e-16
    endloop
  endfacet
  facet normal -3.742813e-01 4.757000e-01 -7.960044e-01
    outer loop
      vertex   -3.148982e+01 -1.592171e+01 1.845143e-16
      vertex   -3.131121e+01 -1.574033e+01 2.441131e-02
      vertex   -3.115922e+01 -1.566160e+01 2.794722e-16
    endloop
  endfacet
  facet normal -3.005318e-01 2.993700e-01 -9.055707e-01
    outer loop
      vertex   -3.115922e+01 -1.566160e+01 2.794722e-16
      vertex   -3.131121e+01 -1.574033e+01 2.441131e-02
      vertex   -3.117444e+01 -1.556440e+01 3.718410e-02
    endloop
  endfacet
  facet normal -2.459934e-01 3.124825e-01 -9.175195e-01
    outer loop
      vertex   -3.115922e+01 -1.566160e+01 2.794722e-16
      vertex   -3.117444e+01 -1.556440e+01 3.718410e-02
      vertex   -3.106989e+01 -1.558480e+01 2.201922e-03
    endloop
  endfacet
  facet normal -4.474050e-01 6.776772e-01 -5.835943e-01
    outer loop
      vertex   -3.185875e+01 -1.616528e+01 -7.285977e-16
      vertex   -3.154723e+01 -1.590090e+01 6.818638e-02
      vertex   -3.148982e+01 -1.592171e+01 1.845143e-16
    endloop
  endfacet
  facet normal -5.741374e-01 5.112840e-01 -6.394958e-01
    outer loop
      vertex   -3.148982e+01 -1.592171e+01 1.845143e-16
      vertex   -3.154723e+01 -1.590090e+01 6.818638e-02
      vertex   -3.148964e+01 -1.573534e+01 1.488408e-01
    endloop
  endfacet
  facet normal -4.664098e-01 5.522863e-01 -6.909716e-01
    outer loop
      vertex   -3.148982e+01 -1.592171e+01 1.845143e-16
      vertex   -3.148964e+01 -1.573534e+01 1.488408e-01
      vertex   -3.131121e+01 -1.574033e+01 2.441131e-02
    endloop
  endfacet
  facet normal -5.315486e-01 3.398653e-01 -7.758529e-01
    outer loop
      vertex   -3.131121e+01 -1.574033e+01 2.441131e-02
      vertex   -3.148964e+01 -1.573534e+01 1.488408e-01
      vertex   -3.145405e+01 -1.555380e+01 2.039868e-01
    endloop
  endfacet
  facet normal -5.240358e-01 3.473469e-01 -7.776481e-01
    outer loop
      vertex   -3.131121e+01 -1.574033e+01 2.441131e-02
      vertex   -3.145405e+01 -1.555380e+01 2.039868e-01
      vertex   -3.127618e+01 -1.555355e+01 8.423256e-02
    endloop
  endfacet
  facet normal -4.123643e-01 8.985214e-01 1.503830e-01
    outer loop
      vertex   -3.208820e+01 -1.627058e+01 -8.830770e-16
      vertex   -3.198560e+01 -1.622540e+01 1.134651e-02
      vertex   -3.185875e+01 -1.616528e+01 -7.285977e-16
    endloop
  endfacet
  facet normal -4.318238e-01 8.597126e-01 -2.728048e-01
    outer loop
      vertex   -3.185875e+01 -1.616528e+01 -7.285977e-16
      vertex   -3.198560e+01 -1.622540e+01 1.134651e-02
      vertex   -3.190759e+01 -1.616551e+01 7.658542e-02
    endloop
  endfacet
  facet normal -5.377929e-01 7.711863e-01 -3.406618e-01
    outer loop
      vertex   -3.185875e+01 -1.616528e+01 -7.285977e-16
      vertex   -3.190759e+01 -1.616551e+01 7.658542e-02
      vertex   -3.179942e+01 -1.604861e+01 1.704578e-01
    endloop
  endfacet
  facet normal -4.436175e-01 8.927092e-01 -7.920810e-02
    outer loop
      vertex   -3.228389e+01 -1.631367e+01 2.483363e-01
      vertex   -3.238520e+01 -1.632980e+01 6.339311e-01
      vertex   -3.223566e+01 -1.625247e+01 6.680908e-01
    endloop
  endfacet
  facet normal -5.423962e-01 8.308685e-01 -1.243540e-01
    outer loop
      vertex   -3.205535e+01 -1.617806e+01 3.634441e-01
      vertex   -3.213969e+01 -1.623962e+01 3.199952e-01
      vertex   -3.214808e+01 -1.618989e+01 6.888649e-01
    endloop
  endfacet
  facet normal -5.573580e-01 8.210551e-01 -1.233714e-01
    outer loop
      vertex   -3.214808e+01 -1.618989e+01 6.888649e-01
      vertex   -3.213969e+01 -1.623962e+01 3.199952e-01
      vertex   -3.223566e+01 -1.625247e+01 6.680908e-01
    endloop
  endfacet
  facet normal -4.222564e-01 9.026582e-01 -8.311297e-02
    outer loop
      vertex   -3.213969e+01 -1.623962e+01 3.199952e-01
      vertex   -3.228389e+01 -1.631367e+01 2.483363e-01
      vertex   -3.223566e+01 -1.625247e+01 6.680908e-01
    endloop
  endfacet
  facet normal -6.999370e-01 3.296498e-01 -6.335765e-01
    outer loop
      vertex   -3.145405e+01 -1.555380e+01 2.039868e-01
      vertex   -3.148964e+01 -1.573534e+01 1.488408e-01
      vertex   -3.160767e+01 -1.557266e+01 3.638761e-01
    endloop
  endfacet
  facet normal -7.011010e-01 3.281400e-01 -6.330731e-01
    outer loop
      vertex   -3.160767e+01 -1.557266e+01 3.638761e-01
      vertex   -3.148964e+01 -1.573534e+01 1.488408e-01
      vertex   -3.164672e+01 -1.574713e+01 3.166888e-01
    endloop
  endfacet
  facet normal -6.481148e-01 5.037229e-01 -5.711484e-01
    outer loop
      vertex   -3.148964e+01 -1.573534e+01 1.488408e-01
      vertex   -3.154723e+01 -1.590090e+01 6.818638e-02
      vertex   -3.164672e+01 -1.574713e+01 3.166888e-01
    endloop
  endfacet
  facet normal -6.557039e-01 4.958885e-01 -5.693391e-01
    outer loop
      vertex   -3.164672e+01 -1.574713e+01 3.166888e-01
      vertex   -3.154723e+01 -1.590090e+01 6.818638e-02
      vertex   -3.171140e+01 -1.590756e+01 2.514565e-01
    endloop
  endfacet
  facet normal -5.719258e-01 7.559972e-01 -3.183852e-01
    outer loop
      vertex   -3.185875e+01 -1.616528e+01 -7.285977e-16
      vertex   -3.179942e+01 -1.604861e+01 1.704578e-01
      vertex   -3.154723e+01 -1.590090e+01 6.818638e-02
    endloop
  endfacet
  facet normal -5.797742e-01 6.465264e-01 -4.958482e-01
    outer loop
      vertex   -3.154723e+01 -1.590090e+01 6.818638e-02
      vertex   -3.179942e+01 -1.604861e+01 1.704578e-01
      vertex   -3.171140e+01 -1.590756e+01 2.514565e-01
    endloop
  endfacet
  facet normal -3.633537e-01 3.452830e-01 -8.653056e-01
    outer loop
      vertex   -3.117444e+01 -1.556440e+01 3.718410e-02
      vertex   -3.131121e+01 -1.574033e+01 2.441131e-02
      vertex   -3.127618e+01 -1.555355e+01 8.423256e-02
    endloop
  endfacet
  facet normal -3.300140e-01 9.439761e-01 0.000000e+00
    outer loop
      vertex   -3.257778e+01 -1.638751e+01 1.000000e+00
      vertex   -3.257778e+01 -1.638751e+01 7.000000e+00
      vertex   -3.236635e+01 -1.631360e+01 4.000000e+00
    endloop
  endfacet
  facet normal -3.300140e-01 9.439761e-01 0.000000e+00
    outer loop
      vertex   -3.236635e+01 -1.631360e+01 4.000000e+00
      vertex   -3.257778e+01 -1.638751e+01 7.000000e+00
      vertex   -3.236635e+01 -1.631360e+01 7.000000e+00
    endloop
  endfacet
  facet normal -5.318375e-01 8.468464e-01 0.000000e+00
    outer loop
      vertex   -3.236635e+01 -1.631360e+01 4.000000e+00
      vertex   -3.236635e+01 -1.631360e+01 7.000000e+00
      vertex   -3.217667e+01 -1.619448e+01 4.000000e+00
    endloop
  endfacet
  facet normal -5.318375e-01 8.468464e-01 0.000000e+00
    outer loop
      vertex   -3.217667e+01 -1.619448e+01 4.000000e+00
      vertex   -3.236635e+01 -1.631360e+01 7.000000e+00
      vertex   -3.217667e+01 -1.619448e+01 7.000000e+00
    endloop
  endfacet
  facet normal -7.069804e-01 7.072331e-01 0.000000e+00
    outer loop
      vertex   -3.217667e+01 -1.619448e+01 4.000000e+00
      vertex   -3.217667e+01 -1.619448e+01 7.000000e+00
      vertex   -3.201826e+01 -1.603613e+01 4.000000e+00
    endloop
  endfacet
  facet normal -7.069804e-01 7.072331e-01 0.000000e+00
    outer loop
      vertex   -3.201826e+01 -1.603613e+01 4.000000e+00
      vertex   -3.217667e+01 -1.619448e+01 7.000000e+00
      vertex   -3.201826e+01 -1.603613e+01 7.000000e+00
    endloop
  endfacet
  facet normal -8.466563e-01 5.321402e-01 0.000000e+00
    outer loop
      vertex   -3.201826e+01 -1.603613e+01 4.000000e+00
      vertex   -3.201826e+01 -1.603613e+01 7.000000e+00
      vertex   -3.189908e+01 -1.584649e+01 4.000000e+00
    endloop
  endfacet
  facet normal -8.466563e-01 5.321402e-01 -2.320375e-15
    outer loop
      vertex   -3.189908e+01 -1.584649e+01 4.000000e+00
      vertex   -3.201826e+01 -1.603613e+01 7.000000e+00
      vertex   -3.189908e+01 -1.584649e+01 7.000000e+00
    endloop
  endfacet
  facet normal -9.438580e-01 3.303514e-01 -2.431112e-15
    outer loop
      vertex   -3.189908e+01 -1.584649e+01 4.000000e+00
      vertex   -3.189908e+01 -1.584649e+01 7.000000e+00
      vertex   -3.182508e+01 -1.563509e+01 4.000000e+00
    endloop
  endfacet
  facet normal -9.438580e-01 3.303514e-01 0.000000e+00
    outer loop
      vertex   -3.182508e+01 -1.563509e+01 4.000000e+00
      vertex   -3.189908e+01 -1.584649e+01 7.000000e+00
      vertex   -3.182508e+01 -1.563509e+01 7.000000e+00
    endloop
  endfacet
  facet normal -9.937094e-01 1.119898e-01 0.000000e+00
    outer loop
      vertex   -3.182508e+01 -1.563509e+01 4.000000e+00
      vertex   -3.182508e+01 -1.563509e+01 7.000000e+00
      vertex   -3.180000e+01 -1.541252e+01 7.000000e+00
    endloop
  endfacet
  facet normal -9.937094e-01 1.119898e-01 -6.631131e-17
    outer loop
      vertex   -3.180000e+01 -1.541252e+01 7.000000e+00
      vertex   -3.180000e+01 -1.541252e+01 1.000000e+00
      vertex   -3.182508e+01 -1.563509e+01 4.000000e+00
    endloop
  endfacet
  facet normal -9.937094e-01 1.119898e-01 -6.631131e-17
    outer loop
      vertex   -3.182508e+01 -1.563509e+01 4.000000e+00
      vertex   -3.180000e+01 -1.541252e+01 1.000000e+00
      vertex   -3.182508e+01 -1.563509e+01 1.000000e+00
    endloop
  endfacet
  facet normal -9.438580e-01 3.303514e-01 -1.956073e-16
    outer loop
      vertex   -3.182508e+01 -1.563509e+01 4.000000e+00
      vertex   -3.182508e+01 -1.563509e+01 1.000000e+00
      vertex   -3.189908e+01 -1.584649e+01 4.000000e+00
    endloop
  endfacet
  facet normal -9.438580e-01 3.303514e-01 2.235505e-15
    outer loop
      vertex   -3.189908e+01 -1.584649e+01 4.000000e+00
      vertex   -3.182508e+01 -1.563509e+01 1.000000e+00
      vertex   -3.189908e+01 -1.584649e+01 1.000000e+00
    endloop
  endfacet
  facet normal -8.466563e-01 5.321402e-01 2.005285e-15
    outer loop
      vertex   -3.189908e+01 -1.584649e+01 4.000000e+00
      vertex   -3.189908e+01 -1.584649e+01 1.000000e+00
      vertex   -3.201826e+01 -1.603613e+01 4.000000e+00
    endloop
  endfacet
  facet normal -8.466563e-01 5.321402e-01 0.000000e+00
    outer loop
      vertex   -3.201826e+01 -1.603613e+01 4.000000e+00
      vertex   -3.189908e+01 -1.584649e+01 1.000000e+00
      vertex   -3.201826e+01 -1.603613e+01 1.000000e+00
    endloop
  endfacet
  facet normal -7.069804e-01 7.072331e-01 0.000000e+00
    outer loop
      vertex   -3.201826e+01 -1.603613e+01 4.000000e+00
      vertex   -3.201826e+01 -1.603613e+01 1.000000e+00
      vertex   -3.217667e+01 -1.619448e+01 4.000000e+00
    endloop
  endfacet
  facet normal -7.069804e-01 7.072331e-01 0.000000e+00
    outer loop
      vertex   -3.217667e+01 -1.619448e+01 4.000000e+00
      vertex   -3.201826e+01 -1.603613e+01 1.000000e+00
      vertex   -3.217667e+01 -1.619448e+01 1.000000e+00
    endloop
  endfacet
  facet normal -5.318375e-01 8.468464e-01 0.000000e+00
    outer loop
      vertex   -3.217667e+01 -1.619448e+01 4.000000e+00
      vertex   -3.217667e+01 -1.619448e+01 1.000000e+00
      vertex   -3.236635e+01 -1.631360e+01 4.000000e+00
    endloop
  endfacet
  facet normal -5.318375e-01 8.468464e-01 0.000000e+00
    outer loop
      vertex   -3.236635e+01 -1.631360e+01 4.000000e+00
      vertex   -3.217667e+01 -1.619448e+01 1.000000e+00
      vertex   -3.236635e+01 -1.631360e+01 1.000000e+00
    endloop
  endfacet
  facet normal -3.300140e-01 9.439761e-01 0.000000e+00
    outer loop
      vertex   -3.236635e+01 -1.631360e+01 4.000000e+00
      vertex   -3.236635e+01 -1.631360e+01 1.000000e+00
      vertex   -3.257778e+01 -1.638751e+01 1.000000e+00
    endloop
  endfacet
  facet normal -2.537068e-01 9.667742e-01 3.131217e-02
    outer loop
      vertex   -3.245922e+01 -1.636261e+01 7.765715e+00
      vertex   -3.236937e+01 -1.634662e+01 8.000000e+00
      vertex   -3.223502e+01 -1.630730e+01 7.874497e+00
    endloop
  endfacet
  facet normal -2.609873e-01 9.650686e-01 2.298408e-02
    outer loop
      vertex   -3.223502e+01 -1.630730e+01 7.874497e+00
      vertex   -3.236937e+01 -1.634662e+01 8.000000e+00
      vertex   -3.208820e+01 -1.627058e+01 8.000000e+00
    endloop
  endfacet
  facet normal -3.702872e-01 9.140026e-01 1.657909e-01
    outer loop
      vertex   -3.223502e+01 -1.630730e+01 7.874497e+00
      vertex   -3.208820e+01 -1.627058e+01 8.000000e+00
      vertex   -3.209397e+01 -1.623491e+01 7.790437e+00
    endloop
  endfacet
  facet normal -4.114634e-01 8.965582e-01 1.639550e-01
    outer loop
      vertex   -3.209397e+01 -1.623491e+01 7.790437e+00
      vertex   -3.208820e+01 -1.627058e+01 8.000000e+00
      vertex   -3.185875e+01 -1.616528e+01 8.000000e+00
    endloop
  endfacet
  facet normal -4.719455e-01 8.458223e-01 2.487009e-01
    outer loop
      vertex   -3.209397e+01 -1.623491e+01 7.790437e+00
      vertex   -3.185875e+01 -1.616528e+01 8.000000e+00
      vertex   -3.201115e+01 -1.617367e+01 7.739335e+00
    endloop
  endfacet
  facet normal -5.576499e-01 7.735266e-01 3.011366e-01
    outer loop
      vertex   -3.201115e+01 -1.617367e+01 7.739335e+00
      vertex   -3.185875e+01 -1.616528e+01 8.000000e+00
      vertex   -3.174709e+01 -1.604598e+01 7.900329e+00
    endloop
  endfacet
  facet normal -5.650048e-01 7.582459e-01 3.253196e-01
    outer loop
      vertex   -3.201115e+01 -1.617367e+01 7.739335e+00
      vertex   -3.174709e+01 -1.604598e+01 7.900329e+00
      vertex   -3.189667e+01 -1.605678e+01 7.665698e+00
    endloop
  endfacet
  facet normal -6.608098e-01 6.401558e-01 3.918303e-01
    outer loop
      vertex   -3.189667e+01 -1.605678e+01 7.665698e+00
      vertex   -3.174709e+01 -1.604598e+01 7.900329e+00
      vertex   -3.166218e+01 -1.590423e+01 7.811939e+00
    endloop
  endfacet
  facet normal -6.623408e-01 6.311436e-01 4.036861e-01
    outer loop
      vertex   -3.189667e+01 -1.605678e+01 7.665698e+00
      vertex   -3.166218e+01 -1.590423e+01 7.811939e+00
      vertex   -3.180322e+01 -1.591765e+01 7.601516e+00
    endloop
  endfacet
  facet normal -7.394460e-01 4.872534e-01 4.645468e-01
    outer loop
      vertex   -3.180322e+01 -1.591765e+01 7.601516e+00
      vertex   -3.166218e+01 -1.590423e+01 7.811939e+00
      vertex   -3.159983e+01 -1.574232e+01 7.741356e+00
    endloop
  endfacet
  facet normal -7.391744e-01 4.833978e-01 4.689859e-01
    outer loop
      vertex   -3.180322e+01 -1.591765e+01 7.601516e+00
      vertex   -3.159983e+01 -1.574232e+01 7.741356e+00
      vertex   -3.173396e+01 -1.576074e+01 7.548938e+00
    endloop
  endfacet
  facet normal -7.920715e-01 3.167514e-01 5.218154e-01
    outer loop
      vertex   -3.173396e+01 -1.576074e+01 7.548938e+00
      vertex   -3.159983e+01 -1.574232e+01 7.741356e+00
      vertex   -3.156232e+01 -1.556576e+01 7.691120e+00
    endloop
  endfacet
  facet normal -7.928498e-01 3.195474e-01 5.189207e-01
    outer loop
      vertex   -3.173396e+01 -1.576074e+01 7.548938e+00
      vertex   -3.156232e+01 -1.556576e+01 7.691120e+00
      vertex   -3.169122e+01 -1.559095e+01 7.509693e+00
    endloop
  endfacet
  facet normal -8.177067e-01 9.422934e-02 5.678702e-01
    outer loop
      vertex   -3.169122e+01 -1.559095e+01 7.509693e+00
      vertex   -3.156232e+01 -1.556576e+01 7.691120e+00
      vertex   -3.163078e+01 -1.534889e+01 7.556560e+00
    endloop
  endfacet
  facet normal -8.833881e-01 1.336076e-01 4.491932e-01
    outer loop
      vertex   -3.169122e+01 -1.559095e+01 7.509693e+00
      vertex   -3.163078e+01 -1.534889e+01 7.556560e+00
      vertex   -3.172345e+01 -1.538037e+01 7.383675e+00
    endloop
  endfacet
  facet normal -5.147466e-01 7.796786e-01 3.565630e-01
    outer loop
      vertex   -3.185875e+01 -1.616528e+01 8.000000e+00
      vertex   -3.148982e+01 -1.592171e+01 8.000000e+00
      vertex   -3.174709e+01 -1.604598e+01 7.900329e+00
    endloop
  endfacet
  facet normal -5.263936e-01 6.540577e-01 5.432479e-01
    outer loop
      vertex   -3.174709e+01 -1.604598e+01 7.900329e+00
      vertex   -3.148982e+01 -1.592171e+01 8.000000e+00
      vertex   -3.166218e+01 -1.590423e+01 7.811939e+00
    endloop
  endfacet
  facet normal -3.673715e-01 4.669179e-01 8.043792e-01
    outer loop
      vertex   -3.115922e+01 -1.566160e+01 8.000000e+00
      vertex   -3.130986e+01 -1.574033e+01 7.976903e+00
      vertex   -3.148982e+01 -1.592171e+01 8.000000e+00
    endloop
  endfacet
  facet normal -5.132137e-01 5.887135e-01 6.245223e-01
    outer loop
      vertex   -3.148982e+01 -1.592171e+01 8.000000e+00
      vertex   -3.130986e+01 -1.574033e+01 7.976903e+00
      vertex   -3.149319e+01 -1.590101e+01 7.977721e+00
    endloop
  endfacet
  facet normal -5.932659e-01 5.430834e-01 5.942188e-01
    outer loop
      vertex   -3.148982e+01 -1.592171e+01 8.000000e+00
      vertex   -3.149319e+01 -1.590101e+01 7.977721e+00
      vertex   -3.166218e+01 -1.590423e+01 7.811939e+00
    endloop
  endfacet
  facet normal -6.073804e-01 5.098047e-01 6.092521e-01
    outer loop
      vertex   -3.166218e+01 -1.590423e+01 7.811939e+00
      vertex   -3.149319e+01 -1.590101e+01 7.977721e+00
      vertex   -3.143799e+01 -1.573431e+01 7.893253e+00
    endloop
  endfacet
  facet normal -6.048438e-01 5.022953e-01 6.179510e-01
    outer loop
      vertex   -3.166218e+01 -1.590423e+01 7.811939e+00
      vertex   -3.143799e+01 -1.573431e+01 7.893253e+00
      vertex   -3.159983e+01 -1.574232e+01 7.741356e+00
    endloop
  endfacet
  facet normal -6.537954e-01 3.339634e-01 6.789845e-01
    outer loop
      vertex   -3.159983e+01 -1.574232e+01 7.741356e+00
      vertex   -3.143799e+01 -1.573431e+01 7.893253e+00
      vertex   -3.140361e+01 -1.555110e+01 7.836244e+00
    endloop
  endfacet
  facet normal -6.529903e-01 3.323641e-01 6.805423e-01
    outer loop
      vertex   -3.159983e+01 -1.574232e+01 7.741356e+00
      vertex   -3.140361e+01 -1.555110e+01 7.836244e+00
      vertex   -3.156232e+01 -1.556576e+01 7.691120e+00
    endloop
  endfacet
  facet normal -6.763763e-01 1.040234e-01 7.291737e-01
    outer loop
      vertex   -3.156232e+01 -1.556576e+01 7.691120e+00
      vertex   -3.140361e+01 -1.555110e+01 7.836244e+00
      vertex   -3.150609e+01 -1.531892e+01 7.708065e+00
    endloop
  endfacet
  facet normal -7.780042e-01 1.351110e-01 6.135589e-01
    outer loop
      vertex   -3.156232e+01 -1.556576e+01 7.691120e+00
      vertex   -3.150609e+01 -1.531892e+01 7.708065e+00
      vertex   -3.163078e+01 -1.534889e+01 7.556560e+00
    endloop
  endfacet
  facet normal -2.003207e-01 2.889021e-01 9.361662e-01
    outer loop
      vertex   -3.080000e+01 -1.541252e+01 8.000000e+00
      vertex   -3.113960e+01 -1.557097e+01 7.976231e+00
      vertex   -3.115922e+01 -1.566160e+01 8.000000e+00
    endloop
  endfacet
  facet normal -3.485308e-01 3.076608e-01 8.853649e-01
    outer loop
      vertex   -3.115922e+01 -1.566160e+01 8.000000e+00
      vertex   -3.113960e+01 -1.557097e+01 7.976231e+00
      vertex   -3.127527e+01 -1.555376e+01 7.916842e+00
    endloop
  endfacet
  facet normal -3.150703e-01 3.432516e-01 8.848215e-01
    outer loop
      vertex   -3.115922e+01 -1.566160e+01 8.000000e+00
      vertex   -3.127527e+01 -1.555376e+01 7.916842e+00
      vertex   -3.130986e+01 -1.574033e+01 7.976903e+00
    endloop
  endfacet
  facet normal -5.009775e-01 3.479714e-01 7.924251e-01
    outer loop
      vertex   -3.130986e+01 -1.574033e+01 7.976903e+00
      vertex   -3.127527e+01 -1.555376e+01 7.916842e+00
      vertex   -3.143799e+01 -1.573431e+01 7.893253e+00
    endloop
  endfacet
  facet normal -4.505119e-01 5.176998e-01 7.273417e-01
    outer loop
      vertex   -3.130986e+01 -1.574033e+01 7.976903e+00
      vertex   -3.143799e+01 -1.573431e+01 7.893253e+00
      vertex   -3.149319e+01 -1.590101e+01 7.977721e+00
    endloop
  endfacet
  facet normal -8.505944e-02 3.292054e-02 9.958319e-01
    outer loop
      vertex   -3.080000e+01 -1.541252e+01 8.000000e+00
      vertex   -3.099263e+01 -1.534227e+01 7.981224e+00
      vertex   -3.113960e+01 -1.557097e+01 7.976231e+00
    endloop
  endfacet
  facet normal -2.605969e-01 1.466339e-01 9.542472e-01
    outer loop
      vertex   -3.113960e+01 -1.557097e+01 7.976231e+00
      vertex   -3.099263e+01 -1.534227e+01 7.981224e+00
      vertex   -3.118009e+01 -1.530693e+01 7.924600e+00
    endloop
  endfacet
  facet normal -3.853201e-01 1.198288e-01 9.149697e-01
    outer loop
      vertex   -3.113960e+01 -1.557097e+01 7.976231e+00
      vertex   -3.118009e+01 -1.530693e+01 7.924600e+00
      vertex   -3.127527e+01 -1.555376e+01 7.916842e+00
    endloop
  endfacet
  facet normal -4.592935e-01 1.495914e-01 8.755980e-01
    outer loop
      vertex   -3.127527e+01 -1.555376e+01 7.916842e+00
      vertex   -3.118009e+01 -1.530693e+01 7.924600e+00
      vertex   -3.135392e+01 -1.530142e+01 7.832475e+00
    endloop
  endfacet
  facet normal -5.263966e-01 1.174717e-01 8.420849e-01
    outer loop
      vertex   -3.127527e+01 -1.555376e+01 7.916842e+00
      vertex   -3.135392e+01 -1.530142e+01 7.832475e+00
      vertex   -3.140361e+01 -1.555110e+01 7.836244e+00
    endloop
  endfacet
  facet normal -6.363712e-01 1.381021e-01 7.589199e-01
    outer loop
      vertex   -3.140361e+01 -1.555110e+01 7.836244e+00
      vertex   -3.135392e+01 -1.530142e+01 7.832475e+00
      vertex   -3.150609e+01 -1.531892e+01 7.708065e+00
    endloop
  endfacet
  facet normal -9.214401e-01 8.574150e-02 3.789415e-01
    outer loop
      vertex   -3.169122e+01 -1.559095e+01 7.509693e+00
      vertex   -3.172345e+01 -1.538037e+01 7.383675e+00
      vertex   -3.178020e+01 -1.561491e+01 7.298735e+00
    endloop
  endfacet
  facet normal -9.528124e-01 1.314806e-01 2.736082e-01
    outer loop
      vertex   -3.178020e+01 -1.561491e+01 7.298735e+00
      vertex   -3.172345e+01 -1.538037e+01 7.383675e+00
      vertex   -3.178065e+01 -1.540388e+01 7.195768e+00
    endloop
  endfacet
  facet normal -9.817214e-01 8.177517e-02 1.718602e-01
    outer loop
      vertex   -3.178020e+01 -1.561491e+01 7.298735e+00
      vertex   -3.178065e+01 -1.540388e+01 7.195768e+00
      vertex   -3.182141e+01 -1.562779e+01 7.069459e+00
    endloop
  endfacet
  facet normal -9.875145e-01 1.278998e-01 9.196068e-02
    outer loop
      vertex   -3.182141e+01 -1.562779e+01 7.069459e+00
      vertex   -3.178065e+01 -1.540388e+01 7.195768e+00
      vertex   -3.180000e+01 -1.541252e+01 7.000000e+00
    endloop
  endfacet
  facet normal -9.928857e-01 1.118970e-01 4.070661e-02
    outer loop
      vertex   -3.182141e+01 -1.562779e+01 7.069459e+00
      vertex   -3.180000e+01 -1.541252e+01 7.000000e+00
      vertex   -3.182508e+01 -1.563509e+01 7.000000e+00
    endloop
  endfacet
  facet normal -9.546253e-01 2.971882e-01 1.922863e-02
    outer loop
      vertex   -3.182141e+01 -1.562779e+01 7.069459e+00
      vertex   -3.182508e+01 -1.563509e+01 7.000000e+00
      vertex   -3.187181e+01 -1.579003e+01 7.075117e+00
    endloop
  endfacet
  facet normal -9.396865e-01 3.288913e-01 9.391333e-02
    outer loop
      vertex   -3.187181e+01 -1.579003e+01 7.075117e+00
      vertex   -3.182508e+01 -1.563509e+01 7.000000e+00
      vertex   -3.189908e+01 -1.584649e+01 7.000000e+00
    endloop
  endfacet
  facet normal -8.908846e-01 4.538825e-01 -1.775505e-02
    outer loop
      vertex   -3.187181e+01 -1.579003e+01 7.075117e+00
      vertex   -3.189908e+01 -1.584649e+01 7.000000e+00
      vertex   -3.194900e+01 -1.594126e+01 7.082352e+00
    endloop
  endfacet
  facet normal -8.425284e-01 5.295457e-01 9.862723e-02
    outer loop
      vertex   -3.194900e+01 -1.594126e+01 7.082352e+00
      vertex   -3.189908e+01 -1.584649e+01 7.000000e+00
      vertex   -3.201826e+01 -1.603613e+01 7.000000e+00
    endloop
  endfacet
  facet normal -8.011885e-01 5.982176e-01 -1.525157e-02
    outer loop
      vertex   -3.194900e+01 -1.594126e+01 7.082352e+00
      vertex   -3.201826e+01 -1.603613e+01 7.000000e+00
      vertex   -3.205068e+01 -1.607722e+01 7.090952e+00
    endloop
  endfacet
  facet normal -7.053712e-01 7.056234e-01 6.743150e-02
    outer loop
      vertex   -3.205068e+01 -1.607722e+01 7.090952e+00
      vertex   -3.201826e+01 -1.603613e+01 7.000000e+00
      vertex   -3.217667e+01 -1.619448e+01 7.000000e+00
    endloop
  endfacet
  facet normal -6.875476e-01 7.259510e-01 1.653644e-02
    outer loop
      vertex   -3.205068e+01 -1.607722e+01 7.090952e+00
      vertex   -3.217667e+01 -1.619448e+01 7.000000e+00
      vertex   -3.217377e+01 -1.619403e+01 7.100659e+00
    endloop
  endfacet
  facet normal -5.789438e-01 8.152636e-01 1.301082e-02
    outer loop
      vertex   -3.217377e+01 -1.619403e+01 7.100659e+00
      vertex   -3.217667e+01 -1.619448e+01 7.000000e+00
      vertex   -3.226236e+01 -1.625704e+01 7.107335e+00
    endloop
  endfacet
  facet normal -5.746306e-01 8.153347e-01 7.091606e-02
    outer loop
      vertex   -3.217377e+01 -1.619403e+01 7.100659e+00
      vertex   -3.226236e+01 -1.625704e+01 7.107335e+00
      vertex   -3.212217e+01 -1.618657e+01 7.433061e+00
    endloop
  endfacet
  facet normal -5.674338e-01 8.207168e-01 6.665408e-02
    outer loop
      vertex   -3.212217e+01 -1.618657e+01 7.433061e+00
      vertex   -3.226236e+01 -1.625704e+01 7.107335e+00
      vertex   -3.220910e+01 -1.624904e+01 7.462172e+00
    endloop
  endfacet
  facet normal -5.398466e-01 8.262436e-01 1.608949e-01
    outer loop
      vertex   -3.212217e+01 -1.618657e+01 7.433061e+00
      vertex   -3.220910e+01 -1.624904e+01 7.462172e+00
      vertex   -3.201115e+01 -1.617367e+01 7.739335e+00
    endloop
  endfacet
  facet normal -5.269149e-01 8.367927e-01 1.487905e-01
    outer loop
      vertex   -3.201115e+01 -1.617367e+01 7.739335e+00
      vertex   -3.220910e+01 -1.624904e+01 7.462172e+00
      vertex   -3.209397e+01 -1.623491e+01 7.790437e+00
    endloop
  endfacet
  facet normal -5.305750e-01 8.448361e-01 6.886327e-02
    outer loop
      vertex   -3.217667e+01 -1.619448e+01 7.000000e+00
      vertex   -3.236635e+01 -1.631360e+01 7.000000e+00
      vertex   -3.226236e+01 -1.625704e+01 7.107335e+00
    endloop
  endfacet
  facet normal -4.617137e-01 8.868044e-01 -1.996318e-02
    outer loop
      vertex   -3.226236e+01 -1.625704e+01 7.107335e+00
      vertex   -3.236635e+01 -1.631360e+01 7.000000e+00
      vertex   -3.241293e+01 -1.633519e+01 7.118256e+00
    endloop
  endfacet
  facet normal -4.573407e-01 8.879619e-01 4.861267e-02
    outer loop
      vertex   -3.226236e+01 -1.625704e+01 7.107335e+00
      vertex   -3.241293e+01 -1.633519e+01 7.118256e+00
      vertex   -3.220910e+01 -1.624904e+01 7.462172e+00
    endloop
  endfacet
  facet normal -4.476181e-01 8.932602e-01 4.152327e-02
    outer loop
      vertex   -3.220910e+01 -1.624904e+01 7.462172e+00
      vertex   -3.241293e+01 -1.633519e+01 7.118256e+00
      vertex   -3.235700e+01 -1.632537e+01 7.509880e+00
    endloop
  endfacet
  facet normal -4.272136e-01 8.972841e-01 1.112195e-01
    outer loop
      vertex   -3.220910e+01 -1.624904e+01 7.462172e+00
      vertex   -3.235700e+01 -1.632537e+01 7.509880e+00
      vertex   -3.209397e+01 -1.623491e+01 7.790437e+00
    endloop
  endfacet
  facet normal -4.105207e-01 9.071591e-01 9.238544e-02
    outer loop
      vertex   -3.209397e+01 -1.623491e+01 7.790437e+00
      vertex   -3.235700e+01 -1.632537e+01 7.509880e+00
      vertex   -3.223502e+01 -1.630730e+01 7.874497e+00
    endloop
  endfacet
  facet normal -3.297184e-01 9.431306e-01 4.231259e-02
    outer loop
      vertex   -3.236635e+01 -1.631360e+01 7.000000e+00
      vertex   -3.257778e+01 -1.638751e+01 7.000000e+00
      vertex   -3.241293e+01 -1.633519e+01 7.118256e+00
    endloop
  endfacet
  facet normal -3.055333e-01 9.521703e-01 4.597969e-03
    outer loop
      vertex   -3.241293e+01 -1.633519e+01 7.118256e+00
      vertex   -3.257778e+01 -1.638751e+01 7.000000e+00
      vertex   -3.256443e+01 -1.638449e+01 7.261418e+00
    endloop
  endfacet
  facet normal -2.939798e-01 9.556418e-01 1.801992e-02
    outer loop
      vertex   -3.241293e+01 -1.633519e+01 7.118256e+00
      vertex   -3.256443e+01 -1.638449e+01 7.261418e+00
      vertex   -3.235700e+01 -1.632537e+01 7.509880e+00
    endloop
  endfacet
  facet normal -2.876079e-01 9.576703e-01 1.221774e-02
    outer loop
      vertex   -3.235700e+01 -1.632537e+01 7.509880e+00
      vertex   -3.256443e+01 -1.638449e+01 7.261418e+00
      vertex   -3.252465e+01 -1.637582e+01 7.518154e+00
    endloop
  endfacet
  facet normal -2.869737e-01 9.576186e-01 2.475138e-02
    outer loop
      vertex   -3.235700e+01 -1.632537e+01 7.509880e+00
      vertex   -3.252465e+01 -1.637582e+01 7.518154e+00
      vertex   -3.245922e+01 -1.636261e+01 7.765715e+00
    endloop
  endfacet
  facet normal -2.567093e-01 9.657403e-01 3.802613e-02
    outer loop
      vertex   -3.235700e+01 -1.632537e+01 7.509880e+00
      vertex   -3.245922e+01 -1.636261e+01 7.765715e+00
      vertex   -3.223502e+01 -1.630730e+01 7.874497e+00
    endloop
  endfacet
  facet normal -8.887516e-01 3.032098e-01 3.437795e-01
    outer loop
      vertex   -3.173396e+01 -1.576074e+01 7.548938e+00
      vertex   -3.169122e+01 -1.559095e+01 7.509693e+00
      vertex   -3.182793e+01 -1.577960e+01 7.322643e+00
    endloop
  endfacet
  facet normal -8.888831e-01 3.069741e-01 3.400791e-01
    outer loop
      vertex   -3.182793e+01 -1.577960e+01 7.322643e+00
      vertex   -3.169122e+01 -1.559095e+01 7.509693e+00
      vertex   -3.178020e+01 -1.561491e+01 7.298735e+00
    endloop
  endfacet
  facet normal -9.426975e-01 2.956496e-01 1.546375e-01
    outer loop
      vertex   -3.182793e+01 -1.577960e+01 7.322643e+00
      vertex   -3.178020e+01 -1.561491e+01 7.298735e+00
      vertex   -3.187181e+01 -1.579003e+01 7.075117e+00
    endloop
  endfacet
  facet normal -9.422836e-01 2.980071e-01 1.526218e-01
    outer loop
      vertex   -3.187181e+01 -1.579003e+01 7.075117e+00
      vertex   -3.178020e+01 -1.561491e+01 7.298735e+00
      vertex   -3.182141e+01 -1.562779e+01 7.069459e+00
    endloop
  endfacet
  facet normal -8.297366e-01 4.680928e-01 3.040171e-01
    outer loop
      vertex   -3.180322e+01 -1.591765e+01 7.601516e+00
      vertex   -3.173396e+01 -1.576074e+01 7.548938e+00
      vertex   -3.190251e+01 -1.593269e+01 7.353666e+00
    endloop
  endfacet
  facet normal -8.300503e-01 4.663674e-01 3.058071e-01
    outer loop
      vertex   -3.190251e+01 -1.593269e+01 7.353666e+00
      vertex   -3.173396e+01 -1.576074e+01 7.548938e+00
      vertex   -3.182793e+01 -1.577960e+01 7.322643e+00
    endloop
  endfacet
  facet normal -8.794477e-01 4.560749e-01 1.362623e-01
    outer loop
      vertex   -3.190251e+01 -1.593269e+01 7.353666e+00
      vertex   -3.182793e+01 -1.577960e+01 7.322643e+00
      vertex   -3.194900e+01 -1.594126e+01 7.082352e+00
    endloop
  endfacet
  facet normal -8.796529e-01 4.555403e-01 1.367253e-01
    outer loop
      vertex   -3.194900e+01 -1.594126e+01 7.082352e+00
      vertex   -3.182793e+01 -1.577960e+01 7.322643e+00
      vertex   -3.187181e+01 -1.579003e+01 7.075117e+00
    endloop
  endfacet
  facet normal -6.347496e-01 7.467489e-01 1.986431e-01
    outer loop
      vertex   -3.212217e+01 -1.618657e+01 7.433061e+00
      vertex   -3.201115e+01 -1.617367e+01 7.739335e+00
      vertex   -3.189667e+01 -1.605678e+01 7.665698e+00
    endloop
  endfacet
  facet normal -7.440547e-01 6.174926e-01 2.551185e-01
    outer loop
      vertex   -3.189667e+01 -1.605678e+01 7.665698e+00
      vertex   -3.180322e+01 -1.591765e+01 7.601516e+00
      vertex   -3.200163e+01 -1.606970e+01 7.390857e+00
    endloop
  endfacet
  facet normal -7.467178e-01 6.113358e-01 2.620707e-01
    outer loop
      vertex   -3.200163e+01 -1.606970e+01 7.390857e+00
      vertex   -3.180322e+01 -1.591765e+01 7.601516e+00
      vertex   -3.190251e+01 -1.593269e+01 7.353666e+00
    endloop
  endfacet
  facet normal -7.899634e-01 6.024486e-01 1.140768e-01
    outer loop
      vertex   -3.200163e+01 -1.606970e+01 7.390857e+00
      vertex   -3.190251e+01 -1.593269e+01 7.353666e+00
      vertex   -3.205068e+01 -1.607722e+01 7.090952e+00
    endloop
  endfacet
  facet normal -7.917919e-01 5.995368e-01 1.167101e-01
    outer loop
      vertex   -3.205068e+01 -1.607722e+01 7.090952e+00
      vertex   -3.190251e+01 -1.593269e+01 7.353666e+00
      vertex   -3.194900e+01 -1.594126e+01 7.082352e+00
    endloop
  endfacet
  facet normal -4.947699e-01 3.415034e-01 7.991108e-01
    outer loop
      vertex   -3.140361e+01 -1.555110e+01 7.836244e+00
      vertex   -3.143799e+01 -1.573431e+01 7.893253e+00
      vertex   -3.127527e+01 -1.555376e+01 7.916842e+00
    endloop
  endfacet
  facet normal -6.771686e-01 7.304574e-01 8.873942e-02
    outer loop
      vertex   -3.217377e+01 -1.619403e+01 7.100659e+00
      vertex   -3.212217e+01 -1.618657e+01 7.433061e+00
      vertex   -3.200163e+01 -1.606970e+01 7.390857e+00
    endloop
  endfacet
  facet normal -6.415767e-01 7.376582e-01 2.103323e-01
    outer loop
      vertex   -3.200163e+01 -1.606970e+01 7.390857e+00
      vertex   -3.212217e+01 -1.618657e+01 7.433061e+00
      vertex   -3.189667e+01 -1.605678e+01 7.665698e+00
    endloop
  endfacet
  facet normal -6.814516e-01 7.259005e-01 9.323232e-02
    outer loop
      vertex   -3.217377e+01 -1.619403e+01 7.100659e+00
      vertex   -3.200163e+01 -1.606970e+01 7.390857e+00
      vertex   -3.205068e+01 -1.607722e+01 7.090952e+00
    endloop
  endfacet
  facet normal -1.544719e-03 9.951563e-01 -9.829339e-02
    outer loop
      vertex   2.740388e+01 1.978065e+01 8.042321e-01
      vertex   2.193001e+01 1.976593e+01 7.411810e-01
      vertex   2.741252e+01 1.980000e+01 1.000000e+00
    endloop
  endfacet
  facet normal 0.000000e+00 9.914449e-01 -1.305262e-01
    outer loop
      vertex   2.741252e+01 1.980000e+01 1.000000e+00
      vertex   2.193001e+01 1.976593e+01 7.411810e-01
      vertex   1.644751e+01 1.976593e+01 7.411810e-01
    endloop
  endfacet
  facet normal 0.000000e+00 9.914449e-01 -1.305262e-01
    outer loop
      vertex   2.741252e+01 1.980000e+01 1.000000e+00
      vertex   1.644751e+01 1.976593e+01 7.411810e-01
      vertex   1.096501e+01 1.976593e+01 7.411810e-01
    endloop
  endfacet
  facet normal 0.000000e+00 9.238795e-01 -3.826834e-01
    outer loop
      vertex   1.096501e+01 1.976593e+01 7.411810e-01
      vertex   1.644751e+01 1.976593e+01 7.411810e-01
      vertex   1.096501e+01 1.966603e+01 5.000000e-01
    endloop
  endfacet
  facet normal 0.000000e+00 9.238795e-01 -3.826834e-01
    outer loop
      vertex   1.096501e+01 1.976593e+01 7.411810e-01
      vertex   1.096501e+01 1.966603e+01 5.000000e-01
      vertex   5.482504e+00 1.966603e+01 5.000000e-01
    endloop
  endfacet
  facet normal 0.000000e+00 7.929199e-01 -6.093259e-01
    outer loop
      vertex   5.482504e+00 1.966603e+01 5.000000e-01
      vertex   1.096501e+01 1.966603e+01 5.000000e-01
      vertex   1.096501e+01 1.950610e+01 2.918875e-01
    endloop
  endfacet
  facet normal -2.140586e-07 7.929172e-01 -6.093294e-01
    outer loop
      vertex   5.482504e+00 1.966603e+01 5.000000e-01
      vertex   1.096501e+01 1.950610e+01 2.918875e-01
      vertex   5.482504e+00 1.950609e+01 2.918812e-01
    endloop
  endfacet
  facet normal 2.117496e-07 6.081967e-01 -7.937864e-01
    outer loop
      vertex   5.482504e+00 1.950609e+01 2.918812e-01
      vertex   1.096501e+01 1.950610e+01 2.918875e-01
      vertex   1.096501e+01 1.930000e+01 1.339746e-01
    endloop
  endfacet
  facet normal 0.000000e+00 6.081931e-01 -7.937891e-01
    outer loop
      vertex   5.482504e+00 1.950609e+01 2.918812e-01
      vertex   1.096501e+01 1.930000e+01 1.339746e-01
      vertex   5.482504e+00 1.930000e+01 1.339746e-01
    endloop
  endfacet
  facet normal 0.000000e+00 3.826834e-01 -9.238795e-01
    outer loop
      vertex   5.482504e+00 1.930000e+01 1.339746e-01
      vertex   1.096501e+01 1.930000e+01 1.339746e-01
      vertex   5.482504e+00 1.905882e+01 3.407417e-02
    endloop
  endfacet
  facet normal 0.000000e+00 3.826834e-01 -9.238795e-01
    outer loop
      vertex   5.482504e+00 1.930000e+01 1.339746e-01
      vertex   5.482504e+00 1.905882e+01 3.407417e-02
      vertex   4.440892e-15 1.905882e+01 3.407417e-02
    endloop
  endfacet
  facet normal 0.000000e+00 1.305262e-01 -9.914449e-01
    outer loop
      vertex   4.440892e-15 1.905882e+01 3.407417e-02
      vertex   5.482504e+00 1.905882e+01 3.407417e-02
      vertex   -2.741252e+01 1.880000e+01 4.190441e-16
    endloop
  endfacet
  facet normal 0.000000e+00 1.305262e-01 -9.914449e-01
    outer loop
      vertex   4.440892e-15 1.905882e+01 3.407417e-02
      vertex   -2.741252e+01 1.880000e+01 4.190441e-16
      vertex   -5.482504e+00 1.905882e+01 3.407417e-02
    endloop
  endfacet
  facet normal 0.000000e+00 1.305262e-01 -9.914449e-01
    outer loop
      vertex   -5.482504e+00 1.905882e+01 3.407417e-02
      vertex   -2.741252e+01 1.880000e+01 4.190441e-16
      vertex   -1.096501e+01 1.905882e+01 3.407417e-02
    endloop
  endfacet
  facet normal 0.000000e+00 3.826834e-01 -9.238795e-01
    outer loop
      vertex   -5.482504e+00 1.905882e+01 3.407417e-02
      vertex   -1.096501e+01 1.905882e+01 3.407417e-02
      vertex   -5.482504e+00 1.930000e+01 1.339746e-01
    endloop
  endfacet
  facet normal 0.000000e+00 3.826834e-01 -9.238795e-01
    outer loop
      vertex   -5.482504e+00 1.930000e+01 1.339746e-01
      vertex   -1.096501e+01 1.905882e+01 3.407417e-02
      vertex   -1.096501e+01 1.930000e+01 1.339746e-01
    endloop
  endfacet
  facet normal 0.000000e+00 6.081825e-01 -7.937972e-01
    outer loop
      vertex   -5.482504e+00 1.930000e+01 1.339746e-01
      vertex   -1.096501e+01 1.930000e+01 1.339746e-01
      vertex   -1.096501e+01 1.950607e+01 2.918623e-01
    endloop
  endfacet
  facet normal 2.117207e-07 6.081825e-01 -7.937972e-01
    outer loop
      vertex   -1.096501e+01 1.950607e+01 2.918623e-01
      vertex   -1.096501e+01 1.930000e+01 1.339746e-01
      vertex   -1.644751e+01 1.950607e+01 2.918559e-01
    endloop
  endfacet
  facet normal -2.140875e-07 7.929063e-01 -6.093436e-01
    outer loop
      vertex   -1.096501e+01 1.950607e+01 2.918623e-01
      vertex   -1.644751e+01 1.950607e+01 2.918559e-01
      vertex   -1.644751e+01 1.966603e+01 5.000000e-01
    endloop
  endfacet
  facet normal 0.000000e+00 7.929063e-01 -6.093436e-01
    outer loop
      vertex   -1.644751e+01 1.966603e+01 5.000000e-01
      vertex   -1.644751e+01 1.950607e+01 2.918559e-01
      vertex   -2.193001e+01 1.966603e+01 5.000000e-01
    endloop
  endfacet
  facet normal 0.000000e+00 9.238795e-01 -3.826834e-01
    outer loop
      vertex   -1.644751e+01 1.966603e+01 5.000000e-01
      vertex   -2.193001e+01 1.966603e+01 5.000000e-01
      vertex   -1.644751e+01 1.976593e+01 7.411810e-01
    endloop
  endfacet
  facet normal 0.000000e+00 9.238795e-01 -3.826834e-01
    outer loop
      vertex   -1.644751e+01 1.976593e+01 7.411810e-01
      vertex   -2.193001e+01 1.966603e+01 5.000000e-01
      vertex   -2.193001e+01 1.976593e+01 7.411810e-01
    endloop
  endfacet
  facet normal 0.000000e+00 9.747685e-01 -2.232184e-01
    outer loop
      vertex   -1.644751e+01 1.976593e+01 7.411810e-01
      vertex   -2.193001e+01 1.976593e+01 7.411810e-01
      vertex   -2.740317e+01 1.978040e+01 8.043925e-01
    endloop
  endfacet
  facet normal -8.346518e-04 9.566219e-01 -2.913311e-01
    outer loop
      vertex   -2.740317e+01 1.978040e+01 8.043925e-01
      vertex   -2.193001e+01 1.976593e+01 7.411810e-01
      vertex   -2.737969e+01 1.972320e+01 6.164983e-01
    endloop
  endfacet
  facet normal 1.512092e-03 9.238785e-01 -3.826830e-01
    outer loop
      vertex   -2.737969e+01 1.972320e+01 6.164983e-01
      vertex   -2.193001e+01 1.976593e+01 7.411810e-01
      vertex   -2.193001e+01 1.966603e+01 5.000000e-01
    endloop
  endfacet
  facet normal -8.173282e-04 8.820638e-01 -4.711293e-01
    outer loop
      vertex   -2.737969e+01 1.972320e+01 6.164983e-01
      vertex   -2.193001e+01 1.966603e+01 5.000000e-01
      vertex   -2.734888e+01 1.963079e+01 4.434328e-01
    endloop
  endfacet
  facet normal 1.205263e-03 7.929030e-01 -6.093467e-01
    outer loop
      vertex   -2.734888e+01 1.963079e+01 4.434328e-01
      vertex   -2.193001e+01 1.966603e+01 5.000000e-01
      vertex   -2.193001e+01 1.950606e+01 2.918496e-01
    endloop
  endfacet
  facet normal -9.157013e-05 7.705825e-01 -6.373402e-01
    outer loop
      vertex   -2.734888e+01 1.963079e+01 4.434328e-01
      vertex   -2.193001e+01 1.950606e+01 2.918496e-01
      vertex   -2.731943e+01 1.950571e+01 2.921939e-01
    endloop
  endfacet
  facet normal -9.120160e-05 6.309531e-01 -7.758210e-01
    outer loop
      vertex   -2.731943e+01 1.950571e+01 2.921939e-01
      vertex   -2.193001e+01 1.950606e+01 2.918496e-01
      vertex   -2.730251e+01 1.935312e+01 1.681000e-01
    endloop
  endfacet
  facet normal 9.714010e-04 6.081751e-01 -7.938023e-01
    outer loop
      vertex   -2.730251e+01 1.935312e+01 1.681000e-01
      vertex   -2.193001e+01 1.950606e+01 2.918496e-01
      vertex   -2.193001e+01 1.930000e+01 1.339746e-01
    endloop
  endfacet
  facet normal -9.419618e-04 4.713060e-01 -8.819693e-01
    outer loop
      vertex   -2.730251e+01 1.935312e+01 1.681000e-01
      vertex   -2.193001e+01 1.930000e+01 1.339746e-01
      vertex   -2.730712e+01 1.917983e+01 7.550218e-02
    endloop
  endfacet
  facet normal 1.494329e-03 3.826830e-01 -9.238785e-01
    outer loop
      vertex   -2.730712e+01 1.917983e+01 7.550218e-02
      vertex   -2.193001e+01 1.930000e+01 1.339746e-01
      vertex   -2.193001e+01 1.905882e+01 3.407417e-02
    endloop
  endfacet
  facet normal -8.378829e-04 2.903635e-01 -9.569161e-01
    outer loop
      vertex   -2.730712e+01 1.917983e+01 7.550218e-02
      vertex   -2.193001e+01 1.905882e+01 3.407417e-02
      vertex   -2.734219e+01 1.899265e+01 1.873408e-02
    endloop
  endfacet
  facet normal 1.645103e-03 9.619397e-02 -9.953612e-01
    outer loop
      vertex   -2.734219e+01 1.899265e+01 1.873408e-02
      vertex   -2.193001e+01 1.905882e+01 3.407417e-02
      vertex   -2.741252e+01 1.880000e+01 4.190441e-16
    endloop
  endfacet
  facet normal 0.000000e+00 1.305262e-01 -9.914449e-01
    outer loop
      vertex   -2.741252e+01 1.880000e+01 4.190441e-16
      vertex   -2.193001e+01 1.905882e+01 3.407417e-02
      vertex   -1.644751e+01 1.905882e+01 3.407417e-02
    endloop
  endfacet
  facet normal 0.000000e+00 1.305262e-01 -9.914449e-01
    outer loop
      vertex   -2.741252e+01 1.880000e+01 4.190441e-16
      vertex   -1.644751e+01 1.905882e+01 3.407417e-02
      vertex   -1.096501e+01 1.905882e+01 3.407417e-02
    endloop
  endfacet
  facet normal 0.000000e+00 3.826834e-01 -9.238795e-01
    outer loop
      vertex   -1.096501e+01 1.905882e+01 3.407417e-02
      vertex   -1.644751e+01 1.905882e+01 3.407417e-02
      vertex   -1.096501e+01 1.930000e+01 1.339746e-01
    endloop
  endfacet
  facet normal 7.822286e-04 9.566277e-01 -2.913124e-01
    outer loop
      vertex   2.740388e+01 1.978065e+01 8.042321e-01
      vertex   2.738037e+01 1.972345e+01 6.163250e-01
      vertex   2.193001e+01 1.976593e+01 7.411810e-01
    endloop
  endfacet
  facet normal -1.566108e-03 9.238784e-01 -3.826830e-01
    outer loop
      vertex   2.193001e+01 1.976593e+01 7.411810e-01
      vertex   2.738037e+01 1.972345e+01 6.163250e-01
      vertex   2.193001e+01 1.966603e+01 5.000000e-01
    endloop
  endfacet
  facet normal 0.000000e+00 9.238795e-01 -3.826834e-01
    outer loop
      vertex   2.193001e+01 1.976593e+01 7.411810e-01
      vertex   2.193001e+01 1.966603e+01 5.000000e-01
      vertex   1.644751e+01 1.966603e+01 5.000000e-01
    endloop
  endfacet
  facet normal 0.000000e+00 7.929254e-01 -6.093188e-01
    outer loop
      vertex   1.644751e+01 1.966603e+01 5.000000e-01
      vertex   2.193001e+01 1.966603e+01 5.000000e-01
      vertex   2.193001e+01 1.950611e+01 2.919001e-01
    endloop
  endfacet
  facet normal -2.140441e-07 7.929226e-01 -6.093223e-01
    outer loop
      vertex   1.644751e+01 1.966603e+01 5.000000e-01
      vertex   2.193001e+01 1.950611e+01 2.919001e-01
      vertex   1.644751e+01 1.950611e+01 2.918938e-01
    endloop
  endfacet
  facet normal 2.117641e-07 6.082038e-01 -7.937809e-01
    outer loop
      vertex   1.644751e+01 1.950611e+01 2.918938e-01
      vertex   2.193001e+01 1.950611e+01 2.919001e-01
      vertex   2.193001e+01 1.930000e+01 1.339746e-01
    endloop
  endfacet
  facet normal 0.000000e+00 6.082002e-01 -7.937836e-01
    outer loop
      vertex   1.644751e+01 1.950611e+01 2.918938e-01
      vertex   2.193001e+01 1.930000e+01 1.339746e-01
      vertex   1.644751e+01 1.930000e+01 1.339746e-01
    endloop
  endfacet
  facet normal 0.000000e+00 3.826834e-01 -9.238795e-01
    outer loop
      vertex   1.644751e+01 1.930000e+01 1.339746e-01
      vertex   2.193001e+01 1.930000e+01 1.339746e-01
      vertex   1.644751e+01 1.905882e+01 3.407417e-02
    endloop
  endfacet
  facet normal 0.000000e+00 3.826834e-01 -9.238795e-01
    outer loop
      vertex   1.644751e+01 1.930000e+01 1.339746e-01
      vertex   1.644751e+01 1.905882e+01 3.407417e-02
      vertex   1.096501e+01 1.905882e+01 3.407417e-02
    endloop
  endfacet
  facet normal 0.000000e+00 2.251925e-01 -9.743143e-01
    outer loop
      vertex   1.096501e+01 1.905882e+01 3.407417e-02
      vertex   1.644751e+01 1.905882e+01 3.407417e-02
      vertex   2.734227e+01 1.899263e+01 1.877596e-02
    endloop
  endfacet
  facet normal -2.478754e-04 1.665681e-01 -9.860299e-01
    outer loop
      vertex   1.096501e+01 1.905882e+01 3.407417e-02
      vertex   2.734227e+01 1.899263e+01 1.877596e-02
      vertex   -2.741252e+01 1.880000e+01 4.190441e-16
    endloop
  endfacet
  facet normal 2.539870e-11 9.701185e-02 -9.952832e-01
    outer loop
      vertex   -2.741252e+01 1.880000e+01 4.190441e-16
      vertex   2.734227e+01 1.899263e+01 1.877596e-02
      vertex   2.741252e+01 1.880000e+01 -8.131516e-19
    endloop
  endfacet
  facet normal 8.004819e-04 8.813027e-01 -4.725515e-01
    outer loop
      vertex   2.738037e+01 1.972345e+01 6.163250e-01
      vertex   2.734889e+01 1.963078e+01 4.434399e-01
      vertex   2.193001e+01 1.966603e+01 5.000000e-01
    endloop
  endfacet
  facet normal -1.201925e-03 7.929248e-01 -6.093183e-01
    outer loop
      vertex   2.193001e+01 1.966603e+01 5.000000e-01
      vertex   2.734889e+01 1.963078e+01 4.434399e-01
      vertex   2.193001e+01 1.950611e+01 2.919001e-01
    endloop
  endfacet
  facet normal 7.369562e-06 7.721350e-01 -6.354585e-01
    outer loop
      vertex   2.734889e+01 1.963078e+01 4.434399e-01
      vertex   2.731892e+01 1.950609e+01 2.919352e-01
      vertex   2.193001e+01 1.950611e+01 2.919001e-01
    endloop
  endfacet
  facet normal 7.689762e-06 6.329637e-01 -7.741815e-01
    outer loop
      vertex   2.193001e+01 1.950611e+01 2.919001e-01
      vertex   2.731892e+01 1.950609e+01 2.919352e-01
      vertex   2.730142e+01 1.935392e+01 1.675254e-01
    endloop
  endfacet
  facet normal -1.147659e-03 6.082034e-01 -7.937804e-01
    outer loop
      vertex   2.193001e+01 1.950611e+01 2.919001e-01
      vertex   2.730142e+01 1.935392e+01 1.675254e-01
      vertex   2.193001e+01 1.930000e+01 1.339746e-01
    endloop
  endfacet
  facet normal 8.178244e-04 4.682883e-01 -8.835753e-01
    outer loop
      vertex   2.193001e+01 1.930000e+01 1.339746e-01
      vertex   2.730142e+01 1.935392e+01 1.675254e-01
      vertex   2.730693e+01 1.918009e+01 7.540030e-02
    endloop
  endfacet
  facet normal -1.530291e-03 3.826830e-01 -9.238785e-01
    outer loop
      vertex   2.193001e+01 1.930000e+01 1.339746e-01
      vertex   2.730693e+01 1.918009e+01 7.540030e-02
      vertex   2.193001e+01 1.905882e+01 3.407417e-02
    endloop
  endfacet
  facet normal 8.322715e-04 2.893003e-01 -9.572380e-01
    outer loop
      vertex   2.193001e+01 1.905882e+01 3.407417e-02
      vertex   2.730693e+01 1.918009e+01 7.540030e-02
      vertex   2.734227e+01 1.899263e+01 1.877596e-02
    endloop
  endfacet
  facet normal 0.000000e+00 2.251925e-01 -9.743143e-01
    outer loop
      vertex   2.193001e+01 1.905882e+01 3.407417e-02
      vertex   2.734227e+01 1.899263e+01 1.877596e-02
      vertex   1.644751e+01 1.905882e+01 3.407417e-02
    endloop
  endfacet
  facet normal 0.000000e+00 9.950179e-01 -9.969619e-02
    outer loop
      vertex   -2.741252e+01 1.980000e+01 1.000000e+00
      vertex   2.741252e+01 1.980000e+01 1.000000e+00
      vertex   -2.740317e+01 1.978040e+01 8.043925e-01
    endloop
  endfacet
  facet normal 2.351388e-04 9.863403e-01 -1.647204e-01
    outer loop
      vertex   -2.740317e+01 1.978040e+01 8.043925e-01
      vertex   2.741252e+01 1.980000e+01 1.000000e+00
      vertex   -1.096501e+01 1.976593e+01 7.411810e-01
    endloop
  endfacet
  facet normal 0.000000e+00 9.747685e-01 -2.232184e-01
    outer loop
      vertex   -2.740317e+01 1.978040e+01 8.043925e-01
      vertex   -1.096501e+01 1.976593e+01 7.411810e-01
      vertex   -1.644751e+01 1.976593e+01 7.411810e-01
    endloop
  endfacet
  facet normal 0.000000e+00 9.238795e-01 -3.826834e-01
    outer loop
      vertex   -1.644751e+01 1.976593e+01 7.411810e-01
      vertex   -1.096501e+01 1.976593e+01 7.411810e-01
      vertex   -1.644751e+01 1.966603e+01 5.000000e-01
    endloop
  endfacet
  facet normal 0.000000e+00 9.238795e-01 -3.826834e-01
    outer loop
      vertex   1.096501e+01 1.966603e+01 5.000000e-01
      vertex   1.644751e+01 1.976593e+01 7.411810e-01
      vertex   1.644751e+01 1.966603e+01 5.000000e-01
    endloop
  endfacet
  facet normal 0.000000e+00 9.238795e-01 -3.826834e-01
    outer loop
      vertex   1.644751e+01 1.966603e+01 5.000000e-01
      vertex   1.644751e+01 1.976593e+01 7.411810e-01
      vertex   2.193001e+01 1.976593e+01 7.411810e-01
    endloop
  endfacet
  facet normal 0.000000e+00 9.914449e-01 -1.305262e-01
    outer loop
      vertex   1.096501e+01 1.976593e+01 7.411810e-01
      vertex   5.482504e+00 1.976593e+01 7.411810e-01
      vertex   2.741252e+01 1.980000e+01 1.000000e+00
    endloop
  endfacet
  facet normal 0.000000e+00 9.914449e-01 -1.305262e-01
    outer loop
      vertex   2.741252e+01 1.980000e+01 1.000000e+00
      vertex   5.482504e+00 1.976593e+01 7.411810e-01
      vertex   4.440892e-15 1.976593e+01 7.411810e-01
    endloop
  endfacet
  facet normal 0.000000e+00 9.914449e-01 -1.305262e-01
    outer loop
      vertex   2.741252e+01 1.980000e+01 1.000000e+00
      vertex   4.440892e-15 1.976593e+01 7.411810e-01
      vertex   -5.482504e+00 1.976593e+01 7.411810e-01
    endloop
  endfacet
  facet normal 0.000000e+00 9.238795e-01 -3.826834e-01
    outer loop
      vertex   -5.482504e+00 1.976593e+01 7.411810e-01
      vertex   4.440892e-15 1.976593e+01 7.411810e-01
      vertex   -5.482504e+00 1.966603e+01 5.000000e-01
    endloop
  endfacet
  facet normal 0.000000e+00 9.238795e-01 -3.826834e-01
    outer loop
      vertex   -5.482504e+00 1.976593e+01 7.411810e-01
      vertex   -5.482504e+00 1.966603e+01 5.000000e-01
      vertex   -1.096501e+01 1.966603e+01 5.000000e-01
    endloop
  endfacet
  facet normal 0.000000e+00 7.929117e-01 -6.093365e-01
    outer loop
      vertex   -1.096501e+01 1.966603e+01 5.000000e-01
      vertex   -5.482504e+00 1.966603e+01 5.000000e-01
      vertex   -5.482504e+00 1.950608e+01 2.918686e-01
    endloop
  endfacet
  facet normal -2.140803e-07 7.929090e-01 -6.093400e-01
    outer loop
      vertex   -1.096501e+01 1.966603e+01 5.000000e-01
      vertex   -5.482504e+00 1.950608e+01 2.918686e-01
      vertex   -1.096501e+01 1.950607e+01 2.918623e-01
    endloop
  endfacet
  facet normal 2.117279e-07 6.081860e-01 -7.937945e-01
    outer loop
      vertex   -1.096501e+01 1.950607e+01 2.918623e-01
      vertex   -5.482504e+00 1.950608e+01 2.918686e-01
      vertex   -5.482504e+00 1.930000e+01 1.339746e-01
    endloop
  endfacet
  facet normal 0.000000e+00 9.238795e-01 -3.826834e-01
    outer loop
      vertex   1.096501e+01 1.976593e+01 7.411810e-01
      vertex   5.482504e+00 1.966603e+01 5.000000e-01
      vertex   5.482504e+00 1.976593e+01 7.411810e-01
    endloop
  endfacet
  facet normal 0.000000e+00 9.238795e-01 -3.826834e-01
    outer loop
      vertex   5.482504e+00 1.976593e+01 7.411810e-01
      vertex   5.482504e+00 1.966603e+01 5.000000e-01
      vertex   4.440892e-15 1.966603e+01 5.000000e-01
    endloop
  endfacet
  facet normal 0.000000e+00 9.238795e-01 -3.826834e-01
    outer loop
      vertex   5.482504e+00 1.976593e+01 7.411810e-01
      vertex   4.440892e-15 1.966603e+01 5.000000e-01
      vertex   4.440892e-15 1.976593e+01 7.411810e-01
    endloop
  endfacet
  facet normal 0.000000e+00 9.238795e-01 -3.826834e-01
    outer loop
      vertex   4.440892e-15 1.976593e+01 7.411810e-01
      vertex   4.440892e-15 1.966603e+01 5.000000e-01
      vertex   -5.482504e+00 1.966603e+01 5.000000e-01
    endloop
  endfacet
  facet normal 0.000000e+00 9.914449e-01 -1.305262e-01
    outer loop
      vertex   -1.096501e+01 1.976593e+01 7.411810e-01
      vertex   2.741252e+01 1.980000e+01 1.000000e+00
      vertex   -5.482504e+00 1.976593e+01 7.411810e-01
    endloop
  endfacet
  facet normal 0.000000e+00 9.238795e-01 -3.826834e-01
    outer loop
      vertex   -1.644751e+01 1.966603e+01 5.000000e-01
      vertex   -1.096501e+01 1.976593e+01 7.411810e-01
      vertex   -1.096501e+01 1.966603e+01 5.000000e-01
    endloop
  endfacet
  facet normal 0.000000e+00 9.238795e-01 -3.826834e-01
    outer loop
      vertex   -1.096501e+01 1.966603e+01 5.000000e-01
      vertex   -1.096501e+01 1.976593e+01 7.411810e-01
      vertex   -5.482504e+00 1.976593e+01 7.411810e-01
    endloop
  endfacet
  facet normal -2.140513e-07 7.929199e-01 -6.093259e-01
    outer loop
      vertex   1.096501e+01 1.950610e+01 2.918875e-01
      vertex   1.096501e+01 1.966603e+01 5.000000e-01
      vertex   1.644751e+01 1.950611e+01 2.918938e-01
    endloop
  endfacet
  facet normal 0.000000e+00 7.929226e-01 -6.093223e-01
    outer loop
      vertex   1.644751e+01 1.950611e+01 2.918938e-01
      vertex   1.096501e+01 1.966603e+01 5.000000e-01
      vertex   1.644751e+01 1.966603e+01 5.000000e-01
    endloop
  endfacet
  facet normal 0.000000e+00 7.929172e-01 -6.093294e-01
    outer loop
      vertex   5.482504e+00 1.966603e+01 5.000000e-01
      vertex   5.482504e+00 1.950609e+01 2.918812e-01
      vertex   4.440892e-15 1.966603e+01 5.000000e-01
    endloop
  endfacet
  facet normal -2.140658e-07 7.929145e-01 -6.093330e-01
    outer loop
      vertex   4.440892e-15 1.966603e+01 5.000000e-01
      vertex   5.482504e+00 1.950609e+01 2.918812e-01
      vertex   4.440892e-15 1.950609e+01 2.918749e-01
    endloop
  endfacet
  facet normal 0.000000e+00 7.929145e-01 -6.093330e-01
    outer loop
      vertex   4.440892e-15 1.966603e+01 5.000000e-01
      vertex   4.440892e-15 1.950609e+01 2.918749e-01
      vertex   -5.482504e+00 1.966603e+01 5.000000e-01
    endloop
  endfacet
  facet normal -2.140730e-07 7.929117e-01 -6.093365e-01
    outer loop
      vertex   -5.482504e+00 1.966603e+01 5.000000e-01
      vertex   4.440892e-15 1.950609e+01 2.918749e-01
      vertex   -5.482504e+00 1.950608e+01 2.918686e-01
    endloop
  endfacet
  facet normal 0.000000e+00 7.929090e-01 -6.093400e-01
    outer loop
      vertex   -1.096501e+01 1.950607e+01 2.918623e-01
      vertex   -1.644751e+01 1.966603e+01 5.000000e-01
      vertex   -1.096501e+01 1.966603e+01 5.000000e-01
    endloop
  endfacet
  facet normal -2.140947e-07 7.929036e-01 -6.093471e-01
    outer loop
      vertex   -2.193001e+01 1.950606e+01 2.918496e-01
      vertex   -2.193001e+01 1.966603e+01 5.000000e-01
      vertex   -1.644751e+01 1.950607e+01 2.918559e-01
    endloop
  endfacet
  facet normal 0.000000e+00 6.081967e-01 -7.937864e-01
    outer loop
      vertex   1.096501e+01 1.930000e+01 1.339746e-01
      vertex   1.096501e+01 1.950610e+01 2.918875e-01
      vertex   1.644751e+01 1.930000e+01 1.339746e-01
    endloop
  endfacet
  facet normal 2.117568e-07 6.082002e-01 -7.937836e-01
    outer loop
      vertex   1.644751e+01 1.930000e+01 1.339746e-01
      vertex   1.096501e+01 1.950610e+01 2.918875e-01
      vertex   1.644751e+01 1.950611e+01 2.918938e-01
    endloop
  endfacet
  facet normal 2.117424e-07 6.081931e-01 -7.937891e-01
    outer loop
      vertex   5.482504e+00 1.950609e+01 2.918812e-01
      vertex   5.482504e+00 1.930000e+01 1.339746e-01
      vertex   4.440892e-15 1.950609e+01 2.918749e-01
    endloop
  endfacet
  facet normal 0.000000e+00 6.081896e-01 -7.937918e-01
    outer loop
      vertex   4.440892e-15 1.950609e+01 2.918749e-01
      vertex   5.482504e+00 1.930000e+01 1.339746e-01
      vertex   4.440892e-15 1.930000e+01 1.339746e-01
    endloop
  endfacet
  facet normal 2.117351e-07 6.081896e-01 -7.937918e-01
    outer loop
      vertex   4.440892e-15 1.950609e+01 2.918749e-01
      vertex   4.440892e-15 1.930000e+01 1.339746e-01
      vertex   -5.482504e+00 1.950608e+01 2.918686e-01
    endloop
  endfacet
  facet normal 0.000000e+00 6.081860e-01 -7.937945e-01
    outer loop
      vertex   -5.482504e+00 1.950608e+01 2.918686e-01
      vertex   4.440892e-15 1.930000e+01 1.339746e-01
      vertex   -5.482504e+00 1.930000e+01 1.339746e-01
    endloop
  endfacet
  facet normal 2.117134e-07 6.081789e-01 -7.938000e-01
    outer loop
      vertex   -2.193001e+01 1.950606e+01 2.918496e-01
      vertex   -1.644751e+01 1.950607e+01 2.918559e-01
      vertex   -1.644751e+01 1.930000e+01 1.339746e-01
    endloop
  endfacet
  facet normal 0.000000e+00 6.081789e-01 -7.938000e-01
    outer loop
      vertex   -1.644751e+01 1.930000e+01 1.339746e-01
      vertex   -1.644751e+01 1.950607e+01 2.918559e-01
      vertex   -1.096501e+01 1.930000e+01 1.339746e-01
    endloop
  endfacet
  facet normal 0.000000e+00 3.826834e-01 -9.238795e-01
    outer loop
      vertex   -1.644751e+01 1.930000e+01 1.339746e-01
      vertex   -1.096501e+01 1.930000e+01 1.339746e-01
      vertex   -1.644751e+01 1.905882e+01 3.407417e-02
    endloop
  endfacet
  facet normal 0.000000e+00 3.826834e-01 -9.238795e-01
    outer loop
      vertex   2.193001e+01 1.905882e+01 3.407417e-02
      vertex   1.644751e+01 1.905882e+01 3.407417e-02
      vertex   2.193001e+01 1.930000e+01 1.339746e-01
    endloop
  endfacet
  facet normal 0.000000e+00 3.826834e-01 -9.238795e-01
    outer loop
      vertex   5.482504e+00 1.905882e+01 3.407417e-02
      vertex   1.096501e+01 1.930000e+01 1.339746e-01
      vertex   1.096501e+01 1.905882e+01 3.407417e-02
    endloop
  endfacet
  facet normal 0.000000e+00 3.826834e-01 -9.238795e-01
    outer loop
      vertex   1.096501e+01 1.905882e+01 3.407417e-02
      vertex   1.096501e+01 1.930000e+01 1.339746e-01
      vertex   1.644751e+01 1.930000e+01 1.339746e-01
    endloop
  endfacet
  facet normal 0.000000e+00 3.826834e-01 -9.238795e-01
    outer loop
      vertex   -5.482504e+00 1.905882e+01 3.407417e-02
      vertex   -5.482504e+00 1.930000e+01 1.339746e-01
      vertex   4.440892e-15 1.930000e+01 1.339746e-01
    endloop
  endfacet
  facet normal 0.000000e+00 3.826834e-01 -9.238795e-01
    outer loop
      vertex   -5.482504e+00 1.905882e+01 3.407417e-02
      vertex   4.440892e-15 1.930000e+01 1.339746e-01
      vertex   4.440892e-15 1.905882e+01 3.407417e-02
    endloop
  endfacet
  facet normal 0.000000e+00 3.826834e-01 -9.238795e-01
    outer loop
      vertex   4.440892e-15 1.905882e+01 3.407417e-02
      vertex   4.440892e-15 1.930000e+01 1.339746e-01
      vertex   5.482504e+00 1.930000e+01 1.339746e-01
    endloop
  endfacet
  facet normal 0.000000e+00 3.826834e-01 -9.238795e-01
    outer loop
      vertex   -2.193001e+01 1.905882e+01 3.407417e-02
      vertex   -2.193001e+01 1.930000e+01 1.339746e-01
      vertex   -1.644751e+01 1.930000e+01 1.339746e-01
    endloop
  endfacet
  facet normal 0.000000e+00 6.081754e-01 -7.938027e-01
    outer loop
      vertex   -1.644751e+01 1.930000e+01 1.339746e-01
      vertex   -2.193001e+01 1.930000e+01 1.339746e-01
      vertex   -2.193001e+01 1.950606e+01 2.918496e-01
    endloop
  endfacet
  facet normal 0.000000e+00 3.826834e-01 -9.238795e-01
    outer loop
      vertex   -2.193001e+01 1.905882e+01 3.407417e-02
      vertex   -1.644751e+01 1.930000e+01 1.339746e-01
      vertex   -1.644751e+01 1.905882e+01 3.407417e-02
    endloop
  endfacet
  facet normal 0.000000e+00 1.305262e-01 -9.914449e-01
    outer loop
      vertex   -2.741252e+01 1.880000e+01 4.190441e-16
      vertex   5.482504e+00 1.905882e+01 3.407417e-02
      vertex   1.096501e+01 1.905882e+01 3.407417e-02
    endloop
  endfacet
  facet normal -0.000000e+00 0.000000e+00 -1.000000e+00
    outer loop
      vertex   -3.344659e+01 -2.022277e+01 0.000000e+00
      vertex   -3.524870e+01 -2.039703e+01 0.000000e+00
      vertex   -3.350000e+01 -1.980000e+01 0.000000e+00
    endloop
  endfacet
  facet normal -0.000000e+00 0.000000e+00 -1.000000e+00
    outer loop
      vertex   -3.350000e+01 -1.980000e+01 0.000000e+00
      vertex   -3.524870e+01 -2.039703e+01 0.000000e+00
      vertex   -3.529997e+01 -1.978598e+01 0.000000e+00
    endloop
  endfacet
  facet normal 0.000000e+00 0.000000e+00 -1.000000e+00
    outer loop
      vertex   -3.350000e+01 -1.980000e+01 0.000000e+00
      vertex   -3.529997e+01 -1.978598e+01 0.000000e+00
      vertex   -3.344659e+01 -1.937723e+01 0.000000e+00
    endloop
  endfacet
  facet normal -0.000000e+00 0.000000e+00 -1.000000e+00
    outer loop
      vertex   -3.344659e+01 -1.937723e+01 0.000000e+00
      vertex   -3.529997e+01 -1.978598e+01 0.000000e+00
      vertex   -3.524381e+01 -1.917536e+01 0.000000e+00
    endloop
  endfacet
  facet normal 0.000000e+00 0.000000e+00 -1.000000e+00
    outer loop
      vertex   -3.344659e+01 -1.937723e+01 0.000000e+00
      vertex   -3.524381e+01 -1.917536e+01 0.000000e+00
      vertex   -3.328972e+01 -1.898102e+01 0.000000e+00
    endloop
  endfacet
  facet normal -0.000000e+00 0.000000e+00 -1.000000e+00
    outer loop
      vertex   -3.328972e+01 -1.898102e+01 0.000000e+00
      vertex   -3.524381e+01 -1.917536e+01 0.000000e+00
      vertex   -3.508194e+01 -1.858392e+01 0.000000e+00
    endloop
  endfacet
  facet normal 0.000000e+00 0.000000e+00 -1.000000e+00
    outer loop
      vertex   -3.328972e+01 -1.898102e+01 0.000000e+00
      vertex   -3.508194e+01 -1.858392e+01 0.000000e+00
      vertex   -3.303925e+01 -1.863627e+01 0.000000e+00
    endloop
  endfacet
  facet normal 0.000000e+00 0.000000e+00 -1.000000e+00
    outer loop
      vertex   -3.303925e+01 -1.863627e+01 0.000000e+00
      vertex   -3.508194e+01 -1.858392e+01 0.000000e+00
      vertex   -3.481934e+01 -1.802980e+01 0.000000e+00
    endloop
  endfacet
  facet normal 0.000000e+00 0.000000e+00 -1.000000e+00
    outer loop
      vertex   -3.303925e+01 -1.863627e+01 0.000000e+00
      vertex   -3.481934e+01 -1.802980e+01 0.000000e+00
      vertex   -3.446405e+01 -1.753002e+01 0.000000e+00
    endloop
  endfacet
  facet normal 0.000000e+00 -0.000000e+00 -1.000000e+00
    outer loop
      vertex   -3.344659e+01 -2.022277e+01 0.000000e+00
      vertex   -3.328972e+01 -2.061898e+01 0.000000e+00
      vertex   -3.524870e+01 -2.039703e+01 0.000000e+00
    endloop
  endfacet
  facet normal 0.000000e+00 0.000000e+00 -1.000000e+00
    outer loop
      vertex   -3.524870e+01 -2.039703e+01 0.000000e+00
      vertex   -3.328972e+01 -2.061898e+01 0.000000e+00
      vertex   -3.509158e+01 -2.098975e+01 0.000000e+00
    endloop
  endfacet
  facet normal 0.000000e+00 0.000000e+00 -1.000000e+00
    outer loop
      vertex   -3.509158e+01 -2.098975e+01 0.000000e+00
      vertex   -3.328972e+01 -2.061898e+01 0.000000e+00
      vertex   -3.303925e+01 -2.096373e+01 0.000000e+00
    endloop
  endfacet
  facet normal 0.000000e+00 0.000000e+00 -1.000000e+00
    outer loop
      vertex   -3.509158e+01 -2.098975e+01 0.000000e+00
      vertex   -3.303925e+01 -2.096373e+01 0.000000e+00
      vertex   -3.483342e+01 -2.154595e+01 0.000000e+00
    endloop
  endfacet
  facet normal 0.000000e+00 0.000000e+00 -1.000000e+00
    outer loop
      vertex   -3.483342e+01 -2.154595e+01 0.000000e+00
      vertex   -3.303925e+01 -2.096373e+01 0.000000e+00
      vertex   -3.448216e+01 -2.204856e+01 0.000000e+00
    endloop
  endfacet
  facet normal 0.000000e+00 0.000000e+00 -1.000000e+00
    outer loop
      vertex   -3.448216e+01 -2.204856e+01 0.000000e+00
      vertex   -3.303925e+01 -2.096373e+01 0.000000e+00
      vertex   -3.271091e+01 -2.123536e+01 0.000000e+00
    endloop
  endfacet
  facet normal 0.000000e+00 0.000000e+00 -1.000000e+00
    outer loop
      vertex   -3.448216e+01 -2.204856e+01 0.000000e+00
      vertex   -3.271091e+01 -2.123536e+01 0.000000e+00
      vertex   -3.404856e+01 -2.248216e+01 0.000000e+00
    endloop
  endfacet
  facet normal 0.000000e+00 0.000000e+00 -1.000000e+00
    outer loop
      vertex   -3.404856e+01 -2.248216e+01 0.000000e+00
      vertex   -3.271091e+01 -2.123536e+01 0.000000e+00
      vertex   -3.232533e+01 -2.141680e+01 0.000000e+00
    endloop
  endfacet
  facet normal 0.000000e+00 0.000000e+00 -1.000000e+00
    outer loop
      vertex   -3.404856e+01 -2.248216e+01 0.000000e+00
      vertex   -3.232533e+01 -2.141680e+01 0.000000e+00
      vertex   -3.354595e+01 -2.283342e+01 0.000000e+00
    endloop
  endfacet
  facet normal 0.000000e+00 0.000000e+00 -1.000000e+00
    outer loop
      vertex   -3.354595e+01 -2.283342e+01 0.000000e+00
      vertex   -3.232533e+01 -2.141680e+01 0.000000e+00
      vertex   -3.298975e+01 -2.309158e+01 0.000000e+00
    endloop
  endfacet
  facet normal 0.000000e+00 0.000000e+00 -1.000000e+00
    outer loop
      vertex   -3.298975e+01 -2.309158e+01 0.000000e+00
      vertex   -3.232533e+01 -2.141680e+01 0.000000e+00
      vertex   -3.190674e+01 -2.149665e+01 0.000000e+00
    endloop
  endfacet
  facet normal 0.000000e+00 0.000000e+00 -1.000000e+00
    outer loop
      vertex   -3.298975e+01 -2.309158e+01 0.000000e+00
      vertex   -3.190674e+01 -2.149665e+01 0.000000e+00
      vertex   -3.239703e+01 -2.324870e+01 0.000000e+00
    endloop
  endfacet
  facet normal 0.000000e+00 0.000000e+00 -1.000000e+00
    outer loop
      vertex   -3.239703e+01 -2.324870e+01 0.000000e+00
      vertex   -3.190674e+01 -2.149665e+01 0.000000e+00
      vertex   -3.178598e+01 -2.329997e+01 0.000000e+00
    endloop
  endfacet
  facet normal 0.000000e+00 0.000000e+00 -1.000000e+00
    outer loop
      vertex   -3.178598e+01 -2.329997e+01 0.000000e+00
      vertex   -3.190674e+01 -2.149665e+01 0.000000e+00
      vertex   -3.117536e+01 -2.324381e+01 0.000000e+00
    endloop
  endfacet
  facet normal 0.000000e+00 0.000000e+00 -1.000000e+00
    outer loop
      vertex   -3.117536e+01 -2.324381e+01 0.000000e+00
      vertex   -3.190674e+01 -2.149665e+01 0.000000e+00
      vertex   -3.148145e+01 -2.146989e+01 0.000000e+00
    endloop
  endfacet
  facet normal 0.000000e+00 0.000000e+00 -1.000000e+00
    outer loop
      vertex   -3.117536e+01 -2.324381e+01 0.000000e+00
      vertex   -3.148145e+01 -2.146989e+01 0.000000e+00
      vertex   -3.058392e+01 -2.308194e+01 0.000000e+00
    endloop
  endfacet
  facet normal 0.000000e+00 0.000000e+00 -1.000000e+00
    outer loop
      vertex   -3.058392e+01 -2.308194e+01 0.000000e+00
      vertex   -3.148145e+01 -2.146989e+01 0.000000e+00
      vertex   -3.002980e+01 -2.281934e+01 0.000000e+00
    endloop
  endfacet
  facet normal 0.000000e+00 0.000000e+00 -1.000000e+00
    outer loop
      vertex   -3.002980e+01 -2.281934e+01 0.000000e+00
      vertex   -3.148145e+01 -2.146989e+01 0.000000e+00
      vertex   -3.107618e+01 -2.133821e+01 0.000000e+00
    endloop
  endfacet
  facet normal 0.000000e+00 0.000000e+00 -1.000000e+00
    outer loop
      vertex   -3.002980e+01 -2.281934e+01 0.000000e+00
      vertex   -3.107618e+01 -2.133821e+01 0.000000e+00
      vertex   -2.953002e+01 -2.246405e+01 0.000000e+00
    endloop
  endfacet
  facet normal 0.000000e+00 0.000000e+00 -1.000000e+00
    outer loop
      vertex   -2.953002e+01 -2.246405e+01 0.000000e+00
      vertex   -3.107618e+01 -2.133821e+01 0.000000e+00
      vertex   -2.909991e+01 -2.202700e+01 0.000000e+00
    endloop
  endfacet
  facet normal 0.000000e+00 0.000000e+00 -1.000000e+00
    outer loop
      vertex   -2.909991e+01 -2.202700e+01 0.000000e+00
      vertex   -3.107618e+01 -2.133821e+01 0.000000e+00
      vertex   -3.071638e+01 -2.110987e+01 0.000000e+00
    endloop
  endfacet
  facet normal 0.000000e+00 0.000000e+00 -1.000000e+00
    outer loop
      vertex   -2.909991e+01 -2.202700e+01 0.000000e+00
      vertex   -3.071638e+01 -2.110987e+01 0.000000e+00
      vertex   -2.875268e+01 -2.152159e+01 0.000000e+00
    endloop
  endfacet
  facet normal 0.000000e+00 0.000000e+00 -1.000000e+00
    outer loop
      vertex   -2.875268e+01 -2.152159e+01 0.000000e+00
      vertex   -3.071638e+01 -2.110987e+01 0.000000e+00
      vertex   -3.042467e+01 -2.079923e+01 0.000000e+00
    endloop
  endfacet
  facet normal 0.000000e+00 0.000000e+00 -1.000000e+00
    outer loop
      vertex   -2.875268e+01 -2.152159e+01 0.000000e+00
      vertex   -3.042467e+01 -2.079923e+01 0.000000e+00
      vertex   -2.849899e+01 -2.096333e+01 0.000000e+00
    endloop
  endfacet
  facet normal 0.000000e+00 0.000000e+00 -1.000000e+00
    outer loop
      vertex   -2.849899e+01 -2.096333e+01 0.000000e+00
      vertex   -3.042467e+01 -2.079923e+01 0.000000e+00
      vertex   -3.021938e+01 -2.042581e+01 0.000000e+00
    endloop
  endfacet
  facet normal 6.681161e-14 2.138362e-13 -1.000000e+00
    outer loop
      vertex   -2.849899e+01 -2.096333e+01 0.000000e+00
      vertex   -3.021938e+01 -2.042581e+01 0.000000e+00
      vertex   -2.834662e+01 -2.036937e+01 1.371906e-13
    endloop
  endfacet
  facet normal 7.382721e-14 -1.895561e-14 -1.000000e+00
    outer loop
      vertex   -2.834662e+01 -2.036937e+01 1.371906e-13
      vertex   -3.021938e+01 -2.042581e+01 0.000000e+00
      vertex   -3.011341e+01 -2.001307e+01 0.000000e+00
    endloop
  endfacet
  facet normal -2.102698e-14 -4.893000e-13 -1.000000e+00
    outer loop
      vertex   -2.834662e+01 -2.036937e+01 1.371906e-13
      vertex   -3.011341e+01 -2.001307e+01 0.000000e+00
      vertex   -2.827085e+01 -2.008891e+01 -1.631218e-15
    endloop
  endfacet
  facet normal -8.853029e-16 0.000000e+00 -1.000000e+00
    outer loop
      vertex   -2.827085e+01 -2.008891e+01 -1.631218e-15
      vertex   -3.011341e+01 -2.001307e+01 0.000000e+00
      vertex   -3.011341e+01 -1.958693e+01 0.000000e+00
    endloop
  endfacet
  facet normal -4.563449e-16 1.574520e-15 -1.000000e+00
    outer loop
      vertex   -2.827085e+01 -2.008891e+01 -1.631218e-15
      vertex   -3.011341e+01 -1.958693e+01 0.000000e+00
      vertex   -2.816588e+01 -1.985986e+01 -1.318472e-15
    endloop
  endfacet
  facet normal -4.102977e-16 1.903097e-15 -1.000000e+00
    outer loop
      vertex   -2.816588e+01 -1.985986e+01 -1.318472e-15
      vertex   -3.011341e+01 -1.958693e+01 0.000000e+00
      vertex   -2.792316e+01 -1.949172e+01 -7.174588e-16
    endloop
  endfacet
  facet normal -3.239539e-16 -8.317722e-17 -1.000000e+00
    outer loop
      vertex   -2.792316e+01 -1.949172e+01 -7.174588e-16
      vertex   -3.011341e+01 -1.958693e+01 0.000000e+00
      vertex   -3.021938e+01 -1.917419e+01 0.000000e+00
    endloop
  endfacet
  facet normal -1.723403e-16 1.013203e-15 -1.000000e+00
    outer loop
      vertex   -2.792316e+01 -1.949172e+01 -7.174588e-16
      vertex   -3.021938e+01 -1.917419e+01 0.000000e+00
      vertex   -2.766375e+01 -1.916199e+01 -4.280823e-16
    endloop
  endfacet
  facet normal -1.670671e-16 -9.184592e-17 -1.000000e+00
    outer loop
      vertex   -2.766375e+01 -1.916199e+01 -4.280823e-16
      vertex   -3.021938e+01 -1.917419e+01 0.000000e+00
      vertex   -3.042467e+01 -1.880077e+01 0.000000e+00
    endloop
  endfacet
  facet normal -4.509984e-17 8.403698e-16 -1.000000e+00
    outer loop
      vertex   -2.766375e+01 -1.916199e+01 -4.280823e-16
      vertex   -3.042467e+01 -1.880077e+01 0.000000e+00
      vertex   -2.741514e+01 -1.880439e+01 -1.387779e-16
    endloop
  endfacet
  facet normal -4.606627e-17 3.855018e-17 -1.000000e+00
    outer loop
      vertex   -2.741514e+01 -1.880439e+01 -1.387779e-16
      vertex   -3.042467e+01 -1.880077e+01 0.000000e+00
      vertex   -2.925245e+01 -1.740000e+01 0.000000e+00
    endloop
  endfacet
  facet normal 1.216419e-14 1.601278e-14 -1.000000e+00
    outer loop
      vertex   -2.741514e+01 -1.880439e+01 -1.387779e-16
      vertex   -2.925245e+01 -1.740000e+01 0.000000e+00
      vertex   -2.741252e+01 -1.880000e+01 -3.659182e-17
    endloop
  endfacet
  facet normal 0.000000e+00 2.613702e-17 -1.000000e+00
    outer loop
      vertex   -2.741252e+01 -1.880000e+01 -3.659182e-17
      vertex   -2.925245e+01 -1.740000e+01 0.000000e+00
      vertex   2.925245e+01 -1.740000e+01 0.000000e+00
    endloop
  endfacet
  facet normal 1.139079e-17 -4.349049e-16 -1.000000e+00
    outer loop
      vertex   -2.741252e+01 -1.880000e+01 -3.659182e-17
      vertex   2.925245e+01 -1.740000e+01 0.000000e+00
      vertex   2.741252e+01 -1.880000e+01 5.879086e-16
    endloop
  endfacet
  facet normal -2.117335e-16 -1.416664e-16 -1.000000e+00
    outer loop
      vertex   2.741252e+01 -1.880000e+01 5.879086e-16
      vertex   2.925245e+01 -1.740000e+01 0.000000e+00
      vertex   3.031028e+01 -1.898102e+01 0.000000e+00
    endloop
  endfacet
  facet normal -8.785343e-17 1.841414e-15 -1.000000e+00
    outer loop
      vertex   2.741252e+01 -1.880000e+01 5.879086e-16
      vertex   3.031028e+01 -1.898102e+01 0.000000e+00
      vertex   2.766160e+01 -1.915922e+01 -9.544637e-17
    endloop
  endfacet
  facet normal -2.231378e-17 8.672694e-16 -1.000000e+00
    outer loop
      vertex   2.766160e+01 -1.915922e+01 -9.544637e-17
      vertex   3.031028e+01 -1.898102e+01 0.000000e+00
      vertex   2.792171e+01 -1.948982e+01 -3.879713e-16
    endloop
  endfacet
  facet normal 1.773895e-16 -7.023347e-17 -1.000000e+00
    outer loop
      vertex   2.792171e+01 -1.948982e+01 -3.879713e-16
      vertex   3.031028e+01 -1.898102e+01 0.000000e+00
      vertex   3.015341e+01 -1.937723e+01 0.000000e+00
    endloop
  endfacet
  facet normal 4.048584e-17 2.643285e-15 -1.000000e+00
    outer loop
      vertex   2.792171e+01 -1.948982e+01 -3.879713e-16
      vertex   3.015341e+01 -1.937723e+01 0.000000e+00
      vertex   2.816528e+01 -1.985875e+01 -1.353284e-15
    endloop
  endfacet
  facet normal 7.021660e-16 -8.870420e-17 -1.000000e+00
    outer loop
      vertex   2.816528e+01 -1.985875e+01 -1.353284e-15
      vertex   3.015341e+01 -1.937723e+01 0.000000e+00
      vertex   3.010000e+01 -1.980000e+01 0.000000e+00
    endloop
  endfacet
  facet normal 6.053637e-16 3.099317e-15 -1.000000e+00
    outer loop
      vertex   2.816528e+01 -1.985875e+01 -1.353284e-15
      vertex   3.010000e+01 -1.980000e+01 0.000000e+00
      vertex   2.827058e+01 -2.008820e+01 -2.000687e-15
    endloop
  endfacet
  facet normal 1.072281e-15 1.354606e-16 -1.000000e+00
    outer loop
      vertex   2.827058e+01 -2.008820e+01 -2.000687e-15
      vertex   3.010000e+01 -1.980000e+01 0.000000e+00
      vertex   3.015341e+01 -2.022277e+01 0.000000e+00
    endloop
  endfacet
  facet normal -9.264804e-11 -1.296271e-09 -1.000000e+00
    outer loop
      vertex   2.827058e+01 -2.008820e+01 -2.000687e-15
      vertex   3.015341e+01 -2.022277e+01 0.000000e+00
      vertex   2.834662e+01 -2.036937e+01 3.574286e-10
    endloop
  endfacet
  facet normal -2.416232e-10 5.397864e-10 -1.000000e+00
    outer loop
      vertex   2.834662e+01 -2.036937e+01 3.574286e-10
      vertex   3.015341e+01 -2.022277e+01 0.000000e+00
      vertex   2.849899e+01 -2.096333e+01 0.000000e+00
    endloop
  endfacet
  facet normal 0.000000e+00 0.000000e+00 -1.000000e+00
    outer loop
      vertex   2.849899e+01 -2.096333e+01 0.000000e+00
      vertex   3.015341e+01 -2.022277e+01 0.000000e+00
      vertex   3.031028e+01 -2.061898e+01 0.000000e+00
    endloop
  endfacet
  facet normal 0.000000e+00 0.000000e+00 -1.000000e+00
    outer loop
      vertex   2.849899e+01 -2.096333e+01 0.000000e+00
      vertex   3.031028e+01 -2.061898e+01 0.000000e+00
      vertex   2.875268e+01 -2.152159e+01 0.000000e+00
    endloop
  endfacet
  facet normal 0.000000e+00 0.000000e+00 -1.000000e+00
    outer loop
      vertex   2.875268e+01 -2.152159e+01 0.000000e+00
      vertex   3.031028e+01 -2.061898e+01 0.000000e+00
      vertex   3.056075e+01 -2.096373e+01 0.000000e+00
    endloop
  endfacet
  facet normal 0.000000e+00 0.000000e+00 -1.000000e+00
    outer loop
      vertex   2.875268e+01 -2.152159e+01 0.000000e+00
      vertex   3.056075e+01 -2.096373e+01 0.000000e+00
      vertex   2.909991e+01 -2.202700e+01 0.000000e+00
    endloop
  endfacet
  facet normal 0.000000e+00 0.000000e+00 -1.000000e+00
    outer loop
      vertex   2.909991e+01 -2.202700e+01 0.000000e+00
      vertex   3.056075e+01 -2.096373e+01 0.000000e+00
      vertex   3.088909e+01 -2.123536e+01 0.000000e+00
    endloop
  endfacet
  facet normal 0.000000e+00 0.000000e+00 -1.000000e+00
    outer loop
      vertex   2.909991e+01 -2.202700e+01 0.000000e+00
      vertex   3.088909e+01 -2.123536e+01 0.000000e+00
      vertex   2.953002e+01 -2.246405e+01 0.000000e+00
    endloop
  endfacet
  facet normal 0.000000e+00 0.000000e+00 -1.000000e+00
    outer loop
      vertex   2.953002e+01 -2.246405e+01 0.000000e+00
      vertex   3.088909e+01 -2.123536e+01 0.000000e+00
      vertex   3.127467e+01 -2.141680e+01 0.000000e+00
    endloop
  endfacet
  facet normal 0.000000e+00 0.000000e+00 -1.000000e+00
    outer loop
      vertex   2.953002e+01 -2.246405e+01 0.000000e+00
      vertex   3.127467e+01 -2.141680e+01 0.000000e+00
      vertex   3.002980e+01 -2.281934e+01 0.000000e+00
    endloop
  endfacet
  facet normal 0.000000e+00 0.000000e+00 -1.000000e+00
    outer loop
      vertex   3.002980e+01 -2.281934e+01 0.000000e+00
      vertex   3.127467e+01 -2.141680e+01 0.000000e+00
      vertex   3.058392e+01 -2.308194e+01 0.000000e+00
    endloop
  endfacet
  facet normal 0.000000e+00 0.000000e+00 -1.000000e+00
    outer loop
      vertex   3.058392e+01 -2.308194e+01 0.000000e+00
      vertex   3.127467e+01 -2.141680e+01 0.000000e+00
      vertex   3.169326e+01 -2.149665e+01 0.000000e+00
    endloop
  endfacet
  facet normal 0.000000e+00 0.000000e+00 -1.000000e+00
    outer loop
      vertex   3.058392e+01 -2.308194e+01 0.000000e+00
      vertex   3.169326e+01 -2.149665e+01 0.000000e+00
      vertex   3.117536e+01 -2.324381e+01 0.000000e+00
    endloop
  endfacet
  facet normal 0.000000e+00 0.000000e+00 -1.000000e+00
    outer loop
      vertex   3.117536e+01 -2.324381e+01 0.000000e+00
      vertex   3.169326e+01 -2.149665e+01 0.000000e+00
      vertex   3.178598e+01 -2.329997e+01 0.000000e+00
    endloop
  endfacet
  facet normal 0.000000e+00 0.000000e+00 -1.000000e+00
    outer loop
      vertex   3.178598e+01 -2.329997e+01 0.000000e+00
      vertex   3.169326e+01 -2.149665e+01 0.000000e+00
      vertex   3.239703e+01 -2.324870e+01 0.000000e+00
    endloop
  endfacet
  facet normal 0.000000e+00 0.000000e+00 -1.000000e+00
    outer loop
      vertex   3.239703e+01 -2.324870e+01 0.000000e+00
      vertex   3.169326e+01 -2.149665e+01 0.000000e+00
      vertex   3.211855e+01 -2.146989e+01 0.000000e+00
    endloop
  endfacet
  facet normal 0.000000e+00 0.000000e+00 -1.000000e+00
    outer loop
      vertex   3.239703e+01 -2.324870e+01 0.000000e+00
      vertex   3.211855e+01 -2.146989e+01 0.000000e+00
      vertex   3.298975e+01 -2.309158e+01 0.000000e+00
    endloop
  endfacet
  facet normal 0.000000e+00 0.000000e+00 -1.000000e+00
    outer loop
      vertex   3.298975e+01 -2.309158e+01 0.000000e+00
      vertex   3.211855e+01 -2.146989e+01 0.000000e+00
      vertex   3.354595e+01 -2.283342e+01 0.000000e+00
    endloop
  endfacet
  facet normal 0.000000e+00 0.000000e+00 -1.000000e+00
    outer loop
      vertex   3.354595e+01 -2.283342e+01 0.000000e+00
      vertex   3.211855e+01 -2.146989e+01 0.000000e+00
      vertex   3.252382e+01 -2.133821e+01 0.000000e+00
    endloop
  endfacet
  facet normal 0.000000e+00 0.000000e+00 -1.000000e+00
    outer loop
      vertex   3.354595e+01 -2.283342e+01 0.000000e+00
      vertex   3.252382e+01 -2.133821e+01 0.000000e+00
      vertex   3.404856e+01 -2.248216e+01 0.000000e+00
    endloop
  endfacet
  facet normal 0.000000e+00 0.000000e+00 -1.000000e+00
    outer loop
      vertex   3.404856e+01 -2.248216e+01 0.000000e+00
      vertex   3.252382e+01 -2.133821e+01 0.000000e+00
      vertex   3.448216e+01 -2.204856e+01 0.000000e+00
    endloop
  endfacet
  facet normal 0.000000e+00 0.000000e+00 -1.000000e+00
    outer loop
      vertex   3.448216e+01 -2.204856e+01 0.000000e+00
      vertex   3.252382e+01 -2.133821e+01 0.000000e+00
      vertex   3.288362e+01 -2.110987e+01 0.000000e+00
    endloop
  endfacet
  facet normal 0.000000e+00 0.000000e+00 -1.000000e+00
    outer loop
      vertex   3.448216e+01 -2.204856e+01 0.000000e+00
      vertex   3.288362e+01 -2.110987e+01 0.000000e+00
      vertex   3.483342e+01 -2.154595e+01 0.000000e+00
    endloop
  endfacet
  facet normal 0.000000e+00 0.000000e+00 -1.000000e+00
    outer loop
      vertex   3.483342e+01 -2.154595e+01 0.000000e+00
      vertex   3.288362e+01 -2.110987e+01 0.000000e+00
      vertex   3.317533e+01 -2.079923e+01 0.000000e+00
    endloop
  endfacet
  facet normal 0.000000e+00 0.000000e+00 -1.000000e+00
    outer loop
      vertex   3.483342e+01 -2.154595e+01 0.000000e+00
      vertex   3.317533e+01 -2.079923e+01 0.000000e+00
      vertex   3.509158e+01 -2.098975e+01 0.000000e+00
    endloop
  endfacet
  facet normal 0.000000e+00 0.000000e+00 -1.000000e+00
    outer loop
      vertex   3.509158e+01 -2.098975e+01 0.000000e+00
      vertex   3.317533e+01 -2.079923e+01 0.000000e+00
      vertex   3.338062e+01 -2.042581e+01 0.000000e+00
    endloop
  endfacet
  facet normal 0.000000e+00 0.000000e+00 -1.000000e+00
    outer loop
      vertex   3.509158e+01 -2.098975e+01 0.000000e+00
      vertex   3.338062e+01 -2.042581e+01 0.000000e+00
      vertex   3.524870e+01 -2.039703e+01 0.000000e+00
    endloop
  endfacet
  facet normal -0.000000e+00 0.000000e+00 -1.000000e+00
    outer loop
      vertex   3.524870e+01 -2.039703e+01 0.000000e+00
      vertex   3.338062e+01 -2.042581e+01 0.000000e+00
      vertex   3.348659e+01 -2.001307e+01 0.000000e+00
    endloop
  endfacet
  facet normal 0.000000e+00 0.000000e+00 -1.000000e+00
    outer loop
      vertex   3.524870e+01 -2.039703e+01 0.000000e+00
      vertex   3.348659e+01 -2.001307e+01 0.000000e+00
      vertex   3.529997e+01 -1.978598e+01 0.000000e+00
    endloop
  endfacet
  facet normal -0.000000e+00 0.000000e+00 -1.000000e+00
    outer loop
      vertex   3.529997e+01 -1.978598e+01 0.000000e+00
      vertex   3.348659e+01 -2.001307e+01 0.000000e+00
      vertex   3.348659e+01 -1.958693e+01 0.000000e+00
    endloop
  endfacet
  facet normal 0.000000e+00 0.000000e+00 -1.000000e+00
    outer loop
      vertex   3.529997e+01 -1.978598e+01 0.000000e+00
      vertex   3.348659e+01 -1.958693e+01 0.000000e+00
      vertex   3.524381e+01 -1.917536e+01 0.000000e+00
    endloop
  endfacet
  facet normal -0.000000e+00 0.000000e+00 -1.000000e+00
    outer loop
      vertex   3.524381e+01 -1.917536e+01 0.000000e+00
      vertex   3.348659e+01 -1.958693e+01 0.000000e+00
      vertex   3.338062e+01 -1.917419e+01 0.000000e+00
    endloop
  endfacet
  facet normal 0.000000e+00 0.000000e+00 -1.000000e+00
    outer loop
      vertex   3.524381e+01 -1.917536e+01 0.000000e+00
      vertex   3.338062e+01 -1.917419e+01 0.000000e+00
      vertex   3.508194e+01 -1.858392e+01 0.000000e+00
    endloop
  endfacet
  facet normal 0.000000e+00 0.000000e+00 -1.000000e+00
    outer loop
      vertex   3.508194e+01 -1.858392e+01 0.000000e+00
      vertex   3.338062e+01 -1.917419e+01 0.000000e+00
      vertex   3.317533e+01 -1.880077e+01 0.000000e+00
    endloop
  endfacet
  facet normal -0.000000e+00 0.000000e+00 -1.000000e+00
    outer loop
      vertex   3.508194e+01 -1.858392e+01 0.000000e+00
      vertex   3.317533e+01 -1.880077e+01 0.000000e+00
      vertex   3.481934e+01 -1.802980e+01 0.000000e+00
    endloop
  endfacet
  facet normal 0.000000e+00 0.000000e+00 -1.000000e+00
    outer loop
      vertex   3.481934e+01 -1.802980e+01 0.000000e+00
      vertex   3.317533e+01 -1.880077e+01 0.000000e+00
      vertex   3.288362e+01 -1.849013e+01 0.000000e+00
    endloop
  endfacet
  facet normal -0.000000e+00 0.000000e+00 -1.000000e+00
    outer loop
      vertex   3.481934e+01 -1.802980e+01 0.000000e+00
      vertex   3.288362e+01 -1.849013e+01 0.000000e+00
      vertex   3.446405e+01 -1.753002e+01 0.000000e+00
    endloop
  endfacet
  facet normal 0.000000e+00 0.000000e+00 -1.000000e+00
    outer loop
      vertex   3.446405e+01 -1.753002e+01 0.000000e+00
      vertex   3.288362e+01 -1.849013e+01 0.000000e+00
      vertex   3.252382e+01 -1.826179e+01 0.000000e+00
    endloop
  endfacet
  facet normal -0.000000e+00 0.000000e+00 -1.000000e+00
    outer loop
      vertex   3.446405e+01 -1.753002e+01 0.000000e+00
      vertex   3.252382e+01 -1.826179e+01 0.000000e+00
      vertex   3.402700e+01 -1.709991e+01 0.000000e+00
    endloop
  endfacet
  facet normal -0.000000e+00 0.000000e+00 -1.000000e+00
    outer loop
      vertex   3.402700e+01 -1.709991e+01 0.000000e+00
      vertex   3.252382e+01 -1.826179e+01 0.000000e+00
      vertex   3.352159e+01 -1.675268e+01 0.000000e+00
    endloop
  endfacet
  facet normal 0.000000e+00 0.000000e+00 -1.000000e+00
    outer loop
      vertex   3.352159e+01 -1.675268e+01 0.000000e+00
      vertex   3.252382e+01 -1.826179e+01 0.000000e+00
      vertex   3.211855e+01 -1.813011e+01 0.000000e+00
    endloop
  endfacet
  facet normal -0.000000e+00 0.000000e+00 -1.000000e+00
    outer loop
      vertex   3.352159e+01 -1.675268e+01 0.000000e+00
      vertex   3.211855e+01 -1.813011e+01 0.000000e+00
      vertex   3.296333e+01 -1.649899e+01 0.000000e+00
    endloop
  endfacet
  facet normal -2.033323e-13 1.053095e-13 -1.000000e+00
    outer loop
      vertex   3.296333e+01 -1.649899e+01 0.000000e+00
      vertex   3.211855e+01 -1.813011e+01 0.000000e+00
      vertex   3.236937e+01 -1.634662e+01 1.368176e-13
    endloop
  endfacet
  facet normal 4.784073e-15 7.604066e-14 -1.000000e+00
    outer loop
      vertex   3.236937e+01 -1.634662e+01 1.368176e-13
      vertex   3.211855e+01 -1.813011e+01 0.000000e+00
      vertex   3.169326e+01 -1.810335e+01 0.000000e+00
    endloop
  endfacet
  facet normal 4.618145e-13 -9.985752e-14 -1.000000e+00
    outer loop
      vertex   3.236937e+01 -1.634662e+01 1.368176e-13
      vertex   3.169326e+01 -1.810335e+01 0.000000e+00
      vertex   3.208891e+01 -1.627085e+01 -2.687190e-16
    endloop
  endfacet
  facet normal 2.917478e-17 -1.529396e-16 -1.000000e+00
    outer loop
      vertex   3.208891e+01 -1.627085e+01 -2.687190e-16
      vertex   3.169326e+01 -1.810335e+01 0.000000e+00
      vertex   3.127467e+01 -1.818320e+01 0.000000e+00
    endloop
  endfacet
  facet normal -3.189259e-15 1.217408e-15 -1.000000e+00
    outer loop
      vertex   3.208891e+01 -1.627085e+01 -2.687190e-16
      vertex   3.127467e+01 -1.818320e+01 0.000000e+00
      vertex   3.185986e+01 -1.616588e+01 5.895798e-16
    endloop
  endfacet
  facet normal 1.268358e-16 2.554659e-16 -1.000000e+00
    outer loop
      vertex   3.185986e+01 -1.616588e+01 5.895798e-16
      vertex   3.127467e+01 -1.818320e+01 0.000000e+00
      vertex   2.940000e+01 -1.725245e+01 0.000000e+00
    endloop
  endfacet
  facet normal 2.921120e-16 -1.186995e-16 -1.000000e+00
    outer loop
      vertex   3.185986e+01 -1.616588e+01 5.895798e-16
      vertex   2.940000e+01 -1.725245e+01 0.000000e+00
      vertex   3.149172e+01 -1.592316e+01 4.532307e-16
    endloop
  endfacet
  facet normal 3.993848e-16 -2.874994e-16 -1.000000e+00
    outer loop
      vertex   3.149172e+01 -1.592316e+01 4.532307e-16
      vertex   2.940000e+01 -1.725245e+01 0.000000e+00
      vertex   3.116199e+01 -1.566375e+01 2.469614e-16
    endloop
  endfacet
  facet normal 6.700875e-16 -5.877289e-16 -1.000000e+00
    outer loop
      vertex   3.116199e+01 -1.566375e+01 2.469614e-16
      vertex   2.940000e+01 -1.725245e+01 0.000000e+00
      vertex   3.080439e+01 -1.541514e+01 -1.387779e-16
    endloop
  endfacet
  facet normal -4.767974e-14 3.636952e-14 -1.000000e+00
    outer loop
      vertex   3.080439e+01 -1.541514e+01 -1.387779e-16
      vertex   2.940000e+01 -1.725245e+01 0.000000e+00
      vertex   3.080000e+01 -1.541252e+01 1.658829e-16
    endloop
  endfacet
  facet normal 1.184878e-16 0.000000e+00 -1.000000e+00
    outer loop
      vertex   3.080000e+01 -1.541252e+01 1.658829e-16
      vertex   2.940000e+01 -1.725245e+01 0.000000e+00
      vertex   2.940000e+01 1.725245e+01 0.000000e+00
    endloop
  endfacet
  facet normal 5.027598e-16 1.646965e-17 -1.000000e+00
    outer loop
      vertex   3.080000e+01 -1.541252e+01 1.658829e-16
      vertex   2.940000e+01 1.725245e+01 0.000000e+00
      vertex   3.080000e+01 1.541252e+01 6.735606e-16
    endloop
  endfacet
  facet normal -1.409101e-15 -1.438259e-15 -1.000000e+00
    outer loop
      vertex   3.080000e+01 1.541252e+01 6.735606e-16
      vertex   2.940000e+01 1.725245e+01 0.000000e+00
      vertex   3.115922e+01 1.566160e+01 -1.908555e-16
    endloop
  endfacet
  facet normal 2.290497e-16 3.732608e-16 -1.000000e+00
    outer loop
      vertex   3.115922e+01 1.566160e+01 -1.908555e-16
      vertex   2.940000e+01 1.725245e+01 0.000000e+00
      vertex   3.148982e+01 1.592171e+01 -1.803955e-17
    endloop
  endfacet
  facet normal 1.312595e-15 2.074885e-15 -1.000000e+00
    outer loop
      vertex   3.148982e+01 1.592171e+01 -1.803955e-17
      vertex   2.940000e+01 1.725245e+01 0.000000e+00
      vertex   3.185875e+01 1.616528e+01 9.715801e-16
    endloop
  endfacet
  facet normal 2.090106e-16 -4.209781e-16 -1.000000e+00
    outer loop
      vertex   3.185875e+01 1.616528e+01 9.715801e-16
      vertex   2.940000e+01 1.725245e+01 0.000000e+00
      vertex   3.127467e+01 1.818320e+01 0.000000e+00
    endloop
  endfacet
  facet normal 5.893477e-15 1.224355e-15 -1.000000e+00
    outer loop
      vertex   3.185875e+01 1.616528e+01 9.715801e-16
      vertex   3.127467e+01 1.818320e+01 0.000000e+00
      vertex   3.208820e+01 1.627058e+01 2.452793e-15
    endloop
  endfacet
  facet normal -2.662382e-16 -1.395670e-15 -1.000000e+00
    outer loop
      vertex   3.208820e+01 1.627058e+01 2.452793e-15
      vertex   3.127467e+01 1.818320e+01 0.000000e+00
      vertex   3.169326e+01 1.810335e+01 0.000000e+00
    endloop
  endfacet
  facet normal 1.201199e-09 2.588456e-10 -1.000000e+00
    outer loop
      vertex   3.208820e+01 1.627058e+01 2.452793e-15
      vertex   3.169326e+01 1.810335e+01 0.000000e+00
      vertex   3.236937e+01 1.634662e+01 3.574284e-10
    endloop
  endfacet
  facet normal 1.249812e-11 -1.986520e-10 -1.000000e+00
    outer loop
      vertex   3.236937e+01 1.634662e+01 3.574284e-10
      vertex   3.169326e+01 1.810335e+01 0.000000e+00
      vertex   3.211855e+01 1.813011e+01 0.000000e+00
    endloop
  endfacet
  facet normal -5.311943e-10 -2.751153e-10 -1.000000e+00
    outer loop
      vertex   3.236937e+01 1.634662e+01 3.574284e-10
      vertex   3.211855e+01 1.813011e+01 0.000000e+00
      vertex   3.296333e+01 1.649899e+01 0.000000e+00
    endloop
  endfacet
  facet normal 0.000000e+00 0.000000e+00 -1.000000e+00
    outer loop
      vertex   3.296333e+01 1.649899e+01 0.000000e+00
      vertex   3.211855e+01 1.813011e+01 0.000000e+00
      vertex   3.352159e+01 1.675268e+01 0.000000e+00
    endloop
  endfacet
  facet normal 0.000000e+00 0.000000e+00 -1.000000e+00
    outer loop
      vertex   3.352159e+01 1.675268e+01 0.000000e+00
      vertex   3.211855e+01 1.813011e+01 0.000000e+00
      vertex   3.252382e+01 1.826179e+01 0.000000e+00
    endloop
  endfacet
  facet normal 0.000000e+00 0.000000e+00 -1.000000e+00
    outer loop
      vertex   3.352159e+01 1.675268e+01 0.000000e+00
      vertex   3.252382e+01 1.826179e+01 0.000000e+00
      vertex   3.402700e+01 1.709991e+01 0.000000e+00
    endloop
  endfacet
  facet normal 0.000000e+00 0.000000e+00 -1.000000e+00
    outer loop
      vertex   3.402700e+01 1.709991e+01 0.000000e+00
      vertex   3.252382e+01 1.826179e+01 0.000000e+00
      vertex   3.446405e+01 1.753002e+01 0.000000e+00
    endloop
  endfacet
  facet normal 0.000000e+00 0.000000e+00 -1.000000e+00
    outer loop
      vertex   3.446405e+01 1.753002e+01 0.000000e+00
      vertex   3.252382e+01 1.826179e+01 0.000000e+00
      vertex   3.288362e+01 1.849013e+01 0.000000e+00
    endloop
  endfacet
  facet normal 0.000000e+00 0.000000e+00 -1.000000e+00
    outer loop
      vertex   3.446405e+01 1.753002e+01 0.000000e+00
      vertex   3.288362e+01 1.849013e+01 0.000000e+00
      vertex   3.481934e+01 1.802980e+01 0.000000e+00
    endloop
  endfacet
  facet normal 0.000000e+00 0.000000e+00 -1.000000e+00
    outer loop
      vertex   3.481934e+01 1.802980e+01 0.000000e+00
      vertex   3.288362e+01 1.849013e+01 0.000000e+00
      vertex   3.317533e+01 1.880077e+01 0.000000e+00
    endloop
  endfacet
  facet normal 0.000000e+00 0.000000e+00 -1.000000e+00
    outer loop
      vertex   3.481934e+01 1.802980e+01 0.000000e+00
      vertex   3.317533e+01 1.880077e+01 0.000000e+00
      vertex   3.508194e+01 1.858392e+01 0.000000e+00
    endloop
  endfacet
  facet normal 0.000000e+00 0.000000e+00 -1.000000e+00
    outer loop
      vertex   3.508194e+01 1.858392e+01 0.000000e+00
      vertex   3.317533e+01 1.880077e+01 0.000000e+00
      vertex   3.338062e+01 1.917419e+01 0.000000e+00
    endloop
  endfacet
  facet normal 0.000000e+00 0.000000e+00 -1.000000e+00
    outer loop
      vertex   3.508194e+01 1.858392e+01 0.000000e+00
      vertex   3.338062e+01 1.917419e+01 0.000000e+00
      vertex   3.524381e+01 1.917536e+01 0.000000e+00
    endloop
  endfacet
  facet normal -0.000000e+00 0.000000e+00 -1.000000e+00
    outer loop
      vertex   3.524381e+01 1.917536e+01 0.000000e+00
      vertex   3.338062e+01 1.917419e+01 0.000000e+00
      vertex   3.348659e+01 1.958693e+01 0.000000e+00
    endloop
  endfacet
  facet normal 0.000000e+00 0.000000e+00 -1.000000e+00
    outer loop
      vertex   3.524381e+01 1.917536e+01 0.000000e+00
      vertex   3.348659e+01 1.958693e+01 0.000000e+00
      vertex   3.529997e+01 1.978598e+01 0.000000e+00
    endloop
  endfacet
  facet normal -0.000000e+00 0.000000e+00 -1.000000e+00
    outer loop
      vertex   3.529997e+01 1.978598e+01 0.000000e+00
      vertex   3.348659e+01 1.958693e+01 0.000000e+00
      vertex   3.348659e+01 2.001307e+01 0.000000e+00
    endloop
  endfacet
  facet normal 0.000000e+00 0.000000e+00 -1.000000e+00
    outer loop
      vertex   3.529997e+01 1.978598e+01 0.000000e+00
      vertex   3.348659e+01 2.001307e+01 0.000000e+00
      vertex   3.524870e+01 2.039703e+01 0.000000e+00
    endloop
  endfacet
  facet normal -0.000000e+00 0.000000e+00 -1.000000e+00
    outer loop
      vertex   3.524870e+01 2.039703e+01 0.000000e+00
      vertex   3.348659e+01 2.001307e+01 0.000000e+00
      vertex   3.338062e+01 2.042581e+01 0.000000e+00
    endloop
  endfacet
  facet normal 0.000000e+00 0.000000e+00 -1.000000e+00
    outer loop
      vertex   3.524870e+01 2.039703e+01 0.000000e+00
      vertex   3.338062e+01 2.042581e+01 0.000000e+00
      vertex   3.509158e+01 2.098975e+01 0.000000e+00
    endloop
  endfacet
  facet normal 0.000000e+00 0.000000e+00 -1.000000e+00
    outer loop
      vertex   3.509158e+01 2.098975e+01 0.000000e+00
      vertex   3.338062e+01 2.042581e+01 0.000000e+00
      vertex   3.317533e+01 2.079923e+01 0.000000e+00
    endloop
  endfacet
  facet normal -0.000000e+00 0.000000e+00 -1.000000e+00
    outer loop
      vertex   3.509158e+01 2.098975e+01 0.000000e+00
      vertex   3.317533e+01 2.079923e+01 0.000000e+00
      vertex   3.483342e+01 2.154595e+01 0.000000e+00
    endloop
  endfacet
  facet normal 0.000000e+00 0.000000e+00 -1.000000e+00
    outer loop
      vertex   3.483342e+01 2.154595e+01 0.000000e+00
      vertex   3.317533e+01 2.079923e+01 0.000000e+00
      vertex   3.288362e+01 2.110987e+01 0.000000e+00
    endloop
  endfacet
  facet normal -0.000000e+00 0.000000e+00 -1.000000e+00
    outer loop
      vertex   3.483342e+01 2.154595e+01 0.000000e+00
      vertex   3.288362e+01 2.110987e+01 0.000000e+00
      vertex   3.448216e+01 2.204856e+01 0.000000e+00
    endloop
  endfacet
  facet normal 0.000000e+00 0.000000e+00 -1.000000e+00
    outer loop
      vertex   3.448216e+01 2.204856e+01 0.000000e+00
      vertex   3.288362e+01 2.110987e+01 0.000000e+00
      vertex   3.252382e+01 2.133821e+01 0.000000e+00
    endloop
  endfacet
  facet normal -0.000000e+00 0.000000e+00 -1.000000e+00
    outer loop
      vertex   3.448216e+01 2.204856e+01 0.000000e+00
      vertex   3.252382e+01 2.133821e+01 0.000000e+00
      vertex   3.404856e+01 2.248216e+01 0.000000e+00
    endloop
  endfacet
  facet normal -0.000000e+00 0.000000e+00 -1.000000e+00
    outer loop
      vertex   3.404856e+01 2.248216e+01 0.000000e+00
      vertex   3.252382e+01 2.133821e+01 0.000000e+00
      vertex   3.354595e+01 2.283342e+01 0.000000e+00
    endloop
  endfacet
  facet normal 0.000000e+00 0.000000e+00 -1.000000e+00
    outer loop
      vertex   3.354595e+01 2.283342e+01 0.000000e+00
      vertex   3.252382e+01 2.133821e+01 0.000000e+00
      vertex   3.211855e+01 2.146989e+01 0.000000e+00
    endloop
  endfacet
  facet normal -0.000000e+00 0.000000e+00 -1.000000e+00
    outer loop
      vertex   3.354595e+01 2.283342e+01 0.000000e+00
      vertex   3.211855e+01 2.146989e+01 0.000000e+00
      vertex   3.298975e+01 2.309158e+01 0.000000e+00
    endloop
  endfacet
  facet normal -0.000000e+00 0.000000e+00 -1.000000e+00
    outer loop
      vertex   3.298975e+01 2.309158e+01 0.000000e+00
      vertex   3.211855e+01 2.146989e+01 0.000000e+00
      vertex   3.239703e+01 2.324870e+01 0.000000e+00
    endloop
  endfacet
  facet normal 0.000000e+00 0.000000e+00 -1.000000e+00
    outer loop
      vertex   3.239703e+01 2.324870e+01 0.000000e+00
      vertex   3.211855e+01 2.146989e+01 0.000000e+00
      vertex   3.169326e+01 2.149665e+01 0.000000e+00
    endloop
  endfacet
  facet normal -0.000000e+00 0.000000e+00 -1.000000e+00
    outer loop
      vertex   3.239703e+01 2.324870e+01 0.000000e+00
      vertex   3.169326e+01 2.149665e+01 0.000000e+00
      vertex   3.178598e+01 2.329997e+01 0.000000e+00
    endloop
  endfacet
  facet normal 0.000000e+00 0.000000e+00 -1.000000e+00
    outer loop
      vertex   3.178598e+01 2.329997e+01 0.000000e+00
      vertex   3.169326e+01 2.149665e+01 0.000000e+00
      vertex   3.117536e+01 2.324381e+01 0.000000e+00
    endloop
  endfacet
  facet normal 0.000000e+00 -0.000000e+00 -1.000000e+00
    outer loop
      vertex   3.117536e+01 2.324381e+01 0.000000e+00
      vertex   3.169326e+01 2.149665e+01 0.000000e+00
      vertex   3.058392e+01 2.308194e+01 0.000000e+00
    endloop
  endfacet
  facet normal 0.000000e+00 0.000000e+00 -1.000000e+00
    outer loop
      vertex   3.058392e+01 2.308194e+01 0.000000e+00
      vertex   3.169326e+01 2.149665e+01 0.000000e+00
      vertex   3.127467e+01 2.141680e+01 0.000000e+00
    endloop
  endfacet
  facet normal 0.000000e+00 -0.000000e+00 -1.000000e+00
    outer loop
      vertex   3.058392e+01 2.308194e+01 0.000000e+00
      vertex   3.127467e+01 2.141680e+01 0.000000e+00
      vertex   3.002980e+01 2.281934e+01 0.000000e+00
    endloop
  endfacet
  facet normal 0.000000e+00 -0.000000e+00 -1.000000e+00
    outer loop
      vertex   3.002980e+01 2.281934e+01 0.000000e+00
      vertex   3.127467e+01 2.141680e+01 0.000000e+00
      vertex   2.953002e+01 2.246405e+01 0.000000e+00
    endloop
  endfacet
  facet normal 0.000000e+00 0.000000e+00 -1.000000e+00
    outer loop
      vertex   2.953002e+01 2.246405e+01 0.000000e+00
      vertex   3.127467e+01 2.141680e+01 0.000000e+00
      vertex   3.088909e+01 2.123536e+01 0.000000e+00
    endloop
  endfacet
  facet normal 0.000000e+00 -0.000000e+00 -1.000000e+00
    outer loop
      vertex   2.953002e+01 2.246405e+01 0.000000e+00
      vertex   3.088909e+01 2.123536e+01 0.000000e+00
      vertex   2.909991e+01 2.202700e+01 0.000000e+00
    endloop
  endfacet
  facet normal 0.000000e+00 0.000000e+00 -1.000000e+00
    outer loop
      vertex   2.909991e+01 2.202700e+01 0.000000e+00
      vertex   3.088909e+01 2.123536e+01 0.000000e+00
      vertex   3.056075e+01 2.096373e+01 0.000000e+00
    endloop
  endfacet
  facet normal 0.000000e+00 -0.000000e+00 -1.000000e+00
    outer loop
      vertex   2.909991e+01 2.202700e+01 0.000000e+00
      vertex   3.056075e+01 2.096373e+01 0.000000e+00
      vertex   2.875268e+01 2.152159e+01 0.000000e+00
    endloop
  endfacet
  facet normal 0.000000e+00 0.000000e+00 -1.000000e+00
    outer loop
      vertex   2.875268e+01 2.152159e+01 0.000000e+00
      vertex   3.056075e+01 2.096373e+01 0.000000e+00
      vertex   3.031028e+01 2.061898e+01 0.000000e+00
    endloop
  endfacet
  facet normal 0.000000e+00 -0.000000e+00 -1.000000e+00
    outer loop
      vertex   2.875268e+01 2.152159e+01 0.000000e+00
      vertex   3.031028e+01 2.061898e+01 0.000000e+00
      vertex   2.849899e+01 2.096333e+01 0.000000e+00
    endloop
  endfacet
  facet normal 0.000000e+00 0.000000e+00 -1.000000e+00
    outer loop
      vertex   2.849899e+01 2.096333e+01 0.000000e+00
      vertex   3.031028e+01 2.061898e+01 0.000000e+00
      vertex   3.015341e+01 2.022277e+01 0.000000e+00
    endloop
  endfacet
  facet normal -9.314011e-14 -2.080751e-13 -1.000000e+00
    outer loop
      vertex   2.849899e+01 2.096333e+01 0.000000e+00
      vertex   3.015341e+01 2.022277e+01 0.000000e+00
      vertex   2.834662e+01 2.036937e+01 1.377804e-13
    endloop
  endfacet
  facet normal -3.580524e-14 4.985538e-13 -1.000000e+00
    outer loop
      vertex   2.834662e+01 2.036937e+01 1.377804e-13
      vertex   3.015341e+01 2.022277e+01 0.000000e+00
      vertex   2.827058e+01 2.008820e+01 3.235303e-16
    endloop
  endfacet
  facet normal -1.733981e-16 2.190527e-17 -1.000000e+00
    outer loop
      vertex   2.827058e+01 2.008820e+01 3.235303e-16
      vertex   3.015341e+01 2.022277e+01 0.000000e+00
      vertex   3.010000e+01 1.980000e+01 0.000000e+00
    endloop
  endfacet
  facet normal 5.975114e-16 4.915419e-15 -1.000000e+00
    outer loop
      vertex   2.827058e+01 2.008820e+01 3.235303e-16
      vertex   3.010000e+01 1.980000e+01 0.000000e+00
      vertex   2.816528e+01 1.985875e+01 -8.672534e-16
    endloop
  endfacet
  facet normal 4.499838e-16 5.684618e-17 -1.000000e+00
    outer loop
      vertex   2.816528e+01 1.985875e+01 -8.672534e-16
      vertex   3.010000e+01 1.980000e+01 0.000000e+00
      vertex   3.015341e+01 1.937723e+01 0.000000e+00
    endloop
  endfacet
  facet normal 4.945137e-17 -1.596899e-15 -1.000000e+00
    outer loop
      vertex   2.816528e+01 1.985875e+01 -8.672534e-16
      vertex   3.015341e+01 1.937723e+01 0.000000e+00
      vertex   2.792171e+01 1.948982e+01 -2.901623e-16
    endloop
  endfacet
  facet normal 1.326690e-16 5.252736e-17 -1.000000e+00
    outer loop
      vertex   2.792171e+01 1.948982e+01 -2.901623e-16
      vertex   3.015341e+01 1.937723e+01 0.000000e+00
      vertex   3.031028e+01 1.898102e+01 0.000000e+00
    endloop
  endfacet
  facet normal -3.430356e-18 -5.863881e-16 -1.000000e+00
    outer loop
      vertex   2.792171e+01 1.948982e+01 -2.901623e-16
      vertex   3.031028e+01 1.898102e+01 0.000000e+00
      vertex   2.766160e+01 1.915922e+01 -9.540916e-17
    endloop
  endfacet
  facet normal 1.748840e-17 -2.754635e-16 -1.000000e+00
    outer loop
      vertex   2.766160e+01 1.915922e+01 -9.540916e-17
      vertex   3.031028e+01 1.898102e+01 0.000000e+00
      vertex   2.741252e+01 1.880000e+01 -8.131516e-19
    endloop
  endfacet
  facet normal 2.928540e-19 -1.959425e-19 -1.000000e+00
    outer loop
      vertex   2.741252e+01 1.880000e+01 -8.131516e-19
      vertex   3.031028e+01 1.898102e+01 0.000000e+00
      vertex   2.925245e+01 1.740000e+01 0.000000e+00
    endloop
  endfacet
  facet normal 0.000000e+00 -5.808226e-19 -1.000000e+00
    outer loop
      vertex   2.741252e+01 1.880000e+01 -8.131516e-19
      vertex   2.925245e+01 1.740000e+01 0.000000e+00
      vertex   -2.925245e+01 1.740000e+01 0.000000e+00
    endloop
  endfacet
  facet normal 0.000000e+00 0.000000e+00 -1.000000e+00
    outer loop
      vertex   -3.042467e+01 -1.880077e+01 0.000000e+00
      vertex   -3.071638e+01 -1.849013e+01 0.000000e+00
      vertex   -2.925245e+01 -1.740000e+01 0.000000e+00
    endloop
  endfacet
  facet normal 0.000000e+00 0.000000e+00 -1.000000e+00
    outer loop
      vertex   -2.925245e+01 -1.740000e+01 0.000000e+00
      vertex   -3.071638e+01 -1.849013e+01 0.000000e+00
      vertex   -3.107618e+01 -1.826179e+01 0.000000e+00
    endloop
  endfacet
  facet normal -0.000000e+00 0.000000e+00 -1.000000e+00
    outer loop
      vertex   -2.925245e+01 -1.740000e+01 0.000000e+00
      vertex   -3.107618e+01 -1.826179e+01 0.000000e+00
      vertex   -2.930065e+01 -1.734984e+01 0.000000e+00
    endloop
  endfacet
  facet normal -0.000000e+00 0.000000e+00 -1.000000e+00
    outer loop
      vertex   -2.930065e+01 -1.734984e+01 0.000000e+00
      vertex   -3.107618e+01 -1.826179e+01 0.000000e+00
      vertex   -2.934984e+01 -1.730065e+01 0.000000e+00
    endloop
  endfacet
  facet normal -0.000000e+00 0.000000e+00 -1.000000e+00
    outer loop
      vertex   -2.934984e+01 -1.730065e+01 0.000000e+00
      vertex   -3.107618e+01 -1.826179e+01 0.000000e+00
      vertex   -2.940000e+01 -1.725245e+01 0.000000e+00
    endloop
  endfacet
  facet normal 0.000000e+00 0.000000e+00 -1.000000e+00
    outer loop
      vertex   -2.940000e+01 -1.725245e+01 0.000000e+00
      vertex   -3.107618e+01 -1.826179e+01 0.000000e+00
      vertex   -3.148145e+01 -1.813011e+01 0.000000e+00
    endloop
  endfacet
  facet normal 1.446469e-16 -3.430436e-16 -1.000000e+00
    outer loop
      vertex   -2.940000e+01 -1.725245e+01 0.000000e+00
      vertex   -3.148145e+01 -1.813011e+01 0.000000e+00
      vertex   -3.185875e+01 -1.616528e+01 -7.285977e-16
    endloop
  endfacet
  facet normal 7.751208e-16 -2.219775e-16 -1.000000e+00
    outer loop
      vertex   -3.185875e+01 -1.616528e+01 -7.285977e-16
      vertex   -3.148145e+01 -1.813011e+01 0.000000e+00
      vertex   -3.208820e+01 -1.627058e+01 -8.830770e-16
    endloop
  endfacet
  facet normal -3.050395e-17 -4.848464e-16 -1.000000e+00
    outer loop
      vertex   -3.208820e+01 -1.627058e+01 -8.830770e-16
      vertex   -3.148145e+01 -1.813011e+01 0.000000e+00
      vertex   -3.190674e+01 -1.810335e+01 0.000000e+00
    endloop
  endfacet
  facet normal -9.737817e-10 -9.641154e-11 -1.000000e+00
    outer loop
      vertex   -3.208820e+01 -1.627058e+01 -8.830770e-16
      vertex   -3.190674e+01 -1.810335e+01 0.000000e+00
      vertex   -3.236937e+01 -1.634662e+01 2.811304e-10
    endloop
  endfacet
  facet normal 4.049070e-10 2.666612e-10 -1.000000e+00
    outer loop
      vertex   -3.236937e+01 -1.634662e+01 2.811304e-10
      vertex   -3.190674e+01 -1.810335e+01 0.000000e+00
      vertex   -3.296333e+01 -1.649899e+01 0.000000e+00
    endloop
  endfacet
  facet normal 0.000000e+00 0.000000e+00 -1.000000e+00
    outer loop
      vertex   -3.296333e+01 -1.649899e+01 0.000000e+00
      vertex   -3.190674e+01 -1.810335e+01 0.000000e+00
      vertex   -3.232533e+01 -1.818320e+01 0.000000e+00
    endloop
  endfacet
  facet normal 0.000000e+00 -0.000000e+00 -1.000000e+00
    outer loop
      vertex   -3.296333e+01 -1.649899e+01 0.000000e+00
      vertex   -3.232533e+01 -1.818320e+01 0.000000e+00
      vertex   -3.352159e+01 -1.675268e+01 0.000000e+00
    endloop
  endfacet
  facet normal 0.000000e+00 -0.000000e+00 -1.000000e+00
    outer loop
      vertex   -3.352159e+01 -1.675268e+01 0.000000e+00
      vertex   -3.232533e+01 -1.818320e+01 0.000000e+00
      vertex   -3.402700e+01 -1.709991e+01 0.000000e+00
    endloop
  endfacet
  facet normal 0.000000e+00 0.000000e+00 -1.000000e+00
    outer loop
      vertex   -3.402700e+01 -1.709991e+01 0.000000e+00
      vertex   -3.232533e+01 -1.818320e+01 0.000000e+00
      vertex   -3.271091e+01 -1.836464e+01 0.000000e+00
    endloop
  endfacet
  facet normal 0.000000e+00 -0.000000e+00 -1.000000e+00
    outer loop
      vertex   -3.402700e+01 -1.709991e+01 0.000000e+00
      vertex   -3.271091e+01 -1.836464e+01 0.000000e+00
      vertex   -3.446405e+01 -1.753002e+01 0.000000e+00
    endloop
  endfacet
  facet normal 0.000000e+00 0.000000e+00 -1.000000e+00
    outer loop
      vertex   -3.446405e+01 -1.753002e+01 0.000000e+00
      vertex   -3.271091e+01 -1.836464e+01 0.000000e+00
      vertex   -3.303925e+01 -1.863627e+01 0.000000e+00
    endloop
  endfacet
  facet normal -0.000000e+00 0.000000e+00 -1.000000e+00
    outer loop
      vertex   3.127467e+01 -1.818320e+01 0.000000e+00
      vertex   3.088909e+01 -1.836464e+01 0.000000e+00
      vertex   2.940000e+01 -1.725245e+01 0.000000e+00
    endloop
  endfacet
  facet normal 0.000000e+00 -0.000000e+00 -1.000000e+00
    outer loop
      vertex   2.940000e+01 -1.725245e+01 0.000000e+00
      vertex   3.088909e+01 -1.836464e+01 0.000000e+00
      vertex   2.934984e+01 -1.730065e+01 0.000000e+00
    endloop
  endfacet
  facet normal 0.000000e+00 -0.000000e+00 -1.000000e+00
    outer loop
      vertex   2.934984e+01 -1.730065e+01 0.000000e+00
      vertex   3.088909e+01 -1.836464e+01 0.000000e+00
      vertex   2.930065e+01 -1.734984e+01 0.000000e+00
    endloop
  endfacet
  facet normal 0.000000e+00 -0.000000e+00 -1.000000e+00
    outer loop
      vertex   2.930065e+01 -1.734984e+01 0.000000e+00
      vertex   3.088909e+01 -1.836464e+01 0.000000e+00
      vertex   2.925245e+01 -1.740000e+01 0.000000e+00
    endloop
  endfacet
  facet normal 0.000000e+00 0.000000e+00 -1.000000e+00
    outer loop
      vertex   2.925245e+01 -1.740000e+01 0.000000e+00
      vertex   3.088909e+01 -1.836464e+01 0.000000e+00
      vertex   3.056075e+01 -1.863627e+01 0.000000e+00
    endloop
  endfacet
  facet normal 0.000000e+00 0.000000e+00 -1.000000e+00
    outer loop
      vertex   2.925245e+01 -1.740000e+01 0.000000e+00
      vertex   3.056075e+01 -1.863627e+01 0.000000e+00
      vertex   3.031028e+01 -1.898102e+01 0.000000e+00
    endloop
  endfacet
  facet normal 0.000000e+00 0.000000e+00 -1.000000e+00
    outer loop
      vertex   -3.344659e+01 1.937723e+01 0.000000e+00
      vertex   -3.529997e+01 1.978598e+01 0.000000e+00
      vertex   -3.350000e+01 1.980000e+01 0.000000e+00
    endloop
  endfacet
  facet normal -0.000000e+00 0.000000e+00 -1.000000e+00
    outer loop
      vertex   -3.350000e+01 1.980000e+01 0.000000e+00
      vertex   -3.529997e+01 1.978598e+01 0.000000e+00
      vertex   -3.524870e+01 2.039703e+01 0.000000e+00
    endloop
  endfacet
  facet normal 0.000000e+00 0.000000e+00 -1.000000e+00
    outer loop
      vertex   -3.350000e+01 1.980000e+01 0.000000e+00
      vertex   -3.524870e+01 2.039703e+01 0.000000e+00
      vertex   -3.344659e+01 2.022277e+01 0.000000e+00
    endloop
  endfacet
  facet normal 0.000000e+00 0.000000e+00 -1.000000e+00
    outer loop
      vertex   -3.344659e+01 2.022277e+01 0.000000e+00
      vertex   -3.524870e+01 2.039703e+01 0.000000e+00
      vertex   -3.328972e+01 2.061898e+01 0.000000e+00
    endloop
  endfacet
  facet normal -0.000000e+00 0.000000e+00 -1.000000e+00
    outer loop
      vertex   -3.328972e+01 2.061898e+01 0.000000e+00
      vertex   -3.524870e+01 2.039703e+01 0.000000e+00
      vertex   -3.509158e+01 2.098975e+01 0.000000e+00
    endloop
  endfacet
  facet normal 0.000000e+00 0.000000e+00 -1.000000e+00
    outer loop
      vertex   -3.328972e+01 2.061898e+01 0.000000e+00
      vertex   -3.509158e+01 2.098975e+01 0.000000e+00
      vertex   -3.303925e+01 2.096373e+01 0.000000e+00
    endloop
  endfacet
  facet normal 0.000000e+00 0.000000e+00 -1.000000e+00
    outer loop
      vertex   -3.303925e+01 2.096373e+01 0.000000e+00
      vertex   -3.509158e+01 2.098975e+01 0.000000e+00
      vertex   -3.483342e+01 2.154595e+01 0.000000e+00
    endloop
  endfacet
  facet normal 0.000000e+00 0.000000e+00 -1.000000e+00
    outer loop
      vertex   -3.303925e+01 2.096373e+01 0.000000e+00
      vertex   -3.483342e+01 2.154595e+01 0.000000e+00
      vertex   -3.448216e+01 2.204856e+01 0.000000e+00
    endloop
  endfacet
  facet normal 0.000000e+00 0.000000e+00 -1.000000e+00
    outer loop
      vertex   -3.529997e+01 1.978598e+01 0.000000e+00
      vertex   -3.344659e+01 1.937723e+01 0.000000e+00
      vertex   -3.524381e+01 1.917536e+01 0.000000e+00
    endloop
  endfacet
  facet normal 0.000000e+00 0.000000e+00 -1.000000e+00
    outer loop
      vertex   -3.524381e+01 1.917536e+01 0.000000e+00
      vertex   -3.344659e+01 1.937723e+01 0.000000e+00
      vertex   -3.328972e+01 1.898102e+01 0.000000e+00
    endloop
  endfacet
  facet normal 0.000000e+00 0.000000e+00 -1.000000e+00
    outer loop
      vertex   -3.524381e+01 1.917536e+01 0.000000e+00
      vertex   -3.328972e+01 1.898102e+01 0.000000e+00
      vertex   -3.508194e+01 1.858392e+01 0.000000e+00
    endloop
  endfacet
  facet normal 0.000000e+00 0.000000e+00 -1.000000e+00
    outer loop
      vertex   -3.508194e+01 1.858392e+01 0.000000e+00
      vertex   -3.328972e+01 1.898102e+01 0.000000e+00
      vertex   -3.303925e+01 1.863627e+01 0.000000e+00
    endloop
  endfacet
  facet normal 0.000000e+00 0.000000e+00 -1.000000e+00
    outer loop
      vertex   -3.508194e+01 1.858392e+01 0.000000e+00
      vertex   -3.303925e+01 1.863627e+01 0.000000e+00
      vertex   -3.481934e+01 1.802980e+01 0.000000e+00
    endloop
  endfacet
  facet normal 0.000000e+00 0.000000e+00 -1.000000e+00
    outer loop
      vertex   -3.481934e+01 1.802980e+01 0.000000e+00
      vertex   -3.303925e+01 1.863627e+01 0.000000e+00
      vertex   -3.446405e+01 1.753002e+01 0.000000e+00
    endloop
  endfacet
  facet normal 0.000000e+00 0.000000e+00 -1.000000e+00
    outer loop
      vertex   -3.446405e+01 1.753002e+01 0.000000e+00
      vertex   -3.303925e+01 1.863627e+01 0.000000e+00
      vertex   -3.271091e+01 1.836464e+01 0.000000e+00
    endloop
  endfacet
  facet normal 0.000000e+00 0.000000e+00 -1.000000e+00
    outer loop
      vertex   -3.446405e+01 1.753002e+01 0.000000e+00
      vertex   -3.271091e+01 1.836464e+01 0.000000e+00
      vertex   -3.402700e+01 1.709991e+01 0.000000e+00
    endloop
  endfacet
  facet normal 0.000000e+00 0.000000e+00 -1.000000e+00
    outer loop
      vertex   -3.402700e+01 1.709991e+01 0.000000e+00
      vertex   -3.271091e+01 1.836464e+01 0.000000e+00
      vertex   -3.232533e+01 1.818320e+01 0.000000e+00
    endloop
  endfacet
  facet normal 0.000000e+00 0.000000e+00 -1.000000e+00
    outer loop
      vertex   -3.402700e+01 1.709991e+01 0.000000e+00
      vertex   -3.232533e+01 1.818320e+01 0.000000e+00
      vertex   -3.352159e+01 1.675268e+01 0.000000e+00
    endloop
  endfacet
  facet normal 0.000000e+00 0.000000e+00 -1.000000e+00
    outer loop
      vertex   -3.352159e+01 1.675268e+01 0.000000e+00
      vertex   -3.232533e+01 1.818320e+01 0.000000e+00
      vertex   -3.296333e+01 1.649899e+01 0.000000e+00
    endloop
  endfacet
  facet normal 0.000000e+00 0.000000e+00 -1.000000e+00
    outer loop
      vertex   -3.296333e+01 1.649899e+01 0.000000e+00
      vertex   -3.232533e+01 1.818320e+01 0.000000e+00
      vertex   -3.190674e+01 1.810335e+01 0.000000e+00
    endloop
  endfacet
  facet normal 1.978305e-13 -1.302860e-13 -1.000000e+00
    outer loop
      vertex   -3.296333e+01 1.649899e+01 0.000000e+00
      vertex   -3.190674e+01 1.810335e+01 0.000000e+00
      vertex   -3.236937e+01 1.634662e+01 1.373554e-13
    endloop
  endfacet
  facet normal -4.819702e-13 4.873707e-14 -1.000000e+00
    outer loop
      vertex   -3.236937e+01 1.634662e+01 1.373554e-13
      vertex   -3.190674e+01 1.810335e+01 0.000000e+00
      vertex   -3.208891e+01 1.627085e+01 -1.510330e-15
    endloop
  endfacet
  facet normal -5.217998e-17 8.293770e-16 -1.000000e+00
    outer loop
      vertex   -3.208891e+01 1.627085e+01 -1.510330e-15
      vertex   -3.190674e+01 1.810335e+01 0.000000e+00
      vertex   -3.148145e+01 1.813011e+01 0.000000e+00
    endloop
  endfacet
  facet normal 1.447566e-15 3.393763e-16 -1.000000e+00
    outer loop
      vertex   -3.208891e+01 1.627085e+01 -1.510330e-15
      vertex   -3.148145e+01 1.813011e+01 0.000000e+00
      vertex   -3.185986e+01 1.616588e+01 -1.214385e-15
    endloop
  endfacet
  facet normal 2.411043e-16 5.718014e-16 -1.000000e+00
    outer loop
      vertex   -3.185986e+01 1.616588e+01 -1.214385e-15
      vertex   -3.148145e+01 1.813011e+01 0.000000e+00
      vertex   -2.940000e+01 1.725245e+01 0.000000e+00
    endloop
  endfacet
  facet normal 1.099411e-15 -1.371300e-15 -1.000000e+00
    outer loop
      vertex   -3.185986e+01 1.616588e+01 -1.214385e-15
      vertex   -2.940000e+01 1.725245e+01 0.000000e+00
      vertex   -3.149172e+01 1.592316e+01 -4.768002e-16
    endloop
  endfacet
  facet normal 5.108109e-16 -4.451040e-16 -1.000000e+00
    outer loop
      vertex   -3.149172e+01 1.592316e+01 -4.768002e-16
      vertex   -2.940000e+01 1.725245e+01 0.000000e+00
      vertex   -3.116199e+01 1.566375e+01 -1.929061e-16
    endloop
  endfacet
  facet normal 3.522553e-16 -2.692540e-16 -1.000000e+00
    outer loop
      vertex   -3.116199e+01 1.566375e+01 -1.929061e-16
      vertex   -2.940000e+01 1.725245e+01 0.000000e+00
      vertex   -3.080439e+01 1.541514e+01 1.657447e-35
    endloop
  endfacet
  facet normal 2.641033e-14 -2.018731e-14 -1.000000e+00
    outer loop
      vertex   -3.080439e+01 1.541514e+01 1.657447e-35
      vertex   -2.940000e+01 1.725245e+01 0.000000e+00
      vertex   -3.080000e+01 1.541252e+01 1.688645e-16
    endloop
  endfacet
  facet normal -1.206175e-16 0.000000e+00 -1.000000e+00
    outer loop
      vertex   -3.080000e+01 1.541252e+01 1.688645e-16
      vertex   -2.940000e+01 1.725245e+01 0.000000e+00
      vertex   -2.940000e+01 -1.725245e+01 0.000000e+00
    endloop
  endfacet
  facet normal -5.662335e-16 -1.909882e-17 -1.000000e+00
    outer loop
      vertex   -3.080000e+01 1.541252e+01 1.688645e-16
      vertex   -2.940000e+01 -1.725245e+01 0.000000e+00
      vertex   -3.080000e+01 -1.541252e+01 7.575863e-16
    endloop
  endfacet
  facet normal 6.843954e-16 9.325005e-16 -1.000000e+00
    outer loop
      vertex   -3.080000e+01 -1.541252e+01 7.575863e-16
      vertex   -2.940000e+01 -1.725245e+01 0.000000e+00
      vertex   -3.115922e+01 -1.566160e+01 2.794722e-16
    endloop
  endfacet
  facet normal 7.967990e-17 2.637867e-16 -1.000000e+00
    outer loop
      vertex   -3.115922e+01 -1.566160e+01 2.794722e-16
      vertex   -2.940000e+01 -1.725245e+01 0.000000e+00
      vertex   -3.148982e+01 -1.592171e+01 1.845143e-16
    endloop
  endfacet
  facet normal 1.170229e-15 1.976410e-15 -1.000000e+00
    outer loop
      vertex   -3.148982e+01 -1.592171e+01 1.845143e-16
      vertex   -2.940000e+01 -1.725245e+01 0.000000e+00
      vertex   -3.185875e+01 -1.616528e+01 -7.285977e-16
    endloop
  endfacet
  facet normal 0.000000e+00 0.000000e+00 -1.000000e+00
    outer loop
      vertex   -3.148145e+01 1.813011e+01 0.000000e+00
      vertex   -3.107618e+01 1.826179e+01 0.000000e+00
      vertex   -2.940000e+01 1.725245e+01 0.000000e+00
    endloop
  endfacet
  facet normal 0.000000e+00 0.000000e+00 -1.000000e+00
    outer loop
      vertex   -2.940000e+01 1.725245e+01 0.000000e+00
      vertex   -3.107618e+01 1.826179e+01 0.000000e+00
      vertex   -2.934984e+01 1.730065e+01 0.000000e+00
    endloop
  endfacet
  facet normal 0.000000e+00 0.000000e+00 -1.000000e+00
    outer loop
      vertex   -2.934984e+01 1.730065e+01 0.000000e+00
      vertex   -3.107618e+01 1.826179e+01 0.000000e+00
      vertex   -2.930065e+01 1.734984e+01 0.000000e+00
    endloop
  endfacet
  facet normal 0.000000e+00 0.000000e+00 -1.000000e+00
    outer loop
      vertex   -2.930065e+01 1.734984e+01 0.000000e+00
      vertex   -3.107618e+01 1.826179e+01 0.000000e+00
      vertex   -2.925245e+01 1.740000e+01 0.000000e+00
    endloop
  endfacet
  facet normal 0.000000e+00 0.000000e+00 -1.000000e+00
    outer loop
      vertex   -2.925245e+01 1.740000e+01 0.000000e+00
      vertex   -3.107618e+01 1.826179e+01 0.000000e+00
      vertex   -3.071638e+01 1.849013e+01 0.000000e+00
    endloop
  endfacet
  facet normal 0.000000e+00 0.000000e+00 -1.000000e+00
    outer loop
      vertex   -2.925245e+01 1.740000e+01 0.000000e+00
      vertex   -3.071638e+01 1.849013e+01 0.000000e+00
      vertex   -3.042467e+01 1.880077e+01 0.000000e+00
    endloop
  endfacet
  facet normal -5.416065e-17 2.977507e-17 -1.000000e+00
    outer loop
      vertex   -3.021938e+01 1.917419e+01 0.000000e+00
      vertex   -2.766375e+01 1.916199e+01 -1.387779e-16
      vertex   -3.042467e+01 1.880077e+01 0.000000e+00
    endloop
  endfacet
  facet normal -4.607413e-17 -3.203158e-17 -1.000000e+00
    outer loop
      vertex   -3.042467e+01 1.880077e+01 0.000000e+00
      vertex   -2.766375e+01 1.916199e+01 -1.387779e-16
      vertex   -2.741514e+01 1.880439e+01 -1.387779e-16
    endloop
  endfacet
  facet normal -4.606627e-17 -3.855018e-17 -1.000000e+00
    outer loop
      vertex   -3.042467e+01 1.880077e+01 0.000000e+00
      vertex   -2.741514e+01 1.880439e+01 -1.387779e-16
      vertex   -2.925245e+01 1.740000e+01 0.000000e+00
    endloop
  endfacet
  facet normal 6.663432e-14 -8.727410e-14 -1.000000e+00
    outer loop
      vertex   -2.925245e+01 1.740000e+01 0.000000e+00
      vertex   -2.741514e+01 1.880439e+01 -1.387779e-16
      vertex   -2.741252e+01 1.880000e+01 4.190441e-16
    endloop
  endfacet
  facet normal -7.658131e-18 3.093819e-16 -1.000000e+00
    outer loop
      vertex   -2.925245e+01 1.740000e+01 0.000000e+00
      vertex   -2.741252e+01 1.880000e+01 4.190441e-16
      vertex   2.741252e+01 1.880000e+01 -8.131516e-19
    endloop
  endfacet
  facet normal -5.632974e-17 -4.247801e-16 -1.000000e+00
    outer loop
      vertex   -2.766375e+01 1.916199e+01 -1.387779e-16
      vertex   -3.021938e+01 1.917419e+01 0.000000e+00
      vertex   -2.792316e+01 1.949172e+01 -2.642281e-16
    endloop
  endfacet
  facet normal -1.193068e-16 3.063278e-17 -1.000000e+00
    outer loop
      vertex   -2.792316e+01 1.949172e+01 -2.642281e-16
      vertex   -3.021938e+01 1.917419e+01 0.000000e+00
      vertex   -3.011341e+01 1.958693e+01 0.000000e+00
    endloop
  endfacet
  facet normal -1.806488e-16 -1.380493e-15 -1.000000e+00
    outer loop
      vertex   -2.792316e+01 1.949172e+01 -2.642281e-16
      vertex   -3.011341e+01 1.958693e+01 0.000000e+00
      vertex   -2.816588e+01 1.985986e+01 -7.285919e-16
    endloop
  endfacet
  facet normal -3.339127e-16 -2.868506e-16 -1.000000e+00
    outer loop
      vertex   -2.816588e+01 1.985986e+01 -7.285919e-16
      vertex   -3.011341e+01 1.958693e+01 0.000000e+00
      vertex   -2.827085e+01 2.008891e+01 -7.592455e-16
    endloop
  endfacet
  facet normal -4.120616e-16 0.000000e+00 -1.000000e+00
    outer loop
      vertex   -2.827085e+01 2.008891e+01 -7.592455e-16
      vertex   -3.011341e+01 1.958693e+01 0.000000e+00
      vertex   -3.011341e+01 2.001307e+01 0.000000e+00
    endloop
  endfacet
  facet normal -6.846374e-11 1.663174e-09 -1.000000e+00
    outer loop
      vertex   -2.827085e+01 2.008891e+01 -7.592455e-16
      vertex   -3.011341e+01 2.001307e+01 0.000000e+00
      vertex   -2.834662e+01 2.036937e+01 4.716389e-10
    endloop
  endfacet
  facet normal 2.538059e-10 6.516627e-11 -1.000000e+00
    outer loop
      vertex   -2.834662e+01 2.036937e+01 4.716389e-10
      vertex   -3.011341e+01 2.001307e+01 0.000000e+00
      vertex   -3.021938e+01 2.042581e+01 0.000000e+00
    endloop
  endfacet
  facet normal 2.296874e-10 -7.351338e-10 -1.000000e+00
    outer loop
      vertex   -2.834662e+01 2.036937e+01 4.716389e-10
      vertex   -3.021938e+01 2.042581e+01 0.000000e+00
      vertex   -2.849899e+01 2.096333e+01 0.000000e+00
    endloop
  endfacet
  facet normal 0.000000e+00 0.000000e+00 -1.000000e+00
    outer loop
      vertex   -2.849899e+01 2.096333e+01 0.000000e+00
      vertex   -3.021938e+01 2.042581e+01 0.000000e+00
      vertex   -3.042467e+01 2.079923e+01 0.000000e+00
    endloop
  endfacet
  facet normal -0.000000e+00 0.000000e+00 -1.000000e+00
    outer loop
      vertex   -2.849899e+01 2.096333e+01 0.000000e+00
      vertex   -3.042467e+01 2.079923e+01 0.000000e+00
      vertex   -2.875268e+01 2.152159e+01 0.000000e+00
    endloop
  endfacet
  facet normal 0.000000e+00 0.000000e+00 -1.000000e+00
    outer loop
      vertex   -2.875268e+01 2.152159e+01 0.000000e+00
      vertex   -3.042467e+01 2.079923e+01 0.000000e+00
      vertex   -3.071638e+01 2.110987e+01 0.000000e+00
    endloop
  endfacet
  facet normal -0.000000e+00 0.000000e+00 -1.000000e+00
    outer loop
      vertex   -2.875268e+01 2.152159e+01 0.000000e+00
      vertex   -3.071638e+01 2.110987e+01 0.000000e+00
      vertex   -2.909991e+01 2.202700e+01 0.000000e+00
    endloop
  endfacet
  facet normal 0.000000e+00 0.000000e+00 -1.000000e+00
    outer loop
      vertex   -2.909991e+01 2.202700e+01 0.000000e+00
      vertex   -3.071638e+01 2.110987e+01 0.000000e+00
      vertex   -3.107618e+01 2.133821e+01 0.000000e+00
    endloop
  endfacet
  facet normal -0.000000e+00 0.000000e+00 -1.000000e+00
    outer loop
      vertex   -2.909991e+01 2.202700e+01 0.000000e+00
      vertex   -3.107618e+01 2.133821e+01 0.000000e+00
      vertex   -2.953002e+01 2.246405e+01 0.000000e+00
    endloop
  endfacet
  facet normal -0.000000e+00 0.000000e+00 -1.000000e+00
    outer loop
      vertex   -2.953002e+01 2.246405e+01 0.000000e+00
      vertex   -3.107618e+01 2.133821e+01 0.000000e+00
      vertex   -3.002980e+01 2.281934e+01 0.000000e+00
    endloop
  endfacet
  facet normal 0.000000e+00 0.000000e+00 -1.000000e+00
    outer loop
      vertex   -3.002980e+01 2.281934e+01 0.000000e+00
      vertex   -3.107618e+01 2.133821e+01 0.000000e+00
      vertex   -3.148145e+01 2.146989e+01 0.000000e+00
    endloop
  endfacet
  facet normal -0.000000e+00 0.000000e+00 -1.000000e+00
    outer loop
      vertex   -3.002980e+01 2.281934e+01 0.000000e+00
      vertex   -3.148145e+01 2.146989e+01 0.000000e+00
      vertex   -3.058392e+01 2.308194e+01 0.000000e+00
    endloop
  endfacet
  facet normal -0.000000e+00 0.000000e+00 -1.000000e+00
    outer loop
      vertex   -3.058392e+01 2.308194e+01 0.000000e+00
      vertex   -3.148145e+01 2.146989e+01 0.000000e+00
      vertex   -3.117536e+01 2.324381e+01 0.000000e+00
    endloop
  endfacet
  facet normal 0.000000e+00 0.000000e+00 -1.000000e+00
    outer loop
      vertex   -3.117536e+01 2.324381e+01 0.000000e+00
      vertex   -3.148145e+01 2.146989e+01 0.000000e+00
      vertex   -3.190674e+01 2.149665e+01 0.000000e+00
    endloop
  endfacet
  facet normal -0.000000e+00 0.000000e+00 -1.000000e+00
    outer loop
      vertex   -3.117536e+01 2.324381e+01 0.000000e+00
      vertex   -3.190674e+01 2.149665e+01 0.000000e+00
      vertex   -3.178598e+01 2.329997e+01 0.000000e+00
    endloop
  endfacet
  facet normal 0.000000e+00 0.000000e+00 -1.000000e+00
    outer loop
      vertex   -3.178598e+01 2.329997e+01 0.000000e+00
      vertex   -3.190674e+01 2.149665e+01 0.000000e+00
      vertex   -3.239703e+01 2.324870e+01 0.000000e+00
    endloop
  endfacet
  facet normal 0.000000e+00 -0.000000e+00 -1.000000e+00
    outer loop
      vertex   -3.239703e+01 2.324870e+01 0.000000e+00
      vertex   -3.190674e+01 2.149665e+01 0.000000e+00
      vertex   -3.298975e+01 2.309158e+01 0.000000e+00
    endloop
  endfacet
  facet normal 0.000000e+00 0.000000e+00 -1.000000e+00
    outer loop
      vertex   -3.298975e+01 2.309158e+01 0.000000e+00
      vertex   -3.190674e+01 2.149665e+01 0.000000e+00
      vertex   -3.232533e+01 2.141680e+01 0.000000e+00
    endloop
  endfacet
  facet normal 0.000000e+00 -0.000000e+00 -1.000000e+00
    outer loop
      vertex   -3.298975e+01 2.309158e+01 0.000000e+00
      vertex   -3.232533e+01 2.141680e+01 0.000000e+00
      vertex   -3.354595e+01 2.283342e+01 0.000000e+00
    endloop
  endfacet
  facet normal 0.000000e+00 -0.000000e+00 -1.000000e+00
    outer loop
      vertex   -3.354595e+01 2.283342e+01 0.000000e+00
      vertex   -3.232533e+01 2.141680e+01 0.000000e+00
      vertex   -3.404856e+01 2.248216e+01 0.000000e+00
    endloop
  endfacet
  facet normal 0.000000e+00 0.000000e+00 -1.000000e+00
    outer loop
      vertex   -3.404856e+01 2.248216e+01 0.000000e+00
      vertex   -3.232533e+01 2.141680e+01 0.000000e+00
      vertex   -3.271091e+01 2.123536e+01 0.000000e+00
    endloop
  endfacet
  facet normal 0.000000e+00 -0.000000e+00 -1.000000e+00
    outer loop
      vertex   -3.404856e+01 2.248216e+01 0.000000e+00
      vertex   -3.271091e+01 2.123536e+01 0.000000e+00
      vertex   -3.448216e+01 2.204856e+01 0.000000e+00
    endloop
  endfacet
  facet normal 0.000000e+00 0.000000e+00 -1.000000e+00
    outer loop
      vertex   -3.448216e+01 2.204856e+01 0.000000e+00
      vertex   -3.271091e+01 2.123536e+01 0.000000e+00
      vertex   -3.303925e+01 2.096373e+01 0.000000e+00
    endloop
  endfacet
  facet normal 0.000000e+00 -0.000000e+00 -1.000000e+00
    outer loop
      vertex   3.031028e+01 1.898102e+01 0.000000e+00
      vertex   3.056075e+01 1.863627e+01 0.000000e+00
      vertex   2.925245e+01 1.740000e+01 0.000000e+00
    endloop
  endfacet
  facet normal 0.000000e+00 0.000000e+00 -1.000000e+00
    outer loop
      vertex   2.925245e+01 1.740000e+01 0.000000e+00
      vertex   3.056075e+01 1.863627e+01 0.000000e+00
      vertex   3.088909e+01 1.836464e+01 0.000000e+00
    endloop
  endfacet
  facet normal 0.000000e+00 0.000000e+00 -1.000000e+00
    outer loop
      vertex   2.925245e+01 1.740000e+01 0.000000e+00
      vertex   3.088909e+01 1.836464e+01 0.000000e+00
      vertex   2.930065e+01 1.734984e+01 0.000000e+00
    endloop
  endfacet
  facet normal 0.000000e+00 0.000000e+00 -1.000000e+00
    outer loop
      vertex   2.930065e+01 1.734984e+01 0.000000e+00
      vertex   3.088909e+01 1.836464e+01 0.000000e+00
      vertex   2.934984e+01 1.730065e+01 0.000000e+00
    endloop
  endfacet
  facet normal 0.000000e+00 0.000000e+00 -1.000000e+00
    outer loop
      vertex   2.934984e+01 1.730065e+01 0.000000e+00
      vertex   3.088909e+01 1.836464e+01 0.000000e+00
      vertex   2.940000e+01 1.725245e+01 0.000000e+00
    endloop
  endfacet
  facet normal 0.000000e+00 0.000000e+00 -1.000000e+00
    outer loop
      vertex   2.940000e+01 1.725245e+01 0.000000e+00
      vertex   3.088909e+01 1.836464e+01 0.000000e+00
      vertex   3.127467e+01 1.818320e+01 0.000000e+00
    endloop
  endfacet
  facet normal -1.645103e-03 9.619397e-02 9.953612e-01
    outer loop
      vertex   2.734219e+01 1.899265e+01 7.981266e+00
      vertex   2.193001e+01 1.905882e+01 7.965926e+00
      vertex   2.741252e+01 1.880000e+01 8.000000e+00
    endloop
  endfacet
  facet normal 0.000000e+00 1.305262e-01 9.914449e-01
    outer loop
      vertex   2.741252e+01 1.880000e+01 8.000000e+00
      vertex   2.193001e+01 1.905882e+01 7.965926e+00
      vertex   1.644751e+01 1.905882e+01 7.965926e+00
    endloop
  endfacet
  facet normal 0.000000e+00 1.305262e-01 9.914449e-01
    outer loop
      vertex   2.741252e+01 1.880000e+01 8.000000e+00
      vertex   1.644751e+01 1.905882e+01 7.965926e+00
      vertex   1.096501e+01 1.905882e+01 7.965926e+00
    endloop
  endfacet
  facet normal -0.000000e+00 3.826834e-01 9.238795e-01
    outer loop
      vertex   1.096501e+01 1.905882e+01 7.965926e+00
      vertex   1.644751e+01 1.905882e+01 7.965926e+00
      vertex   1.096501e+01 1.930000e+01 7.866025e+00
    endloop
  endfacet
  facet normal 0.000000e+00 3.826834e-01 9.238795e-01
    outer loop
      vertex   1.096501e+01 1.905882e+01 7.965926e+00
      vertex   1.096501e+01 1.930000e+01 7.866025e+00
      vertex   5.482504e+00 1.930000e+01 7.866025e+00
    endloop
  endfacet
  facet normal -0.000000e+00 6.081825e-01 7.937972e-01
    outer loop
      vertex   5.482504e+00 1.930000e+01 7.866025e+00
      vertex   1.096501e+01 1.930000e+01 7.866025e+00
      vertex   1.096501e+01 1.950607e+01 7.708138e+00
    endloop
  endfacet
  facet normal -2.117094e-07 6.081860e-01 7.937945e-01
    outer loop
      vertex   5.482504e+00 1.930000e+01 7.866025e+00
      vertex   1.096501e+01 1.950607e+01 7.708138e+00
      vertex   5.482504e+00 1.950608e+01 7.708131e+00
    endloop
  endfacet
  facet normal 2.140615e-07 7.929090e-01 6.093400e-01
    outer loop
      vertex   5.482504e+00 1.950608e+01 7.708131e+00
      vertex   1.096501e+01 1.950607e+01 7.708138e+00
      vertex   1.096501e+01 1.966603e+01 7.500000e+00
    endloop
  endfacet
  facet normal 0.000000e+00 7.929117e-01 6.093365e-01
    outer loop
      vertex   5.482504e+00 1.950608e+01 7.708131e+00
      vertex   1.096501e+01 1.966603e+01 7.500000e+00
      vertex   5.482504e+00 1.966603e+01 7.500000e+00
    endloop
  endfacet
  facet normal -0.000000e+00 9.238795e-01 3.826834e-01
    outer loop
      vertex   5.482504e+00 1.966603e+01 7.500000e+00
      vertex   1.096501e+01 1.966603e+01 7.500000e+00
      vertex   5.482504e+00 1.976593e+01 7.258819e+00
    endloop
  endfacet
  facet normal 0.000000e+00 9.238795e-01 3.826834e-01
    outer loop
      vertex   5.482504e+00 1.966603e+01 7.500000e+00
      vertex   5.482504e+00 1.976593e+01 7.258819e+00
      vertex   2.220446e-15 1.976593e+01 7.258819e+00
    endloop
  endfacet
  facet normal -0.000000e+00 9.914449e-01 1.305262e-01
    outer loop
      vertex   2.220446e-15 1.976593e+01 7.258819e+00
      vertex   5.482504e+00 1.976593e+01 7.258819e+00
      vertex   -2.741252e+01 1.980000e+01 7.000000e+00
    endloop
  endfacet
  facet normal 0.000000e+00 9.914449e-01 1.305262e-01
    outer loop
      vertex   2.220446e-15 1.976593e+01 7.258819e+00
      vertex   -2.741252e+01 1.980000e+01 7.000000e+00
      vertex   -5.482504e+00 1.976593e+01 7.258819e+00
    endloop
  endfacet
  facet normal 0.000000e+00 9.914449e-01 1.305262e-01
    outer loop
      vertex   -5.482504e+00 1.976593e+01 7.258819e+00
      vertex   -2.741252e+01 1.980000e+01 7.000000e+00
      vertex   -1.096501e+01 1.976593e+01 7.258819e+00
    endloop
  endfacet
  facet normal 0.000000e+00 9.238795e-01 3.826834e-01
    outer loop
      vertex   -5.482504e+00 1.976593e+01 7.258819e+00
      vertex   -1.096501e+01 1.976593e+01 7.258819e+00
      vertex   -5.482504e+00 1.966603e+01 7.500000e+00
    endloop
  endfacet
  facet normal 0.000000e+00 9.238795e-01 3.826834e-01
    outer loop
      vertex   -5.482504e+00 1.966603e+01 7.500000e+00
      vertex   -1.096501e+01 1.976593e+01 7.258819e+00
      vertex   -1.096501e+01 1.966603e+01 7.500000e+00
    endloop
  endfacet
  facet normal 0.000000e+00 7.929199e-01 6.093259e-01
    outer loop
      vertex   -5.482504e+00 1.966603e+01 7.500000e+00
      vertex   -1.096501e+01 1.966603e+01 7.500000e+00
      vertex   -1.096501e+01 1.950610e+01 7.708112e+00
    endloop
  endfacet
  facet normal 2.140326e-07 7.929199e-01 6.093259e-01
    outer loop
      vertex   -1.096501e+01 1.950610e+01 7.708112e+00
      vertex   -1.096501e+01 1.966603e+01 7.500000e+00
      vertex   -1.644751e+01 1.950611e+01 7.708106e+00
    endloop
  endfacet
  facet normal -2.117383e-07 6.082002e-01 7.937836e-01
    outer loop
      vertex   -1.096501e+01 1.950610e+01 7.708112e+00
      vertex   -1.644751e+01 1.950611e+01 7.708106e+00
      vertex   -1.644751e+01 1.930000e+01 7.866025e+00
    endloop
  endfacet
  facet normal 0.000000e+00 6.082002e-01 7.937836e-01
    outer loop
      vertex   -1.644751e+01 1.930000e+01 7.866025e+00
      vertex   -1.644751e+01 1.950611e+01 7.708106e+00
      vertex   -2.193001e+01 1.930000e+01 7.866025e+00
    endloop
  endfacet
  facet normal 0.000000e+00 3.826834e-01 9.238795e-01
    outer loop
      vertex   -1.644751e+01 1.930000e+01 7.866025e+00
      vertex   -2.193001e+01 1.930000e+01 7.866025e+00
      vertex   -1.644751e+01 1.905882e+01 7.965926e+00
    endloop
  endfacet
  facet normal 0.000000e+00 3.826834e-01 9.238795e-01
    outer loop
      vertex   -1.644751e+01 1.905882e+01 7.965926e+00
      vertex   -2.193001e+01 1.930000e+01 7.866025e+00
      vertex   -2.193001e+01 1.905882e+01 7.965926e+00
    endloop
  endfacet
  facet normal 0.000000e+00 2.251925e-01 9.743143e-01
    outer loop
      vertex   -1.644751e+01 1.905882e+01 7.965926e+00
      vertex   -2.193001e+01 1.905882e+01 7.965926e+00
      vertex   -2.734227e+01 1.899263e+01 7.981224e+00
    endloop
  endfacet
  facet normal -8.322716e-04 2.893003e-01 9.572380e-01
    outer loop
      vertex   -2.734227e+01 1.899263e+01 7.981224e+00
      vertex   -2.193001e+01 1.905882e+01 7.965926e+00
      vertex   -2.730693e+01 1.918009e+01 7.924600e+00
    endloop
  endfacet
  facet normal 1.530291e-03 3.826830e-01 9.238785e-01
    outer loop
      vertex   -2.730693e+01 1.918009e+01 7.924600e+00
      vertex   -2.193001e+01 1.905882e+01 7.965926e+00
      vertex   -2.193001e+01 1.930000e+01 7.866025e+00
    endloop
  endfacet
  facet normal -8.178244e-04 4.682883e-01 8.835753e-01
    outer loop
      vertex   -2.730693e+01 1.918009e+01 7.924600e+00
      vertex   -2.193001e+01 1.930000e+01 7.866025e+00
      vertex   -2.730142e+01 1.935392e+01 7.832475e+00
    endloop
  endfacet
  facet normal 1.147659e-03 6.082034e-01 7.937804e-01
    outer loop
      vertex   -2.730142e+01 1.935392e+01 7.832475e+00
      vertex   -2.193001e+01 1.930000e+01 7.866025e+00
      vertex   -2.193001e+01 1.950611e+01 7.708100e+00
    endloop
  endfacet
  facet normal -7.689763e-06 6.329637e-01 7.741815e-01
    outer loop
      vertex   -2.730142e+01 1.935392e+01 7.832475e+00
      vertex   -2.193001e+01 1.950611e+01 7.708100e+00
      vertex   -2.731892e+01 1.950609e+01 7.708065e+00
    endloop
  endfacet
  facet normal -7.369590e-06 7.721350e-01 6.354585e-01
    outer loop
      vertex   -2.731892e+01 1.950609e+01 7.708065e+00
      vertex   -2.193001e+01 1.950611e+01 7.708100e+00
      vertex   -2.734889e+01 1.963078e+01 7.556560e+00
    endloop
  endfacet
  facet normal 1.201925e-03 7.929248e-01 6.093183e-01
    outer loop
      vertex   -2.734889e+01 1.963078e+01 7.556560e+00
      vertex   -2.193001e+01 1.950611e+01 7.708100e+00
      vertex   -2.193001e+01 1.966603e+01 7.500000e+00
    endloop
  endfacet
  facet normal -8.004819e-04 8.813027e-01 4.725515e-01
    outer loop
      vertex   -2.734889e+01 1.963078e+01 7.556560e+00
      vertex   -2.193001e+01 1.966603e+01 7.500000e+00
      vertex   -2.738037e+01 1.972345e+01 7.383675e+00
    endloop
  endfacet
  facet normal 1.566108e-03 9.238784e-01 3.826830e-01
    outer loop
      vertex   -2.738037e+01 1.972345e+01 7.383675e+00
      vertex   -2.193001e+01 1.966603e+01 7.500000e+00
      vertex   -2.193001e+01 1.976593e+01 7.258819e+00
    endloop
  endfacet
  facet normal -7.822286e-04 9.566277e-01 2.913124e-01
    outer loop
      vertex   -2.738037e+01 1.972345e+01 7.383675e+00
      vertex   -2.193001e+01 1.976593e+01 7.258819e+00
      vertex   -2.740388e+01 1.978065e+01 7.195768e+00
    endloop
  endfacet
  facet normal 1.544719e-03 9.951563e-01 9.829339e-02
    outer loop
      vertex   -2.740388e+01 1.978065e+01 7.195768e+00
      vertex   -2.193001e+01 1.976593e+01 7.258819e+00
      vertex   -2.741252e+01 1.980000e+01 7.000000e+00
    endloop
  endfacet
  facet normal 0.000000e+00 9.914449e-01 1.305262e-01
    outer loop
      vertex   -2.741252e+01 1.980000e+01 7.000000e+00
      vertex   -2.193001e+01 1.976593e+01 7.258819e+00
      vertex   -1.644751e+01 1.976593e+01 7.258819e+00
    endloop
  endfacet
  facet normal 0.000000e+00 9.914449e-01 1.305262e-01
    outer loop
      vertex   -2.741252e+01 1.980000e+01 7.000000e+00
      vertex   -1.644751e+01 1.976593e+01 7.258819e+00
      vertex   -1.096501e+01 1.976593e+01 7.258819e+00
    endloop
  endfacet
  facet normal 0.000000e+00 9.238795e-01 3.826834e-01
    outer loop
      vertex   -1.096501e+01 1.976593e+01 7.258819e+00
      vertex   -1.644751e+01 1.976593e+01 7.258819e+00
      vertex   -1.096501e+01 1.966603e+01 7.500000e+00
    endloop
  endfacet
  facet normal 8.378848e-04 2.903637e-01 9.569160e-01
    outer loop
      vertex   2.734219e+01 1.899265e+01 7.981266e+00
      vertex   2.730712e+01 1.917983e+01 7.924498e+00
      vertex   2.193001e+01 1.905882e+01 7.965926e+00
    endloop
  endfacet
  facet normal -1.494322e-03 3.826830e-01 9.238785e-01
    outer loop
      vertex   2.193001e+01 1.905882e+01 7.965926e+00
      vertex   2.730712e+01 1.917983e+01 7.924498e+00
      vertex   2.193001e+01 1.930000e+01 7.866025e+00
    endloop
  endfacet
  facet normal 0.000000e+00 3.826834e-01 9.238795e-01
    outer loop
      vertex   2.193001e+01 1.905882e+01 7.965926e+00
      vertex   2.193001e+01 1.930000e+01 7.866025e+00
      vertex   1.644751e+01 1.930000e+01 7.866025e+00
    endloop
  endfacet
  facet normal -0.000000e+00 6.081754e-01 7.938027e-01
    outer loop
      vertex   1.644751e+01 1.930000e+01 7.866025e+00
      vertex   2.193001e+01 1.930000e+01 7.866025e+00
      vertex   2.193001e+01 1.950606e+01 7.708150e+00
    endloop
  endfacet
  facet normal -2.116949e-07 6.081789e-01 7.938000e-01
    outer loop
      vertex   1.644751e+01 1.930000e+01 7.866025e+00
      vertex   2.193001e+01 1.950606e+01 7.708150e+00
      vertex   1.644751e+01 1.950607e+01 7.708144e+00
    endloop
  endfacet
  facet normal 2.140760e-07 7.929036e-01 6.093471e-01
    outer loop
      vertex   1.644751e+01 1.950607e+01 7.708144e+00
      vertex   2.193001e+01 1.950606e+01 7.708150e+00
      vertex   2.193001e+01 1.966603e+01 7.500000e+00
    endloop
  endfacet
  facet normal 0.000000e+00 7.929063e-01 6.093436e-01
    outer loop
      vertex   1.644751e+01 1.950607e+01 7.708144e+00
      vertex   2.193001e+01 1.966603e+01 7.500000e+00
      vertex   1.644751e+01 1.966603e+01 7.500000e+00
    endloop
  endfacet
  facet normal -0.000000e+00 9.238795e-01 3.826834e-01
    outer loop
      vertex   1.644751e+01 1.966603e+01 7.500000e+00
      vertex   2.193001e+01 1.966603e+01 7.500000e+00
      vertex   1.644751e+01 1.976593e+01 7.258819e+00
    endloop
  endfacet
  facet normal 0.000000e+00 9.238795e-01 3.826834e-01
    outer loop
      vertex   1.644751e+01 1.966603e+01 7.500000e+00
      vertex   1.644751e+01 1.976593e+01 7.258819e+00
      vertex   1.096501e+01 1.976593e+01 7.258819e+00
    endloop
  endfacet
  facet normal -0.000000e+00 9.747685e-01 2.232183e-01
    outer loop
      vertex   1.096501e+01 1.976593e+01 7.258819e+00
      vertex   1.644751e+01 1.976593e+01 7.258819e+00
      vertex   2.740317e+01 1.978040e+01 7.195608e+00
    endloop
  endfacet
  facet normal -2.351386e-04 9.863403e-01 1.647204e-01
    outer loop
      vertex   1.096501e+01 1.976593e+01 7.258819e+00
      vertex   2.740317e+01 1.978040e+01 7.195608e+00
      vertex   -2.741252e+01 1.980000e+01 7.000000e+00
    endloop
  endfacet
  facet normal 1.615102e-18 9.950179e-01 9.969623e-02
    outer loop
      vertex   -2.741252e+01 1.980000e+01 7.000000e+00
      vertex   2.740317e+01 1.978040e+01 7.195608e+00
      vertex   2.741252e+01 1.980000e+01 7.000000e+00
    endloop
  endfacet
  facet normal 9.419655e-04 4.713059e-01 8.819693e-01
    outer loop
      vertex   2.730712e+01 1.917983e+01 7.924498e+00
      vertex   2.730251e+01 1.935312e+01 7.831900e+00
      vertex   2.193001e+01 1.930000e+01 7.866025e+00
    endloop
  endfacet
  facet normal -9.713988e-04 6.081751e-01 7.938023e-01
    outer loop
      vertex   2.193001e+01 1.930000e+01 7.866025e+00
      vertex   2.730251e+01 1.935312e+01 7.831900e+00
      vertex   2.193001e+01 1.950606e+01 7.708150e+00
    endloop
  endfacet
  facet normal 9.119819e-05 6.309530e-01 7.758211e-01
    outer loop
      vertex   2.730251e+01 1.935312e+01 7.831900e+00
      vertex   2.731943e+01 1.950571e+01 7.707806e+00
      vertex   2.193001e+01 1.950606e+01 7.708150e+00
    endloop
  endfacet
  facet normal 9.156669e-05 7.705826e-01 6.373402e-01
    outer loop
      vertex   2.193001e+01 1.950606e+01 7.708150e+00
      vertex   2.731943e+01 1.950571e+01 7.707806e+00
      vertex   2.734888e+01 1.963079e+01 7.556567e+00
    endloop
  endfacet
  facet normal -1.205262e-03 7.929030e-01 6.093467e-01
    outer loop
      vertex   2.193001e+01 1.950606e+01 7.708150e+00
      vertex   2.734888e+01 1.963079e+01 7.556567e+00
      vertex   2.193001e+01 1.966603e+01 7.500000e+00
    endloop
  endfacet
  facet normal 8.173297e-04 8.820638e-01 4.711293e-01
    outer loop
      vertex   2.193001e+01 1.966603e+01 7.500000e+00
      vertex   2.734888e+01 1.963079e+01 7.556567e+00
      vertex   2.737969e+01 1.972320e+01 7.383502e+00
    endloop
  endfacet
  facet normal -1.512089e-03 9.238785e-01 3.826830e-01
    outer loop
      vertex   2.193001e+01 1.966603e+01 7.500000e+00
      vertex   2.737969e+01 1.972320e+01 7.383502e+00
      vertex   2.193001e+01 1.976593e+01 7.258819e+00
    endloop
  endfacet
  facet normal 8.346536e-04 9.566219e-01 2.913311e-01
    outer loop
      vertex   2.193001e+01 1.976593e+01 7.258819e+00
      vertex   2.737969e+01 1.972320e+01 7.383502e+00
      vertex   2.740317e+01 1.978040e+01 7.195608e+00
    endloop
  endfacet
  facet normal 0.000000e+00 9.747685e-01 2.232183e-01
    outer loop
      vertex   2.193001e+01 1.976593e+01 7.258819e+00
      vertex   2.740317e+01 1.978040e+01 7.195608e+00
      vertex   1.644751e+01 1.976593e+01 7.258819e+00
    endloop
  endfacet
  facet normal -2.539593e-11 9.701186e-02 9.952832e-01
    outer loop
      vertex   -2.741252e+01 1.880000e+01 8.000000e+00
      vertex   2.741252e+01 1.880000e+01 8.000000e+00
      vertex   -2.734227e+01 1.899263e+01 7.981224e+00
    endloop
  endfacet
  facet normal 2.478754e-04 1.665681e-01 9.860299e-01
    outer loop
      vertex   -2.734227e+01 1.899263e+01 7.981224e+00
      vertex   2.741252e+01 1.880000e+01 8.000000e+00
      vertex   -1.096501e+01 1.905882e+01 7.965926e+00
    endloop
  endfacet
  facet normal 0.000000e+00 2.251925e-01 9.743143e-01
    outer loop
      vertex   -2.734227e+01 1.899263e+01 7.981224e+00
      vertex   -1.096501e+01 1.905882e+01 7.965926e+00
      vertex   -1.644751e+01 1.905882e+01 7.965926e+00
    endloop
  endfacet
  facet normal -0.000000e+00 3.826834e-01 9.238795e-01
    outer loop
      vertex   -1.644751e+01 1.905882e+01 7.965926e+00
      vertex   -1.096501e+01 1.905882e+01 7.965926e+00
      vertex   -1.644751e+01 1.930000e+01 7.866025e+00
    endloop
  endfacet
  facet normal -0.000000e+00 3.826834e-01 9.238795e-01
    outer loop
      vertex   1.096501e+01 1.930000e+01 7.866025e+00
      vertex   1.644751e+01 1.905882e+01 7.965926e+00
      vertex   1.644751e+01 1.930000e+01 7.866025e+00
    endloop
  endfacet
  facet normal 0.000000e+00 3.826834e-01 9.238795e-01
    outer loop
      vertex   1.644751e+01 1.930000e+01 7.866025e+00
      vertex   1.644751e+01 1.905882e+01 7.965926e+00
      vertex   2.193001e+01 1.905882e+01 7.965926e+00
    endloop
  endfacet
  facet normal 0.000000e+00 1.305262e-01 9.914449e-01
    outer loop
      vertex   1.096501e+01 1.905882e+01 7.965926e+00
      vertex   5.482504e+00 1.905882e+01 7.965926e+00
      vertex   2.741252e+01 1.880000e+01 8.000000e+00
    endloop
  endfacet
  facet normal 0.000000e+00 1.305262e-01 9.914449e-01
    outer loop
      vertex   2.741252e+01 1.880000e+01 8.000000e+00
      vertex   5.482504e+00 1.905882e+01 7.965926e+00
      vertex   2.220446e-15 1.905882e+01 7.965926e+00
    endloop
  endfacet
  facet normal 0.000000e+00 1.305262e-01 9.914449e-01
    outer loop
      vertex   2.741252e+01 1.880000e+01 8.000000e+00
      vertex   2.220446e-15 1.905882e+01 7.965926e+00
      vertex   -5.482504e+00 1.905882e+01 7.965926e+00
    endloop
  endfacet
  facet normal -0.000000e+00 3.826834e-01 9.238795e-01
    outer loop
      vertex   -5.482504e+00 1.905882e+01 7.965926e+00
      vertex   2.220446e-15 1.905882e+01 7.965926e+00
      vertex   -5.482504e+00 1.930000e+01 7.866025e+00
    endloop
  endfacet
  facet normal 0.000000e+00 3.826834e-01 9.238795e-01
    outer loop
      vertex   -5.482504e+00 1.905882e+01 7.965926e+00
      vertex   -5.482504e+00 1.930000e+01 7.866025e+00
      vertex   -1.096501e+01 1.930000e+01 7.866025e+00
    endloop
  endfacet
  facet normal -0.000000e+00 6.081931e-01 7.937891e-01
    outer loop
      vertex   -1.096501e+01 1.930000e+01 7.866025e+00
      vertex   -5.482504e+00 1.930000e+01 7.866025e+00
      vertex   -5.482504e+00 1.950609e+01 7.708119e+00
    endloop
  endfacet
  facet normal -2.117311e-07 6.081967e-01 7.937864e-01
    outer loop
      vertex   -1.096501e+01 1.930000e+01 7.866025e+00
      vertex   -5.482504e+00 1.950609e+01 7.708119e+00
      vertex   -1.096501e+01 1.950610e+01 7.708112e+00
    endloop
  endfacet
  facet normal 2.140398e-07 7.929172e-01 6.093294e-01
    outer loop
      vertex   -1.096501e+01 1.950610e+01 7.708112e+00
      vertex   -5.482504e+00 1.950609e+01 7.708119e+00
      vertex   -5.482504e+00 1.966603e+01 7.500000e+00
    endloop
  endfacet
  facet normal 0.000000e+00 3.826834e-01 9.238795e-01
    outer loop
      vertex   1.096501e+01 1.905882e+01 7.965926e+00
      vertex   5.482504e+00 1.930000e+01 7.866025e+00
      vertex   5.482504e+00 1.905882e+01 7.965926e+00
    endloop
  endfacet
  facet normal 0.000000e+00 3.826834e-01 9.238795e-01
    outer loop
      vertex   5.482504e+00 1.905882e+01 7.965926e+00
      vertex   5.482504e+00 1.930000e+01 7.866025e+00
      vertex   2.220446e-15 1.930000e+01 7.866025e+00
    endloop
  endfacet
  facet normal 0.000000e+00 3.826834e-01 9.238795e-01
    outer loop
      vertex   5.482504e+00 1.905882e+01 7.965926e+00
      vertex   2.220446e-15 1.930000e+01 7.866025e+00
      vertex   2.220446e-15 1.905882e+01 7.965926e+00
    endloop
  endfacet
  facet normal 0.000000e+00 3.826834e-01 9.238795e-01
    outer loop
      vertex   2.220446e-15 1.905882e+01 7.965926e+00
      vertex   2.220446e-15 1.930000e+01 7.866025e+00
      vertex   -5.482504e+00 1.930000e+01 7.866025e+00
    endloop
  endfacet
  facet normal -0.000000e+00 1.305262e-01 9.914449e-01
    outer loop
      vertex   -1.096501e+01 1.905882e+01 7.965926e+00
      vertex   2.741252e+01 1.880000e+01 8.000000e+00
      vertex   -5.482504e+00 1.905882e+01 7.965926e+00
    endloop
  endfacet
  facet normal -0.000000e+00 3.826834e-01 9.238795e-01
    outer loop
      vertex   -1.644751e+01 1.930000e+01 7.866025e+00
      vertex   -1.096501e+01 1.905882e+01 7.965926e+00
      vertex   -1.096501e+01 1.930000e+01 7.866025e+00
    endloop
  endfacet
  facet normal 0.000000e+00 3.826834e-01 9.238795e-01
    outer loop
      vertex   -1.096501e+01 1.930000e+01 7.866025e+00
      vertex   -1.096501e+01 1.905882e+01 7.965926e+00
      vertex   -5.482504e+00 1.905882e+01 7.965926e+00
    endloop
  endfacet
  facet normal -2.117021e-07 6.081825e-01 7.937972e-01
    outer loop
      vertex   1.096501e+01 1.950607e+01 7.708138e+00
      vertex   1.096501e+01 1.930000e+01 7.866025e+00
      vertex   1.644751e+01 1.950607e+01 7.708144e+00
    endloop
  endfacet
  facet normal 0.000000e+00 6.081789e-01 7.938000e-01
    outer loop
      vertex   1.644751e+01 1.950607e+01 7.708144e+00
      vertex   1.096501e+01 1.930000e+01 7.866025e+00
      vertex   1.644751e+01 1.930000e+01 7.866025e+00
    endloop
  endfacet
  facet normal 0.000000e+00 6.081860e-01 7.937945e-01
    outer loop
      vertex   5.482504e+00 1.930000e+01 7.866025e+00
      vertex   5.482504e+00 1.950608e+01 7.708131e+00
      vertex   2.220446e-15 1.930000e+01 7.866025e+00
    endloop
  endfacet
  facet normal -2.117166e-07 6.081896e-01 7.937918e-01
    outer loop
      vertex   2.220446e-15 1.930000e+01 7.866025e+00
      vertex   5.482504e+00 1.950608e+01 7.708131e+00
      vertex   2.220446e-15 1.950609e+01 7.708125e+00
    endloop
  endfacet
  facet normal 0.000000e+00 6.081896e-01 7.937918e-01
    outer loop
      vertex   2.220446e-15 1.930000e+01 7.866025e+00
      vertex   2.220446e-15 1.950609e+01 7.708125e+00
      vertex   -5.482504e+00 1.930000e+01 7.866025e+00
    endloop
  endfacet
  facet normal -2.117238e-07 6.081931e-01 7.937891e-01
    outer loop
      vertex   -5.482504e+00 1.930000e+01 7.866025e+00
      vertex   2.220446e-15 1.950609e+01 7.708125e+00
      vertex   -5.482504e+00 1.950609e+01 7.708119e+00
    endloop
  endfacet
  facet normal 0.000000e+00 6.081967e-01 7.937864e-01
    outer loop
      vertex   -1.096501e+01 1.950610e+01 7.708112e+00
      vertex   -1.644751e+01 1.930000e+01 7.866025e+00
      vertex   -1.096501e+01 1.930000e+01 7.866025e+00
    endloop
  endfacet
  facet normal -2.117455e-07 6.082038e-01 7.937809e-01
    outer loop
      vertex   -2.193001e+01 1.950611e+01 7.708100e+00
      vertex   -2.193001e+01 1.930000e+01 7.866025e+00
      vertex   -1.644751e+01 1.950611e+01 7.708106e+00
    endloop
  endfacet
  facet normal -0.000000e+00 7.929090e-01 6.093400e-01
    outer loop
      vertex   1.096501e+01 1.966603e+01 7.500000e+00
      vertex   1.096501e+01 1.950607e+01 7.708138e+00
      vertex   1.644751e+01 1.966603e+01 7.500000e+00
    endloop
  endfacet
  facet normal 2.140687e-07 7.929063e-01 6.093436e-01
    outer loop
      vertex   1.644751e+01 1.966603e+01 7.500000e+00
      vertex   1.096501e+01 1.950607e+01 7.708138e+00
      vertex   1.644751e+01 1.950607e+01 7.708144e+00
    endloop
  endfacet
  facet normal 2.140543e-07 7.929117e-01 6.093365e-01
    outer loop
      vertex   5.482504e+00 1.950608e+01 7.708131e+00
      vertex   5.482504e+00 1.966603e+01 7.500000e+00
      vertex   2.220446e-15 1.950609e+01 7.708125e+00
    endloop
  endfacet
  facet normal 0.000000e+00 7.929145e-01 6.093329e-01
    outer loop
      vertex   2.220446e-15 1.950609e+01 7.708125e+00
      vertex   5.482504e+00 1.966603e+01 7.500000e+00
      vertex   2.220446e-15 1.966603e+01 7.500000e+00
    endloop
  endfacet
  facet normal 2.140471e-07 7.929145e-01 6.093329e-01
    outer loop
      vertex   2.220446e-15 1.950609e+01 7.708125e+00
      vertex   2.220446e-15 1.966603e+01 7.500000e+00
      vertex   -5.482504e+00 1.950609e+01 7.708119e+00
    endloop
  endfacet
  facet normal 0.000000e+00 7.929172e-01 6.093294e-01
    outer loop
      vertex   -5.482504e+00 1.950609e+01 7.708119e+00
      vertex   2.220446e-15 1.966603e+01 7.500000e+00
      vertex   -5.482504e+00 1.966603e+01 7.500000e+00
    endloop
  endfacet
  facet normal 2.140254e-07 7.929226e-01 6.093223e-01
    outer loop
      vertex   -2.193001e+01 1.950611e+01 7.708100e+00
      vertex   -1.644751e+01 1.950611e+01 7.708106e+00
      vertex   -1.644751e+01 1.966603e+01 7.500000e+00
    endloop
  endfacet
  facet normal -0.000000e+00 7.929226e-01 6.093223e-01
    outer loop
      vertex   -1.644751e+01 1.966603e+01 7.500000e+00
      vertex   -1.644751e+01 1.950611e+01 7.708106e+00
      vertex   -1.096501e+01 1.966603e+01 7.500000e+00
    endloop
  endfacet
  facet normal -0.000000e+00 9.238795e-01 3.826834e-01
    outer loop
      vertex   -1.644751e+01 1.966603e+01 7.500000e+00
      vertex   -1.096501e+01 1.966603e+01 7.500000e+00
      vertex   -1.644751e+01 1.976593e+01 7.258819e+00
    endloop
  endfacet
  facet normal 0.000000e+00 9.238795e-01 3.826834e-01
    outer loop
      vertex   2.193001e+01 1.976593e+01 7.258819e+00
      vertex   1.644751e+01 1.976593e+01 7.258819e+00
      vertex   2.193001e+01 1.966603e+01 7.500000e+00
    endloop
  endfacet
  facet normal -0.000000e+00 9.238795e-01 3.826834e-01
    outer loop
      vertex   5.482504e+00 1.976593e+01 7.258819e+00
      vertex   1.096501e+01 1.966603e+01 7.500000e+00
      vertex   1.096501e+01 1.976593e+01 7.258819e+00
    endloop
  endfacet
  facet normal 0.000000e+00 9.238795e-01 3.826834e-01
    outer loop
      vertex   1.096501e+01 1.976593e+01 7.258819e+00
      vertex   1.096501e+01 1.966603e+01 7.500000e+00
      vertex   1.644751e+01 1.966603e+01 7.500000e+00
    endloop
  endfacet
  facet normal 0.000000e+00 9.238795e-01 3.826834e-01
    outer loop
      vertex   -5.482504e+00 1.976593e+01 7.258819e+00
      vertex   -5.482504e+00 1.966603e+01 7.500000e+00
      vertex   2.220446e-15 1.966603e+01 7.500000e+00
    endloop
  endfacet
  facet normal -0.000000e+00 9.238795e-01 3.826834e-01
    outer loop
      vertex   -5.482504e+00 1.976593e+01 7.258819e+00
      vertex   2.220446e-15 1.966603e+01 7.500000e+00
      vertex   2.220446e-15 1.976593e+01 7.258819e+00
    endloop
  endfacet
  facet normal 0.000000e+00 9.238795e-01 3.826834e-01
    outer loop
      vertex   2.220446e-15 1.976593e+01 7.258819e+00
      vertex   2.220446e-15 1.966603e+01 7.500000e+00
      vertex   5.482504e+00 1.966603e+01 7.500000e+00
    endloop
  endfacet
  facet normal 0.000000e+00 9.238795e-01 3.826834e-01
    outer loop
      vertex   -2.193001e+01 1.976593e+01 7.258819e+00
      vertex   -2.193001e+01 1.966603e+01 7.500000e+00
      vertex   -1.644751e+01 1.966603e+01 7.500000e+00
    endloop
  endfacet
  facet normal 0.000000e+00 7.929254e-01 6.093188e-01
    outer loop
      vertex   -1.644751e+01 1.966603e+01 7.500000e+00
      vertex   -2.193001e+01 1.966603e+01 7.500000e+00
      vertex   -2.193001e+01 1.950611e+01 7.708100e+00
    endloop
  endfacet
  facet normal -0.000000e+00 9.238795e-01 3.826834e-01
    outer loop
      vertex   -2.193001e+01 1.976593e+01 7.258819e+00
      vertex   -1.644751e+01 1.966603e+01 7.500000e+00
      vertex   -1.644751e+01 1.976593e+01 7.258819e+00
    endloop
  endfacet
  facet normal 0.000000e+00 9.914449e-01 1.305262e-01
    outer loop
      vertex   -2.741252e+01 1.980000e+01 7.000000e+00
      vertex   5.482504e+00 1.976593e+01 7.258819e+00
      vertex   1.096501e+01 1.976593e+01 7.258819e+00
    endloop
  endfacet
  facet normal 0.000000e+00 1.000000e+00 -0.000000e+00
    outer loop
      vertex   2.741252e+01 1.980000e+01 1.000000e+00
      vertex   -2.741252e+01 1.980000e+01 1.000000e+00
      vertex   2.741252e+01 1.980000e+01 7.000000e+00
    endloop
  endfacet
  facet normal 0.000000e+00 1.000000e+00 0.000000e+00
    outer loop
      vertex   2.741252e+01 1.980000e+01 7.000000e+00
      vertex   -2.741252e+01 1.980000e+01 1.000000e+00
      vertex   -2.741252e+01 1.980000e+01 7.000000e+00
    endloop
  endfacet
  facet normal 9.616017e-02 -1.757299e-03 -9.953643e-01
    outer loop
      vertex   3.099264e+01 1.534219e+01 1.873521e-02
      vertex   3.105882e+01 1.027501e+01 3.407417e-02
      vertex   3.080000e+01 1.541252e+01 6.735606e-16
    endloop
  endfacet
  facet normal 1.305262e-01 0.000000e+00 -9.914449e-01
    outer loop
      vertex   3.080000e+01 1.541252e+01 6.735606e-16
      vertex   3.105882e+01 1.027501e+01 3.407417e-02
      vertex   3.105882e+01 5.137506e+00 3.407417e-02
    endloop
  endfacet
  facet normal 1.305262e-01 0.000000e+00 -9.914449e-01
    outer loop
      vertex   3.080000e+01 1.541252e+01 6.735606e-16
      vertex   3.105882e+01 5.137506e+00 3.407417e-02
      vertex   3.105882e+01 2.220446e-15 3.407417e-02
    endloop
  endfacet
  facet normal 3.826834e-01 0.000000e+00 -9.238795e-01
    outer loop
      vertex   3.105882e+01 2.220446e-15 3.407417e-02
      vertex   3.105882e+01 5.137506e+00 3.407417e-02
      vertex   3.130000e+01 2.220446e-15 1.339746e-01
    endloop
  endfacet
  facet normal 3.826834e-01 0.000000e+00 -9.238795e-01
    outer loop
      vertex   3.105882e+01 2.220446e-15 3.407417e-02
      vertex   3.130000e+01 2.220446e-15 1.339746e-01
      vertex   3.130000e+01 -5.137506e+00 1.339746e-01
    endloop
  endfacet
  facet normal 6.081879e-01 0.000000e+00 -7.937931e-01
    outer loop
      vertex   3.130000e+01 -5.137506e+00 1.339746e-01
      vertex   3.130000e+01 2.220446e-15 1.339746e-01
      vertex   3.150608e+01 2.220446e-15 2.918719e-01
    endloop
  endfacet
  facet normal 6.081944e-01 -4.132635e-07 -7.937881e-01
    outer loop
      vertex   3.130000e+01 -5.137506e+00 1.339746e-01
      vertex   3.150608e+01 2.220446e-15 2.918719e-01
      vertex   3.150610e+01 -5.137506e+00 2.918835e-01
    endloop
  endfacet
  facet normal 7.929132e-01 4.177998e-07 -6.093346e-01
    outer loop
      vertex   3.150610e+01 -5.137506e+00 2.918835e-01
      vertex   3.150608e+01 2.220446e-15 2.918719e-01
      vertex   3.166603e+01 2.220446e-15 5.000000e-01
    endloop
  endfacet
  facet normal 7.929182e-01 0.000000e+00 -6.093281e-01
    outer loop
      vertex   3.150610e+01 -5.137506e+00 2.918835e-01
      vertex   3.166603e+01 2.220446e-15 5.000000e-01
      vertex   3.166603e+01 -5.137506e+00 5.000000e-01
    endloop
  endfacet
  facet normal 9.238795e-01 0.000000e+00 -3.826834e-01
    outer loop
      vertex   3.166603e+01 -5.137506e+00 5.000000e-01
      vertex   3.166603e+01 2.220446e-15 5.000000e-01
      vertex   3.176593e+01 -5.137506e+00 7.411810e-01
    endloop
  endfacet
  facet normal 9.238795e-01 0.000000e+00 -3.826834e-01
    outer loop
      vertex   3.166603e+01 -5.137506e+00 5.000000e-01
      vertex   3.176593e+01 -5.137506e+00 7.411810e-01
      vertex   3.176593e+01 -1.027501e+01 7.411810e-01
    endloop
  endfacet
  facet normal 9.914449e-01 0.000000e+00 -1.305262e-01
    outer loop
      vertex   3.176593e+01 -1.027501e+01 7.411810e-01
      vertex   3.176593e+01 -5.137506e+00 7.411810e-01
      vertex   3.180000e+01 -1.541252e+01 1.000000e+00
    endloop
  endfacet
  facet normal 9.951566e-01 1.648683e-03 -9.828883e-02
    outer loop
      vertex   3.176593e+01 -1.027501e+01 7.411810e-01
      vertex   3.180000e+01 -1.541252e+01 1.000000e+00
      vertex   3.178065e+01 -1.540388e+01 8.042321e-01
    endloop
  endfacet
  facet normal 2.901935e-01 8.928844e-04 -9.569676e-01
    outer loop
      vertex   3.099264e+01 1.534219e+01 1.873521e-02
      vertex   3.117986e+01 1.530706e+01 7.547313e-02
      vertex   3.105882e+01 1.027501e+01 3.407417e-02
    endloop
  endfacet
  facet normal 3.826829e-01 -1.604031e-03 -9.238783e-01
    outer loop
      vertex   3.105882e+01 1.027501e+01 3.407417e-02
      vertex   3.117986e+01 1.530706e+01 7.547313e-02
      vertex   3.130000e+01 1.027501e+01 1.339746e-01
    endloop
  endfacet
  facet normal 3.826834e-01 0.000000e+00 -9.238795e-01
    outer loop
      vertex   3.105882e+01 1.027501e+01 3.407417e-02
      vertex   3.130000e+01 1.027501e+01 1.339746e-01
      vertex   3.130000e+01 5.137506e+00 1.339746e-01
    endloop
  endfacet
  facet normal 6.081749e-01 0.000000e+00 -7.938030e-01
    outer loop
      vertex   3.130000e+01 5.137506e+00 1.339746e-01
      vertex   3.130000e+01 1.027501e+01 1.339746e-01
      vertex   3.150606e+01 1.027501e+01 2.918488e-01
    endloop
  endfacet
  facet normal 6.081814e-01 -4.132118e-07 -7.937981e-01
    outer loop
      vertex   3.130000e+01 5.137506e+00 1.339746e-01
      vertex   3.150606e+01 1.027501e+01 2.918488e-01
      vertex   3.150607e+01 5.137506e+00 2.918604e-01
    endloop
  endfacet
  facet normal 7.929032e-01 4.178514e-07 -6.093476e-01
    outer loop
      vertex   3.150607e+01 5.137506e+00 2.918604e-01
      vertex   3.150606e+01 1.027501e+01 2.918488e-01
      vertex   3.166603e+01 1.027501e+01 5.000000e-01
    endloop
  endfacet
  facet normal 7.929082e-01 0.000000e+00 -6.093411e-01
    outer loop
      vertex   3.150607e+01 5.137506e+00 2.918604e-01
      vertex   3.166603e+01 1.027501e+01 5.000000e-01
      vertex   3.166603e+01 5.137506e+00 5.000000e-01
    endloop
  endfacet
  facet normal 9.238795e-01 0.000000e+00 -3.826834e-01
    outer loop
      vertex   3.166603e+01 5.137506e+00 5.000000e-01
      vertex   3.166603e+01 1.027501e+01 5.000000e-01
      vertex   3.176593e+01 5.137506e+00 7.411810e-01
    endloop
  endfacet
  facet normal 9.238795e-01 0.000000e+00 -3.826834e-01
    outer loop
      vertex   3.166603e+01 5.137506e+00 5.000000e-01
      vertex   3.176593e+01 5.137506e+00 7.411810e-01
      vertex   3.176593e+01 2.220446e-15 7.411810e-01
    endloop
  endfacet
  facet normal 9.914449e-01 0.000000e+00 -1.305262e-01
    outer loop
      vertex   3.176593e+01 2.220446e-15 7.411810e-01
      vertex   3.176593e+01 5.137506e+00 7.411810e-01
      vertex   3.180000e+01 -1.541252e+01 1.000000e+00
    endloop
  endfacet
  facet normal 9.914449e-01 0.000000e+00 -1.305262e-01
    outer loop
      vertex   3.176593e+01 2.220446e-15 7.411810e-01
      vertex   3.180000e+01 -1.541252e+01 1.000000e+00
      vertex   3.176593e+01 -5.137506e+00 7.411810e-01
    endloop
  endfacet
  facet normal 4.714101e-01 1.002255e-03 -8.819136e-01
    outer loop
      vertex   3.117986e+01 1.530706e+01 7.547313e-02
      vertex   3.135313e+01 1.530248e+01 1.680854e-01
      vertex   3.130000e+01 1.027501e+01 1.339746e-01
    endloop
  endfacet
  facet normal 6.081746e-01 -1.040773e-03 -7.938026e-01
    outer loop
      vertex   3.130000e+01 1.027501e+01 1.339746e-01
      vertex   3.135313e+01 1.530248e+01 1.680854e-01
      vertex   3.150606e+01 1.027501e+01 2.918488e-01
    endloop
  endfacet
  facet normal 6.310819e-01 1.013042e-04 -7.757162e-01
    outer loop
      vertex   3.135313e+01 1.530248e+01 1.680854e-01
      vertex   3.150569e+01 1.531944e+01 2.922024e-01
      vertex   3.150606e+01 1.027501e+01 2.918488e-01
    endloop
  endfacet
  facet normal 7.704996e-01 1.019818e-04 -6.374405e-01
    outer loop
      vertex   3.150606e+01 1.027501e+01 2.918488e-01
      vertex   3.150569e+01 1.531944e+01 2.922024e-01
      vertex   3.163079e+01 1.534889e+01 4.434304e-01
    endloop
  endfacet
  facet normal 7.929026e-01 -1.288048e-03 -6.093471e-01
    outer loop
      vertex   3.150606e+01 1.027501e+01 2.918488e-01
      vertex   3.163079e+01 1.534889e+01 4.434304e-01
      vertex   3.166603e+01 1.027501e+01 5.000000e-01
    endloop
  endfacet
  facet normal 8.820284e-01 8.710944e-04 -4.711955e-01
    outer loop
      vertex   3.166603e+01 1.027501e+01 5.000000e-01
      vertex   3.163079e+01 1.534889e+01 4.434304e-01
      vertex   3.172321e+01 1.537973e+01 6.164883e-01
    endloop
  endfacet
  facet normal 9.238783e-01 -1.617590e-03 -3.826829e-01
    outer loop
      vertex   3.166603e+01 1.027501e+01 5.000000e-01
      vertex   3.172321e+01 1.537973e+01 6.164883e-01
      vertex   3.176593e+01 1.027501e+01 7.411810e-01
    endloop
  endfacet
  facet normal 9.566329e-01 8.888039e-04 -2.912949e-01
    outer loop
      vertex   3.176593e+01 1.027501e+01 7.411810e-01
      vertex   3.172321e+01 1.537973e+01 6.164883e-01
      vertex   3.178041e+01 1.540319e+01 8.043877e-01
    endloop
  endfacet
  facet normal 9.747423e-01 0.000000e+00 -2.233325e-01
    outer loop
      vertex   3.176593e+01 1.027501e+01 7.411810e-01
      vertex   3.178041e+01 1.540319e+01 8.043877e-01
      vertex   3.176593e+01 5.137506e+00 7.411810e-01
    endloop
  endfacet
  facet normal 9.868715e-01 -3.977751e-04 -1.615071e-01
    outer loop
      vertex   3.176593e+01 5.137506e+00 7.411810e-01
      vertex   3.178041e+01 1.540319e+01 8.043877e-01
      vertex   3.180000e+01 -1.541252e+01 1.000000e+00
    endloop
  endfacet
  facet normal 9.950215e-01 0.000000e+00 -9.966007e-02
    outer loop
      vertex   3.178041e+01 1.540319e+01 8.043877e-01
      vertex   3.180000e+01 1.541252e+01 1.000000e+00
      vertex   3.180000e+01 -1.541252e+01 1.000000e+00
    endloop
  endfacet
  facet normal 9.566258e-01 -8.349253e-04 -2.913184e-01
    outer loop
      vertex   3.178065e+01 -1.540388e+01 8.042321e-01
      vertex   3.172345e+01 -1.538037e+01 6.163250e-01
      vertex   3.176593e+01 -1.027501e+01 7.411810e-01
    endloop
  endfacet
  facet normal 9.238782e-01 1.671938e-03 -3.826829e-01
    outer loop
      vertex   3.176593e+01 -1.027501e+01 7.411810e-01
      vertex   3.172345e+01 -1.538037e+01 6.163250e-01
      vertex   3.166603e+01 -1.027501e+01 5.000000e-01
    endloop
  endfacet
  facet normal 9.238795e-01 0.000000e+00 -3.826834e-01
    outer loop
      vertex   3.176593e+01 -1.027501e+01 7.411810e-01
      vertex   3.166603e+01 -1.027501e+01 5.000000e-01
      vertex   3.166603e+01 -5.137506e+00 5.000000e-01
    endloop
  endfacet
  facet normal 7.929232e-01 0.000000e+00 -6.093217e-01
    outer loop
      vertex   3.166603e+01 -5.137506e+00 5.000000e-01
      vertex   3.166603e+01 -1.027501e+01 5.000000e-01
      vertex   3.150611e+01 -1.027501e+01 2.918950e-01
    endloop
  endfacet
  facet normal 7.929182e-01 4.177740e-07 -6.093281e-01
    outer loop
      vertex   3.166603e+01 -5.137506e+00 5.000000e-01
      vertex   3.150611e+01 -1.027501e+01 2.918950e-01
      vertex   3.150610e+01 -5.137506e+00 2.918835e-01
    endloop
  endfacet
  facet normal 6.082009e-01 -4.132893e-07 -7.937831e-01
    outer loop
      vertex   3.150610e+01 -5.137506e+00 2.918835e-01
      vertex   3.150611e+01 -1.027501e+01 2.918950e-01
      vertex   3.130000e+01 -1.027501e+01 1.339746e-01
    endloop
  endfacet
  facet normal 6.081944e-01 0.000000e+00 -7.937881e-01
    outer loop
      vertex   3.150610e+01 -5.137506e+00 2.918835e-01
      vertex   3.130000e+01 -1.027501e+01 1.339746e-01
      vertex   3.130000e+01 -5.137506e+00 1.339746e-01
    endloop
  endfacet
  facet normal 3.826834e-01 0.000000e+00 -9.238795e-01
    outer loop
      vertex   3.130000e+01 -5.137506e+00 1.339746e-01
      vertex   3.130000e+01 -1.027501e+01 1.339746e-01
      vertex   3.105882e+01 -5.137506e+00 3.407417e-02
    endloop
  endfacet
  facet normal 3.826834e-01 0.000000e+00 -9.238795e-01
    outer loop
      vertex   3.130000e+01 -5.137506e+00 1.339746e-01
      vertex   3.105882e+01 -5.137506e+00 3.407417e-02
      vertex   3.105882e+01 2.220446e-15 3.407417e-02
    endloop
  endfacet
  facet normal 1.305262e-01 0.000000e+00 -9.914449e-01
    outer loop
      vertex   3.105882e+01 2.220446e-15 3.407417e-02
      vertex   3.105882e+01 -5.137506e+00 3.407417e-02
      vertex   3.080000e+01 1.541252e+01 6.735606e-16
    endloop
  endfacet
  facet normal 8.812985e-01 -8.547962e-04 -4.725592e-01
    outer loop
      vertex   3.172345e+01 -1.538037e+01 6.163250e-01
      vertex   3.163078e+01 -1.534889e+01 4.434399e-01
      vertex   3.166603e+01 -1.027501e+01 5.000000e-01
    endloop
  endfacet
  facet normal 7.929225e-01 1.283697e-03 -6.093211e-01
    outer loop
      vertex   3.166603e+01 -1.027501e+01 5.000000e-01
      vertex   3.163078e+01 -1.534889e+01 4.434399e-01
      vertex   3.150611e+01 -1.027501e+01 2.918950e-01
    endloop
  endfacet
  facet normal 7.721350e-01 -7.732372e-06 -6.354586e-01
    outer loop
      vertex   3.163078e+01 -1.534889e+01 4.434399e-01
      vertex   3.150609e+01 -1.531892e+01 2.919352e-01
      vertex   3.150611e+01 -1.027501e+01 2.918950e-01
    endloop
  endfacet
  facet normal 6.329636e-01 -8.357611e-06 -7.741815e-01
    outer loop
      vertex   3.150611e+01 -1.027501e+01 2.918950e-01
      vertex   3.150609e+01 -1.531892e+01 2.919352e-01
      vertex   3.135392e+01 -1.530142e+01 1.675254e-01
    endloop
  endfacet
  facet normal 6.082004e-01 1.226385e-03 -7.937825e-01
    outer loop
      vertex   3.150611e+01 -1.027501e+01 2.918950e-01
      vertex   3.135392e+01 -1.530142e+01 1.675254e-01
      vertex   3.130000e+01 -1.027501e+01 1.339746e-01
    endloop
  endfacet
  facet normal 4.682897e-01 -8.739376e-04 -8.835746e-01
    outer loop
      vertex   3.130000e+01 -1.027501e+01 1.339746e-01
      vertex   3.135392e+01 -1.530142e+01 1.675254e-01
      vertex   3.118009e+01 -1.530693e+01 7.540030e-02
    endloop
  endfacet
  facet normal 3.826829e-01 1.635210e-03 -9.238783e-01
    outer loop
      vertex   3.130000e+01 -1.027501e+01 1.339746e-01
      vertex   3.118009e+01 -1.530693e+01 7.540030e-02
      vertex   3.105882e+01 -1.027501e+01 3.407417e-02
    endloop
  endfacet
  facet normal 2.893100e-01 -8.890728e-04 -9.572350e-01
    outer loop
      vertex   3.105882e+01 -1.027501e+01 3.407417e-02
      vertex   3.118009e+01 -1.530693e+01 7.540030e-02
      vertex   3.099263e+01 -1.534227e+01 1.877596e-02
    endloop
  endfacet
  facet normal 2.251925e-01 0.000000e+00 -9.743143e-01
    outer loop
      vertex   3.105882e+01 -1.027501e+01 3.407417e-02
      vertex   3.099263e+01 -1.534227e+01 1.877596e-02
      vertex   3.105882e+01 -5.137506e+00 3.407417e-02
    endloop
  endfacet
  facet normal 1.632479e-01 4.201740e-04 -9.865850e-01
    outer loop
      vertex   3.105882e+01 -5.137506e+00 3.407417e-02
      vertex   3.099263e+01 -1.534227e+01 1.877596e-02
      vertex   3.080000e+01 1.541252e+01 6.735606e-16
    endloop
  endfacet
  facet normal 9.701186e-02 -5.063330e-11 -9.952832e-01
    outer loop
      vertex   3.099263e+01 -1.534227e+01 1.877596e-02
      vertex   3.080000e+01 -1.541252e+01 1.658829e-16
      vertex   3.080000e+01 1.541252e+01 6.735606e-16
    endloop
  endfacet
  facet normal 3.826834e-01 0.000000e+00 -9.238795e-01
    outer loop
      vertex   3.130000e+01 2.220446e-15 1.339746e-01
      vertex   3.105882e+01 5.137506e+00 3.407417e-02
      vertex   3.130000e+01 5.137506e+00 1.339746e-01
    endloop
  endfacet
  facet normal 3.826834e-01 0.000000e+00 -9.238795e-01
    outer loop
      vertex   3.130000e+01 5.137506e+00 1.339746e-01
      vertex   3.105882e+01 5.137506e+00 3.407417e-02
      vertex   3.105882e+01 1.027501e+01 3.407417e-02
    endloop
  endfacet
  facet normal 3.826834e-01 0.000000e+00 -9.238795e-01
    outer loop
      vertex   3.130000e+01 -1.027501e+01 1.339746e-01
      vertex   3.105882e+01 -1.027501e+01 3.407417e-02
      vertex   3.105882e+01 -5.137506e+00 3.407417e-02
    endloop
  endfacet
  facet normal 6.081879e-01 -4.132376e-07 -7.937931e-01
    outer loop
      vertex   3.150608e+01 2.220446e-15 2.918719e-01
      vertex   3.130000e+01 2.220446e-15 1.339746e-01
      vertex   3.150607e+01 5.137506e+00 2.918604e-01
    endloop
  endfacet
  facet normal 6.081814e-01 0.000000e+00 -7.937981e-01
    outer loop
      vertex   3.150607e+01 5.137506e+00 2.918604e-01
      vertex   3.130000e+01 2.220446e-15 1.339746e-01
      vertex   3.130000e+01 5.137506e+00 1.339746e-01
    endloop
  endfacet
  facet normal 7.929132e-01 0.000000e+00 -6.093346e-01
    outer loop
      vertex   3.166603e+01 2.220446e-15 5.000000e-01
      vertex   3.150608e+01 2.220446e-15 2.918719e-01
      vertex   3.166603e+01 5.137506e+00 5.000000e-01
    endloop
  endfacet
  facet normal 7.929082e-01 4.178256e-07 -6.093411e-01
    outer loop
      vertex   3.166603e+01 5.137506e+00 5.000000e-01
      vertex   3.150608e+01 2.220446e-15 2.918719e-01
      vertex   3.150607e+01 5.137506e+00 2.918604e-01
    endloop
  endfacet
  facet normal 9.238795e-01 0.000000e+00 -3.826834e-01
    outer loop
      vertex   3.176593e+01 1.027501e+01 7.411810e-01
      vertex   3.176593e+01 5.137506e+00 7.411810e-01
      vertex   3.166603e+01 1.027501e+01 5.000000e-01
    endloop
  endfacet
  facet normal 9.238795e-01 0.000000e+00 -3.826834e-01
    outer loop
      vertex   3.176593e+01 -5.137506e+00 7.411810e-01
      vertex   3.166603e+01 2.220446e-15 5.000000e-01
      vertex   3.176593e+01 2.220446e-15 7.411810e-01
    endloop
  endfacet
  facet normal 9.238795e-01 0.000000e+00 -3.826834e-01
    outer loop
      vertex   3.176593e+01 2.220446e-15 7.411810e-01
      vertex   3.166603e+01 2.220446e-15 5.000000e-01
      vertex   3.166603e+01 5.137506e+00 5.000000e-01
    endloop
  endfacet
  facet normal 9.951566e-01 -1.648683e-03 9.828883e-02
    outer loop
      vertex   3.178065e+01 1.540388e+01 7.195768e+00
      vertex   3.176593e+01 1.027501e+01 7.258819e+00
      vertex   3.180000e+01 1.541252e+01 7.000000e+00
    endloop
  endfacet
  facet normal 9.914449e-01 0.000000e+00 1.305262e-01
    outer loop
      vertex   3.180000e+01 1.541252e+01 7.000000e+00
      vertex   3.176593e+01 1.027501e+01 7.258819e+00
      vertex   3.176593e+01 5.137506e+00 7.258819e+00
    endloop
  endfacet
  facet normal 9.914449e-01 0.000000e+00 1.305262e-01
    outer loop
      vertex   3.180000e+01 1.541252e+01 7.000000e+00
      vertex   3.176593e+01 5.137506e+00 7.258819e+00
      vertex   3.176593e+01 0.000000e+00 7.258819e+00
    endloop
  endfacet
  facet normal 9.238795e-01 -0.000000e+00 3.826834e-01
    outer loop
      vertex   3.176593e+01 0.000000e+00 7.258819e+00
      vertex   3.176593e+01 5.137506e+00 7.258819e+00
      vertex   3.166603e+01 0.000000e+00 7.500000e+00
    endloop
  endfacet
  facet normal 9.238795e-01 0.000000e+00 3.826834e-01
    outer loop
      vertex   3.176593e+01 0.000000e+00 7.258819e+00
      vertex   3.166603e+01 0.000000e+00 7.500000e+00
      vertex   3.166603e+01 -5.137506e+00 7.500000e+00
    endloop
  endfacet
  facet normal 7.929145e-01 -0.000000e+00 6.093330e-01
    outer loop
      vertex   3.166603e+01 -5.137506e+00 7.500000e+00
      vertex   3.166603e+01 0.000000e+00 7.500000e+00
      vertex   3.150609e+01 0.000000e+00 7.708125e+00
    endloop
  endfacet
  facet normal 7.929099e-01 -3.817406e-07 6.093389e-01
    outer loop
      vertex   3.166603e+01 -5.137506e+00 7.500000e+00
      vertex   3.150609e+01 0.000000e+00 7.708125e+00
      vertex   3.150608e+01 -5.137506e+00 7.708136e+00
    endloop
  endfacet
  facet normal 6.081896e-01 3.775630e-07 7.937918e-01
    outer loop
      vertex   3.150608e+01 -5.137506e+00 7.708136e+00
      vertex   3.150609e+01 0.000000e+00 7.708125e+00
      vertex   3.130000e+01 0.000000e+00 7.866025e+00
    endloop
  endfacet
  facet normal 6.081837e-01 0.000000e+00 7.937963e-01
    outer loop
      vertex   3.150608e+01 -5.137506e+00 7.708136e+00
      vertex   3.130000e+01 0.000000e+00 7.866025e+00
      vertex   3.130000e+01 -5.137506e+00 7.866025e+00
    endloop
  endfacet
  facet normal 3.826834e-01 -0.000000e+00 9.238795e-01
    outer loop
      vertex   3.130000e+01 -5.137506e+00 7.866025e+00
      vertex   3.130000e+01 0.000000e+00 7.866025e+00
      vertex   3.105882e+01 -5.137506e+00 7.965926e+00
    endloop
  endfacet
  facet normal 3.826834e-01 0.000000e+00 9.238795e-01
    outer loop
      vertex   3.130000e+01 -5.137506e+00 7.866025e+00
      vertex   3.105882e+01 -5.137506e+00 7.965926e+00
      vertex   3.105882e+01 -1.027501e+01 7.965926e+00
    endloop
  endfacet
  facet normal 1.305262e-01 -0.000000e+00 9.914449e-01
    outer loop
      vertex   3.105882e+01 -1.027501e+01 7.965926e+00
      vertex   3.105882e+01 -5.137506e+00 7.965926e+00
      vertex   3.080000e+01 -1.541252e+01 8.000000e+00
    endloop
  endfacet
  facet normal 9.615325e-02 1.757652e-03 9.953650e-01
    outer loop
      vertex   3.105882e+01 -1.027501e+01 7.965926e+00
      vertex   3.080000e+01 -1.541252e+01 8.000000e+00
      vertex   3.099265e+01 -1.534219e+01 7.981266e+00
    endloop
  endfacet
  facet normal 9.566258e-01 8.349253e-04 2.913184e-01
    outer loop
      vertex   3.178065e+01 1.540388e+01 7.195768e+00
      vertex   3.172345e+01 1.538037e+01 7.383675e+00
      vertex   3.176593e+01 1.027501e+01 7.258819e+00
    endloop
  endfacet
  facet normal 9.238782e-01 -1.671938e-03 3.826829e-01
    outer loop
      vertex   3.176593e+01 1.027501e+01 7.258819e+00
      vertex   3.172345e+01 1.538037e+01 7.383675e+00
      vertex   3.166603e+01 1.027501e+01 7.500000e+00
    endloop
  endfacet
  facet normal 9.238795e-01 0.000000e+00 3.826834e-01
    outer loop
      vertex   3.176593e+01 1.027501e+01 7.258819e+00
      vertex   3.166603e+01 1.027501e+01 7.500000e+00
      vertex   3.166603e+01 5.137506e+00 7.500000e+00
    endloop
  endfacet
  facet normal 7.929236e-01 -0.000000e+00 6.093211e-01
    outer loop
      vertex   3.166603e+01 5.137506e+00 7.500000e+00
      vertex   3.166603e+01 1.027501e+01 7.500000e+00
      vertex   3.150611e+01 1.027501e+01 7.708104e+00
    endloop
  endfacet
  facet normal 7.929190e-01 -3.816975e-07 6.093270e-01
    outer loop
      vertex   3.166603e+01 5.137506e+00 7.500000e+00
      vertex   3.150611e+01 1.027501e+01 7.708104e+00
      vertex   3.150610e+01 5.137506e+00 7.708115e+00
    endloop
  endfacet
  facet normal 6.082015e-01 3.776061e-07 7.937827e-01
    outer loop
      vertex   3.150610e+01 5.137506e+00 7.708115e+00
      vertex   3.150611e+01 1.027501e+01 7.708104e+00
      vertex   3.130000e+01 1.027501e+01 7.866025e+00
    endloop
  endfacet
  facet normal 6.081955e-01 0.000000e+00 7.937873e-01
    outer loop
      vertex   3.150610e+01 5.137506e+00 7.708115e+00
      vertex   3.130000e+01 1.027501e+01 7.866025e+00
      vertex   3.130000e+01 5.137506e+00 7.866025e+00
    endloop
  endfacet
  facet normal 3.826834e-01 -0.000000e+00 9.238795e-01
    outer loop
      vertex   3.130000e+01 5.137506e+00 7.866025e+00
      vertex   3.130000e+01 1.027501e+01 7.866025e+00
      vertex   3.105882e+01 5.137506e+00 7.965926e+00
    endloop
  endfacet
  facet normal 3.826834e-01 0.000000e+00 9.238795e-01
    outer loop
      vertex   3.130000e+01 5.137506e+00 7.866025e+00
      vertex   3.105882e+01 5.137506e+00 7.965926e+00
      vertex   3.105882e+01 0.000000e+00 7.965926e+00
    endloop
  endfacet
  facet normal 1.305262e-01 -0.000000e+00 9.914449e-01
    outer loop
      vertex   3.105882e+01 0.000000e+00 7.965926e+00
      vertex   3.105882e+01 5.137506e+00 7.965926e+00
      vertex   3.080000e+01 -1.541252e+01 8.000000e+00
    endloop
  endfacet
  facet normal 1.305262e-01 0.000000e+00 9.914449e-01
    outer loop
      vertex   3.105882e+01 0.000000e+00 7.965926e+00
      vertex   3.080000e+01 -1.541252e+01 8.000000e+00
      vertex   3.105882e+01 -5.137506e+00 7.965926e+00
    endloop
  endfacet
  facet normal 8.812985e-01 8.547962e-04 4.725592e-01
    outer loop
      vertex   3.172345e+01 1.538037e+01 7.383675e+00
      vertex   3.163078e+01 1.534889e+01 7.556560e+00
      vertex   3.166603e+01 1.027501e+01 7.500000e+00
    endloop
  endfacet
  facet normal 7.929229e-01 -1.283688e-03 6.093206e-01
    outer loop
      vertex   3.166603e+01 1.027501e+01 7.500000e+00
      vertex   3.163078e+01 1.534889e+01 7.556560e+00
      vertex   3.150611e+01 1.027501e+01 7.708104e+00
    endloop
  endfacet
  facet normal 7.721350e-01 7.759678e-06 6.354586e-01
    outer loop
      vertex   3.163078e+01 1.534889e+01 7.556560e+00
      vertex   3.150609e+01 1.531892e+01 7.708065e+00
      vertex   3.150611e+01 1.027501e+01 7.708104e+00
    endloop
  endfacet
  facet normal 6.329636e-01 8.330898e-06 7.741815e-01
    outer loop
      vertex   3.150611e+01 1.027501e+01 7.708104e+00
      vertex   3.150609e+01 1.531892e+01 7.708065e+00
      vertex   3.135392e+01 1.530142e+01 7.832475e+00
    endloop
  endfacet
  facet normal 6.082010e-01 -1.226394e-03 7.937821e-01
    outer loop
      vertex   3.150611e+01 1.027501e+01 7.708104e+00
      vertex   3.135392e+01 1.530142e+01 7.832475e+00
      vertex   3.130000e+01 1.027501e+01 7.866025e+00
    endloop
  endfacet
  facet normal 4.682896e-01 8.739373e-04 8.835746e-01
    outer loop
      vertex   3.130000e+01 1.027501e+01 7.866025e+00
      vertex   3.135392e+01 1.530142e+01 7.832475e+00
      vertex   3.118009e+01 1.530693e+01 7.924600e+00
    endloop
  endfacet
  facet normal 3.826829e-01 -1.635209e-03 9.238783e-01
    outer loop
      vertex   3.130000e+01 1.027501e+01 7.866025e+00
      vertex   3.118009e+01 1.530693e+01 7.924600e+00
      vertex   3.105882e+01 1.027501e+01 7.965926e+00
    endloop
  endfacet
  facet normal 2.893100e-01 8.890742e-04 9.572350e-01
    outer loop
      vertex   3.105882e+01 1.027501e+01 7.965926e+00
      vertex   3.118009e+01 1.530693e+01 7.924600e+00
      vertex   3.099263e+01 1.534227e+01 7.981224e+00
    endloop
  endfacet
  facet normal 2.251924e-01 0.000000e+00 9.743143e-01
    outer loop
      vertex   3.105882e+01 1.027501e+01 7.965926e+00
      vertex   3.099263e+01 1.534227e+01 7.981224e+00
      vertex   3.105882e+01 5.137506e+00 7.965926e+00
    endloop
  endfacet
  facet normal 1.632478e-01 -4.201735e-04 9.865850e-01
    outer loop
      vertex   3.105882e+01 5.137506e+00 7.965926e+00
      vertex   3.099263e+01 1.534227e+01 7.981224e+00
      vertex   3.080000e+01 -1.541252e+01 8.000000e+00
    endloop
  endfacet
  facet normal 9.701189e-02 4.517376e-11 9.952832e-01
    outer loop
      vertex   3.099263e+01 1.534227e+01 7.981224e+00
      vertex   3.080000e+01 1.541252e+01 8.000000e+00
      vertex   3.080000e+01 -1.541252e+01 8.000000e+00
    endloop
  endfacet
  facet normal 2.903733e-01 -8.950672e-04 9.569130e-01
    outer loop
      vertex   3.099265e+01 -1.534219e+01 7.981266e+00
      vertex   3.117983e+01 -1.530712e+01 7.924498e+00
      vertex   3.105882e+01 -1.027501e+01 7.965926e+00
    endloop
  endfacet
  facet normal 3.826829e-01 1.596778e-03 9.238784e-01
    outer loop
      vertex   3.105882e+01 -1.027501e+01 7.965926e+00
      vertex   3.117983e+01 -1.530712e+01 7.924498e+00
      vertex   3.130000e+01 -1.027501e+01 7.866025e+00
    endloop
  endfacet
  facet normal 3.826834e-01 0.000000e+00 9.238795e-01
    outer loop
      vertex   3.105882e+01 -1.027501e+01 7.965926e+00
      vertex   3.130000e+01 -1.027501e+01 7.866025e+00
      vertex   3.130000e+01 -5.137506e+00 7.866025e+00
    endloop
  endfacet
  facet normal 6.081777e-01 0.000000e+00 7.938009e-01
    outer loop
      vertex   3.130000e+01 -5.137506e+00 7.866025e+00
      vertex   3.130000e+01 -1.027501e+01 7.866025e+00
      vertex   3.150607e+01 -1.027501e+01 7.708146e+00
    endloop
  endfacet
  facet normal 6.081837e-01 3.775414e-07 7.937963e-01
    outer loop
      vertex   3.130000e+01 -5.137506e+00 7.866025e+00
      vertex   3.150607e+01 -1.027501e+01 7.708146e+00
      vertex   3.150608e+01 -5.137506e+00 7.708136e+00
    endloop
  endfacet
  facet normal 7.929054e-01 -3.817621e-07 6.093448e-01
    outer loop
      vertex   3.150608e+01 -5.137506e+00 7.708136e+00
      vertex   3.150607e+01 -1.027501e+01 7.708146e+00
      vertex   3.166603e+01 -1.027501e+01 7.500000e+00
    endloop
  endfacet
  facet normal 7.929099e-01 0.000000e+00 6.093389e-01
    outer loop
      vertex   3.150608e+01 -5.137506e+00 7.708136e+00
      vertex   3.166603e+01 -1.027501e+01 7.500000e+00
      vertex   3.166603e+01 -5.137506e+00 7.500000e+00
    endloop
  endfacet
  facet normal 9.238795e-01 0.000000e+00 3.826834e-01
    outer loop
      vertex   3.166603e+01 -5.137506e+00 7.500000e+00
      vertex   3.166603e+01 -1.027501e+01 7.500000e+00
      vertex   3.176593e+01 -5.137506e+00 7.258819e+00
    endloop
  endfacet
  facet normal 9.238795e-01 0.000000e+00 3.826834e-01
    outer loop
      vertex   3.166603e+01 -5.137506e+00 7.500000e+00
      vertex   3.176593e+01 -5.137506e+00 7.258819e+00
      vertex   3.176593e+01 0.000000e+00 7.258819e+00
    endloop
  endfacet
  facet normal 9.914449e-01 0.000000e+00 1.305262e-01
    outer loop
      vertex   3.176593e+01 0.000000e+00 7.258819e+00
      vertex   3.176593e+01 -5.137506e+00 7.258819e+00
      vertex   3.180000e+01 1.541252e+01 7.000000e+00
    endloop
  endfacet
  facet normal 4.713073e-01 -1.006582e-03 8.819685e-01
    outer loop
      vertex   3.117983e+01 -1.530712e+01 7.924498e+00
      vertex   3.135312e+01 -1.530251e+01 7.831900e+00
      vertex   3.130000e+01 -1.027501e+01 7.866025e+00
    endloop
  endfacet
  facet normal 6.081774e-01 1.038097e-03 7.938005e-01
    outer loop
      vertex   3.130000e+01 -1.027501e+01 7.866025e+00
      vertex   3.135312e+01 -1.530251e+01 7.831900e+00
      vertex   3.150607e+01 -1.027501e+01 7.708146e+00
    endloop
  endfacet
  facet normal 6.309527e-01 -9.732106e-05 7.758213e-01
    outer loop
      vertex   3.135312e+01 -1.530251e+01 7.831900e+00
      vertex   3.150571e+01 -1.531943e+01 7.707806e+00
      vertex   3.150607e+01 -1.027501e+01 7.708146e+00
    endloop
  endfacet
  facet normal 7.705819e-01 -9.794411e-05 6.373410e-01
    outer loop
      vertex   3.150607e+01 -1.027501e+01 7.708146e+00
      vertex   3.150571e+01 -1.531943e+01 7.707806e+00
      vertex   3.163079e+01 -1.534888e+01 7.556567e+00
    endloop
  endfacet
  facet normal 7.929047e-01 1.287176e-03 6.093443e-01
    outer loop
      vertex   3.150607e+01 -1.027501e+01 7.708146e+00
      vertex   3.163079e+01 -1.534888e+01 7.556567e+00
      vertex   3.166603e+01 -1.027501e+01 7.500000e+00
    endloop
  endfacet
  facet normal 8.820596e-01 -8.727884e-04 4.711370e-01
    outer loop
      vertex   3.166603e+01 -1.027501e+01 7.500000e+00
      vertex   3.163079e+01 -1.534888e+01 7.556567e+00
      vertex   3.172320e+01 -1.537969e+01 7.383502e+00
    endloop
  endfacet
  facet normal 9.238783e-01 1.614286e-03 3.826829e-01
    outer loop
      vertex   3.166603e+01 -1.027501e+01 7.500000e+00
      vertex   3.172320e+01 -1.537969e+01 7.383502e+00
      vertex   3.176593e+01 -1.027501e+01 7.258819e+00
    endloop
  endfacet
  facet normal 9.566199e-01 -8.908880e-04 2.913375e-01
    outer loop
      vertex   3.176593e+01 -1.027501e+01 7.258819e+00
      vertex   3.172320e+01 -1.537969e+01 7.383502e+00
      vertex   3.178040e+01 -1.540317e+01 7.195608e+00
    endloop
  endfacet
  facet normal 9.747685e-01 -0.000000e+00 2.232184e-01
    outer loop
      vertex   3.176593e+01 -1.027501e+01 7.258819e+00
      vertex   3.178040e+01 -1.540317e+01 7.195608e+00
      vertex   3.176593e+01 -5.137506e+00 7.258819e+00
    endloop
  endfacet
  facet normal 9.868776e-01 3.972953e-04 1.614698e-01
    outer loop
      vertex   3.176593e+01 -5.137506e+00 7.258819e+00
      vertex   3.178040e+01 -1.540317e+01 7.195608e+00
      vertex   3.180000e+01 1.541252e+01 7.000000e+00
    endloop
  endfacet
  facet normal 9.950179e-01 0.000000e+00 9.969620e-02
    outer loop
      vertex   3.178040e+01 -1.540317e+01 7.195608e+00
      vertex   3.180000e+01 -1.541252e+01 7.000000e+00
      vertex   3.180000e+01 1.541252e+01 7.000000e+00
    endloop
  endfacet
  facet normal 9.238795e-01 -0.000000e+00 3.826834e-01
    outer loop
      vertex   3.166603e+01 0.000000e+00 7.500000e+00
      vertex   3.176593e+01 5.137506e+00 7.258819e+00
      vertex   3.166603e+01 5.137506e+00 7.500000e+00
    endloop
  endfacet
  facet normal 9.238795e-01 0.000000e+00 3.826834e-01
    outer loop
      vertex   3.166603e+01 5.137506e+00 7.500000e+00
      vertex   3.176593e+01 5.137506e+00 7.258819e+00
      vertex   3.176593e+01 1.027501e+01 7.258819e+00
    endloop
  endfacet
  facet normal 9.238795e-01 0.000000e+00 3.826834e-01
    outer loop
      vertex   3.166603e+01 -1.027501e+01 7.500000e+00
      vertex   3.176593e+01 -1.027501e+01 7.258819e+00
      vertex   3.176593e+01 -5.137506e+00 7.258819e+00
    endloop
  endfacet
  facet normal 7.929145e-01 -3.817191e-07 6.093330e-01
    outer loop
      vertex   3.150609e+01 0.000000e+00 7.708125e+00
      vertex   3.166603e+01 0.000000e+00 7.500000e+00
      vertex   3.150610e+01 5.137506e+00 7.708115e+00
    endloop
  endfacet
  facet normal 7.929190e-01 0.000000e+00 6.093270e-01
    outer loop
      vertex   3.150610e+01 5.137506e+00 7.708115e+00
      vertex   3.166603e+01 0.000000e+00 7.500000e+00
      vertex   3.166603e+01 5.137506e+00 7.500000e+00
    endloop
  endfacet
  facet normal 6.081896e-01 -0.000000e+00 7.937918e-01
    outer loop
      vertex   3.130000e+01 0.000000e+00 7.866025e+00
      vertex   3.150609e+01 0.000000e+00 7.708125e+00
      vertex   3.130000e+01 5.137506e+00 7.866025e+00
    endloop
  endfacet
  facet normal 6.081955e-01 3.775845e-07 7.937873e-01
    outer loop
      vertex   3.130000e+01 5.137506e+00 7.866025e+00
      vertex   3.150609e+01 0.000000e+00 7.708125e+00
      vertex   3.150610e+01 5.137506e+00 7.708115e+00
    endloop
  endfacet
  facet normal 3.826834e-01 0.000000e+00 9.238795e-01
    outer loop
      vertex   3.105882e+01 1.027501e+01 7.965926e+00
      vertex   3.105882e+01 5.137506e+00 7.965926e+00
      vertex   3.130000e+01 1.027501e+01 7.866025e+00
    endloop
  endfacet
  facet normal 3.826834e-01 -0.000000e+00 9.238795e-01
    outer loop
      vertex   3.105882e+01 -5.137506e+00 7.965926e+00
      vertex   3.130000e+01 0.000000e+00 7.866025e+00
      vertex   3.105882e+01 0.000000e+00 7.965926e+00
    endloop
  endfacet
  facet normal 3.826834e-01 0.000000e+00 9.238795e-01
    outer loop
      vertex   3.105882e+01 0.000000e+00 7.965926e+00
      vertex   3.130000e+01 0.000000e+00 7.866025e+00
      vertex   3.130000e+01 5.137506e+00 7.866025e+00
    endloop
  endfacet
  facet normal 1.000000e+00 0.000000e+00 0.000000e+00
    outer loop
      vertex   3.180000e+01 1.541252e+01 7.000000e+00
      vertex   3.180000e+01 -1.541252e+01 7.000000e+00
      vertex   3.180000e+01 1.541252e+01 1.000000e+00
    endloop
  endfacet
  facet normal 1.000000e+00 0.000000e+00 0.000000e+00
    outer loop
      vertex   3.180000e+01 1.541252e+01 1.000000e+00
      vertex   3.180000e+01 -1.541252e+01 7.000000e+00
      vertex   3.180000e+01 -1.541252e+01 1.000000e+00
    endloop
  endfacet
  facet normal -1.644772e-03 -9.620089e-02 -9.953606e-01
    outer loop
      vertex   2.734219e+01 -1.899264e+01 1.873521e-02
      vertex   2.193001e+01 -1.905882e+01 3.407417e-02
      vertex   2.741252e+01 -1.880000e+01 5.879086e-16
    endloop
  endfacet
  facet normal 0.000000e+00 -1.305262e-01 -9.914449e-01
    outer loop
      vertex   2.741252e+01 -1.880000e+01 5.879086e-16
      vertex   2.193001e+01 -1.905882e+01 3.407417e-02
      vertex   1.644751e+01 -1.905882e+01 3.407417e-02
    endloop
  endfacet
  facet normal 0.000000e+00 -1.305262e-01 -9.914449e-01
    outer loop
      vertex   2.741252e+01 -1.880000e+01 5.879086e-16
      vertex   1.644751e+01 -1.905882e+01 3.407417e-02
      vertex   1.096501e+01 -1.905882e+01 3.407417e-02
    endloop
  endfacet
  facet normal 0.000000e+00 -3.826834e-01 -9.238795e-01
    outer loop
      vertex   1.096501e+01 -1.905882e+01 3.407417e-02
      vertex   1.644751e+01 -1.905882e+01 3.407417e-02
      vertex   1.096501e+01 -1.930000e+01 1.339746e-01
    endloop
  endfacet
  facet normal 0.000000e+00 -3.826834e-01 -9.238795e-01
    outer loop
      vertex   1.096501e+01 -1.905882e+01 3.407417e-02
      vertex   1.096501e+01 -1.930000e+01 1.339746e-01
      vertex   5.482504e+00 -1.930000e+01 1.339746e-01
    endloop
  endfacet
  facet normal 0.000000e+00 -6.081802e-01 -7.937990e-01
    outer loop
      vertex   5.482504e+00 -1.930000e+01 1.339746e-01
      vertex   1.096501e+01 -1.930000e+01 1.339746e-01
      vertex   1.096501e+01 -1.950607e+01 2.918581e-01
    endloop
  endfacet
  facet normal -2.317195e-07 -6.081840e-01 -7.937961e-01
    outer loop
      vertex   5.482504e+00 -1.930000e+01 1.339746e-01
      vertex   1.096501e+01 -1.950607e+01 2.918581e-01
      vertex   5.482504e+00 -1.950608e+01 2.918650e-01
    endloop
  endfacet
  facet normal 2.343037e-07 -7.929072e-01 -6.093424e-01
    outer loop
      vertex   5.482504e+00 -1.950608e+01 2.918650e-01
      vertex   1.096501e+01 -1.950607e+01 2.918581e-01
      vertex   1.096501e+01 -1.966603e+01 5.000000e-01
    endloop
  endfacet
  facet normal 0.000000e+00 -7.929102e-01 -6.093385e-01
    outer loop
      vertex   5.482504e+00 -1.950608e+01 2.918650e-01
      vertex   1.096501e+01 -1.966603e+01 5.000000e-01
      vertex   5.482504e+00 -1.966603e+01 5.000000e-01
    endloop
  endfacet
  facet normal 0.000000e+00 -9.238795e-01 -3.826834e-01
    outer loop
      vertex   5.482504e+00 -1.966603e+01 5.000000e-01
      vertex   1.096501e+01 -1.966603e+01 5.000000e-01
      vertex   5.482504e+00 -1.976593e+01 7.411810e-01
    endloop
  endfacet
  facet normal 0.000000e+00 -9.238795e-01 -3.826834e-01
    outer loop
      vertex   5.482504e+00 -1.966603e+01 5.000000e-01
      vertex   5.482504e+00 -1.976593e+01 7.411810e-01
      vertex   0.000000e+00 -1.976593e+01 7.411810e-01
    endloop
  endfacet
  facet normal 0.000000e+00 -9.914449e-01 -1.305262e-01
    outer loop
      vertex   0.000000e+00 -1.976593e+01 7.411810e-01
      vertex   5.482504e+00 -1.976593e+01 7.411810e-01
      vertex   -2.741252e+01 -1.980000e+01 1.000000e+00
    endloop
  endfacet
  facet normal -0.000000e+00 -9.914449e-01 -1.305262e-01
    outer loop
      vertex   0.000000e+00 -1.976593e+01 7.411810e-01
      vertex   -2.741252e+01 -1.980000e+01 1.000000e+00
      vertex   -5.482504e+00 -1.976593e+01 7.411810e-01
    endloop
  endfacet
  facet normal -0.000000e+00 -9.914449e-01 -1.305262e-01
    outer loop
      vertex   -5.482504e+00 -1.976593e+01 7.411810e-01
      vertex   -2.741252e+01 -1.980000e+01 1.000000e+00
      vertex   -1.096501e+01 -1.976593e+01 7.411810e-01
    endloop
  endfacet
  facet normal -0.000000e+00 -9.238795e-01 -3.826834e-01
    outer loop
      vertex   -5.482504e+00 -1.976593e+01 7.411810e-01
      vertex   -1.096501e+01 -1.976593e+01 7.411810e-01
      vertex   -5.482504e+00 -1.966603e+01 5.000000e-01
    endloop
  endfacet
  facet normal -0.000000e+00 -9.238795e-01 -3.826834e-01
    outer loop
      vertex   -5.482504e+00 -1.966603e+01 5.000000e-01
      vertex   -1.096501e+01 -1.976593e+01 7.411810e-01
      vertex   -1.096501e+01 -1.966603e+01 5.000000e-01
    endloop
  endfacet
  facet normal -0.000000e+00 -7.929192e-01 -6.093269e-01
    outer loop
      vertex   -5.482504e+00 -1.966603e+01 5.000000e-01
      vertex   -1.096501e+01 -1.966603e+01 5.000000e-01
      vertex   -1.096501e+01 -1.950610e+01 2.918857e-01
    endloop
  endfacet
  facet normal 2.342690e-07 -7.929192e-01 -6.093269e-01
    outer loop
      vertex   -1.096501e+01 -1.950610e+01 2.918857e-01
      vertex   -1.096501e+01 -1.966603e+01 5.000000e-01
      vertex   -1.644751e+01 -1.950610e+01 2.918926e-01
    endloop
  endfacet
  facet normal -2.317541e-07 -6.081996e-01 -7.937842e-01
    outer loop
      vertex   -1.096501e+01 -1.950610e+01 2.918857e-01
      vertex   -1.644751e+01 -1.950610e+01 2.918926e-01
      vertex   -1.644751e+01 -1.930000e+01 1.339746e-01
    endloop
  endfacet
  facet normal -0.000000e+00 -6.081996e-01 -7.937842e-01
    outer loop
      vertex   -1.644751e+01 -1.930000e+01 1.339746e-01
      vertex   -1.644751e+01 -1.950610e+01 2.918926e-01
      vertex   -2.193001e+01 -1.930000e+01 1.339746e-01
    endloop
  endfacet
  facet normal -0.000000e+00 -3.826834e-01 -9.238795e-01
    outer loop
      vertex   -1.644751e+01 -1.930000e+01 1.339746e-01
      vertex   -2.193001e+01 -1.930000e+01 1.339746e-01
      vertex   -1.644751e+01 -1.905882e+01 3.407417e-02
    endloop
  endfacet
  facet normal -0.000000e+00 -3.826834e-01 -9.238795e-01
    outer loop
      vertex   -1.644751e+01 -1.905882e+01 3.407417e-02
      vertex   -2.193001e+01 -1.930000e+01 1.339746e-01
      vertex   -2.193001e+01 -1.905882e+01 3.407417e-02
    endloop
  endfacet
  facet normal -0.000000e+00 -2.251925e-01 -9.743143e-01
    outer loop
      vertex   -1.644751e+01 -1.905882e+01 3.407417e-02
      vertex   -2.193001e+01 -1.905882e+01 3.407417e-02
      vertex   -2.734227e+01 -1.899263e+01 1.877596e-02
    endloop
  endfacet
  facet normal -8.322716e-04 -2.893003e-01 -9.572380e-01
    outer loop
      vertex   -2.734227e+01 -1.899263e+01 1.877596e-02
      vertex   -2.193001e+01 -1.905882e+01 3.407417e-02
      vertex   -2.730693e+01 -1.918009e+01 7.540030e-02
    endloop
  endfacet
  facet normal 1.530291e-03 -3.826830e-01 -9.238785e-01
    outer loop
      vertex   -2.730693e+01 -1.918009e+01 7.540030e-02
      vertex   -2.193001e+01 -1.905882e+01 3.407417e-02
      vertex   -2.193001e+01 -1.930000e+01 1.339746e-01
    endloop
  endfacet
  facet normal -8.178244e-04 -4.682883e-01 -8.835753e-01
    outer loop
      vertex   -2.730693e+01 -1.918009e+01 7.540030e-02
      vertex   -2.193001e+01 -1.930000e+01 1.339746e-01
      vertex   -2.730142e+01 -1.935392e+01 1.675254e-01
    endloop
  endfacet
  facet normal 1.147654e-03 -6.082031e-01 -7.937807e-01
    outer loop
      vertex   -2.730142e+01 -1.935392e+01 1.675254e-01
      vertex   -2.193001e+01 -1.930000e+01 1.339746e-01
      vertex   -2.193001e+01 -1.950611e+01 2.918996e-01
    endloop
  endfacet
  facet normal -7.704948e-06 -6.329637e-01 -7.741815e-01
    outer loop
      vertex   -2.730142e+01 -1.935392e+01 1.675254e-01
      vertex   -2.193001e+01 -1.950611e+01 2.918996e-01
      vertex   -2.731892e+01 -1.950609e+01 2.919352e-01
    endloop
  endfacet
  facet normal -7.354476e-06 -7.721350e-01 -6.354585e-01
    outer loop
      vertex   -2.731892e+01 -1.950609e+01 2.919352e-01
      vertex   -2.193001e+01 -1.950611e+01 2.918996e-01
      vertex   -2.734889e+01 -1.963078e+01 4.434399e-01
    endloop
  endfacet
  facet normal 1.201930e-03 -7.929245e-01 -6.093187e-01
    outer loop
      vertex   -2.734889e+01 -1.963078e+01 4.434399e-01
      vertex   -2.193001e+01 -1.950611e+01 2.918996e-01
      vertex   -2.193001e+01 -1.966603e+01 5.000000e-01
    endloop
  endfacet
  facet normal -8.004819e-04 -8.813027e-01 -4.725515e-01
    outer loop
      vertex   -2.734889e+01 -1.963078e+01 4.434399e-01
      vertex   -2.193001e+01 -1.966603e+01 5.000000e-01
      vertex   -2.738037e+01 -1.972345e+01 6.163250e-01
    endloop
  endfacet
  facet normal 1.566108e-03 -9.238784e-01 -3.826830e-01
    outer loop
      vertex   -2.738037e+01 -1.972345e+01 6.163250e-01
      vertex   -2.193001e+01 -1.966603e+01 5.000000e-01
      vertex   -2.193001e+01 -1.976593e+01 7.411810e-01
    endloop
  endfacet
  facet normal -7.822286e-04 -9.566277e-01 -2.913124e-01
    outer loop
      vertex   -2.738037e+01 -1.972345e+01 6.163250e-01
      vertex   -2.193001e+01 -1.976593e+01 7.411810e-01
      vertex   -2.740388e+01 -1.978065e+01 8.042321e-01
    endloop
  endfacet
  facet normal 1.544719e-03 -9.951563e-01 -9.829339e-02
    outer loop
      vertex   -2.740388e+01 -1.978065e+01 8.042321e-01
      vertex   -2.193001e+01 -1.976593e+01 7.411810e-01
      vertex   -2.741252e+01 -1.980000e+01 1.000000e+00
    endloop
  endfacet
  facet normal 0.000000e+00 -9.914449e-01 -1.305262e-01
    outer loop
      vertex   -2.741252e+01 -1.980000e+01 1.000000e+00
      vertex   -2.193001e+01 -1.976593e+01 7.411810e-01
      vertex   -1.644751e+01 -1.976593e+01 7.411810e-01
    endloop
  endfacet
  facet normal 0.000000e+00 -9.914449e-01 -1.305262e-01
    outer loop
      vertex   -2.741252e+01 -1.980000e+01 1.000000e+00
      vertex   -1.644751e+01 -1.976593e+01 7.411810e-01
      vertex   -1.096501e+01 -1.976593e+01 7.411810e-01
    endloop
  endfacet
  facet normal -0.000000e+00 -9.238795e-01 -3.826834e-01
    outer loop
      vertex   -1.096501e+01 -1.976593e+01 7.411810e-01
      vertex   -1.644751e+01 -1.976593e+01 7.411810e-01
      vertex   -1.096501e+01 -1.966603e+01 5.000000e-01
    endloop
  endfacet
  facet normal 8.358394e-04 -2.901837e-01 -9.569706e-01
    outer loop
      vertex   2.734219e+01 -1.899264e+01 1.873521e-02
      vertex   2.730706e+01 -1.917986e+01 7.547313e-02
      vertex   2.193001e+01 -1.905882e+01 3.407417e-02
    endloop
  endfacet
  facet normal -1.501114e-03 -3.826830e-01 -9.238785e-01
    outer loop
      vertex   2.193001e+01 -1.905882e+01 3.407417e-02
      vertex   2.730706e+01 -1.917986e+01 7.547313e-02
      vertex   2.193001e+01 -1.930000e+01 1.339746e-01
    endloop
  endfacet
  facet normal 0.000000e+00 -3.826834e-01 -9.238795e-01
    outer loop
      vertex   2.193001e+01 -1.905882e+01 3.407417e-02
      vertex   2.193001e+01 -1.930000e+01 1.339746e-01
      vertex   1.644751e+01 -1.930000e+01 1.339746e-01
    endloop
  endfacet
  facet normal 0.000000e+00 -6.081724e-01 -7.938050e-01
    outer loop
      vertex   1.644751e+01 -1.930000e+01 1.339746e-01
      vertex   2.193001e+01 -1.930000e+01 1.339746e-01
      vertex   2.193001e+01 -1.950606e+01 2.918443e-01
    endloop
  endfacet
  facet normal -2.317021e-07 -6.081763e-01 -7.938020e-01
    outer loop
      vertex   1.644751e+01 -1.930000e+01 1.339746e-01
      vertex   2.193001e+01 -1.950606e+01 2.918443e-01
      vertex   1.644751e+01 -1.950606e+01 2.918512e-01
    endloop
  endfacet
  facet normal 2.343210e-07 -7.929013e-01 -6.093501e-01
    outer loop
      vertex   1.644751e+01 -1.950606e+01 2.918512e-01
      vertex   2.193001e+01 -1.950606e+01 2.918443e-01
      vertex   2.193001e+01 -1.966603e+01 5.000000e-01
    endloop
  endfacet
  facet normal 0.000000e+00 -7.929042e-01 -6.093463e-01
    outer loop
      vertex   1.644751e+01 -1.950606e+01 2.918512e-01
      vertex   2.193001e+01 -1.966603e+01 5.000000e-01
      vertex   1.644751e+01 -1.966603e+01 5.000000e-01
    endloop
  endfacet
  facet normal 0.000000e+00 -9.238795e-01 -3.826834e-01
    outer loop
      vertex   1.644751e+01 -1.966603e+01 5.000000e-01
      vertex   2.193001e+01 -1.966603e+01 5.000000e-01
      vertex   1.644751e+01 -1.976593e+01 7.411810e-01
    endloop
  endfacet
  facet normal 0.000000e+00 -9.238795e-01 -3.826834e-01
    outer loop
      vertex   1.644751e+01 -1.966603e+01 5.000000e-01
      vertex   1.644751e+01 -1.976593e+01 7.411810e-01
      vertex   1.096501e+01 -1.976593e+01 7.411810e-01
    endloop
  endfacet
  facet normal 0.000000e+00 -9.747423e-01 -2.233325e-01
    outer loop
      vertex   1.096501e+01 -1.976593e+01 7.411810e-01
      vertex   1.644751e+01 -1.976593e+01 7.411810e-01
      vertex   2.740319e+01 -1.978041e+01 8.043877e-01
    endloop
  endfacet
  facet normal -2.354233e-04 -9.863334e-01 -1.647617e-01
    outer loop
      vertex   1.096501e+01 -1.976593e+01 7.411810e-01
      vertex   2.740319e+01 -1.978041e+01 8.043877e-01
      vertex   -2.741252e+01 -1.980000e+01 1.000000e+00
    endloop
  endfacet
  facet normal 0.000000e+00 -9.950215e-01 -9.966007e-02
    outer loop
      vertex   -2.741252e+01 -1.980000e+01 1.000000e+00
      vertex   2.740319e+01 -1.978041e+01 8.043877e-01
      vertex   2.741252e+01 -1.980000e+01 1.000000e+00
    endloop
  endfacet
  facet normal 9.379121e-04 -4.714088e-01 -8.819143e-01
    outer loop
      vertex   2.730706e+01 -1.917986e+01 7.547313e-02
      vertex   2.730248e+01 -1.935313e+01 1.680854e-01
      vertex   2.193001e+01 -1.930000e+01 1.339746e-01
    endloop
  endfacet
  facet normal -9.739016e-04 -6.081721e-01 -7.938046e-01
    outer loop
      vertex   2.193001e+01 -1.930000e+01 1.339746e-01
      vertex   2.730248e+01 -1.935313e+01 1.680854e-01
      vertex   2.193001e+01 -1.950606e+01 2.918443e-01
    endloop
  endfacet
  facet normal 9.493974e-05 -6.310823e-01 -7.757159e-01
    outer loop
      vertex   2.730248e+01 -1.935313e+01 1.680854e-01
      vertex   2.731944e+01 -1.950569e+01 2.922024e-01
      vertex   2.193001e+01 -1.950606e+01 2.918443e-01
    endloop
  endfacet
  facet normal 9.533943e-05 -7.705002e-01 -6.374397e-01
    outer loop
      vertex   2.193001e+01 -1.950606e+01 2.918443e-01
      vertex   2.731944e+01 -1.950569e+01 2.922024e-01
      vertex   2.734889e+01 -1.963079e+01 4.434304e-01
    endloop
  endfacet
  facet normal -1.206083e-03 -7.929007e-01 -6.093497e-01
    outer loop
      vertex   2.193001e+01 -1.950606e+01 2.918443e-01
      vertex   2.734889e+01 -1.963079e+01 4.434304e-01
      vertex   2.193001e+01 -1.966603e+01 5.000000e-01
    endloop
  endfacet
  facet normal 8.157421e-04 -8.820325e-01 -4.711878e-01
    outer loop
      vertex   2.193001e+01 -1.966603e+01 5.000000e-01
      vertex   2.734889e+01 -1.963079e+01 4.434304e-01
      vertex   2.737973e+01 -1.972321e+01 6.164883e-01
    endloop
  endfacet
  facet normal -1.515187e-03 -9.238785e-01 -3.826830e-01
    outer loop
      vertex   2.193001e+01 -1.966603e+01 5.000000e-01
      vertex   2.737973e+01 -1.972321e+01 6.164883e-01
      vertex   2.193001e+01 -1.976593e+01 7.411810e-01
    endloop
  endfacet
  facet normal 8.326996e-04 -9.566349e-01 -2.912885e-01
    outer loop
      vertex   2.193001e+01 -1.976593e+01 7.411810e-01
      vertex   2.737973e+01 -1.972321e+01 6.164883e-01
      vertex   2.740319e+01 -1.978041e+01 8.043877e-01
    endloop
  endfacet
  facet normal -0.000000e+00 -9.747423e-01 -2.233325e-01
    outer loop
      vertex   2.193001e+01 -1.976593e+01 7.411810e-01
      vertex   2.740319e+01 -1.978041e+01 8.043877e-01
      vertex   1.644751e+01 -1.976593e+01 7.411810e-01
    endloop
  endfacet
  facet normal -2.846829e-11 -9.701186e-02 -9.952832e-01
    outer loop
      vertex   -2.741252e+01 -1.880000e+01 -3.659182e-17
      vertex   2.741252e+01 -1.880000e+01 5.879086e-16
      vertex   -2.734227e+01 -1.899263e+01 1.877596e-02
    endloop
  endfacet
  facet normal 2.478754e-04 -1.665681e-01 -9.860299e-01
    outer loop
      vertex   -2.734227e+01 -1.899263e+01 1.877596e-02
      vertex   2.741252e+01 -1.880000e+01 5.879086e-16
      vertex   -1.096501e+01 -1.905882e+01 3.407417e-02
    endloop
  endfacet
  facet normal 0.000000e+00 -2.251925e-01 -9.743143e-01
    outer loop
      vertex   -2.734227e+01 -1.899263e+01 1.877596e-02
      vertex   -1.096501e+01 -1.905882e+01 3.407417e-02
      vertex   -1.644751e+01 -1.905882e+01 3.407417e-02
    endloop
  endfacet
  facet normal 0.000000e+00 -3.826834e-01 -9.238795e-01
    outer loop
      vertex   -1.644751e+01 -1.905882e+01 3.407417e-02
      vertex   -1.096501e+01 -1.905882e+01 3.407417e-02
      vertex   -1.644751e+01 -1.930000e+01 1.339746e-01
    endloop
  endfacet
  facet normal 0.000000e+00 -3.826834e-01 -9.238795e-01
    outer loop
      vertex   1.096501e+01 -1.930000e+01 1.339746e-01
      vertex   1.644751e+01 -1.905882e+01 3.407417e-02
      vertex   1.644751e+01 -1.930000e+01 1.339746e-01
    endloop
  endfacet
  facet normal 0.000000e+00 -3.826834e-01 -9.238795e-01
    outer loop
      vertex   1.644751e+01 -1.930000e+01 1.339746e-01
      vertex   1.644751e+01 -1.905882e+01 3.407417e-02
      vertex   2.193001e+01 -1.905882e+01 3.407417e-02
    endloop
  endfacet
  facet normal -0.000000e+00 -1.305262e-01 -9.914449e-01
    outer loop
      vertex   1.096501e+01 -1.905882e+01 3.407417e-02
      vertex   5.482504e+00 -1.905882e+01 3.407417e-02
      vertex   2.741252e+01 -1.880000e+01 5.879086e-16
    endloop
  endfacet
  facet normal 0.000000e+00 -1.305262e-01 -9.914449e-01
    outer loop
      vertex   2.741252e+01 -1.880000e+01 5.879086e-16
      vertex   5.482504e+00 -1.905882e+01 3.407417e-02
      vertex   0.000000e+00 -1.905882e+01 3.407417e-02
    endloop
  endfacet
  facet normal 0.000000e+00 -1.305262e-01 -9.914449e-01
    outer loop
      vertex   2.741252e+01 -1.880000e+01 5.879086e-16
      vertex   0.000000e+00 -1.905882e+01 3.407417e-02
      vertex   -5.482504e+00 -1.905882e+01 3.407417e-02
    endloop
  endfacet
  facet normal 0.000000e+00 -3.826834e-01 -9.238795e-01
    outer loop
      vertex   -5.482504e+00 -1.905882e+01 3.407417e-02
      vertex   0.000000e+00 -1.905882e+01 3.407417e-02
      vertex   -5.482504e+00 -1.930000e+01 1.339746e-01
    endloop
  endfacet
  facet normal 0.000000e+00 -3.826834e-01 -9.238795e-01
    outer loop
      vertex   -5.482504e+00 -1.905882e+01 3.407417e-02
      vertex   -5.482504e+00 -1.930000e+01 1.339746e-01
      vertex   -1.096501e+01 -1.930000e+01 1.339746e-01
    endloop
  endfacet
  facet normal 0.000000e+00 -6.081918e-01 -7.937901e-01
    outer loop
      vertex   -1.096501e+01 -1.930000e+01 1.339746e-01
      vertex   -5.482504e+00 -1.930000e+01 1.339746e-01
      vertex   -5.482504e+00 -1.950609e+01 2.918788e-01
    endloop
  endfacet
  facet normal -2.317454e-07 -6.081957e-01 -7.937871e-01
    outer loop
      vertex   -1.096501e+01 -1.930000e+01 1.339746e-01
      vertex   -5.482504e+00 -1.950609e+01 2.918788e-01
      vertex   -1.096501e+01 -1.950610e+01 2.918857e-01
    endloop
  endfacet
  facet normal 2.342777e-07 -7.929162e-01 -6.093307e-01
    outer loop
      vertex   -1.096501e+01 -1.950610e+01 2.918857e-01
      vertex   -5.482504e+00 -1.950609e+01 2.918788e-01
      vertex   -5.482504e+00 -1.966603e+01 5.000000e-01
    endloop
  endfacet
  facet normal -0.000000e+00 -3.826834e-01 -9.238795e-01
    outer loop
      vertex   1.096501e+01 -1.905882e+01 3.407417e-02
      vertex   5.482504e+00 -1.930000e+01 1.339746e-01
      vertex   5.482504e+00 -1.905882e+01 3.407417e-02
    endloop
  endfacet
  facet normal 0.000000e+00 -3.826834e-01 -9.238795e-01
    outer loop
      vertex   5.482504e+00 -1.905882e+01 3.407417e-02
      vertex   5.482504e+00 -1.930000e+01 1.339746e-01
      vertex   0.000000e+00 -1.930000e+01 1.339746e-01
    endloop
  endfacet
  facet normal -0.000000e+00 -3.826834e-01 -9.238795e-01
    outer loop
      vertex   5.482504e+00 -1.905882e+01 3.407417e-02
      vertex   0.000000e+00 -1.930000e+01 1.339746e-01
      vertex   0.000000e+00 -1.905882e+01 3.407417e-02
    endloop
  endfacet
  facet normal 0.000000e+00 -3.826834e-01 -9.238795e-01
    outer loop
      vertex   0.000000e+00 -1.905882e+01 3.407417e-02
      vertex   0.000000e+00 -1.930000e+01 1.339746e-01
      vertex   -5.482504e+00 -1.930000e+01 1.339746e-01
    endloop
  endfacet
  facet normal 0.000000e+00 -1.305262e-01 -9.914449e-01
    outer loop
      vertex   -1.096501e+01 -1.905882e+01 3.407417e-02
      vertex   2.741252e+01 -1.880000e+01 5.879086e-16
      vertex   -5.482504e+00 -1.905882e+01 3.407417e-02
    endloop
  endfacet
  facet normal 0.000000e+00 -3.826834e-01 -9.238795e-01
    outer loop
      vertex   -1.644751e+01 -1.930000e+01 1.339746e-01
      vertex   -1.096501e+01 -1.905882e+01 3.407417e-02
      vertex   -1.096501e+01 -1.930000e+01 1.339746e-01
    endloop
  endfacet
  facet normal 0.000000e+00 -3.826834e-01 -9.238795e-01
    outer loop
      vertex   -1.096501e+01 -1.930000e+01 1.339746e-01
      vertex   -1.096501e+01 -1.905882e+01 3.407417e-02
      vertex   -5.482504e+00 -1.905882e+01 3.407417e-02
    endloop
  endfacet
  facet normal -2.317108e-07 -6.081802e-01 -7.937990e-01
    outer loop
      vertex   1.096501e+01 -1.950607e+01 2.918581e-01
      vertex   1.096501e+01 -1.930000e+01 1.339746e-01
      vertex   1.644751e+01 -1.950606e+01 2.918512e-01
    endloop
  endfacet
  facet normal 0.000000e+00 -6.081763e-01 -7.938020e-01
    outer loop
      vertex   1.644751e+01 -1.950606e+01 2.918512e-01
      vertex   1.096501e+01 -1.930000e+01 1.339746e-01
      vertex   1.644751e+01 -1.930000e+01 1.339746e-01
    endloop
  endfacet
  facet normal -0.000000e+00 -6.081840e-01 -7.937961e-01
    outer loop
      vertex   5.482504e+00 -1.930000e+01 1.339746e-01
      vertex   5.482504e+00 -1.950608e+01 2.918650e-01
      vertex   0.000000e+00 -1.930000e+01 1.339746e-01
    endloop
  endfacet
  facet normal -2.317281e-07 -6.081879e-01 -7.937931e-01
    outer loop
      vertex   0.000000e+00 -1.930000e+01 1.339746e-01
      vertex   5.482504e+00 -1.950608e+01 2.918650e-01
      vertex   0.000000e+00 -1.950608e+01 2.918719e-01
    endloop
  endfacet
  facet normal -0.000000e+00 -6.081879e-01 -7.937931e-01
    outer loop
      vertex   0.000000e+00 -1.930000e+01 1.339746e-01
      vertex   0.000000e+00 -1.950608e+01 2.918719e-01
      vertex   -5.482504e+00 -1.930000e+01 1.339746e-01
    endloop
  endfacet
  facet normal -2.317368e-07 -6.081918e-01 -7.937901e-01
    outer loop
      vertex   -5.482504e+00 -1.930000e+01 1.339746e-01
      vertex   0.000000e+00 -1.950608e+01 2.918719e-01
      vertex   -5.482504e+00 -1.950609e+01 2.918788e-01
    endloop
  endfacet
  facet normal 0.000000e+00 -6.081957e-01 -7.937871e-01
    outer loop
      vertex   -1.096501e+01 -1.950610e+01 2.918857e-01
      vertex   -1.644751e+01 -1.930000e+01 1.339746e-01
      vertex   -1.096501e+01 -1.930000e+01 1.339746e-01
    endloop
  endfacet
  facet normal -2.317628e-07 -6.082035e-01 -7.937812e-01
    outer loop
      vertex   -2.193001e+01 -1.950611e+01 2.918996e-01
      vertex   -2.193001e+01 -1.930000e+01 1.339746e-01
      vertex   -1.644751e+01 -1.950610e+01 2.918926e-01
    endloop
  endfacet
  facet normal 0.000000e+00 -7.929072e-01 -6.093424e-01
    outer loop
      vertex   1.096501e+01 -1.966603e+01 5.000000e-01
      vertex   1.096501e+01 -1.950607e+01 2.918581e-01
      vertex   1.644751e+01 -1.966603e+01 5.000000e-01
    endloop
  endfacet
  facet normal 2.343123e-07 -7.929042e-01 -6.093463e-01
    outer loop
      vertex   1.644751e+01 -1.966603e+01 5.000000e-01
      vertex   1.096501e+01 -1.950607e+01 2.918581e-01
      vertex   1.644751e+01 -1.950606e+01 2.918512e-01
    endloop
  endfacet
  facet normal 2.342950e-07 -7.929102e-01 -6.093385e-01
    outer loop
      vertex   5.482504e+00 -1.950608e+01 2.918650e-01
      vertex   5.482504e+00 -1.966603e+01 5.000000e-01
      vertex   0.000000e+00 -1.950608e+01 2.918719e-01
    endloop
  endfacet
  facet normal 0.000000e+00 -7.929132e-01 -6.093346e-01
    outer loop
      vertex   0.000000e+00 -1.950608e+01 2.918719e-01
      vertex   5.482504e+00 -1.966603e+01 5.000000e-01
      vertex   0.000000e+00 -1.966603e+01 5.000000e-01
    endloop
  endfacet
  facet normal 2.342864e-07 -7.929132e-01 -6.093346e-01
    outer loop
      vertex   0.000000e+00 -1.950608e+01 2.918719e-01
      vertex   0.000000e+00 -1.966603e+01 5.000000e-01
      vertex   -5.482504e+00 -1.950609e+01 2.918788e-01
    endloop
  endfacet
  facet normal 0.000000e+00 -7.929162e-01 -6.093307e-01
    outer loop
      vertex   -5.482504e+00 -1.950609e+01 2.918788e-01
      vertex   0.000000e+00 -1.966603e+01 5.000000e-01
      vertex   -5.482504e+00 -1.966603e+01 5.000000e-01
    endloop
  endfacet
  facet normal 2.342604e-07 -7.929221e-01 -6.093230e-01
    outer loop
      vertex   -2.193001e+01 -1.950611e+01 2.918996e-01
      vertex   -1.644751e+01 -1.950610e+01 2.918926e-01
      vertex   -1.644751e+01 -1.966603e+01 5.000000e-01
    endloop
  endfacet
  facet normal 0.000000e+00 -7.929221e-01 -6.093230e-01
    outer loop
      vertex   -1.644751e+01 -1.966603e+01 5.000000e-01
      vertex   -1.644751e+01 -1.950610e+01 2.918926e-01
      vertex   -1.096501e+01 -1.966603e+01 5.000000e-01
    endloop
  endfacet
  facet normal 0.000000e+00 -9.238795e-01 -3.826834e-01
    outer loop
      vertex   -1.644751e+01 -1.966603e+01 5.000000e-01
      vertex   -1.096501e+01 -1.966603e+01 5.000000e-01
      vertex   -1.644751e+01 -1.976593e+01 7.411810e-01
    endloop
  endfacet
  facet normal -0.000000e+00 -9.238795e-01 -3.826834e-01
    outer loop
      vertex   2.193001e+01 -1.976593e+01 7.411810e-01
      vertex   1.644751e+01 -1.976593e+01 7.411810e-01
      vertex   2.193001e+01 -1.966603e+01 5.000000e-01
    endloop
  endfacet
  facet normal 0.000000e+00 -9.238795e-01 -3.826834e-01
    outer loop
      vertex   5.482504e+00 -1.976593e+01 7.411810e-01
      vertex   1.096501e+01 -1.966603e+01 5.000000e-01
      vertex   1.096501e+01 -1.976593e+01 7.411810e-01
    endloop
  endfacet
  facet normal 0.000000e+00 -9.238795e-01 -3.826834e-01
    outer loop
      vertex   1.096501e+01 -1.976593e+01 7.411810e-01
      vertex   1.096501e+01 -1.966603e+01 5.000000e-01
      vertex   1.644751e+01 -1.966603e+01 5.000000e-01
    endloop
  endfacet
  facet normal 0.000000e+00 -9.238795e-01 -3.826834e-01
    outer loop
      vertex   -5.482504e+00 -1.976593e+01 7.411810e-01
      vertex   -5.482504e+00 -1.966603e+01 5.000000e-01
      vertex   0.000000e+00 -1.966603e+01 5.000000e-01
    endloop
  endfacet
  facet normal 0.000000e+00 -9.238795e-01 -3.826834e-01
    outer loop
      vertex   -5.482504e+00 -1.976593e+01 7.411810e-01
      vertex   0.000000e+00 -1.966603e+01 5.000000e-01
      vertex   0.000000e+00 -1.976593e+01 7.411810e-01
    endloop
  endfacet
  facet normal 0.000000e+00 -9.238795e-01 -3.826834e-01
    outer loop
      vertex   0.000000e+00 -1.976593e+01 7.411810e-01
      vertex   0.000000e+00 -1.966603e+01 5.000000e-01
      vertex   5.482504e+00 -1.966603e+01 5.000000e-01
    endloop
  endfacet
  facet normal 0.000000e+00 -9.238795e-01 -3.826834e-01
    outer loop
      vertex   -2.193001e+01 -1.976593e+01 7.411810e-01
      vertex   -2.193001e+01 -1.966603e+01 5.000000e-01
      vertex   -1.644751e+01 -1.966603e+01 5.000000e-01
    endloop
  endfacet
  facet normal -0.000000e+00 -7.929251e-01 -6.093191e-01
    outer loop
      vertex   -1.644751e+01 -1.966603e+01 5.000000e-01
      vertex   -2.193001e+01 -1.966603e+01 5.000000e-01
      vertex   -2.193001e+01 -1.950611e+01 2.918996e-01
    endloop
  endfacet
  facet normal 0.000000e+00 -9.238795e-01 -3.826834e-01
    outer loop
      vertex   -2.193001e+01 -1.976593e+01 7.411810e-01
      vertex   -1.644751e+01 -1.966603e+01 5.000000e-01
      vertex   -1.644751e+01 -1.976593e+01 7.411810e-01
    endloop
  endfacet
  facet normal 0.000000e+00 -9.914449e-01 -1.305262e-01
    outer loop
      vertex   -2.741252e+01 -1.980000e+01 1.000000e+00
      vertex   5.482504e+00 -1.976593e+01 7.411810e-01
      vertex   1.096501e+01 -1.976593e+01 7.411810e-01
    endloop
  endfacet
  facet normal -1.544719e-03 -9.951563e-01 9.829339e-02
    outer loop
      vertex   2.740388e+01 -1.978065e+01 7.195768e+00
      vertex   2.193001e+01 -1.976593e+01 7.258819e+00
      vertex   2.741252e+01 -1.980000e+01 7.000000e+00
    endloop
  endfacet
  facet normal 0.000000e+00 -9.914449e-01 1.305262e-01
    outer loop
      vertex   2.741252e+01 -1.980000e+01 7.000000e+00
      vertex   2.193001e+01 -1.976593e+01 7.258819e+00
      vertex   1.644751e+01 -1.976593e+01 7.258819e+00
    endloop
  endfacet
  facet normal 0.000000e+00 -9.914449e-01 1.305262e-01
    outer loop
      vertex   2.741252e+01 -1.980000e+01 7.000000e+00
      vertex   1.644751e+01 -1.976593e+01 7.258819e+00
      vertex   1.096501e+01 -1.976593e+01 7.258819e+00
    endloop
  endfacet
  facet normal 0.000000e+00 -9.238795e-01 3.826834e-01
    outer loop
      vertex   1.096501e+01 -1.976593e+01 7.258819e+00
      vertex   1.644751e+01 -1.976593e+01 7.258819e+00
      vertex   1.096501e+01 -1.966603e+01 7.500000e+00
    endloop
  endfacet
  facet normal 0.000000e+00 -9.238795e-01 3.826834e-01
    outer loop
      vertex   1.096501e+01 -1.976593e+01 7.258819e+00
      vertex   1.096501e+01 -1.966603e+01 7.500000e+00
      vertex   5.482504e+00 -1.966603e+01 7.500000e+00
    endloop
  endfacet
  facet normal 0.000000e+00 -7.929199e-01 6.093259e-01
    outer loop
      vertex   5.482504e+00 -1.966603e+01 7.500000e+00
      vertex   1.096501e+01 -1.966603e+01 7.500000e+00
      vertex   1.096501e+01 -1.950610e+01 7.708112e+00
    endloop
  endfacet
  facet normal -2.142142e-07 -7.929172e-01 6.093294e-01
    outer loop
      vertex   5.482504e+00 -1.966603e+01 7.500000e+00
      vertex   1.096501e+01 -1.950610e+01 7.708112e+00
      vertex   5.482504e+00 -1.950609e+01 7.708119e+00
    endloop
  endfacet
  facet normal 2.119035e-07 -6.081967e-01 7.937864e-01
    outer loop
      vertex   5.482504e+00 -1.950609e+01 7.708119e+00
      vertex   1.096501e+01 -1.950610e+01 7.708112e+00
      vertex   1.096501e+01 -1.930000e+01 7.866025e+00
    endloop
  endfacet
  facet normal 0.000000e+00 -6.081931e-01 7.937891e-01
    outer loop
      vertex   5.482504e+00 -1.950609e+01 7.708119e+00
      vertex   1.096501e+01 -1.930000e+01 7.866025e+00
      vertex   5.482504e+00 -1.930000e+01 7.866025e+00
    endloop
  endfacet
  facet normal 0.000000e+00 -3.826834e-01 9.238795e-01
    outer loop
      vertex   5.482504e+00 -1.930000e+01 7.866025e+00
      vertex   1.096501e+01 -1.930000e+01 7.866025e+00
      vertex   5.482504e+00 -1.905882e+01 7.965926e+00
    endloop
  endfacet
  facet normal 0.000000e+00 -3.826834e-01 9.238795e-01
    outer loop
      vertex   5.482504e+00 -1.930000e+01 7.866025e+00
      vertex   5.482504e+00 -1.905882e+01 7.965926e+00
      vertex   -2.220446e-15 -1.905882e+01 7.965926e+00
    endloop
  endfacet
  facet normal 0.000000e+00 -1.305262e-01 9.914449e-01
    outer loop
      vertex   -2.220446e-15 -1.905882e+01 7.965926e+00
      vertex   5.482504e+00 -1.905882e+01 7.965926e+00
      vertex   -2.741252e+01 -1.880000e+01 8.000000e+00
    endloop
  endfacet
  facet normal 0.000000e+00 -1.305262e-01 9.914449e-01
    outer loop
      vertex   -2.220446e-15 -1.905882e+01 7.965926e+00
      vertex   -2.741252e+01 -1.880000e+01 8.000000e+00
      vertex   -5.482504e+00 -1.905882e+01 7.965926e+00
    endloop
  endfacet
  facet normal 0.000000e+00 -1.305262e-01 9.914449e-01
    outer loop
      vertex   -5.482504e+00 -1.905882e+01 7.965926e+00
      vertex   -2.741252e+01 -1.880000e+01 8.000000e+00
      vertex   -1.096501e+01 -1.905882e+01 7.965926e+00
    endloop
  endfacet
  facet normal 0.000000e+00 -3.826834e-01 9.238795e-01
    outer loop
      vertex   -5.482504e+00 -1.905882e+01 7.965926e+00
      vertex   -1.096501e+01 -1.905882e+01 7.965926e+00
      vertex   -5.482504e+00 -1.930000e+01 7.866025e+00
    endloop
  endfacet
  facet normal 0.000000e+00 -3.826834e-01 9.238795e-01
    outer loop
      vertex   -5.482504e+00 -1.930000e+01 7.866025e+00
      vertex   -1.096501e+01 -1.905882e+01 7.965926e+00
      vertex   -1.096501e+01 -1.930000e+01 7.866025e+00
    endloop
  endfacet
  facet normal 0.000000e+00 -6.081825e-01 7.937973e-01
    outer loop
      vertex   -5.482504e+00 -1.930000e+01 7.866025e+00
      vertex   -1.096501e+01 -1.930000e+01 7.866025e+00
      vertex   -1.096501e+01 -1.950607e+01 7.708138e+00
    endloop
  endfacet
  facet normal 2.118745e-07 -6.081825e-01 7.937973e-01
    outer loop
      vertex   -1.096501e+01 -1.950607e+01 7.708138e+00
      vertex   -1.096501e+01 -1.930000e+01 7.866025e+00
      vertex   -1.644751e+01 -1.950607e+01 7.708144e+00
    endloop
  endfacet
  facet normal -2.142432e-07 -7.929063e-01 6.093436e-01
    outer loop
      vertex   -1.096501e+01 -1.950607e+01 7.708138e+00
      vertex   -1.644751e+01 -1.950607e+01 7.708144e+00
      vertex   -1.644751e+01 -1.966603e+01 7.500000e+00
    endloop
  endfacet
  facet normal 0.000000e+00 -7.929063e-01 6.093436e-01
    outer loop
      vertex   -1.644751e+01 -1.966603e+01 7.500000e+00
      vertex   -1.644751e+01 -1.950607e+01 7.708144e+00
      vertex   -2.193001e+01 -1.966603e+01 7.500000e+00
    endloop
  endfacet
  facet normal 0.000000e+00 -9.238795e-01 3.826834e-01
    outer loop
      vertex   -1.644751e+01 -1.966603e+01 7.500000e+00
      vertex   -2.193001e+01 -1.966603e+01 7.500000e+00
      vertex   -1.644751e+01 -1.976593e+01 7.258819e+00
    endloop
  endfacet
  facet normal 0.000000e+00 -9.238795e-01 3.826834e-01
    outer loop
      vertex   -1.644751e+01 -1.976593e+01 7.258819e+00
      vertex   -2.193001e+01 -1.966603e+01 7.500000e+00
      vertex   -2.193001e+01 -1.976593e+01 7.258819e+00
    endloop
  endfacet
  facet normal 0.000000e+00 -9.747682e-01 2.232193e-01
    outer loop
      vertex   -1.644751e+01 -1.976593e+01 7.258819e+00
      vertex   -2.193001e+01 -1.976593e+01 7.258819e+00
      vertex   -2.740317e+01 -1.978040e+01 7.195608e+00
    endloop
  endfacet
  facet normal -8.346354e-04 -9.566220e-01 2.913307e-01
    outer loop
      vertex   -2.740317e+01 -1.978040e+01 7.195608e+00
      vertex   -2.193001e+01 -1.976593e+01 7.258819e+00
      vertex   -2.737969e+01 -1.972320e+01 7.383502e+00
    endloop
  endfacet
  facet normal 1.512118e-03 -9.238785e-01 3.826830e-01
    outer loop
      vertex   -2.737969e+01 -1.972320e+01 7.383502e+00
      vertex   -2.193001e+01 -1.976593e+01 7.258819e+00
      vertex   -2.193001e+01 -1.966603e+01 7.500000e+00
    endloop
  endfacet
  facet normal -8.173144e-04 -8.820635e-01 4.711298e-01
    outer loop
      vertex   -2.737969e+01 -1.972320e+01 7.383502e+00
      vertex   -2.193001e+01 -1.966603e+01 7.500000e+00
      vertex   -2.734888e+01 -1.963079e+01 7.556567e+00
    endloop
  endfacet
  facet normal 1.205270e-03 -7.929030e-01 6.093467e-01
    outer loop
      vertex   -2.734888e+01 -1.963079e+01 7.556567e+00
      vertex   -2.193001e+01 -1.966603e+01 7.500000e+00
      vertex   -2.193001e+01 -1.950606e+01 7.708150e+00
    endloop
  endfacet
  facet normal -9.160161e-05 -7.705818e-01 6.373411e-01
    outer loop
      vertex   -2.734888e+01 -1.963079e+01 7.556567e+00
      vertex   -2.193001e+01 -1.950606e+01 7.708150e+00
      vertex   -2.731943e+01 -1.950571e+01 7.707806e+00
    endloop
  endfacet
  facet normal -9.123283e-05 -6.309542e-01 7.758201e-01
    outer loop
      vertex   -2.731943e+01 -1.950571e+01 7.707806e+00
      vertex   -2.193001e+01 -1.950606e+01 7.708150e+00
      vertex   -2.730251e+01 -1.935312e+01 7.831900e+00
    endloop
  endfacet
  facet normal 9.714218e-04 -6.081751e-01 7.938023e-01
    outer loop
      vertex   -2.730251e+01 -1.935312e+01 7.831900e+00
      vertex   -2.193001e+01 -1.950606e+01 7.708150e+00
      vertex   -2.193001e+01 -1.930000e+01 7.866025e+00
    endloop
  endfacet
  facet normal -9.419276e-04 -4.713069e-01 8.819688e-01
    outer loop
      vertex   -2.730251e+01 -1.935312e+01 7.831900e+00
      vertex   -2.193001e+01 -1.930000e+01 7.866025e+00
      vertex   -2.730711e+01 -1.917983e+01 7.924498e+00
    endloop
  endfacet
  facet normal 1.494386e-03 -3.826830e-01 9.238785e-01
    outer loop
      vertex   -2.730711e+01 -1.917983e+01 7.924498e+00
      vertex   -2.193001e+01 -1.930000e+01 7.866025e+00
      vertex   -2.193001e+01 -1.905882e+01 7.965926e+00
    endloop
  endfacet
  facet normal -8.378652e-04 -2.903620e-01 9.569165e-01
    outer loop
      vertex   -2.730711e+01 -1.917983e+01 7.924498e+00
      vertex   -2.193001e+01 -1.905882e+01 7.965926e+00
      vertex   -2.734219e+01 -1.899265e+01 7.981266e+00
    endloop
  endfacet
  facet normal 1.645100e-03 -9.619402e-02 9.953612e-01
    outer loop
      vertex   -2.734219e+01 -1.899265e+01 7.981266e+00
      vertex   -2.193001e+01 -1.905882e+01 7.965926e+00
      vertex   -2.741252e+01 -1.880000e+01 8.000000e+00
    endloop
  endfacet
  facet normal 0.000000e+00 -1.305262e-01 9.914449e-01
    outer loop
      vertex   -2.741252e+01 -1.880000e+01 8.000000e+00
      vertex   -2.193001e+01 -1.905882e+01 7.965926e+00
      vertex   -1.644751e+01 -1.905882e+01 7.965926e+00
    endloop
  endfacet
  facet normal 0.000000e+00 -1.305262e-01 9.914449e-01
    outer loop
      vertex   -2.741252e+01 -1.880000e+01 8.000000e+00
      vertex   -1.644751e+01 -1.905882e+01 7.965926e+00
      vertex   -1.096501e+01 -1.905882e+01 7.965926e+00
    endloop
  endfacet
  facet normal 0.000000e+00 -3.826834e-01 9.238795e-01
    outer loop
      vertex   -1.096501e+01 -1.905882e+01 7.965926e+00
      vertex   -1.644751e+01 -1.905882e+01 7.965926e+00
      vertex   -1.096501e+01 -1.930000e+01 7.866025e+00
    endloop
  endfacet
  facet normal 7.822286e-04 -9.566277e-01 2.913124e-01
    outer loop
      vertex   2.740388e+01 -1.978065e+01 7.195768e+00
      vertex   2.738037e+01 -1.972345e+01 7.383675e+00
      vertex   2.193001e+01 -1.976593e+01 7.258819e+00
    endloop
  endfacet
  facet normal -1.566108e-03 -9.238784e-01 3.826830e-01
    outer loop
      vertex   2.193001e+01 -1.976593e+01 7.258819e+00
      vertex   2.738037e+01 -1.972345e+01 7.383675e+00
      vertex   2.193001e+01 -1.966603e+01 7.500000e+00
    endloop
  endfacet
  facet normal 0.000000e+00 -9.238795e-01 3.826834e-01
    outer loop
      vertex   2.193001e+01 -1.976593e+01 7.258819e+00
      vertex   2.193001e+01 -1.966603e+01 7.500000e+00
      vertex   1.644751e+01 -1.966603e+01 7.500000e+00
    endloop
  endfacet
  facet normal 0.000000e+00 -7.929254e-01 6.093188e-01
    outer loop
      vertex   1.644751e+01 -1.966603e+01 7.500000e+00
      vertex   2.193001e+01 -1.966603e+01 7.500000e+00
      vertex   2.193001e+01 -1.950611e+01 7.708100e+00
    endloop
  endfacet
  facet normal -2.141997e-07 -7.929226e-01 6.093223e-01
    outer loop
      vertex   1.644751e+01 -1.966603e+01 7.500000e+00
      vertex   2.193001e+01 -1.950611e+01 7.708100e+00
      vertex   1.644751e+01 -1.950611e+01 7.708106e+00
    endloop
  endfacet
  facet normal 2.119180e-07 -6.082038e-01 7.937809e-01
    outer loop
      vertex   1.644751e+01 -1.950611e+01 7.708106e+00
      vertex   2.193001e+01 -1.950611e+01 7.708100e+00
      vertex   2.193001e+01 -1.930000e+01 7.866025e+00
    endloop
  endfacet
  facet normal 0.000000e+00 -6.082002e-01 7.937836e-01
    outer loop
      vertex   1.644751e+01 -1.950611e+01 7.708106e+00
      vertex   2.193001e+01 -1.930000e+01 7.866025e+00
      vertex   1.644751e+01 -1.930000e+01 7.866025e+00
    endloop
  endfacet
  facet normal 0.000000e+00 -3.826834e-01 9.238795e-01
    outer loop
      vertex   1.644751e+01 -1.930000e+01 7.866025e+00
      vertex   2.193001e+01 -1.930000e+01 7.866025e+00
      vertex   1.644751e+01 -1.905882e+01 7.965926e+00
    endloop
  endfacet
  facet normal 0.000000e+00 -3.826834e-01 9.238795e-01
    outer loop
      vertex   1.644751e+01 -1.930000e+01 7.866025e+00
      vertex   1.644751e+01 -1.905882e+01 7.965926e+00
      vertex   1.096501e+01 -1.905882e+01 7.965926e+00
    endloop
  endfacet
  facet normal 0.000000e+00 -2.251924e-01 9.743143e-01
    outer loop
      vertex   1.096501e+01 -1.905882e+01 7.965926e+00
      vertex   1.644751e+01 -1.905882e+01 7.965926e+00
      vertex   2.734227e+01 -1.899263e+01 7.981224e+00
    endloop
  endfacet
  facet normal -2.478751e-04 -1.665681e-01 9.860299e-01
    outer loop
      vertex   1.096501e+01 -1.905882e+01 7.965926e+00
      vertex   2.734227e+01 -1.899263e+01 7.981224e+00
      vertex   -2.741252e+01 -1.880000e+01 8.000000e+00
    endloop
  endfacet
  facet normal 2.542399e-11 -9.701189e-02 9.952832e-01
    outer loop
      vertex   -2.741252e+01 -1.880000e+01 8.000000e+00
      vertex   2.734227e+01 -1.899263e+01 7.981224e+00
      vertex   2.741252e+01 -1.880000e+01 8.000000e+00
    endloop
  endfacet
  facet normal 8.004819e-04 -8.813027e-01 4.725515e-01
    outer loop
      vertex   2.738037e+01 -1.972345e+01 7.383675e+00
      vertex   2.734889e+01 -1.963078e+01 7.556560e+00
      vertex   2.193001e+01 -1.966603e+01 7.500000e+00
    endloop
  endfacet
  facet normal -1.201925e-03 -7.929248e-01 6.093183e-01
    outer loop
      vertex   2.193001e+01 -1.966603e+01 7.500000e+00
      vertex   2.734889e+01 -1.963078e+01 7.556560e+00
      vertex   2.193001e+01 -1.950611e+01 7.708100e+00
    endloop
  endfacet
  facet normal 7.369789e-06 -7.721350e-01 6.354585e-01
    outer loop
      vertex   2.734889e+01 -1.963078e+01 7.556560e+00
      vertex   2.731892e+01 -1.950609e+01 7.708065e+00
      vertex   2.193001e+01 -1.950611e+01 7.708100e+00
    endloop
  endfacet
  facet normal 7.690223e-06 -6.329637e-01 7.741815e-01
    outer loop
      vertex   2.193001e+01 -1.950611e+01 7.708100e+00
      vertex   2.731892e+01 -1.950609e+01 7.708065e+00
      vertex   2.730142e+01 -1.935392e+01 7.832475e+00
    endloop
  endfacet
  facet normal -1.147660e-03 -6.082034e-01 7.937804e-01
    outer loop
      vertex   2.193001e+01 -1.950611e+01 7.708100e+00
      vertex   2.730142e+01 -1.935392e+01 7.832475e+00
      vertex   2.193001e+01 -1.930000e+01 7.866025e+00
    endloop
  endfacet
  facet normal 8.178241e-04 -4.682883e-01 8.835754e-01
    outer loop
      vertex   2.193001e+01 -1.930000e+01 7.866025e+00
      vertex   2.730142e+01 -1.935392e+01 7.832475e+00
      vertex   2.730693e+01 -1.918009e+01 7.924600e+00
    endloop
  endfacet
  facet normal -1.530290e-03 -3.826830e-01 9.238785e-01
    outer loop
      vertex   2.193001e+01 -1.930000e+01 7.866025e+00
      vertex   2.730693e+01 -1.918009e+01 7.924600e+00
      vertex   2.193001e+01 -1.905882e+01 7.965926e+00
    endloop
  endfacet
  facet normal 8.322729e-04 -2.893002e-01 9.572380e-01
    outer loop
      vertex   2.193001e+01 -1.905882e+01 7.965926e+00
      vertex   2.730693e+01 -1.918009e+01 7.924600e+00
      vertex   2.734227e+01 -1.899263e+01 7.981224e+00
    endloop
  endfacet
  facet normal 0.000000e+00 -2.251924e-01 9.743143e-01
    outer loop
      vertex   2.193001e+01 -1.905882e+01 7.965926e+00
      vertex   2.734227e+01 -1.899263e+01 7.981224e+00
      vertex   1.644751e+01 -1.905882e+01 7.965926e+00
    endloop
  endfacet
  facet normal 1.615097e-18 -9.950180e-01 9.969589e-02
    outer loop
      vertex   -2.741252e+01 -1.980000e+01 7.000000e+00
      vertex   2.741252e+01 -1.980000e+01 7.000000e+00
      vertex   -2.740317e+01 -1.978040e+01 7.195608e+00
    endloop
  endfacet
  facet normal 2.351412e-04 -9.863402e-01 1.647207e-01
    outer loop
      vertex   -2.740317e+01 -1.978040e+01 7.195608e+00
      vertex   2.741252e+01 -1.980000e+01 7.000000e+00
      vertex   -1.096501e+01 -1.976593e+01 7.258819e+00
    endloop
  endfacet
  facet normal 0.000000e+00 -9.747682e-01 2.232193e-01
    outer loop
      vertex   -2.740317e+01 -1.978040e+01 7.195608e+00
      vertex   -1.096501e+01 -1.976593e+01 7.258819e+00
      vertex   -1.644751e+01 -1.976593e+01 7.258819e+00
    endloop
  endfacet
  facet normal 0.000000e+00 -9.238795e-01 3.826834e-01
    outer loop
      vertex   -1.644751e+01 -1.976593e+01 7.258819e+00
      vertex   -1.096501e+01 -1.976593e+01 7.258819e+00
      vertex   -1.644751e+01 -1.966603e+01 7.500000e+00
    endloop
  endfacet
  facet normal 0.000000e+00 -9.238795e-01 3.826834e-01
    outer loop
      vertex   1.096501e+01 -1.966603e+01 7.500000e+00
      vertex   1.644751e+01 -1.976593e+01 7.258819e+00
      vertex   1.644751e+01 -1.966603e+01 7.500000e+00
    endloop
  endfacet
  facet normal 0.000000e+00 -9.238795e-01 3.826834e-01
    outer loop
      vertex   1.644751e+01 -1.966603e+01 7.500000e+00
      vertex   1.644751e+01 -1.976593e+01 7.258819e+00
      vertex   2.193001e+01 -1.976593e+01 7.258819e+00
    endloop
  endfacet
  facet normal 0.000000e+00 -9.914449e-01 1.305262e-01
    outer loop
      vertex   1.096501e+01 -1.976593e+01 7.258819e+00
      vertex   5.482504e+00 -1.976593e+01 7.258819e+00
      vertex   2.741252e+01 -1.980000e+01 7.000000e+00
    endloop
  endfacet
  facet normal 0.000000e+00 -9.914449e-01 1.305262e-01
    outer loop
      vertex   2.741252e+01 -1.980000e+01 7.000000e+00
      vertex   5.482504e+00 -1.976593e+01 7.258819e+00
      vertex   -2.220446e-15 -1.976593e+01 7.258819e+00
    endloop
  endfacet
  facet normal 0.000000e+00 -9.914449e-01 1.305262e-01
    outer loop
      vertex   2.741252e+01 -1.980000e+01 7.000000e+00
      vertex   -2.220446e-15 -1.976593e+01 7.258819e+00
      vertex   -5.482504e+00 -1.976593e+01 7.258819e+00
    endloop
  endfacet
  facet normal 0.000000e+00 -9.238795e-01 3.826834e-01
    outer loop
      vertex   -5.482504e+00 -1.976593e+01 7.258819e+00
      vertex   -2.220446e-15 -1.976593e+01 7.258819e+00
      vertex   -5.482504e+00 -1.966603e+01 7.500000e+00
    endloop
  endfacet
  facet normal 0.000000e+00 -9.238795e-01 3.826834e-01
    outer loop
      vertex   -5.482504e+00 -1.976593e+01 7.258819e+00
      vertex   -5.482504e+00 -1.966603e+01 7.500000e+00
      vertex   -1.096501e+01 -1.966603e+01 7.500000e+00
    endloop
  endfacet
  facet normal 0.000000e+00 -7.929117e-01 6.093365e-01
    outer loop
      vertex   -1.096501e+01 -1.966603e+01 7.500000e+00
      vertex   -5.482504e+00 -1.966603e+01 7.500000e+00
      vertex   -5.482504e+00 -1.950608e+01 7.708131e+00
    endloop
  endfacet
  facet normal -2.142359e-07 -7.929090e-01 6.093401e-01
    outer loop
      vertex   -1.096501e+01 -1.966603e+01 7.500000e+00
      vertex   -5.482504e+00 -1.950608e+01 7.708131e+00
      vertex   -1.096501e+01 -1.950607e+01 7.708138e+00
    endloop
  endfacet
  facet normal 2.118818e-07 -6.081860e-01 7.937945e-01
    outer loop
      vertex   -1.096501e+01 -1.950607e+01 7.708138e+00
      vertex   -5.482504e+00 -1.950608e+01 7.708131e+00
      vertex   -5.482504e+00 -1.930000e+01 7.866025e+00
    endloop
  endfacet
  facet normal 0.000000e+00 -9.238795e-01 3.826834e-01
    outer loop
      vertex   1.096501e+01 -1.976593e+01 7.258819e+00
      vertex   5.482504e+00 -1.966603e+01 7.500000e+00
      vertex   5.482504e+00 -1.976593e+01 7.258819e+00
    endloop
  endfacet
  facet normal 0.000000e+00 -9.238795e-01 3.826834e-01
    outer loop
      vertex   5.482504e+00 -1.976593e+01 7.258819e+00
      vertex   5.482504e+00 -1.966603e+01 7.500000e+00
      vertex   -2.220446e-15 -1.966603e+01 7.500000e+00
    endloop
  endfacet
  facet normal 0.000000e+00 -9.238795e-01 3.826834e-01
    outer loop
      vertex   5.482504e+00 -1.976593e+01 7.258819e+00
      vertex   -2.220446e-15 -1.966603e+01 7.500000e+00
      vertex   -2.220446e-15 -1.976593e+01 7.258819e+00
    endloop
  endfacet
  facet normal 0.000000e+00 -9.238795e-01 3.826834e-01
    outer loop
      vertex   -2.220446e-15 -1.976593e+01 7.258819e+00
      vertex   -2.220446e-15 -1.966603e+01 7.500000e+00
      vertex   -5.482504e+00 -1.966603e+01 7.500000e+00
    endloop
  endfacet
  facet normal 0.000000e+00 -9.914449e-01 1.305262e-01
    outer loop
      vertex   -1.096501e+01 -1.976593e+01 7.258819e+00
      vertex   2.741252e+01 -1.980000e+01 7.000000e+00
      vertex   -5.482504e+00 -1.976593e+01 7.258819e+00
    endloop
  endfacet
  facet normal 0.000000e+00 -9.238795e-01 3.826834e-01
    outer loop
      vertex   -1.644751e+01 -1.966603e+01 7.500000e+00
      vertex   -1.096501e+01 -1.976593e+01 7.258819e+00
      vertex   -1.096501e+01 -1.966603e+01 7.500000e+00
    endloop
  endfacet
  facet normal 0.000000e+00 -9.238795e-01 3.826834e-01
    outer loop
      vertex   -1.096501e+01 -1.966603e+01 7.500000e+00
      vertex   -1.096501e+01 -1.976593e+01 7.258819e+00
      vertex   -5.482504e+00 -1.976593e+01 7.258819e+00
    endloop
  endfacet
  facet normal -2.142070e-07 -7.929199e-01 6.093259e-01
    outer loop
      vertex   1.096501e+01 -1.950610e+01 7.708112e+00
      vertex   1.096501e+01 -1.966603e+01 7.500000e+00
      vertex   1.644751e+01 -1.950611e+01 7.708106e+00
    endloop
  endfacet
  facet normal 0.000000e+00 -7.929226e-01 6.093223e-01
    outer loop
      vertex   1.644751e+01 -1.950611e+01 7.708106e+00
      vertex   1.096501e+01 -1.966603e+01 7.500000e+00
      vertex   1.644751e+01 -1.966603e+01 7.500000e+00
    endloop
  endfacet
  facet normal 0.000000e+00 -7.929172e-01 6.093294e-01
    outer loop
      vertex   5.482504e+00 -1.966603e+01 7.500000e+00
      vertex   5.482504e+00 -1.950609e+01 7.708119e+00
      vertex   -2.220446e-15 -1.966603e+01 7.500000e+00
    endloop
  endfacet
  facet normal -2.142214e-07 -7.929145e-01 6.093330e-01
    outer loop
      vertex   -2.220446e-15 -1.966603e+01 7.500000e+00
      vertex   5.482504e+00 -1.950609e+01 7.708119e+00
      vertex   -2.220446e-15 -1.950609e+01 7.708125e+00
    endloop
  endfacet
  facet normal 0.000000e+00 -7.929145e-01 6.093330e-01
    outer loop
      vertex   -2.220446e-15 -1.966603e+01 7.500000e+00
      vertex   -2.220446e-15 -1.950609e+01 7.708125e+00
      vertex   -5.482504e+00 -1.966603e+01 7.500000e+00
    endloop
  endfacet
  facet normal -2.142287e-07 -7.929117e-01 6.093365e-01
    outer loop
      vertex   -5.482504e+00 -1.966603e+01 7.500000e+00
      vertex   -2.220446e-15 -1.950609e+01 7.708125e+00
      vertex   -5.482504e+00 -1.950608e+01 7.708131e+00
    endloop
  endfacet
  facet normal 0.000000e+00 -7.929090e-01 6.093401e-01
    outer loop
      vertex   -1.096501e+01 -1.950607e+01 7.708138e+00
      vertex   -1.644751e+01 -1.966603e+01 7.500000e+00
      vertex   -1.096501e+01 -1.966603e+01 7.500000e+00
    endloop
  endfacet
  facet normal -2.142504e-07 -7.929036e-01 6.093472e-01
    outer loop
      vertex   -2.193001e+01 -1.950606e+01 7.708150e+00
      vertex   -2.193001e+01 -1.966603e+01 7.500000e+00
      vertex   -1.644751e+01 -1.950607e+01 7.708144e+00
    endloop
  endfacet
  facet normal 0.000000e+00 -6.081967e-01 7.937864e-01
    outer loop
      vertex   1.096501e+01 -1.930000e+01 7.866025e+00
      vertex   1.096501e+01 -1.950610e+01 7.708112e+00
      vertex   1.644751e+01 -1.930000e+01 7.866025e+00
    endloop
  endfacet
  facet normal 2.119108e-07 -6.082002e-01 7.937836e-01
    outer loop
      vertex   1.644751e+01 -1.930000e+01 7.866025e+00
      vertex   1.096501e+01 -1.950610e+01 7.708112e+00
      vertex   1.644751e+01 -1.950611e+01 7.708106e+00
    endloop
  endfacet
  facet normal 2.118963e-07 -6.081931e-01 7.937891e-01
    outer loop
      vertex   5.482504e+00 -1.950609e+01 7.708119e+00
      vertex   5.482504e+00 -1.930000e+01 7.866025e+00
      vertex   -2.220446e-15 -1.950609e+01 7.708125e+00
    endloop
  endfacet
  facet normal 0.000000e+00 -6.081896e-01 7.937918e-01
    outer loop
      vertex   -2.220446e-15 -1.950609e+01 7.708125e+00
      vertex   5.482504e+00 -1.930000e+01 7.866025e+00
      vertex   -2.220446e-15 -1.930000e+01 7.866025e+00
    endloop
  endfacet
  facet normal 2.118890e-07 -6.081896e-01 7.937918e-01
    outer loop
      vertex   -2.220446e-15 -1.950609e+01 7.708125e+00
      vertex   -2.220446e-15 -1.930000e+01 7.866025e+00
      vertex   -5.482504e+00 -1.950608e+01 7.708131e+00
    endloop
  endfacet
  facet normal 0.000000e+00 -6.081860e-01 7.937945e-01
    outer loop
      vertex   -5.482504e+00 -1.950608e+01 7.708131e+00
      vertex   -2.220446e-15 -1.930000e+01 7.866025e+00
      vertex   -5.482504e+00 -1.930000e+01 7.866025e+00
    endloop
  endfacet
  facet normal 2.118673e-07 -6.081789e-01 7.938000e-01
    outer loop
      vertex   -2.193001e+01 -1.950606e+01 7.708150e+00
      vertex   -1.644751e+01 -1.950607e+01 7.708144e+00
      vertex   -1.644751e+01 -1.930000e+01 7.866025e+00
    endloop
  endfacet
  facet normal 0.000000e+00 -6.081789e-01 7.938000e-01
    outer loop
      vertex   -1.644751e+01 -1.930000e+01 7.866025e+00
      vertex   -1.644751e+01 -1.950607e+01 7.708144e+00
      vertex   -1.096501e+01 -1.930000e+01 7.866025e+00
    endloop
  endfacet
  facet normal 0.000000e+00 -3.826834e-01 9.238795e-01
    outer loop
      vertex   -1.644751e+01 -1.930000e+01 7.866025e+00
      vertex   -1.096501e+01 -1.930000e+01 7.866025e+00
      vertex   -1.644751e+01 -1.905882e+01 7.965926e+00
    endloop
  endfacet
  facet normal 0.000000e+00 -3.826834e-01 9.238795e-01
    outer loop
      vertex   2.193001e+01 -1.905882e+01 7.965926e+00
      vertex   1.644751e+01 -1.905882e+01 7.965926e+00
      vertex   2.193001e+01 -1.930000e+01 7.866025e+00
    endloop
  endfacet
  facet normal 0.000000e+00 -3.826834e-01 9.238795e-01
    outer loop
      vertex   5.482504e+00 -1.905882e+01 7.965926e+00
      vertex   1.096501e+01 -1.930000e+01 7.866025e+00
      vertex   1.096501e+01 -1.905882e+01 7.965926e+00
    endloop
  endfacet
  facet normal 0.000000e+00 -3.826834e-01 9.238795e-01
    outer loop
      vertex   1.096501e+01 -1.905882e+01 7.965926e+00
      vertex   1.096501e+01 -1.930000e+01 7.866025e+00
      vertex   1.644751e+01 -1.930000e+01 7.866025e+00
    endloop
  endfacet
  facet normal 0.000000e+00 -3.826834e-01 9.238795e-01
    outer loop
      vertex   -5.482504e+00 -1.905882e+01 7.965926e+00
      vertex   -5.482504e+00 -1.930000e+01 7.866025e+00
      vertex   -2.220446e-15 -1.930000e+01 7.866025e+00
    endloop
  endfacet
  facet normal 0.000000e+00 -3.826834e-01 9.238795e-01
    outer loop
      vertex   -5.482504e+00 -1.905882e+01 7.965926e+00
      vertex   -2.220446e-15 -1.930000e+01 7.866025e+00
      vertex   -2.220446e-15 -1.905882e+01 7.965926e+00
    endloop
  endfacet
  facet normal 0.000000e+00 -3.826834e-01 9.238795e-01
    outer loop
      vertex   -2.220446e-15 -1.905882e+01 7.965926e+00
      vertex   -2.220446e-15 -1.930000e+01 7.866025e+00
      vertex   5.482504e+00 -1.930000e+01 7.866025e+00
    endloop
  endfacet
  facet normal 0.000000e+00 -3.826834e-01 9.238795e-01
    outer loop
      vertex   -2.193001e+01 -1.905882e+01 7.965926e+00
      vertex   -2.193001e+01 -1.930000e+01 7.866025e+00
      vertex   -1.644751e+01 -1.930000e+01 7.866025e+00
    endloop
  endfacet
  facet normal 0.000000e+00 -6.081754e-01 7.938027e-01
    outer loop
      vertex   -1.644751e+01 -1.930000e+01 7.866025e+00
      vertex   -2.193001e+01 -1.930000e+01 7.866025e+00
      vertex   -2.193001e+01 -1.950606e+01 7.708150e+00
    endloop
  endfacet
  facet normal 0.000000e+00 -3.826834e-01 9.238795e-01
    outer loop
      vertex   -2.193001e+01 -1.905882e+01 7.965926e+00
      vertex   -1.644751e+01 -1.930000e+01 7.866025e+00
      vertex   -1.644751e+01 -1.905882e+01 7.965926e+00
    endloop
  endfacet
  facet normal 0.000000e+00 -1.305262e-01 9.914449e-01
    outer loop
      vertex   -2.741252e+01 -1.880000e+01 8.000000e+00
      vertex   5.482504e+00 -1.905882e+01 7.965926e+00
      vertex   1.096501e+01 -1.905882e+01 7.965926e+00
    endloop
  endfacet
  facet normal -0.000000e+00 -1.000000e+00 -0.000000e+00
    outer loop
      vertex   2.741252e+01 -1.980000e+01 7.000000e+00
      vertex   -2.741252e+01 -1.980000e+01 7.000000e+00
      vertex   2.741252e+01 -1.980000e+01 1.000000e+00
    endloop
  endfacet
  facet normal 0.000000e+00 -1.000000e+00 0.000000e+00
    outer loop
      vertex   2.741252e+01 -1.980000e+01 1.000000e+00
      vertex   -2.741252e+01 -1.980000e+01 7.000000e+00
      vertex   -2.741252e+01 -1.980000e+01 1.000000e+00
    endloop
  endfacet
  facet normal -9.951566e-01 -1.648683e-03 -9.828883e-02
    outer loop
      vertex   -3.178065e+01 1.540388e+01 8.042321e-01
      vertex   -3.176593e+01 1.027501e+01 7.411810e-01
      vertex   -3.180000e+01 1.541252e+01 1.000000e+00
    endloop
  endfacet
  facet normal -9.914449e-01 0.000000e+00 -1.305262e-01
    outer loop
      vertex   -3.180000e+01 1.541252e+01 1.000000e+00
      vertex   -3.176593e+01 1.027501e+01 7.411810e-01
      vertex   -3.176593e+01 5.137506e+00 7.411810e-01
    endloop
  endfacet
  facet normal -9.914449e-01 0.000000e+00 -1.305262e-01
    outer loop
      vertex   -3.180000e+01 1.541252e+01 1.000000e+00
      vertex   -3.176593e+01 5.137506e+00 7.411810e-01
      vertex   -3.176593e+01 -2.220446e-15 7.411810e-01
    endloop
  endfacet
  facet normal -9.238795e-01 0.000000e+00 -3.826834e-01
    outer loop
      vertex   -3.176593e+01 -2.220446e-15 7.411810e-01
      vertex   -3.176593e+01 5.137506e+00 7.411810e-01
      vertex   -3.166603e+01 -2.220446e-15 5.000000e-01
    endloop
  endfacet
  facet normal -9.238795e-01 0.000000e+00 -3.826834e-01
    outer loop
      vertex   -3.176593e+01 -2.220446e-15 7.411810e-01
      vertex   -3.166603e+01 -2.220446e-15 5.000000e-01
      vertex   -3.166603e+01 -5.137506e+00 5.000000e-01
    endloop
  endfacet
  facet normal -7.929121e-01 0.000000e+00 -6.093360e-01
    outer loop
      vertex   -3.166603e+01 -5.137506e+00 5.000000e-01
      vertex   -3.166603e+01 -2.220446e-15 5.000000e-01
      vertex   -3.150608e+01 -2.220446e-15 2.918695e-01
    endloop
  endfacet
  facet normal -7.929068e-01 -4.471002e-07 -6.093429e-01
    outer loop
      vertex   -3.166603e+01 -5.137506e+00 5.000000e-01
      vertex   -3.150608e+01 -2.220446e-15 2.918695e-01
      vertex   -3.150607e+01 -5.137506e+00 2.918571e-01
    endloop
  endfacet
  facet normal -6.081866e-01 4.421773e-07 -7.937941e-01
    outer loop
      vertex   -3.150607e+01 -5.137506e+00 2.918571e-01
      vertex   -3.150608e+01 -2.220446e-15 2.918695e-01
      vertex   -3.130000e+01 -2.220446e-15 1.339746e-01
    endloop
  endfacet
  facet normal -6.081796e-01 0.000000e+00 -7.937994e-01
    outer loop
      vertex   -3.150607e+01 -5.137506e+00 2.918571e-01
      vertex   -3.130000e+01 -2.220446e-15 1.339746e-01
      vertex   -3.130000e+01 -5.137506e+00 1.339746e-01
    endloop
  endfacet
  facet normal -3.826834e-01 0.000000e+00 -9.238795e-01
    outer loop
      vertex   -3.130000e+01 -5.137506e+00 1.339746e-01
      vertex   -3.130000e+01 -2.220446e-15 1.339746e-01
      vertex   -3.105882e+01 -5.137506e+00 3.407417e-02
    endloop
  endfacet
  facet normal -3.826834e-01 0.000000e+00 -9.238795e-01
    outer loop
      vertex   -3.130000e+01 -5.137506e+00 1.339746e-01
      vertex   -3.105882e+01 -5.137506e+00 3.407417e-02
      vertex   -3.105882e+01 -1.027501e+01 3.407417e-02
    endloop
  endfacet
  facet normal -1.305262e-01 0.000000e+00 -9.914449e-01
    outer loop
      vertex   -3.105882e+01 -1.027501e+01 3.407417e-02
      vertex   -3.105882e+01 -5.137506e+00 3.407417e-02
      vertex   -3.080000e+01 -1.541252e+01 7.575863e-16
    endloop
  endfacet
  facet normal -9.616683e-02 1.756959e-03 -9.953637e-01
    outer loop
      vertex   -3.105882e+01 -1.027501e+01 3.407417e-02
      vertex   -3.080000e+01 -1.541252e+01 7.575863e-16
      vertex   -3.099264e+01 -1.534219e+01 1.873631e-02
    endloop
  endfacet
  facet normal -9.566258e-01 8.349253e-04 -2.913184e-01
    outer loop
      vertex   -3.178065e+01 1.540388e+01 8.042321e-01
      vertex   -3.172345e+01 1.538037e+01 6.163250e-01
      vertex   -3.176593e+01 1.027501e+01 7.411810e-01
    endloop
  endfacet
  facet normal -9.238782e-01 -1.671938e-03 -3.826829e-01
    outer loop
      vertex   -3.176593e+01 1.027501e+01 7.411810e-01
      vertex   -3.172345e+01 1.538037e+01 6.163250e-01
      vertex   -3.166603e+01 1.027501e+01 5.000000e-01
    endloop
  endfacet
  facet normal -9.238795e-01 0.000000e+00 -3.826834e-01
    outer loop
      vertex   -3.176593e+01 1.027501e+01 7.411810e-01
      vertex   -3.166603e+01 1.027501e+01 5.000000e-01
      vertex   -3.166603e+01 5.137506e+00 5.000000e-01
    endloop
  endfacet
  facet normal -7.929228e-01 0.000000e+00 -6.093221e-01
    outer loop
      vertex   -3.166603e+01 5.137506e+00 5.000000e-01
      vertex   -3.166603e+01 1.027501e+01 5.000000e-01
      vertex   -3.150611e+01 1.027501e+01 2.918942e-01
    endloop
  endfacet
  facet normal -7.929175e-01 -4.470411e-07 -6.093290e-01
    outer loop
      vertex   -3.166603e+01 5.137506e+00 5.000000e-01
      vertex   -3.150611e+01 1.027501e+01 2.918942e-01
      vertex   -3.150609e+01 5.137506e+00 2.918819e-01
    endloop
  endfacet
  facet normal -6.082005e-01 4.422364e-07 -7.937835e-01
    outer loop
      vertex   -3.150609e+01 5.137506e+00 2.918819e-01
      vertex   -3.150611e+01 1.027501e+01 2.918942e-01
      vertex   -3.130000e+01 1.027501e+01 1.339746e-01
    endloop
  endfacet
  facet normal -6.081935e-01 0.000000e+00 -7.937888e-01
    outer loop
      vertex   -3.150609e+01 5.137506e+00 2.918819e-01
      vertex   -3.130000e+01 1.027501e+01 1.339746e-01
      vertex   -3.130000e+01 5.137506e+00 1.339746e-01
    endloop
  endfacet
  facet normal -3.826834e-01 0.000000e+00 -9.238795e-01
    outer loop
      vertex   -3.130000e+01 5.137506e+00 1.339746e-01
      vertex   -3.130000e+01 1.027501e+01 1.339746e-01
      vertex   -3.105882e+01 5.137506e+00 3.407417e-02
    endloop
  endfacet
  facet normal -3.826834e-01 0.000000e+00 -9.238795e-01
    outer loop
      vertex   -3.130000e+01 5.137506e+00 1.339746e-01
      vertex   -3.105882e+01 5.137506e+00 3.407417e-02
      vertex   -3.105882e+01 -2.220446e-15 3.407417e-02
    endloop
  endfacet
  facet normal -1.305262e-01 0.000000e+00 -9.914449e-01
    outer loop
      vertex   -3.105882e+01 -2.220446e-15 3.407417e-02
      vertex   -3.105882e+01 5.137506e+00 3.407417e-02
      vertex   -3.080000e+01 -1.541252e+01 7.575863e-16
    endloop
  endfacet
  facet normal -1.305262e-01 -0.000000e+00 -9.914449e-01
    outer loop
      vertex   -3.105882e+01 -2.220446e-15 3.407417e-02
      vertex   -3.080000e+01 -1.541252e+01 7.575863e-16
      vertex   -3.105882e+01 -5.137506e+00 3.407417e-02
    endloop
  endfacet
  facet normal -8.812985e-01 8.547962e-04 -4.725592e-01
    outer loop
      vertex   -3.172345e+01 1.538037e+01 6.163250e-01
      vertex   -3.163078e+01 1.534889e+01 4.434399e-01
      vertex   -3.166603e+01 1.027501e+01 5.000000e-01
    endloop
  endfacet
  facet normal -7.929222e-01 -1.283704e-03 -6.093216e-01
    outer loop
      vertex   -3.166603e+01 1.027501e+01 5.000000e-01
      vertex   -3.163078e+01 1.534889e+01 4.434399e-01
      vertex   -3.150611e+01 1.027501e+01 2.918942e-01
    endloop
  endfacet
  facet normal -7.721350e-01 7.710876e-06 -6.354586e-01
    outer loop
      vertex   -3.163078e+01 1.534889e+01 4.434399e-01
      vertex   -3.150609e+01 1.531892e+01 2.919352e-01
      vertex   -3.150611e+01 1.027501e+01 2.918942e-01
    endloop
  endfacet
  facet normal -6.329636e-01 8.379937e-06 -7.741815e-01
    outer loop
      vertex   -3.150611e+01 1.027501e+01 2.918942e-01
      vertex   -3.150609e+01 1.531892e+01 2.919352e-01
      vertex   -3.135392e+01 1.530142e+01 1.675253e-01
    endloop
  endfacet
  facet normal -6.082000e-01 -1.226379e-03 -7.937829e-01
    outer loop
      vertex   -3.150611e+01 1.027501e+01 2.918942e-01
      vertex   -3.135392e+01 1.530142e+01 1.675253e-01
      vertex   -3.130000e+01 1.027501e+01 1.339746e-01
    endloop
  endfacet
  facet normal -4.682896e-01 8.739373e-04 -8.835746e-01
    outer loop
      vertex   -3.130000e+01 1.027501e+01 1.339746e-01
      vertex   -3.135392e+01 1.530142e+01 1.675253e-01
      vertex   -3.118009e+01 1.530693e+01 7.540031e-02
    endloop
  endfacet
  facet normal -3.826829e-01 -1.635209e-03 -9.238783e-01
    outer loop
      vertex   -3.130000e+01 1.027501e+01 1.339746e-01
      vertex   -3.118009e+01 1.530693e+01 7.540031e-02
      vertex   -3.105882e+01 1.027501e+01 3.407417e-02
    endloop
  endfacet
  facet normal -2.893100e-01 8.890743e-04 -9.572350e-01
    outer loop
      vertex   -3.105882e+01 1.027501e+01 3.407417e-02
      vertex   -3.118009e+01 1.530693e+01 7.540031e-02
      vertex   -3.099263e+01 1.534227e+01 1.877597e-02
    endloop
  endfacet
  facet normal -2.251924e-01 -0.000000e+00 -9.743143e-01
    outer loop
      vertex   -3.105882e+01 1.027501e+01 3.407417e-02
      vertex   -3.099263e+01 1.534227e+01 1.877597e-02
      vertex   -3.105882e+01 5.137506e+00 3.407417e-02
    endloop
  endfacet
  facet normal -1.632478e-01 -4.201735e-04 -9.865850e-01
    outer loop
      vertex   -3.105882e+01 5.137506e+00 3.407417e-02
      vertex   -3.099263e+01 1.534227e+01 1.877597e-02
      vertex   -3.080000e+01 -1.541252e+01 7.575863e-16
    endloop
  endfacet
  facet normal -9.701190e-02 5.511917e-11 -9.952832e-01
    outer loop
      vertex   -3.099263e+01 1.534227e+01 1.877597e-02
      vertex   -3.080000e+01 1.541252e+01 1.688645e-16
      vertex   -3.080000e+01 -1.541252e+01 7.575863e-16
    endloop
  endfacet
  facet normal -2.900545e-01 -8.912492e-04 -9.570097e-01
    outer loop
      vertex   -3.099264e+01 -1.534219e+01 1.873631e-02
      vertex   -3.117988e+01 -1.530701e+01 7.545104e-02
      vertex   -3.105882e+01 -1.027501e+01 3.407417e-02
    endloop
  endfacet
  facet normal -3.826829e-01 1.609595e-03 -9.238783e-01
    outer loop
      vertex   -3.105882e+01 -1.027501e+01 3.407417e-02
      vertex   -3.117988e+01 -1.530701e+01 7.545104e-02
      vertex   -3.130000e+01 -1.027501e+01 1.339746e-01
    endloop
  endfacet
  facet normal -3.826834e-01 0.000000e+00 -9.238795e-01
    outer loop
      vertex   -3.105882e+01 -1.027501e+01 3.407417e-02
      vertex   -3.130000e+01 -1.027501e+01 1.339746e-01
      vertex   -3.130000e+01 -5.137506e+00 1.339746e-01
    endloop
  endfacet
  facet normal -6.081727e-01 -0.000000e+00 -7.938048e-01
    outer loop
      vertex   -3.130000e+01 -5.137506e+00 1.339746e-01
      vertex   -3.130000e+01 -1.027501e+01 1.339746e-01
      vertex   -3.150606e+01 -1.027501e+01 2.918448e-01
    endloop
  endfacet
  facet normal -6.081796e-01 4.421478e-07 -7.937994e-01
    outer loop
      vertex   -3.130000e+01 -5.137506e+00 1.339746e-01
      vertex   -3.150606e+01 -1.027501e+01 2.918448e-01
      vertex   -3.150607e+01 -5.137506e+00 2.918571e-01
    endloop
  endfacet
  facet normal -7.929015e-01 -4.471297e-07 -6.093499e-01
    outer loop
      vertex   -3.150607e+01 -5.137506e+00 2.918571e-01
      vertex   -3.150606e+01 -1.027501e+01 2.918448e-01
      vertex   -3.166603e+01 -1.027501e+01 5.000000e-01
    endloop
  endfacet
  facet normal -7.929068e-01 0.000000e+00 -6.093429e-01
    outer loop
      vertex   -3.150607e+01 -5.137506e+00 2.918571e-01
      vertex   -3.166603e+01 -1.027501e+01 5.000000e-01
      vertex   -3.166603e+01 -5.137506e+00 5.000000e-01
    endloop
  endfacet
  facet normal -9.238795e-01 -0.000000e+00 -3.826834e-01
    outer loop
      vertex   -3.166603e+01 -5.137506e+00 5.000000e-01
      vertex   -3.166603e+01 -1.027501e+01 5.000000e-01
      vertex   -3.176593e+01 -5.137506e+00 7.411810e-01
    endloop
  endfacet
  facet normal -9.238795e-01 0.000000e+00 -3.826834e-01
    outer loop
      vertex   -3.166603e+01 -5.137506e+00 5.000000e-01
      vertex   -3.176593e+01 -5.137506e+00 7.411810e-01
      vertex   -3.176593e+01 -2.220446e-15 7.411810e-01
    endloop
  endfacet
  facet normal -9.914449e-01 -0.000000e+00 -1.305262e-01
    outer loop
      vertex   -3.176593e+01 -2.220446e-15 7.411810e-01
      vertex   -3.176593e+01 -5.137506e+00 7.411810e-01
      vertex   -3.180000e+01 1.541252e+01 1.000000e+00
    endloop
  endfacet
  facet normal -4.714872e-01 -9.988702e-04 -8.818724e-01
    outer loop
      vertex   -3.117988e+01 -1.530701e+01 7.545104e-02
      vertex   -3.135313e+01 -1.530245e+01 1.680740e-01
      vertex   -3.130000e+01 -1.027501e+01 1.339746e-01
    endloop
  endfacet
  facet normal -6.081723e-01 1.042924e-03 -7.938043e-01
    outer loop
      vertex   -3.130000e+01 -1.027501e+01 1.339746e-01
      vertex   -3.135313e+01 -1.530245e+01 1.680740e-01
      vertex   -3.150606e+01 -1.027501e+01 2.918448e-01
    endloop
  endfacet
  facet normal -6.311853e-01 -1.044836e-04 -7.756321e-01
    outer loop
      vertex   -3.135313e+01 -1.530245e+01 1.680740e-01
      vertex   -3.150567e+01 -1.531945e+01 2.922090e-01
      vertex   -3.150606e+01 -1.027501e+01 2.918448e-01
    endloop
  endfacet
  facet normal -7.704363e-01 -1.052053e-04 -6.375170e-01
    outer loop
      vertex   -3.150606e+01 -1.027501e+01 2.918448e-01
      vertex   -3.150567e+01 -1.531945e+01 2.922090e-01
      vertex   -3.163080e+01 -1.534889e+01 4.434289e-01
    endloop
  endfacet
  facet normal -7.929008e-01 1.288593e-03 -6.093493e-01
    outer loop
      vertex   -3.150606e+01 -1.027501e+01 2.918448e-01
      vertex   -3.163080e+01 -1.534889e+01 4.434289e-01
      vertex   -3.166603e+01 -1.027501e+01 5.000000e-01
    endloop
  endfacet
  facet normal -8.820019e-01 -8.698510e-04 -4.712451e-01
    outer loop
      vertex   -3.166603e+01 -1.027501e+01 5.000000e-01
      vertex   -3.163080e+01 -1.534889e+01 4.434289e-01
      vertex   -3.172323e+01 -1.537975e+01 6.164803e-01
    endloop
  endfacet
  facet normal -9.238783e-01 1.620202e-03 -3.826829e-01
    outer loop
      vertex   -3.166603e+01 -1.027501e+01 5.000000e-01
      vertex   -3.172323e+01 -1.537975e+01 6.164803e-01
      vertex   -3.176593e+01 -1.027501e+01 7.411810e-01
    endloop
  endfacet
  facet normal -9.566430e-01 -8.871458e-04 -2.912616e-01
    outer loop
      vertex   -3.176593e+01 -1.027501e+01 7.411810e-01
      vertex   -3.172323e+01 -1.537975e+01 6.164803e-01
      vertex   -3.178041e+01 -1.540321e+01 8.043839e-01
    endloop
  endfacet
  facet normal -9.747214e-01 0.000000e+00 -2.234238e-01
    outer loop
      vertex   -3.176593e+01 -1.027501e+01 7.411810e-01
      vertex   -3.178041e+01 -1.540321e+01 8.043839e-01
      vertex   -3.176593e+01 -5.137506e+00 7.411810e-01
    endloop
  endfacet
  facet normal -9.868666e-01 3.981592e-04 -1.615370e-01
    outer loop
      vertex   -3.176593e+01 -5.137506e+00 7.411810e-01
      vertex   -3.178041e+01 -1.540321e+01 8.043839e-01
      vertex   -3.180000e+01 1.541252e+01 1.000000e+00
    endloop
  endfacet
  facet normal -9.950244e-01 -2.146926e-18 -9.963114e-02
    outer loop
      vertex   -3.178041e+01 -1.540321e+01 8.043839e-01
      vertex   -3.180000e+01 -1.541252e+01 1.000000e+00
      vertex   -3.180000e+01 1.541252e+01 1.000000e+00
    endloop
  endfacet
  facet normal -9.238795e-01 0.000000e+00 -3.826834e-01
    outer loop
      vertex   -3.166603e+01 -2.220446e-15 5.000000e-01
      vertex   -3.176593e+01 5.137506e+00 7.411810e-01
      vertex   -3.166603e+01 5.137506e+00 5.000000e-01
    endloop
  endfacet
  facet normal -9.238795e-01 0.000000e+00 -3.826834e-01
    outer loop
      vertex   -3.166603e+01 5.137506e+00 5.000000e-01
      vertex   -3.176593e+01 5.137506e+00 7.411810e-01
      vertex   -3.176593e+01 1.027501e+01 7.411810e-01
    endloop
  endfacet
  facet normal -9.238795e-01 0.000000e+00 -3.826834e-01
    outer loop
      vertex   -3.166603e+01 -1.027501e+01 5.000000e-01
      vertex   -3.176593e+01 -1.027501e+01 7.411810e-01
      vertex   -3.176593e+01 -5.137506e+00 7.411810e-01
    endloop
  endfacet
  facet normal -7.929121e-01 -4.470706e-07 -6.093360e-01
    outer loop
      vertex   -3.150608e+01 -2.220446e-15 2.918695e-01
      vertex   -3.166603e+01 -2.220446e-15 5.000000e-01
      vertex   -3.150609e+01 5.137506e+00 2.918819e-01
    endloop
  endfacet
  facet normal -7.929175e-01 0.000000e+00 -6.093290e-01
    outer loop
      vertex   -3.150609e+01 5.137506e+00 2.918819e-01
      vertex   -3.166603e+01 -2.220446e-15 5.000000e-01
      vertex   -3.166603e+01 5.137506e+00 5.000000e-01
    endloop
  endfacet
  facet normal -6.081866e-01 0.000000e+00 -7.937941e-01
    outer loop
      vertex   -3.130000e+01 -2.220446e-15 1.339746e-01
      vertex   -3.150608e+01 -2.220446e-15 2.918695e-01
      vertex   -3.130000e+01 5.137506e+00 1.339746e-01
    endloop
  endfacet
  facet normal -6.081935e-01 4.422069e-07 -7.937888e-01
    outer loop
      vertex   -3.130000e+01 5.137506e+00 1.339746e-01
      vertex   -3.150608e+01 -2.220446e-15 2.918695e-01
      vertex   -3.150609e+01 5.137506e+00 2.918819e-01
    endloop
  endfacet
  facet normal -3.826834e-01 -0.000000e+00 -9.238795e-01
    outer loop
      vertex   -3.105882e+01 1.027501e+01 3.407417e-02
      vertex   -3.105882e+01 5.137506e+00 3.407417e-02
      vertex   -3.130000e+01 1.027501e+01 1.339746e-01
    endloop
  endfacet
  facet normal -3.826834e-01 0.000000e+00 -9.238795e-01
    outer loop
      vertex   -3.105882e+01 -5.137506e+00 3.407417e-02
      vertex   -3.130000e+01 -2.220446e-15 1.339746e-01
      vertex   -3.105882e+01 -2.220446e-15 3.407417e-02
    endloop
  endfacet
  facet normal -3.826834e-01 0.000000e+00 -9.238795e-01
    outer loop
      vertex   -3.105882e+01 -2.220446e-15 3.407417e-02
      vertex   -3.130000e+01 -2.220446e-15 1.339746e-01
      vertex   -3.130000e+01 5.137506e+00 1.339746e-01
    endloop
  endfacet
  facet normal -9.616019e-02 -1.757298e-03 9.953643e-01
    outer loop
      vertex   -3.099264e+01 1.534219e+01 7.981265e+00
      vertex   -3.105882e+01 1.027501e+01 7.965926e+00
      vertex   -3.080000e+01 1.541252e+01 8.000000e+00
    endloop
  endfacet
  facet normal -1.305262e-01 0.000000e+00 9.914449e-01
    outer loop
      vertex   -3.080000e+01 1.541252e+01 8.000000e+00
      vertex   -3.105882e+01 1.027501e+01 7.965926e+00
      vertex   -3.105882e+01 5.137506e+00 7.965926e+00
    endloop
  endfacet
  facet normal -1.305262e-01 0.000000e+00 9.914449e-01
    outer loop
      vertex   -3.080000e+01 1.541252e+01 8.000000e+00
      vertex   -3.105882e+01 5.137506e+00 7.965926e+00
      vertex   -3.105882e+01 0.000000e+00 7.965926e+00
    endloop
  endfacet
  facet normal -3.826834e-01 0.000000e+00 9.238795e-01
    outer loop
      vertex   -3.105882e+01 0.000000e+00 7.965926e+00
      vertex   -3.105882e+01 5.137506e+00 7.965926e+00
      vertex   -3.130000e+01 0.000000e+00 7.866025e+00
    endloop
  endfacet
  facet normal -3.826834e-01 0.000000e+00 9.238795e-01
    outer loop
      vertex   -3.105882e+01 0.000000e+00 7.965926e+00
      vertex   -3.130000e+01 0.000000e+00 7.866025e+00
      vertex   -3.130000e+01 -5.137506e+00 7.866025e+00
    endloop
  endfacet
  facet normal -6.081879e-01 0.000000e+00 7.937931e-01
    outer loop
      vertex   -3.130000e+01 -5.137506e+00 7.866025e+00
      vertex   -3.130000e+01 0.000000e+00 7.866025e+00
      vertex   -3.150608e+01 0.000000e+00 7.708128e+00
    endloop
  endfacet
  facet normal -6.081944e-01 -4.132856e-07 7.937881e-01
    outer loop
      vertex   -3.130000e+01 -5.137506e+00 7.866025e+00
      vertex   -3.150608e+01 0.000000e+00 7.708128e+00
      vertex   -3.150610e+01 -5.137506e+00 7.708117e+00
    endloop
  endfacet
  facet normal -7.929132e-01 4.178222e-07 6.093346e-01
    outer loop
      vertex   -3.150610e+01 -5.137506e+00 7.708117e+00
      vertex   -3.150608e+01 0.000000e+00 7.708128e+00
      vertex   -3.166603e+01 0.000000e+00 7.500000e+00
    endloop
  endfacet
  facet normal -7.929182e-01 0.000000e+00 6.093281e-01
    outer loop
      vertex   -3.150610e+01 -5.137506e+00 7.708117e+00
      vertex   -3.166603e+01 0.000000e+00 7.500000e+00
      vertex   -3.166603e+01 -5.137506e+00 7.500000e+00
    endloop
  endfacet
  facet normal -9.238795e-01 0.000000e+00 3.826834e-01
    outer loop
      vertex   -3.166603e+01 -5.137506e+00 7.500000e+00
      vertex   -3.166603e+01 0.000000e+00 7.500000e+00
      vertex   -3.176593e+01 -5.137506e+00 7.258819e+00
    endloop
  endfacet
  facet normal -9.238795e-01 0.000000e+00 3.826834e-01
    outer loop
      vertex   -3.166603e+01 -5.137506e+00 7.500000e+00
      vertex   -3.176593e+01 -5.137506e+00 7.258819e+00
      vertex   -3.176593e+01 -1.027501e+01 7.258819e+00
    endloop
  endfacet
  facet normal -9.914449e-01 0.000000e+00 1.305262e-01
    outer loop
      vertex   -3.176593e+01 -1.027501e+01 7.258819e+00
      vertex   -3.176593e+01 -5.137506e+00 7.258819e+00
      vertex   -3.180000e+01 -1.541252e+01 7.000000e+00
    endloop
  endfacet
  facet normal -9.951566e-01 1.648683e-03 9.828883e-02
    outer loop
      vertex   -3.176593e+01 -1.027501e+01 7.258819e+00
      vertex   -3.180000e+01 -1.541252e+01 7.000000e+00
      vertex   -3.178065e+01 -1.540388e+01 7.195768e+00
    endloop
  endfacet
  facet normal -2.901932e-01 8.928805e-04 9.569677e-01
    outer loop
      vertex   -3.099264e+01 1.534219e+01 7.981265e+00
      vertex   -3.117986e+01 1.530706e+01 7.924527e+00
      vertex   -3.105882e+01 1.027501e+01 7.965926e+00
    endloop
  endfacet
  facet normal -3.826829e-01 -1.604044e-03 9.238783e-01
    outer loop
      vertex   -3.105882e+01 1.027501e+01 7.965926e+00
      vertex   -3.117986e+01 1.530706e+01 7.924527e+00
      vertex   -3.130000e+01 1.027501e+01 7.866025e+00
    endloop
  endfacet
  facet normal -3.826834e-01 0.000000e+00 9.238795e-01
    outer loop
      vertex   -3.105882e+01 1.027501e+01 7.965926e+00
      vertex   -3.130000e+01 1.027501e+01 7.866025e+00
      vertex   -3.130000e+01 5.137506e+00 7.866025e+00
    endloop
  endfacet
  facet normal -6.081749e-01 0.000000e+00 7.938030e-01
    outer loop
      vertex   -3.130000e+01 5.137506e+00 7.866025e+00
      vertex   -3.130000e+01 1.027501e+01 7.866025e+00
      vertex   -3.150606e+01 1.027501e+01 7.708151e+00
    endloop
  endfacet
  facet normal -6.081814e-01 -4.132339e-07 7.937981e-01
    outer loop
      vertex   -3.130000e+01 5.137506e+00 7.866025e+00
      vertex   -3.150606e+01 1.027501e+01 7.708151e+00
      vertex   -3.150607e+01 5.137506e+00 7.708140e+00
    endloop
  endfacet
  facet normal -7.929032e-01 4.178738e-07 6.093476e-01
    outer loop
      vertex   -3.150607e+01 5.137506e+00 7.708140e+00
      vertex   -3.150606e+01 1.027501e+01 7.708151e+00
      vertex   -3.166603e+01 1.027501e+01 7.500000e+00
    endloop
  endfacet
  facet normal -7.929082e-01 0.000000e+00 6.093411e-01
    outer loop
      vertex   -3.150607e+01 5.137506e+00 7.708140e+00
      vertex   -3.166603e+01 1.027501e+01 7.500000e+00
      vertex   -3.166603e+01 5.137506e+00 7.500000e+00
    endloop
  endfacet
  facet normal -9.238795e-01 0.000000e+00 3.826834e-01
    outer loop
      vertex   -3.166603e+01 5.137506e+00 7.500000e+00
      vertex   -3.166603e+01 1.027501e+01 7.500000e+00
      vertex   -3.176593e+01 5.137506e+00 7.258819e+00
    endloop
  endfacet
  facet normal -9.238795e-01 0.000000e+00 3.826834e-01
    outer loop
      vertex   -3.166603e+01 5.137506e+00 7.500000e+00
      vertex   -3.176593e+01 5.137506e+00 7.258819e+00
      vertex   -3.176593e+01 0.000000e+00 7.258819e+00
    endloop
  endfacet
  facet normal -9.914449e-01 0.000000e+00 1.305262e-01
    outer loop
      vertex   -3.176593e+01 0.000000e+00 7.258819e+00
      vertex   -3.176593e+01 5.137506e+00 7.258819e+00
      vertex   -3.180000e+01 -1.541252e+01 7.000000e+00
    endloop
  endfacet
  facet normal -9.914449e-01 0.000000e+00 1.305262e-01
    outer loop
      vertex   -3.176593e+01 0.000000e+00 7.258819e+00
      vertex   -3.180000e+01 -1.541252e+01 7.000000e+00
      vertex   -3.176593e+01 -5.137506e+00 7.258819e+00
    endloop
  endfacet
  facet normal -4.714103e-01 1.002247e-03 8.819135e-01
    outer loop
      vertex   -3.117986e+01 1.530706e+01 7.924527e+00
      vertex   -3.135313e+01 1.530248e+01 7.831915e+00
      vertex   -3.130000e+01 1.027501e+01 7.866025e+00
    endloop
  endfacet
  facet normal -6.081746e-01 -1.040778e-03 7.938026e-01
    outer loop
      vertex   -3.130000e+01 1.027501e+01 7.866025e+00
      vertex   -3.135313e+01 1.530248e+01 7.831915e+00
      vertex   -3.150606e+01 1.027501e+01 7.708151e+00
    endloop
  endfacet
  facet normal -6.310821e-01 1.013116e-04 7.757160e-01
    outer loop
      vertex   -3.135313e+01 1.530248e+01 7.831915e+00
      vertex   -3.150569e+01 1.531944e+01 7.707798e+00
      vertex   -3.150606e+01 1.027501e+01 7.708151e+00
    endloop
  endfacet
  facet normal -7.704994e-01 1.019893e-04 6.374407e-01
    outer loop
      vertex   -3.150606e+01 1.027501e+01 7.708151e+00
      vertex   -3.150569e+01 1.531944e+01 7.707798e+00
      vertex   -3.163079e+01 1.534889e+01 7.556570e+00
    endloop
  endfacet
  facet normal -7.929026e-01 -1.288050e-03 6.093471e-01
    outer loop
      vertex   -3.150606e+01 1.027501e+01 7.708151e+00
      vertex   -3.163079e+01 1.534889e+01 7.556570e+00
      vertex   -3.166603e+01 1.027501e+01 7.500000e+00
    endloop
  endfacet
  facet normal -8.820283e-01 8.710914e-04 4.711956e-01
    outer loop
      vertex   -3.166603e+01 1.027501e+01 7.500000e+00
      vertex   -3.163079e+01 1.534889e+01 7.556570e+00
      vertex   -3.172321e+01 1.537973e+01 7.383512e+00
    endloop
  endfacet
  facet normal -9.238783e-01 -1.617596e-03 3.826829e-01
    outer loop
      vertex   -3.166603e+01 1.027501e+01 7.500000e+00
      vertex   -3.172321e+01 1.537973e+01 7.383512e+00
      vertex   -3.176593e+01 1.027501e+01 7.258819e+00
    endloop
  endfacet
  facet normal -9.566329e-01 8.888001e-04 2.912949e-01
    outer loop
      vertex   -3.176593e+01 1.027501e+01 7.258819e+00
      vertex   -3.172321e+01 1.537973e+01 7.383512e+00
      vertex   -3.178041e+01 1.540319e+01 7.195612e+00
    endloop
  endfacet
  facet normal -9.747423e-01 0.000000e+00 2.233327e-01
    outer loop
      vertex   -3.176593e+01 1.027501e+01 7.258819e+00
      vertex   -3.178041e+01 1.540319e+01 7.195612e+00
      vertex   -3.176593e+01 5.137506e+00 7.258819e+00
    endloop
  endfacet
  facet normal -9.868715e-01 -3.977760e-04 1.615072e-01
    outer loop
      vertex   -3.176593e+01 5.137506e+00 7.258819e+00
      vertex   -3.178041e+01 1.540319e+01 7.195612e+00
      vertex   -3.180000e+01 -1.541252e+01 7.000000e+00
    endloop
  endfacet
  facet normal -9.950215e-01 1.147193e-16 9.966000e-02
    outer loop
      vertex   -3.178041e+01 1.540319e+01 7.195612e+00
      vertex   -3.180000e+01 1.541252e+01 7.000000e+00
      vertex   -3.180000e+01 -1.541252e+01 7.000000e+00
    endloop
  endfacet
  facet normal -9.566258e-01 -8.349254e-04 2.913184e-01
    outer loop
      vertex   -3.178065e+01 -1.540388e+01 7.195768e+00
      vertex   -3.172345e+01 -1.538037e+01 7.383675e+00
      vertex   -3.176593e+01 -1.027501e+01 7.258819e+00
    endloop
  endfacet
  facet normal -9.238782e-01 1.671938e-03 3.826829e-01
    outer loop
      vertex   -3.176593e+01 -1.027501e+01 7.258819e+00
      vertex   -3.172345e+01 -1.538037e+01 7.383675e+00
      vertex   -3.166603e+01 -1.027501e+01 7.500000e+00
    endloop
  endfacet
  facet normal -9.238795e-01 0.000000e+00 3.826834e-01
    outer loop
      vertex   -3.176593e+01 -1.027501e+01 7.258819e+00
      vertex   -3.166603e+01 -1.027501e+01 7.500000e+00
      vertex   -3.166603e+01 -5.137506e+00 7.500000e+00
    endloop
  endfacet
  facet normal -7.929231e-01 0.000000e+00 6.093217e-01
    outer loop
      vertex   -3.166603e+01 -5.137506e+00 7.500000e+00
      vertex   -3.166603e+01 -1.027501e+01 7.500000e+00
      vertex   -3.150611e+01 -1.027501e+01 7.708105e+00
    endloop
  endfacet
  facet normal -7.929182e-01 4.177964e-07 6.093281e-01
    outer loop
      vertex   -3.166603e+01 -5.137506e+00 7.500000e+00
      vertex   -3.150611e+01 -1.027501e+01 7.708105e+00
      vertex   -3.150610e+01 -5.137506e+00 7.708117e+00
    endloop
  endfacet
  facet normal -6.082009e-01 -4.133114e-07 7.937831e-01
    outer loop
      vertex   -3.150610e+01 -5.137506e+00 7.708117e+00
      vertex   -3.150611e+01 -1.027501e+01 7.708105e+00
      vertex   -3.130000e+01 -1.027501e+01 7.866025e+00
    endloop
  endfacet
  facet normal -6.081944e-01 0.000000e+00 7.937881e-01
    outer loop
      vertex   -3.150610e+01 -5.137506e+00 7.708117e+00
      vertex   -3.130000e+01 -1.027501e+01 7.866025e+00
      vertex   -3.130000e+01 -5.137506e+00 7.866025e+00
    endloop
  endfacet
  facet normal -3.826834e-01 0.000000e+00 9.238795e-01
    outer loop
      vertex   -3.130000e+01 -5.137506e+00 7.866025e+00
      vertex   -3.130000e+01 -1.027501e+01 7.866025e+00
      vertex   -3.105882e+01 -5.137506e+00 7.965926e+00
    endloop
  endfacet
  facet normal -3.826834e-01 0.000000e+00 9.238795e-01
    outer loop
      vertex   -3.130000e+01 -5.137506e+00 7.866025e+00
      vertex   -3.105882e+01 -5.137506e+00 7.965926e+00
      vertex   -3.105882e+01 0.000000e+00 7.965926e+00
    endloop
  endfacet
  facet normal -1.305262e-01 0.000000e+00 9.914449e-01
    outer loop
      vertex   -3.105882e+01 0.000000e+00 7.965926e+00
      vertex   -3.105882e+01 -5.137506e+00 7.965926e+00
      vertex   -3.080000e+01 1.541252e+01 8.000000e+00
    endloop
  endfacet
  facet normal -8.812985e-01 -8.547962e-04 4.725592e-01
    outer loop
      vertex   -3.172345e+01 -1.538037e+01 7.383675e+00
      vertex   -3.163078e+01 -1.534889e+01 7.556560e+00
      vertex   -3.166603e+01 -1.027501e+01 7.500000e+00
    endloop
  endfacet
  facet normal -7.929225e-01 1.283697e-03 6.093212e-01
    outer loop
      vertex   -3.166603e+01 -1.027501e+01 7.500000e+00
      vertex   -3.163078e+01 -1.534889e+01 7.556560e+00
      vertex   -3.150611e+01 -1.027501e+01 7.708105e+00
    endloop
  endfacet
  facet normal -7.721349e-01 -7.733165e-06 6.354586e-01
    outer loop
      vertex   -3.163078e+01 -1.534889e+01 7.556560e+00
      vertex   -3.150609e+01 -1.531892e+01 7.708065e+00
      vertex   -3.150611e+01 -1.027501e+01 7.708105e+00
    endloop
  endfacet
  facet normal -6.329637e-01 -8.358437e-06 7.741815e-01
    outer loop
      vertex   -3.150611e+01 -1.027501e+01 7.708105e+00
      vertex   -3.150609e+01 -1.531892e+01 7.708065e+00
      vertex   -3.135392e+01 -1.530142e+01 7.832475e+00
    endloop
  endfacet
  facet normal -6.082004e-01 1.226387e-03 7.937825e-01
    outer loop
      vertex   -3.150611e+01 -1.027501e+01 7.708105e+00
      vertex   -3.135392e+01 -1.530142e+01 7.832475e+00
      vertex   -3.130000e+01 -1.027501e+01 7.866025e+00
    endloop
  endfacet
  facet normal -4.682896e-01 -8.739370e-04 8.835746e-01
    outer loop
      vertex   -3.130000e+01 -1.027501e+01 7.866025e+00
      vertex   -3.135392e+01 -1.530142e+01 7.832475e+00
      vertex   -3.118009e+01 -1.530693e+01 7.924600e+00
    endloop
  endfacet
  facet normal -3.826829e-01 1.635207e-03 9.238783e-01
    outer loop
      vertex   -3.130000e+01 -1.027501e+01 7.866025e+00
      vertex   -3.118009e+01 -1.530693e+01 7.924600e+00
      vertex   -3.105882e+01 -1.027501e+01 7.965926e+00
    endloop
  endfacet
  facet normal -2.893100e-01 -8.890760e-04 9.572350e-01
    outer loop
      vertex   -3.105882e+01 -1.027501e+01 7.965926e+00
      vertex   -3.118009e+01 -1.530693e+01 7.924600e+00
      vertex   -3.099263e+01 -1.534227e+01 7.981224e+00
    endloop
  endfacet
  facet normal -2.251923e-01 0.000000e+00 9.743143e-01
    outer loop
      vertex   -3.105882e+01 -1.027501e+01 7.965926e+00
      vertex   -3.099263e+01 -1.534227e+01 7.981224e+00
      vertex   -3.105882e+01 -5.137506e+00 7.965926e+00
    endloop
  endfacet
  facet normal -1.632478e-01 4.201728e-04 9.865850e-01
    outer loop
      vertex   -3.105882e+01 -5.137506e+00 7.965926e+00
      vertex   -3.099263e+01 -1.534227e+01 7.981224e+00
      vertex   -3.080000e+01 1.541252e+01 8.000000e+00
    endloop
  endfacet
  facet normal -9.701194e-02 -5.064422e-11 9.952832e-01
    outer loop
      vertex   -3.099263e+01 -1.534227e+01 7.981224e+00
      vertex   -3.080000e+01 -1.541252e+01 8.000000e+00
      vertex   -3.080000e+01 1.541252e+01 8.000000e+00
    endloop
  endfacet
  facet normal -3.826834e-01 0.000000e+00 9.238795e-01
    outer loop
      vertex   -3.130000e+01 0.000000e+00 7.866025e+00
      vertex   -3.105882e+01 5.137506e+00 7.965926e+00
      vertex   -3.130000e+01 5.137506e+00 7.866025e+00
    endloop
  endfacet
  facet normal -3.826834e-01 0.000000e+00 9.238795e-01
    outer loop
      vertex   -3.130000e+01 5.137506e+00 7.866025e+00
      vertex   -3.105882e+01 5.137506e+00 7.965926e+00
      vertex   -3.105882e+01 1.027501e+01 7.965926e+00
    endloop
  endfacet
  facet normal -3.826834e-01 0.000000e+00 9.238795e-01
    outer loop
      vertex   -3.130000e+01 -1.027501e+01 7.866025e+00
      vertex   -3.105882e+01 -1.027501e+01 7.965926e+00
      vertex   -3.105882e+01 -5.137506e+00 7.965926e+00
    endloop
  endfacet
  facet normal -6.081879e-01 -4.132598e-07 7.937931e-01
    outer loop
      vertex   -3.150608e+01 0.000000e+00 7.708128e+00
      vertex   -3.130000e+01 0.000000e+00 7.866025e+00
      vertex   -3.150607e+01 5.137506e+00 7.708140e+00
    endloop
  endfacet
  facet normal -6.081814e-01 0.000000e+00 7.937981e-01
    outer loop
      vertex   -3.150607e+01 5.137506e+00 7.708140e+00
      vertex   -3.130000e+01 0.000000e+00 7.866025e+00
      vertex   -3.130000e+01 5.137506e+00 7.866025e+00
    endloop
  endfacet
  facet normal -7.929132e-01 0.000000e+00 6.093346e-01
    outer loop
      vertex   -3.166603e+01 0.000000e+00 7.500000e+00
      vertex   -3.150608e+01 0.000000e+00 7.708128e+00
      vertex   -3.166603e+01 5.137506e+00 7.500000e+00
    endloop
  endfacet
  facet normal -7.929082e-01 4.178480e-07 6.093411e-01
    outer loop
      vertex   -3.166603e+01 5.137506e+00 7.500000e+00
      vertex   -3.150608e+01 0.000000e+00 7.708128e+00
      vertex   -3.150607e+01 5.137506e+00 7.708140e+00
    endloop
  endfacet
  facet normal -9.238795e-01 0.000000e+00 3.826834e-01
    outer loop
      vertex   -3.176593e+01 1.027501e+01 7.258819e+00
      vertex   -3.176593e+01 5.137506e+00 7.258819e+00
      vertex   -3.166603e+01 1.027501e+01 7.500000e+00
    endloop
  endfacet
  facet normal -9.238795e-01 0.000000e+00 3.826834e-01
    outer loop
      vertex   -3.176593e+01 -5.137506e+00 7.258819e+00
      vertex   -3.166603e+01 0.000000e+00 7.500000e+00
      vertex   -3.176593e+01 0.000000e+00 7.258819e+00
    endloop
  endfacet
  facet normal -9.238795e-01 0.000000e+00 3.826834e-01
    outer loop
      vertex   -3.176593e+01 0.000000e+00 7.258819e+00
      vertex   -3.166603e+01 0.000000e+00 7.500000e+00
      vertex   -3.166603e+01 5.137506e+00 7.500000e+00
    endloop
  endfacet
  facet normal -1.000000e+00 1.279578e-32 5.921189e-16
    outer loop
      vertex   -3.180000e+01 1.541252e+01 1.000000e+00
      vertex   -3.180000e+01 -1.541252e+01 1.000000e+00
      vertex   -3.180000e+01 1.541252e+01 7.000000e+00
    endloop
  endfacet
  facet normal -1.000000e+00 1.152542e-16 -6.824417e-32
    outer loop
      vertex   -3.180000e+01 1.541252e+01 7.000000e+00
      vertex   -3.180000e+01 -1.541252e+01 1.000000e+00
      vertex   -3.180000e+01 -1.541252e+01 7.000000e+00
    endloop
  endfacet
  facet normal -9.914449e-01 -1.305262e-01 0.000000e+00
    outer loop
      vertex   -2.720741e+01 -1.432352e+01 2.600000e+00
      vertex   -2.720741e+01 -1.432352e+01 5.000000e+00
      vertex   -2.725000e+01 -1.400000e+01 2.600000e+00
    endloop
  endfacet
  facet normal -9.914449e-01 -1.305262e-01 0.000000e+00
    outer loop
      vertex   -2.725000e+01 -1.400000e+01 2.600000e+00
      vertex   -2.720741e+01 -1.432352e+01 5.000000e+00
      vertex   -2.725000e+01 -1.400000e+01 5.000000e+00
    endloop
  endfacet
  facet normal -9.914449e-01 1.305262e-01 0.000000e+00
    outer loop
      vertex   -2.725000e+01 -1.400000e+01 2.600000e+00
      vertex   -2.725000e+01 -1.400000e+01 5.000000e+00
      vertex   -2.720741e+01 -1.367648e+01 2.600000e+00
    endloop
  endfacet
  facet normal -9.914449e-01 1.305262e-01 0.000000e+00
    outer loop
      vertex   -2.720741e+01 -1.367648e+01 2.600000e+00
      vertex   -2.725000e+01 -1.400000e+01 5.000000e+00
      vertex   -2.720741e+01 -1.367648e+01 5.000000e+00
    endloop
  endfacet
  facet normal -9.238795e-01 3.826834e-01 0.000000e+00
    outer loop
      vertex   -2.720741e+01 -1.367648e+01 2.600000e+00
      vertex   -2.720741e+01 -1.367648e+01 5.000000e+00
      vertex   -2.708253e+01 -1.337500e+01 2.600000e+00
    endloop
  endfacet
  facet normal -9.238795e-01 3.826834e-01 0.000000e+00
    outer loop
      vertex   -2.708253e+01 -1.337500e+01 2.600000e+00
      vertex   -2.720741e+01 -1.367648e+01 5.000000e+00
      vertex   -2.708253e+01 -1.337500e+01 5.000000e+00
    endloop
  endfacet
  facet normal -7.933533e-01 6.087614e-01 0.000000e+00
    outer loop
      vertex   -2.708253e+01 -1.337500e+01 2.600000e+00
      vertex   -2.708253e+01 -1.337500e+01 5.000000e+00
      vertex   -2.688388e+01 -1.311612e+01 2.600000e+00
    endloop
  endfacet
  facet normal -7.933533e-01 6.087614e-01 0.000000e+00
    outer loop
      vertex   -2.688388e+01 -1.311612e+01 2.600000e+00
      vertex   -2.708253e+01 -1.337500e+01 5.000000e+00
      vertex   -2.688388e+01 -1.311612e+01 5.000000e+00
    endloop
  endfacet
  facet normal -6.087614e-01 7.933533e-01 0.000000e+00
    outer loop
      vertex   -2.688388e+01 -1.311612e+01 2.600000e+00
      vertex   -2.688388e+01 -1.311612e+01 5.000000e+00
      vertex   -2.662500e+01 -1.291747e+01 2.600000e+00
    endloop
  endfacet
  facet normal -6.087614e-01 7.933533e-01 0.000000e+00
    outer loop
      vertex   -2.662500e+01 -1.291747e+01 2.600000e+00
      vertex   -2.688388e+01 -1.311612e+01 5.000000e+00
      vertex   -2.662500e+01 -1.291747e+01 5.000000e+00
    endloop
  endfacet
  facet normal -3.826834e-01 9.238795e-01 0.000000e+00
    outer loop
      vertex   -2.662500e+01 -1.291747e+01 2.600000e+00
      vertex   -2.662500e+01 -1.291747e+01 5.000000e+00
      vertex   -2.632352e+01 -1.279259e+01 2.600000e+00
    endloop
  endfacet
  facet normal -3.826834e-01 9.238795e-01 0.000000e+00
    outer loop
      vertex   -2.632352e+01 -1.279259e+01 2.600000e+00
      vertex   -2.662500e+01 -1.291747e+01 5.000000e+00
      vertex   -2.632352e+01 -1.279259e+01 5.000000e+00
    endloop
  endfacet
  facet normal -1.305262e-01 9.914449e-01 0.000000e+00
    outer loop
      vertex   -2.632352e+01 -1.279259e+01 2.600000e+00
      vertex   -2.632352e+01 -1.279259e+01 5.000000e+00
      vertex   -2.600000e+01 -1.275000e+01 2.600000e+00
    endloop
  endfacet
  facet normal -1.305262e-01 9.914449e-01 0.000000e+00
    outer loop
      vertex   -2.600000e+01 -1.275000e+01 2.600000e+00
      vertex   -2.632352e+01 -1.279259e+01 5.000000e+00
      vertex   -2.600000e+01 -1.275000e+01 5.000000e+00
    endloop
  endfacet
  facet normal 1.305262e-01 9.914449e-01 -0.000000e+00
    outer loop
      vertex   -2.600000e+01 -1.275000e+01 2.600000e+00
      vertex   -2.600000e+01 -1.275000e+01 5.000000e+00
      vertex   -2.567648e+01 -1.279259e+01 2.600000e+00
    endloop
  endfacet
  facet normal 1.305262e-01 9.914449e-01 -0.000000e+00
    outer loop
      vertex   -2.567648e+01 -1.279259e+01 2.600000e+00
      vertex   -2.600000e+01 -1.275000e+01 5.000000e+00
      vertex   -2.567648e+01 -1.279259e+01 5.000000e+00
    endloop
  endfacet
  facet normal 3.826834e-01 9.238795e-01 -0.000000e+00
    outer loop
      vertex   -2.567648e+01 -1.279259e+01 2.600000e+00
      vertex   -2.567648e+01 -1.279259e+01 5.000000e+00
      vertex   -2.537500e+01 -1.291747e+01 2.600000e+00
    endloop
  endfacet
  facet normal 3.826834e-01 9.238795e-01 -0.000000e+00
    outer loop
      vertex   -2.537500e+01 -1.291747e+01 2.600000e+00
      vertex   -2.567648e+01 -1.279259e+01 5.000000e+00
      vertex   -2.537500e+01 -1.291747e+01 5.000000e+00
    endloop
  endfacet
  facet normal 6.087614e-01 7.933533e-01 -0.000000e+00
    outer loop
      vertex   -2.537500e+01 -1.291747e+01 2.600000e+00
      vertex   -2.537500e+01 -1.291747e+01 5.000000e+00
      vertex   -2.511612e+01 -1.311612e+01 2.600000e+00
    endloop
  endfacet
  facet normal 6.087614e-01 7.933533e-01 -0.000000e+00
    outer loop
      vertex   -2.511612e+01 -1.311612e+01 2.600000e+00
      vertex   -2.537500e+01 -1.291747e+01 5.000000e+00
      vertex   -2.511612e+01 -1.311612e+01 5.000000e+00
    endloop
  endfacet
  facet normal 7.933533e-01 6.087614e-01 -0.000000e+00
    outer loop
      vertex   -2.511612e+01 -1.311612e+01 2.600000e+00
      vertex   -2.511612e+01 -1.311612e+01 5.000000e+00
      vertex   -2.491747e+01 -1.337500e+01 2.600000e+00
    endloop
  endfacet
  facet normal 7.933533e-01 6.087614e-01 -0.000000e+00
    outer loop
      vertex   -2.491747e+01 -1.337500e+01 2.600000e+00
      vertex   -2.511612e+01 -1.311612e+01 5.000000e+00
      vertex   -2.491747e+01 -1.337500e+01 5.000000e+00
    endloop
  endfacet
  facet normal 9.238795e-01 3.826834e-01 -0.000000e+00
    outer loop
      vertex   -2.491747e+01 -1.337500e+01 2.600000e+00
      vertex   -2.491747e+01 -1.337500e+01 5.000000e+00
      vertex   -2.479259e+01 -1.367648e+01 2.600000e+00
    endloop
  endfacet
  facet normal 9.238795e-01 3.826834e-01 -0.000000e+00
    outer loop
      vertex   -2.479259e+01 -1.367648e+01 2.600000e+00
      vertex   -2.491747e+01 -1.337500e+01 5.000000e+00
      vertex   -2.479259e+01 -1.367648e+01 5.000000e+00
    endloop
  endfacet
  facet normal 9.914449e-01 1.305262e-01 -0.000000e+00
    outer loop
      vertex   -2.479259e+01 -1.367648e+01 2.600000e+00
      vertex   -2.479259e+01 -1.367648e+01 5.000000e+00
      vertex   -2.475000e+01 -1.400000e+01 2.600000e+00
    endloop
  endfacet
  facet normal 9.914449e-01 1.305262e-01 -0.000000e+00
    outer loop
      vertex   -2.475000e+01 -1.400000e+01 2.600000e+00
      vertex   -2.479259e+01 -1.367648e+01 5.000000e+00
      vertex   -2.475000e+01 -1.400000e+01 5.000000e+00
    endloop
  endfacet
  facet normal 9.914449e-01 -1.305262e-01 0.000000e+00
    outer loop
      vertex   -2.475000e+01 -1.400000e+01 2.600000e+00
      vertex   -2.475000e+01 -1.400000e+01 5.000000e+00
      vertex   -2.479259e+01 -1.432352e+01 2.600000e+00
    endloop
  endfacet
  facet normal 9.914449e-01 -1.305262e-01 0.000000e+00
    outer loop
      vertex   -2.479259e+01 -1.432352e+01 2.600000e+00
      vertex   -2.475000e+01 -1.400000e+01 5.000000e+00
      vertex   -2.479259e+01 -1.432352e+01 5.000000e+00
    endloop
  endfacet
  facet normal 9.238795e-01 -3.826834e-01 0.000000e+00
    outer loop
      vertex   -2.479259e+01 -1.432352e+01 2.600000e+00
      vertex   -2.479259e+01 -1.432352e+01 5.000000e+00
      vertex   -2.491747e+01 -1.462500e+01 2.600000e+00
    endloop
  endfacet
  facet normal 9.238795e-01 -3.826834e-01 0.000000e+00
    outer loop
      vertex   -2.491747e+01 -1.462500e+01 2.600000e+00
      vertex   -2.479259e+01 -1.432352e+01 5.000000e+00
      vertex   -2.491747e+01 -1.462500e+01 5.000000e+00
    endloop
  endfacet
  facet normal 7.933533e-01 -6.087614e-01 0.000000e+00
    outer loop
      vertex   -2.491747e+01 -1.462500e+01 2.600000e+00
      vertex   -2.491747e+01 -1.462500e+01 5.000000e+00
      vertex   -2.511612e+01 -1.488388e+01 2.600000e+00
    endloop
  endfacet
  facet normal 7.933533e-01 -6.087614e-01 0.000000e+00
    outer loop
      vertex   -2.511612e+01 -1.488388e+01 2.600000e+00
      vertex   -2.491747e+01 -1.462500e+01 5.000000e+00
      vertex   -2.511612e+01 -1.488388e+01 5.000000e+00
    endloop
  endfacet
  facet normal 6.087614e-01 -7.933533e-01 0.000000e+00
    outer loop
      vertex   -2.511612e+01 -1.488388e+01 2.600000e+00
      vertex   -2.511612e+01 -1.488388e+01 5.000000e+00
      vertex   -2.537500e+01 -1.508253e+01 2.600000e+00
    endloop
  endfacet
  facet normal 6.087614e-01 -7.933533e-01 0.000000e+00
    outer loop
      vertex   -2.537500e+01 -1.508253e+01 2.600000e+00
      vertex   -2.511612e+01 -1.488388e+01 5.000000e+00
      vertex   -2.537500e+01 -1.508253e+01 5.000000e+00
    endloop
  endfacet
  facet normal 3.826834e-01 -9.238795e-01 0.000000e+00
    outer loop
      vertex   -2.537500e+01 -1.508253e+01 2.600000e+00
      vertex   -2.537500e+01 -1.508253e+01 5.000000e+00
      vertex   -2.567648e+01 -1.520741e+01 2.600000e+00
    endloop
  endfacet
  facet normal 3.826834e-01 -9.238795e-01 0.000000e+00
    outer loop
      vertex   -2.567648e+01 -1.520741e+01 2.600000e+00
      vertex   -2.537500e+01 -1.508253e+01 5.000000e+00
      vertex   -2.567648e+01 -1.520741e+01 5.000000e+00
    endloop
  endfacet
  facet normal 1.305262e-01 -9.914449e-01 0.000000e+00
    outer loop
      vertex   -2.567648e+01 -1.520741e+01 2.600000e+00
      vertex   -2.567648e+01 -1.520741e+01 5.000000e+00
      vertex   -2.600000e+01 -1.525000e+01 2.600000e+00
    endloop
  endfacet
  facet normal 1.305262e-01 -9.914449e-01 0.000000e+00
    outer loop
      vertex   -2.600000e+01 -1.525000e+01 2.600000e+00
      vertex   -2.567648e+01 -1.520741e+01 5.000000e+00
      vertex   -2.600000e+01 -1.525000e+01 5.000000e+00
    endloop
  endfacet
  facet normal -1.305262e-01 -9.914449e-01 0.000000e+00
    outer loop
      vertex   -2.600000e+01 -1.525000e+01 2.600000e+00
      vertex   -2.600000e+01 -1.525000e+01 5.000000e+00
      vertex   -2.632352e+01 -1.520741e+01 2.600000e+00
    endloop
  endfacet
  facet normal -1.305262e-01 -9.914449e-01 0.000000e+00
    outer loop
      vertex   -2.632352e+01 -1.520741e+01 2.600000e+00
      vertex   -2.600000e+01 -1.525000e+01 5.000000e+00
      vertex   -2.632352e+01 -1.520741e+01 5.000000e+00
    endloop
  endfacet
  facet normal -3.826834e-01 -9.238795e-01 0.000000e+00
    outer loop
      vertex   -2.632352e+01 -1.520741e+01 2.600000e+00
      vertex   -2.632352e+01 -1.520741e+01 5.000000e+00
      vertex   -2.662500e+01 -1.508253e+01 2.600000e+00
    endloop
  endfacet
  facet normal -3.826834e-01 -9.238795e-01 0.000000e+00
    outer loop
      vertex   -2.662500e+01 -1.508253e+01 2.600000e+00
      vertex   -2.632352e+01 -1.520741e+01 5.000000e+00
      vertex   -2.662500e+01 -1.508253e+01 5.000000e+00
    endloop
  endfacet
  facet normal -6.087614e-01 -7.933533e-01 0.000000e+00
    outer loop
      vertex   -2.662500e+01 -1.508253e+01 2.600000e+00
      vertex   -2.662500e+01 -1.508253e+01 5.000000e+00
      vertex   -2.688388e+01 -1.488388e+01 2.600000e+00
    endloop
  endfacet
  facet normal -6.087614e-01 -7.933533e-01 0.000000e+00
    outer loop
      vertex   -2.688388e+01 -1.488388e+01 2.600000e+00
      vertex   -2.662500e+01 -1.508253e+01 5.000000e+00
      vertex   -2.688388e+01 -1.488388e+01 5.000000e+00
    endloop
  endfacet
  facet normal -7.933533e-01 -6.087614e-01 0.000000e+00
    outer loop
      vertex   -2.688388e+01 -1.488388e+01 2.600000e+00
      vertex   -2.688388e+01 -1.488388e+01 5.000000e+00
      vertex   -2.708253e+01 -1.462500e+01 2.600000e+00
    endloop
  endfacet
  facet normal -7.933533e-01 -6.087614e-01 0.000000e+00
    outer loop
      vertex   -2.708253e+01 -1.462500e+01 2.600000e+00
      vertex   -2.688388e+01 -1.488388e+01 5.000000e+00
      vertex   -2.708253e+01 -1.462500e+01 5.000000e+00
    endloop
  endfacet
  facet normal -9.238795e-01 -3.826834e-01 0.000000e+00
    outer loop
      vertex   -2.708253e+01 -1.462500e+01 2.600000e+00
      vertex   -2.708253e+01 -1.462500e+01 5.000000e+00
      vertex   -2.720741e+01 -1.432352e+01 2.600000e+00
    endloop
  endfacet
  facet normal -9.238795e-01 -3.826834e-01 0.000000e+00
    outer loop
      vertex   -2.720741e+01 -1.432352e+01 2.600000e+00
      vertex   -2.708253e+01 -1.462500e+01 5.000000e+00
      vertex   -2.720741e+01 -1.432352e+01 5.000000e+00
    endloop
  endfacet
  facet normal 0.000000e+00 -0.000000e+00 -1.000000e+00
    outer loop
      vertex   -2.720741e+01 -1.367648e+01 2.600000e+00
      vertex   -2.479259e+01 -1.367648e+01 2.600000e+00
      vertex   -2.725000e+01 -1.400000e+01 2.600000e+00
    endloop
  endfacet
  facet normal 0.000000e+00 0.000000e+00 -1.000000e+00
    outer loop
      vertex   -2.725000e+01 -1.400000e+01 2.600000e+00
      vertex   -2.479259e+01 -1.367648e+01 2.600000e+00
      vertex   -2.475000e+01 -1.400000e+01 2.600000e+00
    endloop
  endfacet
  facet normal 0.000000e+00 0.000000e+00 -1.000000e+00
    outer loop
      vertex   -2.725000e+01 -1.400000e+01 2.600000e+00
      vertex   -2.475000e+01 -1.400000e+01 2.600000e+00
      vertex   -2.720741e+01 -1.432352e+01 2.600000e+00
    endloop
  endfacet
  facet normal 0.000000e+00 0.000000e+00 -1.000000e+00
    outer loop
      vertex   -2.720741e+01 -1.432352e+01 2.600000e+00
      vertex   -2.475000e+01 -1.400000e+01 2.600000e+00
      vertex   -2.479259e+01 -1.432352e+01 2.600000e+00
    endloop
  endfacet
  facet normal 0.000000e+00 0.000000e+00 -1.000000e+00
    outer loop
      vertex   -2.720741e+01 -1.432352e+01 2.600000e+00
      vertex   -2.479259e+01 -1.432352e+01 2.600000e+00
      vertex   -2.708253e+01 -1.462500e+01 2.600000e+00
    endloop
  endfacet
  facet normal 0.000000e+00 0.000000e+00 -1.000000e+00
    outer loop
      vertex   -2.708253e+01 -1.462500e+01 2.600000e+00
      vertex   -2.479259e+01 -1.432352e+01 2.600000e+00
      vertex   -2.491747e+01 -1.462500e+01 2.600000e+00
    endloop
  endfacet
  facet normal 0.000000e+00 0.000000e+00 -1.000000e+00
    outer loop
      vertex   -2.708253e+01 -1.462500e+01 2.600000e+00
      vertex   -2.491747e+01 -1.462500e+01 2.600000e+00
      vertex   -2.688388e+01 -1.488388e+01 2.600000e+00
    endloop
  endfacet
  facet normal 0.000000e+00 0.000000e+00 -1.000000e+00
    outer loop
      vertex   -2.688388e+01 -1.488388e+01 2.600000e+00
      vertex   -2.491747e+01 -1.462500e+01 2.600000e+00
      vertex   -2.511612e+01 -1.488388e+01 2.600000e+00
    endloop
  endfacet
  facet normal 0.000000e+00 0.000000e+00 -1.000000e+00
    outer loop
      vertex   -2.688388e+01 -1.488388e+01 2.600000e+00
      vertex   -2.511612e+01 -1.488388e+01 2.600000e+00
      vertex   -2.662500e+01 -1.508253e+01 2.600000e+00
    endloop
  endfacet
  facet normal 0.000000e+00 0.000000e+00 -1.000000e+00
    outer loop
      vertex   -2.662500e+01 -1.508253e+01 2.600000e+00
      vertex   -2.511612e+01 -1.488388e+01 2.600000e+00
      vertex   -2.537500e+01 -1.508253e+01 2.600000e+00
    endloop
  endfacet
  facet normal 0.000000e+00 0.000000e+00 -1.000000e+00
    outer loop
      vertex   -2.662500e+01 -1.508253e+01 2.600000e+00
      vertex   -2.537500e+01 -1.508253e+01 2.600000e+00
      vertex   -2.632352e+01 -1.520741e+01 2.600000e+00
    endloop
  endfacet
  facet normal 0.000000e+00 0.000000e+00 -1.000000e+00
    outer loop
      vertex   -2.632352e+01 -1.520741e+01 2.600000e+00
      vertex   -2.537500e+01 -1.508253e+01 2.600000e+00
      vertex   -2.567648e+01 -1.520741e+01 2.600000e+00
    endloop
  endfacet
  facet normal 0.000000e+00 0.000000e+00 -1.000000e+00
    outer loop
      vertex   -2.632352e+01 -1.520741e+01 2.600000e+00
      vertex   -2.567648e+01 -1.520741e+01 2.600000e+00
      vertex   -2.600000e+01 -1.525000e+01 2.600000e+00
    endloop
  endfacet
  facet normal 0.000000e+00 0.000000e+00 -1.000000e+00
    outer loop
      vertex   -2.479259e+01 -1.367648e+01 2.600000e+00
      vertex   -2.720741e+01 -1.367648e+01 2.600000e+00
      vertex   -2.491747e+01 -1.337500e+01 2.600000e+00
    endloop
  endfacet
  facet normal -0.000000e+00 0.000000e+00 -1.000000e+00
    outer loop
      vertex   -2.491747e+01 -1.337500e+01 2.600000e+00
      vertex   -2.720741e+01 -1.367648e+01 2.600000e+00
      vertex   -2.708253e+01 -1.337500e+01 2.600000e+00
    endloop
  endfacet
  facet normal 0.000000e+00 0.000000e+00 -1.000000e+00
    outer loop
      vertex   -2.491747e+01 -1.337500e+01 2.600000e+00
      vertex   -2.708253e+01 -1.337500e+01 2.600000e+00
      vertex   -2.511612e+01 -1.311612e+01 2.600000e+00
    endloop
  endfacet
  facet normal -0.000000e+00 0.000000e+00 -1.000000e+00
    outer loop
      vertex   -2.511612e+01 -1.311612e+01 2.600000e+00
      vertex   -2.708253e+01 -1.337500e+01 2.600000e+00
      vertex   -2.688388e+01 -1.311612e+01 2.600000e+00
    endloop
  endfacet
  facet normal 0.000000e+00 0.000000e+00 -1.000000e+00
    outer loop
      vertex   -2.511612e+01 -1.311612e+01 2.600000e+00
      vertex   -2.688388e+01 -1.311612e+01 2.600000e+00
      vertex   -2.537500e+01 -1.291747e+01 2.600000e+00
    endloop
  endfacet
  facet normal -0.000000e+00 0.000000e+00 -1.000000e+00
    outer loop
      vertex   -2.537500e+01 -1.291747e+01 2.600000e+00
      vertex   -2.688388e+01 -1.311612e+01 2.600000e+00
      vertex   -2.662500e+01 -1.291747e+01 2.600000e+00
    endloop
  endfacet
  facet normal 0.000000e+00 0.000000e+00 -1.000000e+00
    outer loop
      vertex   -2.537500e+01 -1.291747e+01 2.600000e+00
      vertex   -2.662500e+01 -1.291747e+01 2.600000e+00
      vertex   -2.567648e+01 -1.279259e+01 2.600000e+00
    endloop
  endfacet
  facet normal -0.000000e+00 0.000000e+00 -1.000000e+00
    outer loop
      vertex   -2.567648e+01 -1.279259e+01 2.600000e+00
      vertex   -2.662500e+01 -1.291747e+01 2.600000e+00
      vertex   -2.632352e+01 -1.279259e+01 2.600000e+00
    endloop
  endfacet
  facet normal 0.000000e+00 0.000000e+00 -1.000000e+00
    outer loop
      vertex   -2.567648e+01 -1.279259e+01 2.600000e+00
      vertex   -2.632352e+01 -1.279259e+01 2.600000e+00
      vertex   -2.600000e+01 -1.275000e+01 2.600000e+00
    endloop
  endfacet
  facet normal -9.914449e-01 -1.305262e-01 0.000000e+00
    outer loop
      vertex   2.479259e+01 -1.432352e+01 2.600000e+00
      vertex   2.479259e+01 -1.432352e+01 5.000000e+00
      vertex   2.475000e+01 -1.400000e+01 2.600000e+00
    endloop
  endfacet
  facet normal -9.914449e-01 -1.305262e-01 0.000000e+00
    outer loop
      vertex   2.475000e+01 -1.400000e+01 2.600000e+00
      vertex   2.479259e+01 -1.432352e+01 5.000000e+00
      vertex   2.475000e+01 -1.400000e+01 5.000000e+00
    endloop
  endfacet
  facet normal -9.914449e-01 1.305262e-01 0.000000e+00
    outer loop
      vertex   2.475000e+01 -1.400000e+01 2.600000e+00
      vertex   2.475000e+01 -1.400000e+01 5.000000e+00
      vertex   2.479259e+01 -1.367648e+01 2.600000e+00
    endloop
  endfacet
  facet normal -9.914449e-01 1.305262e-01 0.000000e+00
    outer loop
      vertex   2.479259e+01 -1.367648e+01 2.600000e+00
      vertex   2.475000e+01 -1.400000e+01 5.000000e+00
      vertex   2.479259e+01 -1.367648e+01 5.000000e+00
    endloop
  endfacet
  facet normal -9.238795e-01 3.826834e-01 0.000000e+00
    outer loop
      vertex   2.479259e+01 -1.367648e+01 2.600000e+00
      vertex   2.479259e+01 -1.367648e+01 5.000000e+00
      vertex   2.491747e+01 -1.337500e+01 2.600000e+00
    endloop
  endfacet
  facet normal -9.238795e-01 3.826834e-01 0.000000e+00
    outer loop
      vertex   2.491747e+01 -1.337500e+01 2.600000e+00
      vertex   2.479259e+01 -1.367648e+01 5.000000e+00
      vertex   2.491747e+01 -1.337500e+01 5.000000e+00
    endloop
  endfacet
  facet normal -7.933533e-01 6.087614e-01 0.000000e+00
    outer loop
      vertex   2.491747e+01 -1.337500e+01 2.600000e+00
      vertex   2.491747e+01 -1.337500e+01 5.000000e+00
      vertex   2.511612e+01 -1.311612e+01 2.600000e+00
    endloop
  endfacet
  facet normal -7.933533e-01 6.087614e-01 0.000000e+00
    outer loop
      vertex   2.511612e+01 -1.311612e+01 2.600000e+00
      vertex   2.491747e+01 -1.337500e+01 5.000000e+00
      vertex   2.511612e+01 -1.311612e+01 5.000000e+00
    endloop
  endfacet
  facet normal -6.087614e-01 7.933533e-01 0.000000e+00
    outer loop
      vertex   2.511612e+01 -1.311612e+01 2.600000e+00
      vertex   2.511612e+01 -1.311612e+01 5.000000e+00
      vertex   2.537500e+01 -1.291747e+01 2.600000e+00
    endloop
  endfacet
  facet normal -6.087614e-01 7.933533e-01 0.000000e+00
    outer loop
      vertex   2.537500e+01 -1.291747e+01 2.600000e+00
      vertex   2.511612e+01 -1.311612e+01 5.000000e+00
      vertex   2.537500e+01 -1.291747e+01 5.000000e+00
    endloop
  endfacet
  facet normal -3.826834e-01 9.238795e-01 0.000000e+00
    outer loop
      vertex   2.537500e+01 -1.291747e+01 2.600000e+00
      vertex   2.537500e+01 -1.291747e+01 5.000000e+00
      vertex   2.567648e+01 -1.279259e+01 2.600000e+00
    endloop
  endfacet
  facet normal -3.826834e-01 9.238795e-01 0.000000e+00
    outer loop
      vertex   2.567648e+01 -1.279259e+01 2.600000e+00
      vertex   2.537500e+01 -1.291747e+01 5.000000e+00
      vertex   2.567648e+01 -1.279259e+01 5.000000e+00
    endloop
  endfacet
  facet normal -1.305262e-01 9.914449e-01 0.000000e+00
    outer loop
      vertex   2.567648e+01 -1.279259e+01 2.600000e+00
      vertex   2.567648e+01 -1.279259e+01 5.000000e+00
      vertex   2.600000e+01 -1.275000e+01 2.600000e+00
    endloop
  endfacet
  facet normal -1.305262e-01 9.914449e-01 0.000000e+00
    outer loop
      vertex   2.600000e+01 -1.275000e+01 2.600000e+00
      vertex   2.567648e+01 -1.279259e+01 5.000000e+00
      vertex   2.600000e+01 -1.275000e+01 5.000000e+00
    endloop
  endfacet
  facet normal 1.305262e-01 9.914449e-01 -0.000000e+00
    outer loop
      vertex   2.600000e+01 -1.275000e+01 2.600000e+00
      vertex   2.600000e+01 -1.275000e+01 5.000000e+00
      vertex   2.632352e+01 -1.279259e+01 2.600000e+00
    endloop
  endfacet
  facet normal 1.305262e-01 9.914449e-01 -0.000000e+00
    outer loop
      vertex   2.632352e+01 -1.279259e+01 2.600000e+00
      vertex   2.600000e+01 -1.275000e+01 5.000000e+00
      vertex   2.632352e+01 -1.279259e+01 5.000000e+00
    endloop
  endfacet
  facet normal 3.826834e-01 9.238795e-01 -0.000000e+00
    outer loop
      vertex   2.632352e+01 -1.279259e+01 2.600000e+00
      vertex   2.632352e+01 -1.279259e+01 5.000000e+00
      vertex   2.662500e+01 -1.291747e+01 2.600000e+00
    endloop
  endfacet
  facet normal 3.826834e-01 9.238795e-01 -0.000000e+00
    outer loop
      vertex   2.662500e+01 -1.291747e+01 2.600000e+00
      vertex   2.632352e+01 -1.279259e+01 5.000000e+00
      vertex   2.662500e+01 -1.291747e+01 5.000000e+00
    endloop
  endfacet
  facet normal 6.087614e-01 7.933533e-01 -0.000000e+00
    outer loop
      vertex   2.662500e+01 -1.291747e+01 2.600000e+00
      vertex   2.662500e+01 -1.291747e+01 5.000000e+00
      vertex   2.688388e+01 -1.311612e+01 2.600000e+00
    endloop
  endfacet
  facet normal 6.087614e-01 7.933533e-01 -0.000000e+00
    outer loop
      vertex   2.688388e+01 -1.311612e+01 2.600000e+00
      vertex   2.662500e+01 -1.291747e+01 5.000000e+00
      vertex   2.688388e+01 -1.311612e+01 5.000000e+00
    endloop
  endfacet
  facet normal 7.933533e-01 6.087614e-01 -0.000000e+00
    outer loop
      vertex   2.688388e+01 -1.311612e+01 2.600000e+00
      vertex   2.688388e+01 -1.311612e+01 5.000000e+00
      vertex   2.708253e+01 -1.337500e+01 2.600000e+00
    endloop
  endfacet
  facet normal 7.933533e-01 6.087614e-01 -0.000000e+00
    outer loop
      vertex   2.708253e+01 -1.337500e+01 2.600000e+00
      vertex   2.688388e+01 -1.311612e+01 5.000000e+00
      vertex   2.708253e+01 -1.337500e+01 5.000000e+00
    endloop
  endfacet
  facet normal 9.238795e-01 3.826834e-01 -0.000000e+00
    outer loop
      vertex   2.708253e+01 -1.337500e+01 2.600000e+00
      vertex   2.708253e+01 -1.337500e+01 5.000000e+00
      vertex   2.720741e+01 -1.367648e+01 2.600000e+00
    endloop
  endfacet
  facet normal 9.238795e-01 3.826834e-01 -0.000000e+00
    outer loop
      vertex   2.720741e+01 -1.367648e+01 2.600000e+00
      vertex   2.708253e+01 -1.337500e+01 5.000000e+00
      vertex   2.720741e+01 -1.367648e+01 5.000000e+00
    endloop
  endfacet
  facet normal 9.914449e-01 1.305262e-01 -0.000000e+00
    outer loop
      vertex   2.720741e+01 -1.367648e+01 2.600000e+00
      vertex   2.720741e+01 -1.367648e+01 5.000000e+00
      vertex   2.725000e+01 -1.400000e+01 2.600000e+00
    endloop
  endfacet
  facet normal 9.914449e-01 1.305262e-01 -0.000000e+00
    outer loop
      vertex   2.725000e+01 -1.400000e+01 2.600000e+00
      vertex   2.720741e+01 -1.367648e+01 5.000000e+00
      vertex   2.725000e+01 -1.400000e+01 5.000000e+00
    endloop
  endfacet
  facet normal 9.914449e-01 -1.305262e-01 0.000000e+00
    outer loop
      vertex   2.725000e+01 -1.400000e+01 2.600000e+00
      vertex   2.725000e+01 -1.400000e+01 5.000000e+00
      vertex   2.720741e+01 -1.432352e+01 2.600000e+00
    endloop
  endfacet
  facet normal 9.914449e-01 -1.305262e-01 0.000000e+00
    outer loop
      vertex   2.720741e+01 -1.432352e+01 2.600000e+00
      vertex   2.725000e+01 -1.400000e+01 5.000000e+00
      vertex   2.720741e+01 -1.432352e+01 5.000000e+00
    endloop
  endfacet
  facet normal 9.238795e-01 -3.826834e-01 0.000000e+00
    outer loop
      vertex   2.720741e+01 -1.432352e+01 2.600000e+00
      vertex   2.720741e+01 -1.432352e+01 5.000000e+00
      vertex   2.708253e+01 -1.462500e+01 2.600000e+00
    endloop
  endfacet
  facet normal 9.238795e-01 -3.826834e-01 0.000000e+00
    outer loop
      vertex   2.708253e+01 -1.462500e+01 2.600000e+00
      vertex   2.720741e+01 -1.432352e+01 5.000000e+00
      vertex   2.708253e+01 -1.462500e+01 5.000000e+00
    endloop
  endfacet
  facet normal 7.933533e-01 -6.087614e-01 0.000000e+00
    outer loop
      vertex   2.708253e+01 -1.462500e+01 2.600000e+00
      vertex   2.708253e+01 -1.462500e+01 5.000000e+00
      vertex   2.688388e+01 -1.488388e+01 2.600000e+00
    endloop
  endfacet
  facet normal 7.933533e-01 -6.087614e-01 0.000000e+00
    outer loop
      vertex   2.688388e+01 -1.488388e+01 2.600000e+00
      vertex   2.708253e+01 -1.462500e+01 5.000000e+00
      vertex   2.688388e+01 -1.488388e+01 5.000000e+00
    endloop
  endfacet
  facet normal 6.087614e-01 -7.933533e-01 0.000000e+00
    outer loop
      vertex   2.688388e+01 -1.488388e+01 2.600000e+00
      vertex   2.688388e+01 -1.488388e+01 5.000000e+00
      vertex   2.662500e+01 -1.508253e+01 2.600000e+00
    endloop
  endfacet
  facet normal 6.087614e-01 -7.933533e-01 0.000000e+00
    outer loop
      vertex   2.662500e+01 -1.508253e+01 2.600000e+00
      vertex   2.688388e+01 -1.488388e+01 5.000000e+00
      vertex   2.662500e+01 -1.508253e+01 5.000000e+00
    endloop
  endfacet
  facet normal 3.826834e-01 -9.238795e-01 0.000000e+00
    outer loop
      vertex   2.662500e+01 -1.508253e+01 2.600000e+00
      vertex   2.662500e+01 -1.508253e+01 5.000000e+00
      vertex   2.632352e+01 -1.520741e+01 2.600000e+00
    endloop
  endfacet
  facet normal 3.826834e-01 -9.238795e-01 0.000000e+00
    outer loop
      vertex   2.632352e+01 -1.520741e+01 2.600000e+00
      vertex   2.662500e+01 -1.508253e+01 5.000000e+00
      vertex   2.632352e+01 -1.520741e+01 5.000000e+00
    endloop
  endfacet
  facet normal 1.305262e-01 -9.914449e-01 0.000000e+00
    outer loop
      vertex   2.632352e+01 -1.520741e+01 2.600000e+00
      vertex   2.632352e+01 -1.520741e+01 5.000000e+00
      vertex   2.600000e+01 -1.525000e+01 2.600000e+00
    endloop
  endfacet
  facet normal 1.305262e-01 -9.914449e-01 0.000000e+00
    outer loop
      vertex   2.600000e+01 -1.525000e+01 2.600000e+00
      vertex   2.632352e+01 -1.520741e+01 5.000000e+00
      vertex   2.600000e+01 -1.525000e+01 5.000000e+00
    endloop
  endfacet
  facet normal -1.305262e-01 -9.914449e-01 0.000000e+00
    outer loop
      vertex   2.600000e+01 -1.525000e+01 2.600000e+00
      vertex   2.600000e+01 -1.525000e+01 5.000000e+00
      vertex   2.567648e+01 -1.520741e+01 2.600000e+00
    endloop
  endfacet
  facet normal -1.305262e-01 -9.914449e-01 0.000000e+00
    outer loop
      vertex   2.567648e+01 -1.520741e+01 2.600000e+00
      vertex   2.600000e+01 -1.525000e+01 5.000000e+00
      vertex   2.567648e+01 -1.520741e+01 5.000000e+00
    endloop
  endfacet
  facet normal -3.826834e-01 -9.238795e-01 0.000000e+00
    outer loop
      vertex   2.567648e+01 -1.520741e+01 2.600000e+00
      vertex   2.567648e+01 -1.520741e+01 5.000000e+00
      vertex   2.537500e+01 -1.508253e+01 2.600000e+00
    endloop
  endfacet
  facet normal -3.826834e-01 -9.238795e-01 0.000000e+00
    outer loop
      vertex   2.537500e+01 -1.508253e+01 2.600000e+00
      vertex   2.567648e+01 -1.520741e+01 5.000000e+00
      vertex   2.537500e+01 -1.508253e+01 5.000000e+00
    endloop
  endfacet
  facet normal -6.087614e-01 -7.933533e-01 0.000000e+00
    outer loop
      vertex   2.537500e+01 -1.508253e+01 2.600000e+00
      vertex   2.537500e+01 -1.508253e+01 5.000000e+00
      vertex   2.511612e+01 -1.488388e+01 2.600000e+00
    endloop
  endfacet
  facet normal -6.087614e-01 -7.933533e-01 0.000000e+00
    outer loop
      vertex   2.511612e+01 -1.488388e+01 2.600000e+00
      vertex   2.537500e+01 -1.508253e+01 5.000000e+00
      vertex   2.511612e+01 -1.488388e+01 5.000000e+00
    endloop
  endfacet
  facet normal -7.933533e-01 -6.087614e-01 0.000000e+00
    outer loop
      vertex   2.511612e+01 -1.488388e+01 2.600000e+00
      vertex   2.511612e+01 -1.488388e+01 5.000000e+00
      vertex   2.491747e+01 -1.462500e+01 2.600000e+00
    endloop
  endfacet
  facet normal -7.933533e-01 -6.087614e-01 0.000000e+00
    outer loop
      vertex   2.491747e+01 -1.462500e+01 2.600000e+00
      vertex   2.511612e+01 -1.488388e+01 5.000000e+00
      vertex   2.491747e+01 -1.462500e+01 5.000000e+00
    endloop
  endfacet
  facet normal -9.238795e-01 -3.826834e-01 0.000000e+00
    outer loop
      vertex   2.491747e+01 -1.462500e+01 2.600000e+00
      vertex   2.491747e+01 -1.462500e+01 5.000000e+00
      vertex   2.479259e+01 -1.432352e+01 2.600000e+00
    endloop
  endfacet
  facet normal -9.238795e-01 -3.826834e-01 0.000000e+00
    outer loop
      vertex   2.479259e+01 -1.432352e+01 2.600000e+00
      vertex   2.491747e+01 -1.462500e+01 5.000000e+00
      vertex   2.479259e+01 -1.432352e+01 5.000000e+00
    endloop
  endfacet
  facet normal 0.000000e+00 -0.000000e+00 -1.000000e+00
    outer loop
      vertex   2.479259e+01 -1.367648e+01 2.600000e+00
      vertex   2.720741e+01 -1.367648e+01 2.600000e+00
      vertex   2.475000e+01 -1.400000e+01 2.600000e+00
    endloop
  endfacet
  facet normal 0.000000e+00 0.000000e+00 -1.000000e+00
    outer loop
      vertex   2.475000e+01 -1.400000e+01 2.600000e+00
      vertex   2.720741e+01 -1.367648e+01 2.600000e+00
      vertex   2.725000e+01 -1.400000e+01 2.600000e+00
    endloop
  endfacet
  facet normal 0.000000e+00 0.000000e+00 -1.000000e+00
    outer loop
      vertex   2.475000e+01 -1.400000e+01 2.600000e+00
      vertex   2.725000e+01 -1.400000e+01 2.600000e+00
      vertex   2.479259e+01 -1.432352e+01 2.600000e+00
    endloop
  endfacet
  facet normal 0.000000e+00 0.000000e+00 -1.000000e+00
    outer loop
      vertex   2.479259e+01 -1.432352e+01 2.600000e+00
      vertex   2.725000e+01 -1.400000e+01 2.600000e+00
      vertex   2.720741e+01 -1.432352e+01 2.600000e+00
    endloop
  endfacet
  facet normal 0.000000e+00 0.000000e+00 -1.000000e+00
    outer loop
      vertex   2.479259e+01 -1.432352e+01 2.600000e+00
      vertex   2.720741e+01 -1.432352e+01 2.600000e+00
      vertex   2.491747e+01 -1.462500e+01 2.600000e+00
    endloop
  endfacet
  facet normal 0.000000e+00 0.000000e+00 -1.000000e+00
    outer loop
      vertex   2.491747e+01 -1.462500e+01 2.600000e+00
      vertex   2.720741e+01 -1.432352e+01 2.600000e+00
      vertex   2.708253e+01 -1.462500e+01 2.600000e+00
    endloop
  endfacet
  facet normal 0.000000e+00 0.000000e+00 -1.000000e+00
    outer loop
      vertex   2.491747e+01 -1.462500e+01 2.600000e+00
      vertex   2.708253e+01 -1.462500e+01 2.600000e+00
      vertex   2.511612e+01 -1.488388e+01 2.600000e+00
    endloop
  endfacet
  facet normal 0.000000e+00 0.000000e+00 -1.000000e+00
    outer loop
      vertex   2.511612e+01 -1.488388e+01 2.600000e+00
      vertex   2.708253e+01 -1.462500e+01 2.600000e+00
      vertex   2.688388e+01 -1.488388e+01 2.600000e+00
    endloop
  endfacet
  facet normal 0.000000e+00 0.000000e+00 -1.000000e+00
    outer loop
      vertex   2.511612e+01 -1.488388e+01 2.600000e+00
      vertex   2.688388e+01 -1.488388e+01 2.600000e+00
      vertex   2.537500e+01 -1.508253e+01 2.600000e+00
    endloop
  endfacet
  facet normal 0.000000e+00 0.000000e+00 -1.000000e+00
    outer loop
      vertex   2.537500e+01 -1.508253e+01 2.600000e+00
      vertex   2.688388e+01 -1.488388e+01 2.600000e+00
      vertex   2.662500e+01 -1.508253e+01 2.600000e+00
    endloop
  endfacet
  facet normal 0.000000e+00 0.000000e+00 -1.000000e+00
    outer loop
      vertex   2.537500e+01 -1.508253e+01 2.600000e+00
      vertex   2.662500e+01 -1.508253e+01 2.600000e+00
      vertex   2.567648e+01 -1.520741e+01 2.600000e+00
    endloop
  endfacet
  facet normal 0.000000e+00 0.000000e+00 -1.000000e+00
    outer loop
      vertex   2.567648e+01 -1.520741e+01 2.600000e+00
      vertex   2.662500e+01 -1.508253e+01 2.600000e+00
      vertex   2.632352e+01 -1.520741e+01 2.600000e+00
    endloop
  endfacet
  facet normal 0.000000e+00 0.000000e+00 -1.000000e+00
    outer loop
      vertex   2.567648e+01 -1.520741e+01 2.600000e+00
      vertex   2.632352e+01 -1.520741e+01 2.600000e+00
      vertex   2.600000e+01 -1.525000e+01 2.600000e+00
    endloop
  endfacet
  facet normal 0.000000e+00 0.000000e+00 -1.000000e+00
    outer loop
      vertex   2.720741e+01 -1.367648e+01 2.600000e+00
      vertex   2.479259e+01 -1.367648e+01 2.600000e+00
      vertex   2.708253e+01 -1.337500e+01 2.600000e+00
    endloop
  endfacet
  facet normal -0.000000e+00 0.000000e+00 -1.000000e+00
    outer loop
      vertex   2.708253e+01 -1.337500e+01 2.600000e+00
      vertex   2.479259e+01 -1.367648e+01 2.600000e+00
      vertex   2.491747e+01 -1.337500e+01 2.600000e+00
    endloop
  endfacet
  facet normal 0.000000e+00 0.000000e+00 -1.000000e+00
    outer loop
      vertex   2.708253e+01 -1.337500e+01 2.600000e+00
      vertex   2.491747e+01 -1.337500e+01 2.600000e+00
      vertex   2.688388e+01 -1.311612e+01 2.600000e+00
    endloop
  endfacet
  facet normal -0.000000e+00 0.000000e+00 -1.000000e+00
    outer loop
      vertex   2.688388e+01 -1.311612e+01 2.600000e+00
      vertex   2.491747e+01 -1.337500e+01 2.600000e+00
      vertex   2.511612e+01 -1.311612e+01 2.600000e+00
    endloop
  endfacet
  facet normal 0.000000e+00 0.000000e+00 -1.000000e+00
    outer loop
      vertex   2.688388e+01 -1.311612e+01 2.600000e+00
      vertex   2.511612e+01 -1.311612e+01 2.600000e+00
      vertex   2.662500e+01 -1.291747e+01 2.600000e+00
    endloop
  endfacet
  facet normal -0.000000e+00 0.000000e+00 -1.000000e+00
    outer loop
      vertex   2.662500e+01 -1.291747e+01 2.600000e+00
      vertex   2.511612e+01 -1.311612e+01 2.600000e+00
      vertex   2.537500e+01 -1.291747e+01 2.600000e+00
    endloop
  endfacet
  facet normal 0.000000e+00 0.000000e+00 -1.000000e+00
    outer loop
      vertex   2.662500e+01 -1.291747e+01 2.600000e+00
      vertex   2.537500e+01 -1.291747e+01 2.600000e+00
      vertex   2.632352e+01 -1.279259e+01 2.600000e+00
    endloop
  endfacet
  facet normal -0.000000e+00 0.000000e+00 -1.000000e+00
    outer loop
      vertex   2.632352e+01 -1.279259e+01 2.600000e+00
      vertex   2.537500e+01 -1.291747e+01 2.600000e+00
      vertex   2.567648e+01 -1.279259e+01 2.600000e+00
    endloop
  endfacet
  facet normal 0.000000e+00 0.000000e+00 -1.000000e+00
    outer loop
      vertex   2.632352e+01 -1.279259e+01 2.600000e+00
      vertex   2.567648e+01 -1.279259e+01 2.600000e+00
      vertex   2.600000e+01 -1.275000e+01 2.600000e+00
    endloop
  endfacet
  facet normal -9.914449e-01 -1.305262e-01 0.000000e+00
    outer loop
      vertex   -2.720741e+01 1.367648e+01 2.600000e+00
      vertex   -2.720741e+01 1.367648e+01 5.000000e+00
      vertex   -2.725000e+01 1.400000e+01 2.600000e+00
    endloop
  endfacet
  facet normal -9.914449e-01 -1.305262e-01 0.000000e+00
    outer loop
      vertex   -2.725000e+01 1.400000e+01 2.600000e+00
      vertex   -2.720741e+01 1.367648e+01 5.000000e+00
      vertex   -2.725000e+01 1.400000e+01 5.000000e+00
    endloop
  endfacet
  facet normal -9.914449e-01 1.305262e-01 0.000000e+00
    outer loop
      vertex   -2.725000e+01 1.400000e+01 2.600000e+00
      vertex   -2.725000e+01 1.400000e+01 5.000000e+00
      vertex   -2.720741e+01 1.432352e+01 2.600000e+00
    endloop
  endfacet
  facet normal -9.914449e-01 1.305262e-01 0.000000e+00
    outer loop
      vertex   -2.720741e+01 1.432352e+01 2.600000e+00
      vertex   -2.725000e+01 1.400000e+01 5.000000e+00
      vertex   -2.720741e+01 1.432352e+01 5.000000e+00
    endloop
  endfacet
  facet normal -9.238795e-01 3.826834e-01 0.000000e+00
    outer loop
      vertex   -2.720741e+01 1.432352e+01 2.600000e+00
      vertex   -2.720741e+01 1.432352e+01 5.000000e+00
      vertex   -2.708253e+01 1.462500e+01 2.600000e+00
    endloop
  endfacet
  facet normal -9.238795e-01 3.826834e-01 0.000000e+00
    outer loop
      vertex   -2.708253e+01 1.462500e+01 2.600000e+00
      vertex   -2.720741e+01 1.432352e+01 5.000000e+00
      vertex   -2.708253e+01 1.462500e+01 5.000000e+00
    endloop
  endfacet
  facet normal -7.933533e-01 6.087614e-01 0.000000e+00
    outer loop
      vertex   -2.708253e+01 1.462500e+01 2.600000e+00
      vertex   -2.708253e+01 1.462500e+01 5.000000e+00
      vertex   -2.688388e+01 1.488388e+01 2.600000e+00
    endloop
  endfacet
  facet normal -7.933533e-01 6.087614e-01 0.000000e+00
    outer loop
      vertex   -2.688388e+01 1.488388e+01 2.600000e+00
      vertex   -2.708253e+01 1.462500e+01 5.000000e+00
      vertex   -2.688388e+01 1.488388e+01 5.000000e+00
    endloop
  endfacet
  facet normal -6.087614e-01 7.933533e-01 0.000000e+00
    outer loop
      vertex   -2.688388e+01 1.488388e+01 2.600000e+00
      vertex   -2.688388e+01 1.488388e+01 5.000000e+00
      vertex   -2.662500e+01 1.508253e+01 2.600000e+00
    endloop
  endfacet
  facet normal -6.087614e-01 7.933533e-01 0.000000e+00
    outer loop
      vertex   -2.662500e+01 1.508253e+01 2.600000e+00
      vertex   -2.688388e+01 1.488388e+01 5.000000e+00
      vertex   -2.662500e+01 1.508253e+01 5.000000e+00
    endloop
  endfacet
  facet normal -3.826834e-01 9.238795e-01 0.000000e+00
    outer loop
      vertex   -2.662500e+01 1.508253e+01 2.600000e+00
      vertex   -2.662500e+01 1.508253e+01 5.000000e+00
      vertex   -2.632352e+01 1.520741e+01 2.600000e+00
    endloop
  endfacet
  facet normal -3.826834e-01 9.238795e-01 0.000000e+00
    outer loop
      vertex   -2.632352e+01 1.520741e+01 2.600000e+00
      vertex   -2.662500e+01 1.508253e+01 5.000000e+00
      vertex   -2.632352e+01 1.520741e+01 5.000000e+00
    endloop
  endfacet
  facet normal -1.305262e-01 9.914449e-01 0.000000e+00
    outer loop
      vertex   -2.632352e+01 1.520741e+01 2.600000e+00
      vertex   -2.632352e+01 1.520741e+01 5.000000e+00
      vertex   -2.600000e+01 1.525000e+01 2.600000e+00
    endloop
  endfacet
  facet normal -1.305262e-01 9.914449e-01 0.000000e+00
    outer loop
      vertex   -2.600000e+01 1.525000e+01 2.600000e+00
      vertex   -2.632352e+01 1.520741e+01 5.000000e+00
      vertex   -2.600000e+01 1.525000e+01 5.000000e+00
    endloop
  endfacet
  facet normal 1.305262e-01 9.914449e-01 -0.000000e+00
    outer loop
      vertex   -2.600000e+01 1.525000e+01 2.600000e+00
      vertex   -2.600000e+01 1.525000e+01 5.000000e+00
      vertex   -2.567648e+01 1.520741e+01 2.600000e+00
    endloop
  endfacet
  facet normal 1.305262e-01 9.914449e-01 -0.000000e+00
    outer loop
      vertex   -2.567648e+01 1.520741e+01 2.600000e+00
      vertex   -2.600000e+01 1.525000e+01 5.000000e+00
      vertex   -2.567648e+01 1.520741e+01 5.000000e+00
    endloop
  endfacet
  facet normal 3.826834e-01 9.238795e-01 -0.000000e+00
    outer loop
      vertex   -2.567648e+01 1.520741e+01 2.600000e+00
      vertex   -2.567648e+01 1.520741e+01 5.000000e+00
      vertex   -2.537500e+01 1.508253e+01 2.600000e+00
    endloop
  endfacet
  facet normal 3.826834e-01 9.238795e-01 -0.000000e+00
    outer loop
      vertex   -2.537500e+01 1.508253e+01 2.600000e+00
      vertex   -2.567648e+01 1.520741e+01 5.000000e+00
      vertex   -2.537500e+01 1.508253e+01 5.000000e+00
    endloop
  endfacet
  facet normal 6.087614e-01 7.933533e-01 -0.000000e+00
    outer loop
      vertex   -2.537500e+01 1.508253e+01 2.600000e+00
      vertex   -2.537500e+01 1.508253e+01 5.000000e+00
      vertex   -2.511612e+01 1.488388e+01 2.600000e+00
    endloop
  endfacet
  facet normal 6.087614e-01 7.933533e-01 -0.000000e+00
    outer loop
      vertex   -2.511612e+01 1.488388e+01 2.600000e+00
      vertex   -2.537500e+01 1.508253e+01 5.000000e+00
      vertex   -2.511612e+01 1.488388e+01 5.000000e+00
    endloop
  endfacet
  facet normal 7.933533e-01 6.087614e-01 -0.000000e+00
    outer loop
      vertex   -2.511612e+01 1.488388e+01 2.600000e+00
      vertex   -2.511612e+01 1.488388e+01 5.000000e+00
      vertex   -2.491747e+01 1.462500e+01 2.600000e+00
    endloop
  endfacet
  facet normal 7.933533e-01 6.087614e-01 -0.000000e+00
    outer loop
      vertex   -2.491747e+01 1.462500e+01 2.600000e+00
      vertex   -2.511612e+01 1.488388e+01 5.000000e+00
      vertex   -2.491747e+01 1.462500e+01 5.000000e+00
    endloop
  endfacet
  facet normal 9.238795e-01 3.826834e-01 -0.000000e+00
    outer loop
      vertex   -2.491747e+01 1.462500e+01 2.600000e+00
      vertex   -2.491747e+01 1.462500e+01 5.000000e+00
      vertex   -2.479259e+01 1.432352e+01 2.600000e+00
    endloop
  endfacet
  facet normal 9.238795e-01 3.826834e-01 -0.000000e+00
    outer loop
      vertex   -2.479259e+01 1.432352e+01 2.600000e+00
      vertex   -2.491747e+01 1.462500e+01 5.000000e+00
      vertex   -2.479259e+01 1.432352e+01 5.000000e+00
    endloop
  endfacet
  facet normal 9.914449e-01 1.305262e-01 -0.000000e+00
    outer loop
      vertex   -2.479259e+01 1.432352e+01 2.600000e+00
      vertex   -2.479259e+01 1.432352e+01 5.000000e+00
      vertex   -2.475000e+01 1.400000e+01 2.600000e+00
    endloop
  endfacet
  facet normal 9.914449e-01 1.305262e-01 -0.000000e+00
    outer loop
      vertex   -2.475000e+01 1.400000e+01 2.600000e+00
      vertex   -2.479259e+01 1.432352e+01 5.000000e+00
      vertex   -2.475000e+01 1.400000e+01 5.000000e+00
    endloop
  endfacet
  facet normal 9.914449e-01 -1.305262e-01 0.000000e+00
    outer loop
      vertex   -2.475000e+01 1.400000e+01 2.600000e+00
      vertex   -2.475000e+01 1.400000e+01 5.000000e+00
      vertex   -2.479259e+01 1.367648e+01 2.600000e+00
    endloop
  endfacet
  facet normal 9.914449e-01 -1.305262e-01 0.000000e+00
    outer loop
      vertex   -2.479259e+01 1.367648e+01 2.600000e+00
      vertex   -2.475000e+01 1.400000e+01 5.000000e+00
      vertex   -2.479259e+01 1.367648e+01 5.000000e+00
    endloop
  endfacet
  facet normal 9.238795e-01 -3.826834e-01 0.000000e+00
    outer loop
      vertex   -2.479259e+01 1.367648e+01 2.600000e+00
      vertex   -2.479259e+01 1.367648e+01 5.000000e+00
      vertex   -2.491747e+01 1.337500e+01 2.600000e+00
    endloop
  endfacet
  facet normal 9.238795e-01 -3.826834e-01 0.000000e+00
    outer loop
      vertex   -2.491747e+01 1.337500e+01 2.600000e+00
      vertex   -2.479259e+01 1.367648e+01 5.000000e+00
      vertex   -2.491747e+01 1.337500e+01 5.000000e+00
    endloop
  endfacet
  facet normal 7.933533e-01 -6.087614e-01 0.000000e+00
    outer loop
      vertex   -2.491747e+01 1.337500e+01 2.600000e+00
      vertex   -2.491747e+01 1.337500e+01 5.000000e+00
      vertex   -2.511612e+01 1.311612e+01 2.600000e+00
    endloop
  endfacet
  facet normal 7.933533e-01 -6.087614e-01 0.000000e+00
    outer loop
      vertex   -2.511612e+01 1.311612e+01 2.600000e+00
      vertex   -2.491747e+01 1.337500e+01 5.000000e+00
      vertex   -2.511612e+01 1.311612e+01 5.000000e+00
    endloop
  endfacet
  facet normal 6.087614e-01 -7.933533e-01 0.000000e+00
    outer loop
      vertex   -2.511612e+01 1.311612e+01 2.600000e+00
      vertex   -2.511612e+01 1.311612e+01 5.000000e+00
      vertex   -2.537500e+01 1.291747e+01 2.600000e+00
    endloop
  endfacet
  facet normal 6.087614e-01 -7.933533e-01 0.000000e+00
    outer loop
      vertex   -2.537500e+01 1.291747e+01 2.600000e+00
      vertex   -2.511612e+01 1.311612e+01 5.000000e+00
      vertex   -2.537500e+01 1.291747e+01 5.000000e+00
    endloop
  endfacet
  facet normal 3.826834e-01 -9.238795e-01 0.000000e+00
    outer loop
      vertex   -2.537500e+01 1.291747e+01 2.600000e+00
      vertex   -2.537500e+01 1.291747e+01 5.000000e+00
      vertex   -2.567648e+01 1.279259e+01 2.600000e+00
    endloop
  endfacet
  facet normal 3.826834e-01 -9.238795e-01 0.000000e+00
    outer loop
      vertex   -2.567648e+01 1.279259e+01 2.600000e+00
      vertex   -2.537500e+01 1.291747e+01 5.000000e+00
      vertex   -2.567648e+01 1.279259e+01 5.000000e+00
    endloop
  endfacet
  facet normal 1.305262e-01 -9.914449e-01 0.000000e+00
    outer loop
      vertex   -2.567648e+01 1.279259e+01 2.600000e+00
      vertex   -2.567648e+01 1.279259e+01 5.000000e+00
      vertex   -2.600000e+01 1.275000e+01 2.600000e+00
    endloop
  endfacet
  facet normal 1.305262e-01 -9.914449e-01 0.000000e+00
    outer loop
      vertex   -2.600000e+01 1.275000e+01 2.600000e+00
      vertex   -2.567648e+01 1.279259e+01 5.000000e+00
      vertex   -2.600000e+01 1.275000e+01 5.000000e+00
    endloop
  endfacet
  facet normal -1.305262e-01 -9.914449e-01 0.000000e+00
    outer loop
      vertex   -2.600000e+01 1.275000e+01 2.600000e+00
      vertex   -2.600000e+01 1.275000e+01 5.000000e+00
      vertex   -2.632352e+01 1.279259e+01 2.600000e+00
    endloop
  endfacet
  facet normal -1.305262e-01 -9.914449e-01 0.000000e+00
    outer loop
      vertex   -2.632352e+01 1.279259e+01 2.600000e+00
      vertex   -2.600000e+01 1.275000e+01 5.000000e+00
      vertex   -2.632352e+01 1.279259e+01 5.000000e+00
    endloop
  endfacet
  facet normal -3.826834e-01 -9.238795e-01 0.000000e+00
    outer loop
      vertex   -2.632352e+01 1.279259e+01 2.600000e+00
      vertex   -2.632352e+01 1.279259e+01 5.000000e+00
      vertex   -2.662500e+01 1.291747e+01 2.600000e+00
    endloop
  endfacet
  facet normal -3.826834e-01 -9.238795e-01 0.000000e+00
    outer loop
      vertex   -2.662500e+01 1.291747e+01 2.600000e+00
      vertex   -2.632352e+01 1.279259e+01 5.000000e+00
      vertex   -2.662500e+01 1.291747e+01 5.000000e+00
    endloop
  endfacet
  facet normal -6.087614e-01 -7.933533e-01 0.000000e+00
    outer loop
      vertex   -2.662500e+01 1.291747e+01 2.600000e+00
      vertex   -2.662500e+01 1.291747e+01 5.000000e+00
      vertex   -2.688388e+01 1.311612e+01 2.600000e+00
    endloop
  endfacet
  facet normal -6.087614e-01 -7.933533e-01 0.000000e+00
    outer loop
      vertex   -2.688388e+01 1.311612e+01 2.600000e+00
      vertex   -2.662500e+01 1.291747e+01 5.000000e+00
      vertex   -2.688388e+01 1.311612e+01 5.000000e+00
    endloop
  endfacet
  facet normal -7.933533e-01 -6.087614e-01 0.000000e+00
    outer loop
      vertex   -2.688388e+01 1.311612e+01 2.600000e+00
      vertex   -2.688388e+01 1.311612e+01 5.000000e+00
      vertex   -2.708253e+01 1.337500e+01 2.600000e+00
    endloop
  endfacet
  facet normal -7.933533e-01 -6.087614e-01 0.000000e+00
    outer loop
      vertex   -2.708253e+01 1.337500e+01 2.600000e+00
      vertex   -2.688388e+01 1.311612e+01 5.000000e+00
      vertex   -2.708253e+01 1.337500e+01 5.000000e+00
    endloop
  endfacet
  facet normal -9.238795e-01 -3.826834e-01 0.000000e+00
    outer loop
      vertex   -2.708253e+01 1.337500e+01 2.600000e+00
      vertex   -2.708253e+01 1.337500e+01 5.000000e+00
      vertex   -2.720741e+01 1.367648e+01 2.600000e+00
    endloop
  endfacet
  facet normal -9.238795e-01 -3.826834e-01 0.000000e+00
    outer loop
      vertex   -2.720741e+01 1.367648e+01 2.600000e+00
      vertex   -2.708253e+01 1.337500e+01 5.000000e+00
      vertex   -2.720741e+01 1.367648e+01 5.000000e+00
    endloop
  endfacet
  facet normal 0.000000e+00 -0.000000e+00 -1.000000e+00
    outer loop
      vertex   -2.720741e+01 1.432352e+01 2.600000e+00
      vertex   -2.479259e+01 1.432352e+01 2.600000e+00
      vertex   -2.725000e+01 1.400000e+01 2.600000e+00
    endloop
  endfacet
  facet normal 0.000000e+00 0.000000e+00 -1.000000e+00
    outer loop
      vertex   -2.725000e+01 1.400000e+01 2.600000e+00
      vertex   -2.479259e+01 1.432352e+01 2.600000e+00
      vertex   -2.475000e+01 1.400000e+01 2.600000e+00
    endloop
  endfacet
  facet normal 0.000000e+00 0.000000e+00 -1.000000e+00
    outer loop
      vertex   -2.725000e+01 1.400000e+01 2.600000e+00
      vertex   -2.475000e+01 1.400000e+01 2.600000e+00
      vertex   -2.720741e+01 1.367648e+01 2.600000e+00
    endloop
  endfacet
  facet normal 0.000000e+00 0.000000e+00 -1.000000e+00
    outer loop
      vertex   -2.720741e+01 1.367648e+01 2.600000e+00
      vertex   -2.475000e+01 1.400000e+01 2.600000e+00
      vertex   -2.479259e+01 1.367648e+01 2.600000e+00
    endloop
  endfacet
  facet normal 0.000000e+00 0.000000e+00 -1.000000e+00
    outer loop
      vertex   -2.720741e+01 1.367648e+01 2.600000e+00
      vertex   -2.479259e+01 1.367648e+01 2.600000e+00
      vertex   -2.708253e+01 1.337500e+01 2.600000e+00
    endloop
  endfacet
  facet normal 0.000000e+00 0.000000e+00 -1.000000e+00
    outer loop
      vertex   -2.708253e+01 1.337500e+01 2.600000e+00
      vertex   -2.479259e+01 1.367648e+01 2.600000e+00
      vertex   -2.491747e+01 1.337500e+01 2.600000e+00
    endloop
  endfacet
  facet normal 0.000000e+00 0.000000e+00 -1.000000e+00
    outer loop
      vertex   -2.708253e+01 1.337500e+01 2.600000e+00
      vertex   -2.491747e+01 1.337500e+01 2.600000e+00
      vertex   -2.688388e+01 1.311612e+01 2.600000e+00
    endloop
  endfacet
  facet normal 0.000000e+00 0.000000e+00 -1.000000e+00
    outer loop
      vertex   -2.688388e+01 1.311612e+01 2.600000e+00
      vertex   -2.491747e+01 1.337500e+01 2.600000e+00
      vertex   -2.511612e+01 1.311612e+01 2.600000e+00
    endloop
  endfacet
  facet normal 0.000000e+00 0.000000e+00 -1.000000e+00
    outer loop
      vertex   -2.688388e+01 1.311612e+01 2.600000e+00
      vertex   -2.511612e+01 1.311612e+01 2.600000e+00
      vertex   -2.662500e+01 1.291747e+01 2.600000e+00
    endloop
  endfacet
  facet normal 0.000000e+00 0.000000e+00 -1.000000e+00
    outer loop
      vertex   -2.662500e+01 1.291747e+01 2.600000e+00
      vertex   -2.511612e+01 1.311612e+01 2.600000e+00
      vertex   -2.537500e+01 1.291747e+01 2.600000e+00
    endloop
  endfacet
  facet normal 0.000000e+00 0.000000e+00 -1.000000e+00
    outer loop
      vertex   -2.662500e+01 1.291747e+01 2.600000e+00
      vertex   -2.537500e+01 1.291747e+01 2.600000e+00
      vertex   -2.632352e+01 1.279259e+01 2.600000e+00
    endloop
  endfacet
  facet normal 0.000000e+00 0.000000e+00 -1.000000e+00
    outer loop
      vertex   -2.632352e+01 1.279259e+01 2.600000e+00
      vertex   -2.537500e+01 1.291747e+01 2.600000e+00
      vertex   -2.567648e+01 1.279259e+01 2.600000e+00
    endloop
  endfacet
  facet normal 0.000000e+00 0.000000e+00 -1.000000e+00
    outer loop
      vertex   -2.632352e+01 1.279259e+01 2.600000e+00
      vertex   -2.567648e+01 1.279259e+01 2.600000e+00
      vertex   -2.600000e+01 1.275000e+01 2.600000e+00
    endloop
  endfacet
  facet normal 0.000000e+00 0.000000e+00 -1.000000e+00
    outer loop
      vertex   -2.479259e+01 1.432352e+01 2.600000e+00
      vertex   -2.720741e+01 1.432352e+01 2.600000e+00
      vertex   -2.491747e+01 1.462500e+01 2.600000e+00
    endloop
  endfacet
  facet normal -0.000000e+00 0.000000e+00 -1.000000e+00
    outer loop
      vertex   -2.491747e+01 1.462500e+01 2.600000e+00
      vertex   -2.720741e+01 1.432352e+01 2.600000e+00
      vertex   -2.708253e+01 1.462500e+01 2.600000e+00
    endloop
  endfacet
  facet normal 0.000000e+00 0.000000e+00 -1.000000e+00
    outer loop
      vertex   -2.491747e+01 1.462500e+01 2.600000e+00
      vertex   -2.708253e+01 1.462500e+01 2.600000e+00
      vertex   -2.511612e+01 1.488388e+01 2.600000e+00
    endloop
  endfacet
  facet normal -0.000000e+00 0.000000e+00 -1.000000e+00
    outer loop
      vertex   -2.511612e+01 1.488388e+01 2.600000e+00
      vertex   -2.708253e+01 1.462500e+01 2.600000e+00
      vertex   -2.688388e+01 1.488388e+01 2.600000e+00
    endloop
  endfacet
  facet normal 0.000000e+00 0.000000e+00 -1.000000e+00
    outer loop
      vertex   -2.511612e+01 1.488388e+01 2.600000e+00
      vertex   -2.688388e+01 1.488388e+01 2.600000e+00
      vertex   -2.537500e+01 1.508253e+01 2.600000e+00
    endloop
  endfacet
  facet normal -0.000000e+00 0.000000e+00 -1.000000e+00
    outer loop
      vertex   -2.537500e+01 1.508253e+01 2.600000e+00
      vertex   -2.688388e+01 1.488388e+01 2.600000e+00
      vertex   -2.662500e+01 1.508253e+01 2.600000e+00
    endloop
  endfacet
  facet normal 0.000000e+00 0.000000e+00 -1.000000e+00
    outer loop
      vertex   -2.537500e+01 1.508253e+01 2.600000e+00
      vertex   -2.662500e+01 1.508253e+01 2.600000e+00
      vertex   -2.567648e+01 1.520741e+01 2.600000e+00
    endloop
  endfacet
  facet normal -0.000000e+00 0.000000e+00 -1.000000e+00
    outer loop
      vertex   -2.567648e+01 1.520741e+01 2.600000e+00
      vertex   -2.662500e+01 1.508253e+01 2.600000e+00
      vertex   -2.632352e+01 1.520741e+01 2.600000e+00
    endloop
  endfacet
  facet normal 0.000000e+00 0.000000e+00 -1.000000e+00
    outer loop
      vertex   -2.567648e+01 1.520741e+01 2.600000e+00
      vertex   -2.632352e+01 1.520741e+01 2.600000e+00
      vertex   -2.600000e+01 1.525000e+01 2.600000e+00
    endloop
  endfacet
  facet normal -9.914449e-01 -1.305262e-01 0.000000e+00
    outer loop
      vertex   2.479259e+01 1.367648e+01 2.600000e+00
      vertex   2.479259e+01 1.367648e+01 5.000000e+00
      vertex   2.475000e+01 1.400000e+01 2.600000e+00
    endloop
  endfacet
  facet normal -9.914449e-01 -1.305262e-01 0.000000e+00
    outer loop
      vertex   2.475000e+01 1.400000e+01 2.600000e+00
      vertex   2.479259e+01 1.367648e+01 5.000000e+00
      vertex   2.475000e+01 1.400000e+01 5.000000e+00
    endloop
  endfacet
  facet normal -9.914449e-01 1.305262e-01 0.000000e+00
    outer loop
      vertex   2.475000e+01 1.400000e+01 2.600000e+00
      vertex   2.475000e+01 1.400000e+01 5.000000e+00
      vertex   2.479259e+01 1.432352e+01 2.600000e+00
    endloop
  endfacet
  facet normal -9.914449e-01 1.305262e-01 0.000000e+00
    outer loop
      vertex   2.479259e+01 1.432352e+01 2.600000e+00
      vertex   2.475000e+01 1.400000e+01 5.000000e+00
      vertex   2.479259e+01 1.432352e+01 5.000000e+00
    endloop
  endfacet
  facet normal -9.238795e-01 3.826834e-01 0.000000e+00
    outer loop
      vertex   2.479259e+01 1.432352e+01 2.600000e+00
      vertex   2.479259e+01 1.432352e+01 5.000000e+00
      vertex   2.491747e+01 1.462500e+01 2.600000e+00
    endloop
  endfacet
  facet normal -9.238795e-01 3.826834e-01 0.000000e+00
    outer loop
      vertex   2.491747e+01 1.462500e+01 2.600000e+00
      vertex   2.479259e+01 1.432352e+01 5.000000e+00
      vertex   2.491747e+01 1.462500e+01 5.000000e+00
    endloop
  endfacet
  facet normal -7.933533e-01 6.087614e-01 0.000000e+00
    outer loop
      vertex   2.491747e+01 1.462500e+01 2.600000e+00
      vertex   2.491747e+01 1.462500e+01 5.000000e+00
      vertex   2.511612e+01 1.488388e+01 2.600000e+00
    endloop
  endfacet
  facet normal -7.933533e-01 6.087614e-01 0.000000e+00
    outer loop
      vertex   2.511612e+01 1.488388e+01 2.600000e+00
      vertex   2.491747e+01 1.462500e+01 5.000000e+00
      vertex   2.511612e+01 1.488388e+01 5.000000e+00
    endloop
  endfacet
  facet normal -6.087614e-01 7.933533e-01 0.000000e+00
    outer loop
      vertex   2.511612e+01 1.488388e+01 2.600000e+00
      vertex   2.511612e+01 1.488388e+01 5.000000e+00
      vertex   2.537500e+01 1.508253e+01 2.600000e+00
    endloop
  endfacet
  facet normal -6.087614e-01 7.933533e-01 0.000000e+00
    outer loop
      vertex   2.537500e+01 1.508253e+01 2.600000e+00
      vertex   2.511612e+01 1.488388e+01 5.000000e+00
      vertex   2.537500e+01 1.508253e+01 5.000000e+00
    endloop
  endfacet
  facet normal -3.826834e-01 9.238795e-01 0.000000e+00
    outer loop
      vertex   2.537500e+01 1.508253e+01 2.600000e+00
      vertex   2.537500e+01 1.508253e+01 5.000000e+00
      vertex   2.567648e+01 1.520741e+01 2.600000e+00
    endloop
  endfacet
  facet normal -3.826834e-01 9.238795e-01 0.000000e+00
    outer loop
      vertex   2.567648e+01 1.520741e+01 2.600000e+00
      vertex   2.537500e+01 1.508253e+01 5.000000e+00
      vertex   2.567648e+01 1.520741e+01 5.000000e+00
    endloop
  endfacet
  facet normal -1.305262e-01 9.914449e-01 0.000000e+00
    outer loop
      vertex   2.567648e+01 1.520741e+01 2.600000e+00
      vertex   2.567648e+01 1.520741e+01 5.000000e+00
      vertex   2.600000e+01 1.525000e+01 2.600000e+00
    endloop
  endfacet
  facet normal -1.305262e-01 9.914449e-01 0.000000e+00
    outer loop
      vertex   2.600000e+01 1.525000e+01 2.600000e+00
      vertex   2.567648e+01 1.520741e+01 5.000000e+00
      vertex   2.600000e+01 1.525000e+01 5.000000e+00
    endloop
  endfacet
  facet normal 1.305262e-01 9.914449e-01 -0.000000e+00
    outer loop
      vertex   2.600000e+01 1.525000e+01 2.600000e+00
      vertex   2.600000e+01 1.525000e+01 5.000000e+00
      vertex   2.632352e+01 1.520741e+01 2.600000e+00
    endloop
  endfacet
  facet normal 1.305262e-01 9.914449e-01 -0.000000e+00
    outer loop
      vertex   2.632352e+01 1.520741e+01 2.600000e+00
      vertex   2.600000e+01 1.525000e+01 5.000000e+00
      vertex   2.632352e+01 1.520741e+01 5.000000e+00
    endloop
  endfacet
  facet normal 3.826834e-01 9.238795e-01 -0.000000e+00
    outer loop
      vertex   2.632352e+01 1.520741e+01 2.600000e+00
      vertex   2.632352e+01 1.520741e+01 5.000000e+00
      vertex   2.662500e+01 1.508253e+01 2.600000e+00
    endloop
  endfacet
  facet normal 3.826834e-01 9.238795e-01 -0.000000e+00
    outer loop
      vertex   2.662500e+01 1.508253e+01 2.600000e+00
      vertex   2.632352e+01 1.520741e+01 5.000000e+00
      vertex   2.662500e+01 1.508253e+01 5.000000e+00
    endloop
  endfacet
  facet normal 6.087614e-01 7.933533e-01 -0.000000e+00
    outer loop
      vertex   2.662500e+01 1.508253e+01 2.600000e+00
      vertex   2.662500e+01 1.508253e+01 5.000000e+00
      vertex   2.688388e+01 1.488388e+01 2.600000e+00
    endloop
  endfacet
  facet normal 6.087614e-01 7.933533e-01 -0.000000e+00
    outer loop
      vertex   2.688388e+01 1.488388e+01 2.600000e+00
      vertex   2.662500e+01 1.508253e+01 5.000000e+00
      vertex   2.688388e+01 1.488388e+01 5.000000e+00
    endloop
  endfacet
  facet normal 7.933533e-01 6.087614e-01 -0.000000e+00
    outer loop
      vertex   2.688388e+01 1.488388e+01 2.600000e+00
      vertex   2.688388e+01 1.488388e+01 5.000000e+00
      vertex   2.708253e+01 1.462500e+01 2.600000e+00
    endloop
  endfacet
  facet normal 7.933533e-01 6.087614e-01 -0.000000e+00
    outer loop
      vertex   2.708253e+01 1.462500e+01 2.600000e+00
      vertex   2.688388e+01 1.488388e+01 5.000000e+00
      vertex   2.708253e+01 1.462500e+01 5.000000e+00
    endloop
  endfacet
  facet normal 9.238795e-01 3.826834e-01 -0.000000e+00
    outer loop
      vertex   2.708253e+01 1.462500e+01 2.600000e+00
      vertex   2.708253e+01 1.462500e+01 5.000000e+00
      vertex   2.720741e+01 1.432352e+01 2.600000e+00
    endloop
  endfacet
  facet normal 9.238795e-01 3.826834e-01 -0.000000e+00
    outer loop
      vertex   2.720741e+01 1.432352e+01 2.600000e+00
      vertex   2.708253e+01 1.462500e+01 5.000000e+00
      vertex   2.720741e+01 1.432352e+01 5.000000e+00
    endloop
  endfacet
  facet normal 9.914449e-01 1.305262e-01 -0.000000e+00
    outer loop
      vertex   2.720741e+01 1.432352e+01 2.600000e+00
      vertex   2.720741e+01 1.432352e+01 5.000000e+00
      vertex   2.725000e+01 1.400000e+01 2.600000e+00
    endloop
  endfacet
  facet normal 9.914449e-01 1.305262e-01 -0.000000e+00
    outer loop
      vertex   2.725000e+01 1.400000e+01 2.600000e+00
      vertex   2.720741e+01 1.432352e+01 5.000000e+00
      vertex   2.725000e+01 1.400000e+01 5.000000e+00
    endloop
  endfacet
  facet normal 9.914449e-01 -1.305262e-01 0.000000e+00
    outer loop
      vertex   2.725000e+01 1.400000e+01 2.600000e+00
      vertex   2.725000e+01 1.400000e+01 5.000000e+00
      vertex   2.720741e+01 1.367648e+01 2.600000e+00
    endloop
  endfacet
  facet normal 9.914449e-01 -1.305262e-01 0.000000e+00
    outer loop
      vertex   2.720741e+01 1.367648e+01 2.600000e+00
      vertex   2.725000e+01 1.400000e+01 5.000000e+00
      vertex   2.720741e+01 1.367648e+01 5.000000e+00
    endloop
  endfacet
  facet normal 9.238795e-01 -3.826834e-01 0.000000e+00
    outer loop
      vertex   2.720741e+01 1.367648e+01 2.600000e+00
      vertex   2.720741e+01 1.367648e+01 5.000000e+00
      vertex   2.708253e+01 1.337500e+01 2.600000e+00
    endloop
  endfacet
  facet normal 9.238795e-01 -3.826834e-01 0.000000e+00
    outer loop
      vertex   2.708253e+01 1.337500e+01 2.600000e+00
      vertex   2.720741e+01 1.367648e+01 5.000000e+00
      vertex   2.708253e+01 1.337500e+01 5.000000e+00
    endloop
  endfacet
  facet normal 7.933533e-01 -6.087614e-01 0.000000e+00
    outer loop
      vertex   2.708253e+01 1.337500e+01 2.600000e+00
      vertex   2.708253e+01 1.337500e+01 5.000000e+00
      vertex   2.688388e+01 1.311612e+01 2.600000e+00
    endloop
  endfacet
  facet normal 7.933533e-01 -6.087614e-01 0.000000e+00
    outer loop
      vertex   2.688388e+01 1.311612e+01 2.600000e+00
      vertex   2.708253e+01 1.337500e+01 5.000000e+00
      vertex   2.688388e+01 1.311612e+01 5.000000e+00
    endloop
  endfacet
  facet normal 6.087614e-01 -7.933533e-01 0.000000e+00
    outer loop
      vertex   2.688388e+01 1.311612e+01 2.600000e+00
      vertex   2.688388e+01 1.311612e+01 5.000000e+00
      vertex   2.662500e+01 1.291747e+01 2.600000e+00
    endloop
  endfacet
  facet normal 6.087614e-01 -7.933533e-01 0.000000e+00
    outer loop
      vertex   2.662500e+01 1.291747e+01 2.600000e+00
      vertex   2.688388e+01 1.311612e+01 5.000000e+00
      vertex   2.662500e+01 1.291747e+01 5.000000e+00
    endloop
  endfacet
  facet normal 3.826834e-01 -9.238795e-01 0.000000e+00
    outer loop
      vertex   2.662500e+01 1.291747e+01 2.600000e+00
      vertex   2.662500e+01 1.291747e+01 5.000000e+00
      vertex   2.632352e+01 1.279259e+01 2.600000e+00
    endloop
  endfacet
  facet normal 3.826834e-01 -9.238795e-01 0.000000e+00
    outer loop
      vertex   2.632352e+01 1.279259e+01 2.600000e+00
      vertex   2.662500e+01 1.291747e+01 5.000000e+00
      vertex   2.632352e+01 1.279259e+01 5.000000e+00
    endloop
  endfacet
  facet normal 1.305262e-01 -9.914449e-01 0.000000e+00
    outer loop
      vertex   2.632352e+01 1.279259e+01 2.600000e+00
      vertex   2.632352e+01 1.279259e+01 5.000000e+00
      vertex   2.600000e+01 1.275000e+01 2.600000e+00
    endloop
  endfacet
  facet normal 1.305262e-01 -9.914449e-01 0.000000e+00
    outer loop
      vertex   2.600000e+01 1.275000e+01 2.600000e+00
      vertex   2.632352e+01 1.279259e+01 5.000000e+00
      vertex   2.600000e+01 1.275000e+01 5.000000e+00
    endloop
  endfacet
  facet normal -1.305262e-01 -9.914449e-01 0.000000e+00
    outer loop
      vertex   2.600000e+01 1.275000e+01 2.600000e+00
      vertex   2.600000e+01 1.275000e+01 5.000000e+00
      vertex   2.567648e+01 1.279259e+01 2.600000e+00
    endloop
  endfacet
  facet normal -1.305262e-01 -9.914449e-01 0.000000e+00
    outer loop
      vertex   2.567648e+01 1.279259e+01 2.600000e+00
      vertex   2.600000e+01 1.275000e+01 5.000000e+00
      vertex   2.567648e+01 1.279259e+01 5.000000e+00
    endloop
  endfacet
  facet normal -3.826834e-01 -9.238795e-01 0.000000e+00
    outer loop
      vertex   2.567648e+01 1.279259e+01 2.600000e+00
      vertex   2.567648e+01 1.279259e+01 5.000000e+00
      vertex   2.537500e+01 1.291747e+01 2.600000e+00
    endloop
  endfacet
  facet normal -3.826834e-01 -9.238795e-01 0.000000e+00
    outer loop
      vertex   2.537500e+01 1.291747e+01 2.600000e+00
      vertex   2.567648e+01 1.279259e+01 5.000000e+00
      vertex   2.537500e+01 1.291747e+01 5.000000e+00
    endloop
  endfacet
  facet normal -6.087614e-01 -7.933533e-01 0.000000e+00
    outer loop
      vertex   2.537500e+01 1.291747e+01 2.600000e+00
      vertex   2.537500e+01 1.291747e+01 5.000000e+00
      vertex   2.511612e+01 1.311612e+01 2.600000e+00
    endloop
  endfacet
  facet normal -6.087614e-01 -7.933533e-01 0.000000e+00
    outer loop
      vertex   2.511612e+01 1.311612e+01 2.600000e+00
      vertex   2.537500e+01 1.291747e+01 5.000000e+00
      vertex   2.511612e+01 1.311612e+01 5.000000e+00
    endloop
  endfacet
  facet normal -7.933533e-01 -6.087614e-01 0.000000e+00
    outer loop
      vertex   2.511612e+01 1.311612e+01 2.600000e+00
      vertex   2.511612e+01 1.311612e+01 5.000000e+00
      vertex   2.491747e+01 1.337500e+01 2.600000e+00
    endloop
  endfacet
  facet normal -7.933533e-01 -6.087614e-01 0.000000e+00
    outer loop
      vertex   2.491747e+01 1.337500e+01 2.600000e+00
      vertex   2.511612e+01 1.311612e+01 5.000000e+00
      vertex   2.491747e+01 1.337500e+01 5.000000e+00
    endloop
  endfacet
  facet normal -9.238795e-01 -3.826834e-01 0.000000e+00
    outer loop
      vertex   2.491747e+01 1.337500e+01 2.600000e+00
      vertex   2.491747e+01 1.337500e+01 5.000000e+00
      vertex   2.479259e+01 1.367648e+01 2.600000e+00
    endloop
  endfacet
  facet normal -9.238795e-01 -3.826834e-01 0.000000e+00
    outer loop
      vertex   2.479259e+01 1.367648e+01 2.600000e+00
      vertex   2.491747e+01 1.337500e+01 5.000000e+00
      vertex   2.479259e+01 1.367648e+01 5.000000e+00
    endloop
  endfacet
  facet normal 0.000000e+00 -0.000000e+00 -1.000000e+00
    outer loop
      vertex   2.479259e+01 1.432352e+01 2.600000e+00
      vertex   2.720741e+01 1.432352e+01 2.600000e+00
      vertex   2.475000e+01 1.400000e+01 2.600000e+00
    endloop
  endfacet
  facet normal 0.000000e+00 0.000000e+00 -1.000000e+00
    outer loop
      vertex   2.475000e+01 1.400000e+01 2.600000e+00
      vertex   2.720741e+01 1.432352e+01 2.600000e+00
      vertex   2.725000e+01 1.400000e+01 2.600000e+00
    endloop
  endfacet
  facet normal 0.000000e+00 0.000000e+00 -1.000000e+00
    outer loop
      vertex   2.475000e+01 1.400000e+01 2.600000e+00
      vertex   2.725000e+01 1.400000e+01 2.600000e+00
      vertex   2.479259e+01 1.367648e+01 2.600000e+00
    endloop
  endfacet
  facet normal 0.000000e+00 0.000000e+00 -1.000000e+00
    outer loop
      vertex   2.479259e+01 1.367648e+01 2.600000e+00
      vertex   2.725000e+01 1.400000e+01 2.600000e+00
      vertex   2.720741e+01 1.367648e+01 2.600000e+00
    endloop
  endfacet
  facet normal 0.000000e+00 0.000000e+00 -1.000000e+00
    outer loop
      vertex   2.479259e+01 1.367648e+01 2.600000e+00
      vertex   2.720741e+01 1.367648e+01 2.600000e+00
      vertex   2.491747e+01 1.337500e+01 2.600000e+00
    endloop
  endfacet
  facet normal 0.000000e+00 0.000000e+00 -1.000000e+00
    outer loop
      vertex   2.491747e+01 1.337500e+01 2.600000e+00
      vertex   2.720741e+01 1.367648e+01 2.600000e+00
      vertex   2.708253e+01 1.337500e+01 2.600000e+00
    endloop
  endfacet
  facet normal 0.000000e+00 0.000000e+00 -1.000000e+00
    outer loop
      vertex   2.491747e+01 1.337500e+01 2.600000e+00
      vertex   2.708253e+01 1.337500e+01 2.600000e+00
      vertex   2.511612e+01 1.311612e+01 2.600000e+00
    endloop
  endfacet
  facet normal 0.000000e+00 0.000000e+00 -1.000000e+00
    outer loop
      vertex   2.511612e+01 1.311612e+01 2.600000e+00
      vertex   2.708253e+01 1.337500e+01 2.600000e+00
      vertex   2.688388e+01 1.311612e+01 2.600000e+00
    endloop
  endfacet
  facet normal 0.000000e+00 0.000000e+00 -1.000000e+00
    outer loop
      vertex   2.511612e+01 1.311612e+01 2.600000e+00
      vertex   2.688388e+01 1.311612e+01 2.600000e+00
      vertex   2.537500e+01 1.291747e+01 2.600000e+00
    endloop
  endfacet
  facet normal 0.000000e+00 0.000000e+00 -1.000000e+00
    outer loop
      vertex   2.537500e+01 1.291747e+01 2.600000e+00
      vertex   2.688388e+01 1.311612e+01 2.600000e+00
      vertex   2.662500e+01 1.291747e+01 2.600000e+00
    endloop
  endfacet
  facet normal 0.000000e+00 0.000000e+00 -1.000000e+00
    outer loop
      vertex   2.537500e+01 1.291747e+01 2.600000e+00
      vertex   2.662500e+01 1.291747e+01 2.600000e+00
      vertex   2.567648e+01 1.279259e+01 2.600000e+00
    endloop
  endfacet
  facet normal 0.000000e+00 0.000000e+00 -1.000000e+00
    outer loop
      vertex   2.567648e+01 1.279259e+01 2.600000e+00
      vertex   2.662500e+01 1.291747e+01 2.600000e+00
      vertex   2.632352e+01 1.279259e+01 2.600000e+00
    endloop
  endfacet
  facet normal 0.000000e+00 0.000000e+00 -1.000000e+00
    outer loop
      vertex   2.567648e+01 1.279259e+01 2.600000e+00
      vertex   2.632352e+01 1.279259e+01 2.600000e+00
      vertex   2.600000e+01 1.275000e+01 2.600000e+00
    endloop
  endfacet
  facet normal 0.000000e+00 0.000000e+00 -1.000000e+00
    outer loop
      vertex   2.720741e+01 1.432352e+01 2.600000e+00
      vertex   2.479259e+01 1.432352e+01 2.600000e+00
      vertex   2.708253e+01 1.462500e+01 2.600000e+00
    endloop
  endfacet
  facet normal -0.000000e+00 0.000000e+00 -1.000000e+00
    outer loop
      vertex   2.708253e+01 1.462500e+01 2.600000e+00
      vertex   2.479259e+01 1.432352e+01 2.600000e+00
      vertex   2.491747e+01 1.462500e+01 2.600000e+00
    endloop
  endfacet
  facet normal 0.000000e+00 0.000000e+00 -1.000000e+00
    outer loop
      vertex   2.708253e+01 1.462500e+01 2.600000e+00
      vertex   2.491747e+01 1.462500e+01 2.600000e+00
      vertex   2.688388e+01 1.488388e+01 2.600000e+00
    endloop
  endfacet
  facet normal -0.000000e+00 0.000000e+00 -1.000000e+00
    outer loop
      vertex   2.688388e+01 1.488388e+01 2.600000e+00
      vertex   2.491747e+01 1.462500e+01 2.600000e+00
      vertex   2.511612e+01 1.488388e+01 2.600000e+00
    endloop
  endfacet
  facet normal 0.000000e+00 0.000000e+00 -1.000000e+00
    outer loop
      vertex   2.688388e+01 1.488388e+01 2.600000e+00
      vertex   2.511612e+01 1.488388e+01 2.600000e+00
      vertex   2.662500e+01 1.508253e+01 2.600000e+00
    endloop
  endfacet
  facet normal -0.000000e+00 0.000000e+00 -1.000000e+00
    outer loop
      vertex   2.662500e+01 1.508253e+01 2.600000e+00
      vertex   2.511612e+01 1.488388e+01 2.600000e+00
      vertex   2.537500e+01 1.508253e+01 2.600000e+00
    endloop
  endfacet
  facet normal 0.000000e+00 0.000000e+00 -1.000000e+00
    outer loop
      vertex   2.662500e+01 1.508253e+01 2.600000e+00
      vertex   2.537500e+01 1.508253e+01 2.600000e+00
      vertex   2.632352e+01 1.520741e+01 2.600000e+00
    endloop
  endfacet
  facet normal -0.000000e+00 0.000000e+00 -1.000000e+00
    outer loop
      vertex   2.632352e+01 1.520741e+01 2.600000e+00
      vertex   2.537500e+01 1.508253e+01 2.600000e+00
      vertex   2.567648e+01 1.520741e+01 2.600000e+00
    endloop
  endfacet
  facet normal 0.000000e+00 0.000000e+00 -1.000000e+00
    outer loop
      vertex   2.632352e+01 1.520741e+01 2.600000e+00
      vertex   2.567648e+01 1.520741e+01 2.600000e+00
      vertex   2.600000e+01 1.525000e+01 2.600000e+00
    endloop
  endfacet
  facet normal -1.000000e+00 0.000000e+00 0.000000e+00
    outer loop
      vertex   2.190000e+01 1.650000e+01 5.000000e+00
      vertex   2.190000e+01 1.150000e+01 5.000000e+00
      vertex   2.190000e+01 1.650000e+01 8.000000e+00
    endloop
  endfacet
  facet normal -1.000000e+00 -0.000000e+00 0.000000e+00
    outer loop
      vertex   2.190000e+01 1.650000e+01 8.000000e+00
      vertex   2.190000e+01 1.150000e+01 5.000000e+00
      vertex   2.190000e+01 1.150000e+01 8.000000e+00
    endloop
  endfacet
  facet normal 1.000000e+00 0.000000e+00 0.000000e+00
    outer loop
      vertex   -2.190000e+01 1.150000e+01 5.000000e+00
      vertex   -2.190000e+01 1.650000e+01 5.000000e+00
      vertex   -2.190000e+01 1.150000e+01 8.000000e+00
    endloop
  endfacet
  facet normal 1.000000e+00 -0.000000e+00 0.000000e+00
    outer loop
      vertex   -2.190000e+01 1.150000e+01 8.000000e+00
      vertex   -2.190000e+01 1.650000e+01 5.000000e+00
      vertex   -2.190000e+01 1.650000e+01 8.000000e+00
    endloop
  endfacet
  facet normal 0.000000e+00 -1.000000e+00 0.000000e+00
    outer loop
      vertex   2.190000e+01 1.150000e+01 5.000000e+00
      vertex   2.940000e+01 1.150000e+01 5.000000e+00
      vertex   2.190000e+01 1.150000e+01 8.000000e+00
    endloop
  endfacet
  facet normal 0.000000e+00 -1.000000e+00 0.000000e+00
    outer loop
      vertex   2.190000e+01 1.150000e+01 8.000000e+00
      vertex   2.940000e+01 1.150000e+01 5.000000e+00
      vertex   2.940000e+01 1.150000e+01 8.000000e+00
    endloop
  endfacet
  facet normal -0.000000e+00 -1.000000e+00 -0.000000e+00
    outer loop
      vertex   -2.190000e+01 1.150000e+01 8.000000e+00
      vertex   -2.940000e+01 1.150000e+01 8.000000e+00
      vertex   -2.190000e+01 1.150000e+01 5.000000e+00
    endloop
  endfacet
  facet normal 0.000000e+00 -1.000000e+00 0.000000e+00
    outer loop
      vertex   -2.190000e+01 1.150000e+01 5.000000e+00
      vertex   -2.940000e+01 1.150000e+01 8.000000e+00
      vertex   -2.940000e+01 1.150000e+01 5.000000e+00
    endloop
  endfacet
  facet normal -0.000000e+00 0.000000e+00 -1.000000e+00
    outer loop
      vertex   2.479259e+01 1.367648e+01 5.000000e+00
      vertex   2.190000e+01 1.150000e+01 5.000000e+00
      vertex   2.475000e+01 1.400000e+01 5.000000e+00
    endloop
  endfacet
  facet normal -0.000000e+00 0.000000e+00 -1.000000e+00
    outer loop
      vertex   2.475000e+01 1.400000e+01 5.000000e+00
      vertex   2.190000e+01 1.150000e+01 5.000000e+00
      vertex   2.190000e+01 1.650000e+01 5.000000e+00
    endloop
  endfacet
  facet normal 0.000000e+00 0.000000e+00 -1.000000e+00
    outer loop
      vertex   2.475000e+01 1.400000e+01 5.000000e+00
      vertex   2.190000e+01 1.650000e+01 5.000000e+00
      vertex   2.479259e+01 1.432352e+01 5.000000e+00
    endloop
  endfacet
  facet normal 0.000000e+00 0.000000e+00 -1.000000e+00
    outer loop
      vertex   2.479259e+01 1.432352e+01 5.000000e+00
      vertex   2.190000e+01 1.650000e+01 5.000000e+00
      vertex   2.491747e+01 1.462500e+01 5.000000e+00
    endloop
  endfacet
  facet normal 0.000000e+00 0.000000e+00 -1.000000e+00
    outer loop
      vertex   2.491747e+01 1.462500e+01 5.000000e+00
      vertex   2.190000e+01 1.650000e+01 5.000000e+00
      vertex   2.511612e+01 1.488388e+01 5.000000e+00
    endloop
  endfacet
  facet normal 0.000000e+00 0.000000e+00 -1.000000e+00
    outer loop
      vertex   2.511612e+01 1.488388e+01 5.000000e+00
      vertex   2.190000e+01 1.650000e+01 5.000000e+00
      vertex   2.537500e+01 1.508253e+01 5.000000e+00
    endloop
  endfacet
  facet normal 0.000000e+00 0.000000e+00 -1.000000e+00
    outer loop
      vertex   2.537500e+01 1.508253e+01 5.000000e+00
      vertex   2.190000e+01 1.650000e+01 5.000000e+00
      vertex   2.567648e+01 1.520741e+01 5.000000e+00
    endloop
  endfacet
  facet normal 0.000000e+00 0.000000e+00 -1.000000e+00
    outer loop
      vertex   2.567648e+01 1.520741e+01 5.000000e+00
      vertex   2.190000e+01 1.650000e+01 5.000000e+00
      vertex   2.600000e+01 1.525000e+01 5.000000e+00
    endloop
  endfacet
  facet normal 0.000000e+00 0.000000e+00 -1.000000e+00
    outer loop
      vertex   2.600000e+01 1.525000e+01 5.000000e+00
      vertex   2.190000e+01 1.650000e+01 5.000000e+00
      vertex   2.940000e+01 1.650000e+01 5.000000e+00
    endloop
  endfacet
  facet normal 0.000000e+00 0.000000e+00 -1.000000e+00
    outer loop
      vertex   2.600000e+01 1.525000e+01 5.000000e+00
      vertex   2.940000e+01 1.650000e+01 5.000000e+00
      vertex   2.632352e+01 1.520741e+01 5.000000e+00
    endloop
  endfacet
  facet normal 0.000000e+00 0.000000e+00 -1.000000e+00
    outer loop
      vertex   2.632352e+01 1.520741e+01 5.000000e+00
      vertex   2.940000e+01 1.650000e+01 5.000000e+00
      vertex   2.662500e+01 1.508253e+01 5.000000e+00
    endloop
  endfacet
  facet normal 0.000000e+00 0.000000e+00 -1.000000e+00
    outer loop
      vertex   2.662500e+01 1.508253e+01 5.000000e+00
      vertex   2.940000e+01 1.650000e+01 5.000000e+00
      vertex   2.688388e+01 1.488388e+01 5.000000e+00
    endloop
  endfacet
  facet normal 0.000000e+00 0.000000e+00 -1.000000e+00
    outer loop
      vertex   2.688388e+01 1.488388e+01 5.000000e+00
      vertex   2.940000e+01 1.650000e+01 5.000000e+00
      vertex   2.708253e+01 1.462500e+01 5.000000e+00
    endloop
  endfacet
  facet normal 0.000000e+00 0.000000e+00 -1.000000e+00
    outer loop
      vertex   2.708253e+01 1.462500e+01 5.000000e+00
      vertex   2.940000e+01 1.650000e+01 5.000000e+00
      vertex   2.720741e+01 1.432352e+01 5.000000e+00
    endloop
  endfacet
  facet normal 0.000000e+00 0.000000e+00 -1.000000e+00
    outer loop
      vertex   2.720741e+01 1.432352e+01 5.000000e+00
      vertex   2.940000e+01 1.650000e+01 5.000000e+00
      vertex   2.725000e+01 1.400000e+01 5.000000e+00
    endloop
  endfacet
  facet normal 0.000000e+00 0.000000e+00 -1.000000e+00
    outer loop
      vertex   2.725000e+01 1.400000e+01 5.000000e+00
      vertex   2.940000e+01 1.650000e+01 5.000000e+00
      vertex   2.940000e+01 1.150000e+01 5.000000e+00
    endloop
  endfacet
  facet normal 0.000000e+00 -0.000000e+00 -1.000000e+00
    outer loop
      vertex   2.725000e+01 1.400000e+01 5.000000e+00
      vertex   2.940000e+01 1.150000e+01 5.000000e+00
      vertex   2.720741e+01 1.367648e+01 5.000000e+00
    endloop
  endfacet
  facet normal 0.000000e+00 -0.000000e+00 -1.000000e+00
    outer loop
      vertex   2.720741e+01 1.367648e+01 5.000000e+00
      vertex   2.940000e+01 1.150000e+01 5.000000e+00
      vertex   2.708253e+01 1.337500e+01 5.000000e+00
    endloop
  endfacet
  facet normal 0.000000e+00 -0.000000e+00 -1.000000e+00
    outer loop
      vertex   2.708253e+01 1.337500e+01 5.000000e+00
      vertex   2.940000e+01 1.150000e+01 5.000000e+00
      vertex   2.688388e+01 1.311612e+01 5.000000e+00
    endloop
  endfacet
  facet normal 0.000000e+00 -0.000000e+00 -1.000000e+00
    outer loop
      vertex   2.688388e+01 1.311612e+01 5.000000e+00
      vertex   2.940000e+01 1.150000e+01 5.000000e+00
      vertex   2.662500e+01 1.291747e+01 5.000000e+00
    endloop
  endfacet
  facet normal 0.000000e+00 -0.000000e+00 -1.000000e+00
    outer loop
      vertex   2.662500e+01 1.291747e+01 5.000000e+00
      vertex   2.940000e+01 1.150000e+01 5.000000e+00
      vertex   2.632352e+01 1.279259e+01 5.000000e+00
    endloop
  endfacet
  facet normal 0.000000e+00 -0.000000e+00 -1.000000e+00
    outer loop
      vertex   2.632352e+01 1.279259e+01 5.000000e+00
      vertex   2.940000e+01 1.150000e+01 5.000000e+00
      vertex   2.600000e+01 1.275000e+01 5.000000e+00
    endloop
  endfacet
  facet normal 0.000000e+00 -0.000000e+00 -1.000000e+00
    outer loop
      vertex   2.600000e+01 1.275000e+01 5.000000e+00
      vertex   2.940000e+01 1.150000e+01 5.000000e+00
      vertex   2.190000e+01 1.150000e+01 5.000000e+00
    endloop
  endfacet
  facet normal -0.000000e+00 0.000000e+00 -1.000000e+00
    outer loop
      vertex   2.600000e+01 1.275000e+01 5.000000e+00
      vertex   2.190000e+01 1.150000e+01 5.000000e+00
      vertex   2.567648e+01 1.279259e+01 5.000000e+00
    endloop
  endfacet
  facet normal -0.000000e+00 0.000000e+00 -1.000000e+00
    outer loop
      vertex   2.567648e+01 1.279259e+01 5.000000e+00
      vertex   2.190000e+01 1.150000e+01 5.000000e+00
      vertex   2.537500e+01 1.291747e+01 5.000000e+00
    endloop
  endfacet
  facet normal -0.000000e+00 0.000000e+00 -1.000000e+00
    outer loop
      vertex   2.537500e+01 1.291747e+01 5.000000e+00
      vertex   2.190000e+01 1.150000e+01 5.000000e+00
      vertex   2.511612e+01 1.311612e+01 5.000000e+00
    endloop
  endfacet
  facet normal -0.000000e+00 0.000000e+00 -1.000000e+00
    outer loop
      vertex   2.511612e+01 1.311612e+01 5.000000e+00
      vertex   2.190000e+01 1.150000e+01 5.000000e+00
      vertex   2.491747e+01 1.337500e+01 5.000000e+00
    endloop
  endfacet
  facet normal -0.000000e+00 0.000000e+00 -1.000000e+00
    outer loop
      vertex   2.491747e+01 1.337500e+01 5.000000e+00
      vertex   2.190000e+01 1.150000e+01 5.000000e+00
      vertex   2.479259e+01 1.367648e+01 5.000000e+00
    endloop
  endfacet
  facet normal -0.000000e+00 1.000000e+00 0.000000e+00
    outer loop
      vertex   2.190000e+01 1.650000e+01 8.000000e+00
      vertex   2.940000e+01 1.650000e+01 8.000000e+00
      vertex   2.190000e+01 1.650000e+01 5.000000e+00
    endloop
  endfacet
  facet normal 0.000000e+00 1.000000e+00 0.000000e+00
    outer loop
      vertex   2.190000e+01 1.650000e+01 5.000000e+00
      vertex   2.940000e+01 1.650000e+01 8.000000e+00
      vertex   2.940000e+01 1.650000e+01 5.000000e+00
    endloop
  endfacet
  facet normal -1.000000e+00 0.000000e+00 0.000000e+00
    outer loop
      vertex   2.190000e+01 -1.150000e+01 5.000000e+00
      vertex   2.190000e+01 -1.650000e+01 5.000000e+00
      vertex   2.190000e+01 -1.150000e+01 8.000000e+00
    endloop
  endfacet
  facet normal -1.000000e+00 -0.000000e+00 0.000000e+00
    outer loop
      vertex   2.190000e+01 -1.150000e+01 8.000000e+00
      vertex   2.190000e+01 -1.650000e+01 5.000000e+00
      vertex   2.190000e+01 -1.650000e+01 8.000000e+00
    endloop
  endfacet
  facet normal 1.000000e+00 0.000000e+00 0.000000e+00
    outer loop
      vertex   -2.190000e+01 -1.650000e+01 5.000000e+00
      vertex   -2.190000e+01 -1.150000e+01 5.000000e+00
      vertex   -2.190000e+01 -1.650000e+01 8.000000e+00
    endloop
  endfacet
  facet normal 1.000000e+00 -0.000000e+00 0.000000e+00
    outer loop
      vertex   -2.190000e+01 -1.650000e+01 8.000000e+00
      vertex   -2.190000e+01 -1.150000e+01 5.000000e+00
      vertex   -2.190000e+01 -1.150000e+01 8.000000e+00
    endloop
  endfacet
  facet normal 0.000000e+00 -1.000000e+00 0.000000e+00
    outer loop
      vertex   2.190000e+01 -1.650000e+01 5.000000e+00
      vertex   2.940000e+01 -1.650000e+01 5.000000e+00
      vertex   2.190000e+01 -1.650000e+01 8.000000e+00
    endloop
  endfacet
  facet normal 0.000000e+00 -1.000000e+00 0.000000e+00
    outer loop
      vertex   2.190000e+01 -1.650000e+01 8.000000e+00
      vertex   2.940000e+01 -1.650000e+01 5.000000e+00
      vertex   2.940000e+01 -1.650000e+01 8.000000e+00
    endloop
  endfacet
  facet normal -0.000000e+00 -1.000000e+00 -0.000000e+00
    outer loop
      vertex   -2.190000e+01 -1.650000e+01 8.000000e+00
      vertex   -2.940000e+01 -1.650000e+01 8.000000e+00
      vertex   -2.190000e+01 -1.650000e+01 5.000000e+00
    endloop
  endfacet
  facet normal 0.000000e+00 -1.000000e+00 0.000000e+00
    outer loop
      vertex   -2.190000e+01 -1.650000e+01 5.000000e+00
      vertex   -2.940000e+01 -1.650000e+01 8.000000e+00
      vertex   -2.940000e+01 -1.650000e+01 5.000000e+00
    endloop
  endfacet
  facet normal -0.000000e+00 0.000000e+00 -1.000000e+00
    outer loop
      vertex   2.479259e+01 -1.432352e+01 5.000000e+00
      vertex   2.190000e+01 -1.650000e+01 5.000000e+00
      vertex   2.475000e+01 -1.400000e+01 5.000000e+00
    endloop
  endfacet
  facet normal -0.000000e+00 0.000000e+00 -1.000000e+00
    outer loop
      vertex   2.475000e+01 -1.400000e+01 5.000000e+00
      vertex   2.190000e+01 -1.650000e+01 5.000000e+00
      vertex   2.190000e+01 -1.150000e+01 5.000000e+00
    endloop
  endfacet
  facet normal 0.000000e+00 0.000000e+00 -1.000000e+00
    outer loop
      vertex   2.475000e+01 -1.400000e+01 5.000000e+00
      vertex   2.190000e+01 -1.150000e+01 5.000000e+00
      vertex   2.479259e+01 -1.367648e+01 5.000000e+00
    endloop
  endfacet
  facet normal 0.000000e+00 0.000000e+00 -1.000000e+00
    outer loop
      vertex   2.479259e+01 -1.367648e+01 5.000000e+00
      vertex   2.190000e+01 -1.150000e+01 5.000000e+00
      vertex   2.491747e+01 -1.337500e+01 5.000000e+00
    endloop
  endfacet
  facet normal 0.000000e+00 0.000000e+00 -1.000000e+00
    outer loop
      vertex   2.491747e+01 -1.337500e+01 5.000000e+00
      vertex   2.190000e+01 -1.150000e+01 5.000000e+00
      vertex   2.511612e+01 -1.311612e+01 5.000000e+00
    endloop
  endfacet
  facet normal 0.000000e+00 0.000000e+00 -1.000000e+00
    outer loop
      vertex   2.511612e+01 -1.311612e+01 5.000000e+00
      vertex   2.190000e+01 -1.150000e+01 5.000000e+00
      vertex   2.537500e+01 -1.291747e+01 5.000000e+00
    endloop
  endfacet
  facet normal 0.000000e+00 0.000000e+00 -1.000000e+00
    outer loop
      vertex   2.537500e+01 -1.291747e+01 5.000000e+00
      vertex   2.190000e+01 -1.150000e+01 5.000000e+00
      vertex   2.567648e+01 -1.279259e+01 5.000000e+00
    endloop
  endfacet
  facet normal 0.000000e+00 0.000000e+00 -1.000000e+00
    outer loop
      vertex   2.567648e+01 -1.279259e+01 5.000000e+00
      vertex   2.190000e+01 -1.150000e+01 5.000000e+00
      vertex   2.600000e+01 -1.275000e+01 5.000000e+00
    endloop
  endfacet
  facet normal 0.000000e+00 0.000000e+00 -1.000000e+00
    outer loop
      vertex   2.600000e+01 -1.275000e+01 5.000000e+00
      vertex   2.190000e+01 -1.150000e+01 5.000000e+00
      vertex   2.940000e+01 -1.150000e+01 5.000000e+00
    endloop
  endfacet
  facet normal 0.000000e+00 0.000000e+00 -1.000000e+00
    outer loop
      vertex   2.600000e+01 -1.275000e+01 5.000000e+00
      vertex   2.940000e+01 -1.150000e+01 5.000000e+00
      vertex   2.632352e+01 -1.279259e+01 5.000000e+00
    endloop
  endfacet
  facet normal 0.000000e+00 0.000000e+00 -1.000000e+00
    outer loop
      vertex   2.632352e+01 -1.279259e+01 5.000000e+00
      vertex   2.940000e+01 -1.150000e+01 5.000000e+00
      vertex   2.662500e+01 -1.291747e+01 5.000000e+00
    endloop
  endfacet
  facet normal 0.000000e+00 0.000000e+00 -1.000000e+00
    outer loop
      vertex   2.662500e+01 -1.291747e+01 5.000000e+00
      vertex   2.940000e+01 -1.150000e+01 5.000000e+00
      vertex   2.688388e+01 -1.311612e+01 5.000000e+00
    endloop
  endfacet
  facet normal 0.000000e+00 0.000000e+00 -1.000000e+00
    outer loop
      vertex   2.688388e+01 -1.311612e+01 5.000000e+00
      vertex   2.940000e+01 -1.150000e+01 5.000000e+00
      vertex   2.708253e+01 -1.337500e+01 5.000000e+00
    endloop
  endfacet
  facet normal 0.000000e+00 0.000000e+00 -1.000000e+00
    outer loop
      vertex   2.708253e+01 -1.337500e+01 5.000000e+00
      vertex   2.940000e+01 -1.150000e+01 5.000000e+00
      vertex   2.720741e+01 -1.367648e+01 5.000000e+00
    endloop
  endfacet
  facet normal 0.000000e+00 0.000000e+00 -1.000000e+00
    outer loop
      vertex   2.720741e+01 -1.367648e+01 5.000000e+00
      vertex   2.940000e+01 -1.150000e+01 5.000000e+00
      vertex   2.725000e+01 -1.400000e+01 5.000000e+00
    endloop
  endfacet
  facet normal 0.000000e+00 0.000000e+00 -1.000000e+00
    outer loop
      vertex   2.725000e+01 -1.400000e+01 5.000000e+00
      vertex   2.940000e+01 -1.150000e+01 5.000000e+00
      vertex   2.940000e+01 -1.650000e+01 5.000000e+00
    endloop
  endfacet
  facet normal 0.000000e+00 -0.000000e+00 -1.000000e+00
    outer loop
      vertex   2.725000e+01 -1.400000e+01 5.000000e+00
      vertex   2.940000e+01 -1.650000e+01 5.000000e+00
      vertex   2.720741e+01 -1.432352e+01 5.000000e+00
    endloop
  endfacet
  facet normal 0.000000e+00 -0.000000e+00 -1.000000e+00
    outer loop
      vertex   2.720741e+01 -1.432352e+01 5.000000e+00
      vertex   2.940000e+01 -1.650000e+01 5.000000e+00
      vertex   2.708253e+01 -1.462500e+01 5.000000e+00
    endloop
  endfacet
  facet normal 0.000000e+00 -0.000000e+00 -1.000000e+00
    outer loop
      vertex   2.708253e+01 -1.462500e+01 5.000000e+00
      vertex   2.940000e+01 -1.650000e+01 5.000000e+00
      vertex   2.688388e+01 -1.488388e+01 5.000000e+00
    endloop
  endfacet
  facet normal 0.000000e+00 -0.000000e+00 -1.000000e+00
    outer loop
      vertex   2.688388e+01 -1.488388e+01 5.000000e+00
      vertex   2.940000e+01 -1.650000e+01 5.000000e+00
      vertex   2.662500e+01 -1.508253e+01 5.000000e+00
    endloop
  endfacet
  facet normal 0.000000e+00 -0.000000e+00 -1.000000e+00
    outer loop
      vertex   2.662500e+01 -1.508253e+01 5.000000e+00
      vertex   2.940000e+01 -1.650000e+01 5.000000e+00
      vertex   2.632352e+01 -1.520741e+01 5.000000e+00
    endloop
  endfacet
  facet normal 0.000000e+00 -0.000000e+00 -1.000000e+00
    outer loop
      vertex   2.632352e+01 -1.520741e+01 5.000000e+00
      vertex   2.940000e+01 -1.650000e+01 5.000000e+00
      vertex   2.600000e+01 -1.525000e+01 5.000000e+00
    endloop
  endfacet
  facet normal 0.000000e+00 -0.000000e+00 -1.000000e+00
    outer loop
      vertex   2.600000e+01 -1.525000e+01 5.000000e+00
      vertex   2.940000e+01 -1.650000e+01 5.000000e+00
      vertex   2.190000e+01 -1.650000e+01 5.000000e+00
    endloop
  endfacet
  facet normal -0.000000e+00 0.000000e+00 -1.000000e+00
    outer loop
      vertex   2.600000e+01 -1.525000e+01 5.000000e+00
      vertex   2.190000e+01 -1.650000e+01 5.000000e+00
      vertex   2.567648e+01 -1.520741e+01 5.000000e+00
    endloop
  endfacet
  facet normal -0.000000e+00 0.000000e+00 -1.000000e+00
    outer loop
      vertex   2.567648e+01 -1.520741e+01 5.000000e+00
      vertex   2.190000e+01 -1.650000e+01 5.000000e+00
      vertex   2.537500e+01 -1.508253e+01 5.000000e+00
    endloop
  endfacet
  facet normal -0.000000e+00 0.000000e+00 -1.000000e+00
    outer loop
      vertex   2.537500e+01 -1.508253e+01 5.000000e+00
      vertex   2.190000e+01 -1.650000e+01 5.000000e+00
      vertex   2.511612e+01 -1.488388e+01 5.000000e+00
    endloop
  endfacet
  facet normal -0.000000e+00 0.000000e+00 -1.000000e+00
    outer loop
      vertex   2.511612e+01 -1.488388e+01 5.000000e+00
      vertex   2.190000e+01 -1.650000e+01 5.000000e+00
      vertex   2.491747e+01 -1.462500e+01 5.000000e+00
    endloop
  endfacet
  facet normal -0.000000e+00 0.000000e+00 -1.000000e+00
    outer loop
      vertex   2.491747e+01 -1.462500e+01 5.000000e+00
      vertex   2.190000e+01 -1.650000e+01 5.000000e+00
      vertex   2.479259e+01 -1.432352e+01 5.000000e+00
    endloop
  endfacet
  facet normal -0.000000e+00 1.000000e+00 0.000000e+00
    outer loop
      vertex   2.190000e+01 -1.150000e+01 8.000000e+00
      vertex   2.940000e+01 -1.150000e+01 8.000000e+00
      vertex   2.190000e+01 -1.150000e+01 5.000000e+00
    endloop
  endfacet
  facet normal 0.000000e+00 1.000000e+00 0.000000e+00
    outer loop
      vertex   2.190000e+01 -1.150000e+01 5.000000e+00
      vertex   2.940000e+01 -1.150000e+01 8.000000e+00
      vertex   2.940000e+01 -1.150000e+01 5.000000e+00
    endloop
  endfacet
  facet normal -0.000000e+00 0.000000e+00 1.000000e+00
    outer loop
      vertex   2.925245e+01 1.740000e+01 5.000000e+00
      vertex   2.930065e+01 1.734984e+01 5.000000e+00
      vertex   2.940000e+01 1.740000e+01 5.000000e+00
    endloop
  endfacet
  facet normal 0.000000e+00 0.000000e+00 1.000000e+00
    outer loop
      vertex   2.940000e+01 1.740000e+01 5.000000e+00
      vertex   2.930065e+01 1.734984e+01 5.000000e+00
      vertex   2.934984e+01 1.730065e+01 5.000000e+00
    endloop
  endfacet
  facet normal 0.000000e+00 0.000000e+00 1.000000e+00
    outer loop
      vertex   2.940000e+01 1.740000e+01 5.000000e+00
      vertex   2.934984e+01 1.730065e+01 5.000000e+00
      vertex   2.940000e+01 1.725245e+01 5.000000e+00
    endloop
  endfacet
  facet normal 0.000000e+00 0.000000e+00 1.000000e+00
    outer loop
      vertex   -2.940000e+01 1.725245e+01 5.000000e+00
      vertex   -2.934984e+01 1.730065e+01 5.000000e+00
      vertex   -2.940000e+01 1.740000e+01 5.000000e+00
    endloop
  endfacet
  facet normal 0.000000e+00 0.000000e+00 1.000000e+00
    outer loop
      vertex   -2.940000e+01 1.740000e+01 5.000000e+00
      vertex   -2.934984e+01 1.730065e+01 5.000000e+00
      vertex   -2.930065e+01 1.734984e+01 5.000000e+00
    endloop
  endfacet
  facet normal -0.000000e+00 0.000000e+00 1.000000e+00
    outer loop
      vertex   -2.940000e+01 1.740000e+01 5.000000e+00
      vertex   -2.930065e+01 1.734984e+01 5.000000e+00
      vertex   -2.925245e+01 1.740000e+01 5.000000e+00
    endloop
  endfacet
  facet normal 0.000000e+00 1.000000e+00 -0.000000e+00
    outer loop
      vertex   -2.190000e+01 1.650000e+01 5.000000e+00
      vertex   -2.940000e+01 1.650000e+01 5.000000e+00
      vertex   -2.190000e+01 1.650000e+01 8.000000e+00
    endloop
  endfacet
  facet normal 0.000000e+00 1.000000e+00 0.000000e+00
    outer loop
      vertex   -2.190000e+01 1.650000e+01 8.000000e+00
      vertex   -2.940000e+01 1.650000e+01 5.000000e+00
      vertex   -2.940000e+01 1.650000e+01 8.000000e+00
    endloop
  endfacet
  facet normal -0.000000e+00 0.000000e+00 -1.000000e+00
    outer loop
      vertex   -2.720741e+01 1.367648e+01 5.000000e+00
      vertex   -2.940000e+01 1.150000e+01 5.000000e+00
      vertex   -2.725000e+01 1.400000e+01 5.000000e+00
    endloop
  endfacet
  facet normal -0.000000e+00 0.000000e+00 -1.000000e+00
    outer loop
      vertex   -2.725000e+01 1.400000e+01 5.000000e+00
      vertex   -2.940000e+01 1.150000e+01 5.000000e+00
      vertex   -2.940000e+01 1.650000e+01 5.000000e+00
    endloop
  endfacet
  facet normal 0.000000e+00 0.000000e+00 -1.000000e+00
    outer loop
      vertex   -2.725000e+01 1.400000e+01 5.000000e+00
      vertex   -2.940000e+01 1.650000e+01 5.000000e+00
      vertex   -2.720741e+01 1.432352e+01 5.000000e+00
    endloop
  endfacet
  facet normal 0.000000e+00 0.000000e+00 -1.000000e+00
    outer loop
      vertex   -2.720741e+01 1.432352e+01 5.000000e+00
      vertex   -2.940000e+01 1.650000e+01 5.000000e+00
      vertex   -2.708253e+01 1.462500e+01 5.000000e+00
    endloop
  endfacet
  facet normal 0.000000e+00 0.000000e+00 -1.000000e+00
    outer loop
      vertex   -2.708253e+01 1.462500e+01 5.000000e+00
      vertex   -2.940000e+01 1.650000e+01 5.000000e+00
      vertex   -2.688388e+01 1.488388e+01 5.000000e+00
    endloop
  endfacet
  facet normal 0.000000e+00 0.000000e+00 -1.000000e+00
    outer loop
      vertex   -2.688388e+01 1.488388e+01 5.000000e+00
      vertex   -2.940000e+01 1.650000e+01 5.000000e+00
      vertex   -2.662500e+01 1.508253e+01 5.000000e+00
    endloop
  endfacet
  facet normal 0.000000e+00 0.000000e+00 -1.000000e+00
    outer loop
      vertex   -2.662500e+01 1.508253e+01 5.000000e+00
      vertex   -2.940000e+01 1.650000e+01 5.000000e+00
      vertex   -2.632352e+01 1.520741e+01 5.000000e+00
    endloop
  endfacet
  facet normal 0.000000e+00 0.000000e+00 -1.000000e+00
    outer loop
      vertex   -2.632352e+01 1.520741e+01 5.000000e+00
      vertex   -2.940000e+01 1.650000e+01 5.000000e+00
      vertex   -2.600000e+01 1.525000e+01 5.000000e+00
    endloop
  endfacet
  facet normal 0.000000e+00 0.000000e+00 -1.000000e+00
    outer loop
      vertex   -2.600000e+01 1.525000e+01 5.000000e+00
      vertex   -2.940000e+01 1.650000e+01 5.000000e+00
      vertex   -2.190000e+01 1.650000e+01 5.000000e+00
    endloop
  endfacet
  facet normal 0.000000e+00 0.000000e+00 -1.000000e+00
    outer loop
      vertex   -2.600000e+01 1.525000e+01 5.000000e+00
      vertex   -2.190000e+01 1.650000e+01 5.000000e+00
      vertex   -2.567648e+01 1.520741e+01 5.000000e+00
    endloop
  endfacet
  facet normal 0.000000e+00 0.000000e+00 -1.000000e+00
    outer loop
      vertex   -2.567648e+01 1.520741e+01 5.000000e+00
      vertex   -2.190000e+01 1.650000e+01 5.000000e+00
      vertex   -2.537500e+01 1.508253e+01 5.000000e+00
    endloop
  endfacet
  facet normal 0.000000e+00 0.000000e+00 -1.000000e+00
    outer loop
      vertex   -2.537500e+01 1.508253e+01 5.000000e+00
      vertex   -2.190000e+01 1.650000e+01 5.000000e+00
      vertex   -2.511612e+01 1.488388e+01 5.000000e+00
    endloop
  endfacet
  facet normal 0.000000e+00 0.000000e+00 -1.000000e+00
    outer loop
      vertex   -2.511612e+01 1.488388e+01 5.000000e+00
      vertex   -2.190000e+01 1.650000e+01 5.000000e+00
      vertex   -2.491747e+01 1.462500e+01 5.000000e+00
    endloop
  endfacet
  facet normal 0.000000e+00 0.000000e+00 -1.000000e+00
    outer loop
      vertex   -2.491747e+01 1.462500e+01 5.000000e+00
      vertex   -2.190000e+01 1.650000e+01 5.000000e+00
      vertex   -2.479259e+01 1.432352e+01 5.000000e+00
    endloop
  endfacet
  facet normal 0.000000e+00 0.000000e+00 -1.000000e+00
    outer loop
      vertex   -2.479259e+01 1.432352e+01 5.000000e+00
      vertex   -2.190000e+01 1.650000e+01 5.000000e+00
      vertex   -2.475000e+01 1.400000e+01 5.000000e+00
    endloop
  endfacet
  facet normal 0.000000e+00 0.000000e+00 -1.000000e+00
    outer loop
      vertex   -2.475000e+01 1.400000e+01 5.000000e+00
      vertex   -2.190000e+01 1.650000e+01 5.000000e+00
      vertex   -2.190000e+01 1.150000e+01 5.000000e+00
    endloop
  endfacet
  facet normal 0.000000e+00 -0.000000e+00 -1.000000e+00
    outer loop
      vertex   -2.475000e+01 1.400000e+01 5.000000e+00
      vertex   -2.190000e+01 1.150000e+01 5.000000e+00
      vertex   -2.479259e+01 1.367648e+01 5.000000e+00
    endloop
  endfacet
  facet normal 0.000000e+00 -0.000000e+00 -1.000000e+00
    outer loop
      vertex   -2.479259e+01 1.367648e+01 5.000000e+00
      vertex   -2.190000e+01 1.150000e+01 5.000000e+00
      vertex   -2.491747e+01 1.337500e+01 5.000000e+00
    endloop
  endfacet
  facet normal 0.000000e+00 -0.000000e+00 -1.000000e+00
    outer loop
      vertex   -2.491747e+01 1.337500e+01 5.000000e+00
      vertex   -2.190000e+01 1.150000e+01 5.000000e+00
      vertex   -2.511612e+01 1.311612e+01 5.000000e+00
    endloop
  endfacet
  facet normal 0.000000e+00 -0.000000e+00 -1.000000e+00
    outer loop
      vertex   -2.511612e+01 1.311612e+01 5.000000e+00
      vertex   -2.190000e+01 1.150000e+01 5.000000e+00
      vertex   -2.537500e+01 1.291747e+01 5.000000e+00
    endloop
  endfacet
  facet normal 0.000000e+00 -0.000000e+00 -1.000000e+00
    outer loop
      vertex   -2.537500e+01 1.291747e+01 5.000000e+00
      vertex   -2.190000e+01 1.150000e+01 5.000000e+00
      vertex   -2.567648e+01 1.279259e+01 5.000000e+00
    endloop
  endfacet
  facet normal 0.000000e+00 -0.000000e+00 -1.000000e+00
    outer loop
      vertex   -2.567648e+01 1.279259e+01 5.000000e+00
      vertex   -2.190000e+01 1.150000e+01 5.000000e+00
      vertex   -2.600000e+01 1.275000e+01 5.000000e+00
    endloop
  endfacet
  facet normal 0.000000e+00 -0.000000e+00 -1.000000e+00
    outer loop
      vertex   -2.600000e+01 1.275000e+01 5.000000e+00
      vertex   -2.190000e+01 1.150000e+01 5.000000e+00
      vertex   -2.940000e+01 1.150000e+01 5.000000e+00
    endloop
  endfacet
  facet normal -0.000000e+00 0.000000e+00 -1.000000e+00
    outer loop
      vertex   -2.600000e+01 1.275000e+01 5.000000e+00
      vertex   -2.940000e+01 1.150000e+01 5.000000e+00
      vertex   -2.632352e+01 1.279259e+01 5.000000e+00
    endloop
  endfacet
  facet normal -0.000000e+00 0.000000e+00 -1.000000e+00
    outer loop
      vertex   -2.632352e+01 1.279259e+01 5.000000e+00
      vertex   -2.940000e+01 1.150000e+01 5.000000e+00
      vertex   -2.662500e+01 1.291747e+01 5.000000e+00
    endloop
  endfacet
  facet normal -0.000000e+00 0.000000e+00 -1.000000e+00
    outer loop
      vertex   -2.662500e+01 1.291747e+01 5.000000e+00
      vertex   -2.940000e+01 1.150000e+01 5.000000e+00
      vertex   -2.688388e+01 1.311612e+01 5.000000e+00
    endloop
  endfacet
  facet normal -0.000000e+00 0.000000e+00 -1.000000e+00
    outer loop
      vertex   -2.688388e+01 1.311612e+01 5.000000e+00
      vertex   -2.940000e+01 1.150000e+01 5.000000e+00
      vertex   -2.708253e+01 1.337500e+01 5.000000e+00
    endloop
  endfacet
  facet normal -0.000000e+00 0.000000e+00 -1.000000e+00
    outer loop
      vertex   -2.708253e+01 1.337500e+01 5.000000e+00
      vertex   -2.940000e+01 1.150000e+01 5.000000e+00
      vertex   -2.720741e+01 1.367648e+01 5.000000e+00
    endloop
  endfacet
  facet normal 0.000000e+00 1.000000e+00 -0.000000e+00
    outer loop
      vertex   -2.190000e+01 -1.150000e+01 5.000000e+00
      vertex   -2.940000e+01 -1.150000e+01 5.000000e+00
      vertex   -2.190000e+01 -1.150000e+01 8.000000e+00
    endloop
  endfacet
  facet normal 0.000000e+00 1.000000e+00 0.000000e+00
    outer loop
      vertex   -2.190000e+01 -1.150000e+01 8.000000e+00
      vertex   -2.940000e+01 -1.150000e+01 5.000000e+00
      vertex   -2.940000e+01 -1.150000e+01 8.000000e+00
    endloop
  endfacet
  facet normal -0.000000e+00 0.000000e+00 -1.000000e+00
    outer loop
      vertex   -2.720741e+01 -1.432352e+01 5.000000e+00
      vertex   -2.940000e+01 -1.650000e+01 5.000000e+00
      vertex   -2.725000e+01 -1.400000e+01 5.000000e+00
    endloop
  endfacet
  facet normal -0.000000e+00 0.000000e+00 -1.000000e+00
    outer loop
      vertex   -2.725000e+01 -1.400000e+01 5.000000e+00
      vertex   -2.940000e+01 -1.650000e+01 5.000000e+00
      vertex   -2.940000e+01 -1.150000e+01 5.000000e+00
    endloop
  endfacet
  facet normal 0.000000e+00 0.000000e+00 -1.000000e+00
    outer loop
      vertex   -2.725000e+01 -1.400000e+01 5.000000e+00
      vertex   -2.940000e+01 -1.150000e+01 5.000000e+00
      vertex   -2.720741e+01 -1.367648e+01 5.000000e+00
    endloop
  endfacet
  facet normal 0.000000e+00 0.000000e+00 -1.000000e+00
    outer loop
      vertex   -2.720741e+01 -1.367648e+01 5.000000e+00
      vertex   -2.940000e+01 -1.150000e+01 5.000000e+00
      vertex   -2.708253e+01 -1.337500e+01 5.000000e+00
    endloop
  endfacet
  facet normal 0.000000e+00 0.000000e+00 -1.000000e+00
    outer loop
      vertex   -2.708253e+01 -1.337500e+01 5.000000e+00
      vertex   -2.940000e+01 -1.150000e+01 5.000000e+00
      vertex   -2.688388e+01 -1.311612e+01 5.000000e+00
    endloop
  endfacet
  facet normal 0.000000e+00 0.000000e+00 -1.000000e+00
    outer loop
      vertex   -2.688388e+01 -1.311612e+01 5.000000e+00
      vertex   -2.940000e+01 -1.150000e+01 5.000000e+00
      vertex   -2.662500e+01 -1.291747e+01 5.000000e+00
    endloop
  endfacet
  facet normal 0.000000e+00 0.000000e+00 -1.000000e+00
    outer loop
      vertex   -2.662500e+01 -1.291747e+01 5.000000e+00
      vertex   -2.940000e+01 -1.150000e+01 5.000000e+00
      vertex   -2.632352e+01 -1.279259e+01 5.000000e+00
    endloop
  endfacet
  facet normal 0.000000e+00 0.000000e+00 -1.000000e+00
    outer loop
      vertex   -2.632352e+01 -1.279259e+01 5.000000e+00
      vertex   -2.940000e+01 -1.150000e+01 5.000000e+00
      vertex   -2.600000e+01 -1.275000e+01 5.000000e+00
    endloop
  endfacet
  facet normal 0.000000e+00 0.000000e+00 -1.000000e+00
    outer loop
      vertex   -2.600000e+01 -1.275000e+01 5.000000e+00
      vertex   -2.940000e+01 -1.150000e+01 5.000000e+00
      vertex   -2.190000e+01 -1.150000e+01 5.000000e+00
    endloop
  endfacet
  facet normal 0.000000e+00 0.000000e+00 -1.000000e+00
    outer loop
      vertex   -2.600000e+01 -1.275000e+01 5.000000e+00
      vertex   -2.190000e+01 -1.150000e+01 5.000000e+00
      vertex   -2.567648e+01 -1.279259e+01 5.000000e+00
    endloop
  endfacet
  facet normal 0.000000e+00 0.000000e+00 -1.000000e+00
    outer loop
      vertex   -2.567648e+01 -1.279259e+01 5.000000e+00
      vertex   -2.190000e+01 -1.150000e+01 5.000000e+00
      vertex   -2.537500e+01 -1.291747e+01 5.000000e+00
    endloop
  endfacet
  facet normal 0.000000e+00 0.000000e+00 -1.000000e+00
    outer loop
      vertex   -2.537500e+01 -1.291747e+01 5.000000e+00
      vertex   -2.190000e+01 -1.150000e+01 5.000000e+00
      vertex   -2.511612e+01 -1.311612e+01 5.000000e+00
    endloop
  endfacet
  facet normal 0.000000e+00 0.000000e+00 -1.000000e+00
    outer loop
      vertex   -2.511612e+01 -1.311612e+01 5.000000e+00
      vertex   -2.190000e+01 -1.150000e+01 5.000000e+00
      vertex   -2.491747e+01 -1.337500e+01 5.000000e+00
    endloop
  endfacet
  facet normal 0.000000e+00 0.000000e+00 -1.000000e+00
    outer loop
      vertex   -2.491747e+01 -1.337500e+01 5.000000e+00
      vertex   -2.190000e+01 -1.150000e+01 5.000000e+00
      vertex   -2.479259e+01 -1.367648e+01 5.000000e+00
    endloop
  endfacet
  facet normal 0.000000e+00 0.000000e+00 -1.000000e+00
    outer loop
      vertex   -2.479259e+01 -1.367648e+01 5.000000e+00
      vertex   -2.190000e+01 -1.150000e+01 5.000000e+00
      vertex   -2.475000e+01 -1.400000e+01 5.000000e+00
    endloop
  endfacet
  facet normal 0.000000e+00 0.000000e+00 -1.000000e+00
    outer loop
      vertex   -2.475000e+01 -1.400000e+01 5.000000e+00
      vertex   -2.190000e+01 -1.150000e+01 5.000000e+00
      vertex   -2.190000e+01 -1.650000e+01 5.000000e+00
    endloop
  endfacet
  facet normal 0.000000e+00 -0.000000e+00 -1.000000e+00
    outer loop
      vertex   -2.475000e+01 -1.400000e+01 5.000000e+00
      vertex   -2.190000e+01 -1.650000e+01 5.000000e+00
      vertex   -2.479259e+01 -1.432352e+01 5.000000e+00
    endloop
  endfacet
  facet normal 0.000000e+00 -0.000000e+00 -1.000000e+00
    outer loop
      vertex   -2.479259e+01 -1.432352e+01 5.000000e+00
      vertex   -2.190000e+01 -1.650000e+01 5.000000e+00
      vertex   -2.491747e+01 -1.462500e+01 5.000000e+00
    endloop
  endfacet
  facet normal 0.000000e+00 -0.000000e+00 -1.000000e+00
    outer loop
      vertex   -2.491747e+01 -1.462500e+01 5.000000e+00
      vertex   -2.190000e+01 -1.650000e+01 5.000000e+00
      vertex   -2.511612e+01 -1.488388e+01 5.000000e+00
    endloop
  endfacet
  facet normal 0.000000e+00 -0.000000e+00 -1.000000e+00
    outer loop
      vertex   -2.511612e+01 -1.488388e+01 5.000000e+00
      vertex   -2.190000e+01 -1.650000e+01 5.000000e+00
      vertex   -2.537500e+01 -1.508253e+01 5.000000e+00
    endloop
  endfacet
  facet normal 0.000000e+00 -0.000000e+00 -1.000000e+00
    outer loop
      vertex   -2.537500e+01 -1.508253e+01 5.000000e+00
      vertex   -2.190000e+01 -1.650000e+01 5.000000e+00
      vertex   -2.567648e+01 -1.520741e+01 5.000000e+00
    endloop
  endfacet
  facet normal 0.000000e+00 -0.000000e+00 -1.000000e+00
    outer loop
      vertex   -2.567648e+01 -1.520741e+01 5.000000e+00
      vertex   -2.190000e+01 -1.650000e+01 5.000000e+00
      vertex   -2.600000e+01 -1.525000e+01 5.000000e+00
    endloop
  endfacet
  facet normal 0.000000e+00 -0.000000e+00 -1.000000e+00
    outer loop
      vertex   -2.600000e+01 -1.525000e+01 5.000000e+00
      vertex   -2.190000e+01 -1.650000e+01 5.000000e+00
      vertex   -2.940000e+01 -1.650000e+01 5.000000e+00
    endloop
  endfacet
  facet normal -0.000000e+00 0.000000e+00 -1.000000e+00
    outer loop
      vertex   -2.600000e+01 -1.525000e+01 5.000000e+00
      vertex   -2.940000e+01 -1.650000e+01 5.000000e+00
      vertex   -2.632352e+01 -1.520741e+01 5.000000e+00
    endloop
  endfacet
  facet normal -0.000000e+00 0.000000e+00 -1.000000e+00
    outer loop
      vertex   -2.632352e+01 -1.520741e+01 5.000000e+00
      vertex   -2.940000e+01 -1.650000e+01 5.000000e+00
      vertex   -2.662500e+01 -1.508253e+01 5.000000e+00
    endloop
  endfacet
  facet normal -0.000000e+00 0.000000e+00 -1.000000e+00
    outer loop
      vertex   -2.662500e+01 -1.508253e+01 5.000000e+00
      vertex   -2.940000e+01 -1.650000e+01 5.000000e+00
      vertex   -2.688388e+01 -1.488388e+01 5.000000e+00
    endloop
  endfacet
  facet normal -0.000000e+00 0.000000e+00 -1.000000e+00
    outer loop
      vertex   -2.688388e+01 -1.488388e+01 5.000000e+00
      vertex   -2.940000e+01 -1.650000e+01 5.000000e+00
      vertex   -2.708253e+01 -1.462500e+01 5.000000e+00
    endloop
  endfacet
  facet normal -0.000000e+00 0.000000e+00 -1.000000e+00
    outer loop
      vertex   -2.708253e+01 -1.462500e+01 5.000000e+00
      vertex   -2.940000e+01 -1.650000e+01 5.000000e+00
      vertex   -2.720741e+01 -1.432352e+01 5.000000e+00
    endloop
  endfacet
  facet normal 0.000000e+00 0.000000e+00 1.000000e+00
    outer loop
      vertex   -2.925245e+01 -1.740000e+01 5.000000e+00
      vertex   -2.930065e+01 -1.734984e+01 5.000000e+00
      vertex   -2.940000e+01 -1.740000e+01 5.000000e+00
    endloop
  endfacet
  facet normal 0.000000e+00 0.000000e+00 1.000000e+00
    outer loop
      vertex   -2.940000e+01 -1.740000e+01 5.000000e+00
      vertex   -2.930065e+01 -1.734984e+01 5.000000e+00
      vertex   -2.934984e+01 -1.730065e+01 5.000000e+00
    endloop
  endfacet
  facet normal 0.000000e+00 0.000000e+00 1.000000e+00
    outer loop
      vertex   -2.940000e+01 -1.740000e+01 5.000000e+00
      vertex   -2.934984e+01 -1.730065e+01 5.000000e+00
      vertex   -2.940000e+01 -1.725245e+01 5.000000e+00
    endloop
  endfacet
  facet normal 0.000000e+00 0.000000e+00 1.000000e+00
    outer loop
      vertex   2.940000e+01 -1.725245e+01 5.000000e+00
      vertex   2.934984e+01 -1.730065e+01 5.000000e+00
      vertex   2.940000e+01 -1.740000e+01 5.000000e+00
    endloop
  endfacet
  facet normal 0.000000e+00 0.000000e+00 1.000000e+00
    outer loop
      vertex   2.940000e+01 -1.740000e+01 5.000000e+00
      vertex   2.934984e+01 -1.730065e+01 5.000000e+00
      vertex   2.930065e+01 -1.734984e+01 5.000000e+00
    endloop
  endfacet
  facet normal 0.000000e+00 0.000000e+00 1.000000e+00
    outer loop
      vertex   2.940000e+01 -1.740000e+01 5.000000e+00
      vertex   2.930065e+01 -1.734984e+01 5.000000e+00
      vertex   2.925245e+01 -1.740000e+01 5.000000e+00
    endloop
  endfacet
  facet normal 9.921147e-01 1.253332e-01 0.000000e+00
    outer loop
      vertex   -3.344659e+01 -2.022277e+01 8.000000e+00
      vertex   -3.344659e+01 -2.022277e+01 0.000000e+00
      vertex   -3.350000e+01 -1.980000e+01 8.000000e+00
    endloop
  endfacet
  facet normal 9.921147e-01 1.253332e-01 0.000000e+00
    outer loop
      vertex   -3.350000e+01 -1.980000e+01 8.000000e+00
      vertex   -3.344659e+01 -2.022277e+01 0.000000e+00
      vertex   -3.350000e+01 -1.980000e+01 0.000000e+00
    endloop
  endfacet
  facet normal 9.921147e-01 -1.253332e-01 0.000000e+00
    outer loop
      vertex   -3.350000e+01 -1.980000e+01 8.000000e+00
      vertex   -3.350000e+01 -1.980000e+01 0.000000e+00
      vertex   -3.344659e+01 -1.937723e+01 8.000000e+00
    endloop
  endfacet
  facet normal 9.921147e-01 -1.253332e-01 5.565914e-17
    outer loop
      vertex   -3.344659e+01 -1.937723e+01 8.000000e+00
      vertex   -3.350000e+01 -1.980000e+01 0.000000e+00
      vertex   -3.344659e+01 -1.937723e+01 0.000000e+00
    endloop
  endfacet
  facet normal 9.297765e-01 -3.681246e-01 1.634801e-16
    outer loop
      vertex   -3.344659e+01 -1.937723e+01 8.000000e+00
      vertex   -3.344659e+01 -1.937723e+01 0.000000e+00
      vertex   -3.328972e+01 -1.898102e+01 8.000000e+00
    endloop
  endfacet
  facet normal 9.297765e-01 -3.681246e-01 0.000000e+00
    outer loop
      vertex   -3.328972e+01 -1.898102e+01 8.000000e+00
      vertex   -3.344659e+01 -1.937723e+01 0.000000e+00
      vertex   -3.328972e+01 -1.898102e+01 0.000000e+00
    endloop
  endfacet
  facet normal 8.090170e-01 -5.877853e-01 0.000000e+00
    outer loop
      vertex   -3.328972e+01 -1.898102e+01 8.000000e+00
      vertex   -3.328972e+01 -1.898102e+01 0.000000e+00
      vertex   -3.303925e+01 -1.863627e+01 8.000000e+00
    endloop
  endfacet
  facet normal 8.090170e-01 -5.877853e-01 2.610291e-16
    outer loop
      vertex   -3.303925e+01 -1.863627e+01 8.000000e+00
      vertex   -3.328972e+01 -1.898102e+01 0.000000e+00
      vertex   -3.303925e+01 -1.863627e+01 0.000000e+00
    endloop
  endfacet
  facet normal 6.374240e-01 -7.705132e-01 3.421766e-16
    outer loop
      vertex   -3.303925e+01 -1.863627e+01 8.000000e+00
      vertex   -3.303925e+01 -1.863627e+01 0.000000e+00
      vertex   -3.271091e+01 -1.836464e+01 8.000000e+00
    endloop
  endfacet
  facet normal 6.374240e-01 -7.705132e-01 0.000000e+00
    outer loop
      vertex   -3.271091e+01 -1.836464e+01 8.000000e+00
      vertex   -3.303925e+01 -1.863627e+01 0.000000e+00
      vertex   -3.271091e+01 -1.836464e+01 0.000000e+00
    endloop
  endfacet
  facet normal 4.257793e-01 -9.048271e-01 0.000000e+00
    outer loop
      vertex   -3.271091e+01 -1.836464e+01 8.000000e+00
      vertex   -3.271091e+01 -1.836464e+01 0.000000e+00
      vertex   -3.232533e+01 -1.818320e+01 8.000000e+00
    endloop
  endfacet
  facet normal 4.257793e-01 -9.048271e-01 0.000000e+00
    outer loop
      vertex   -3.232533e+01 -1.818320e+01 8.000000e+00
      vertex   -3.271091e+01 -1.836464e+01 0.000000e+00
      vertex   -3.232533e+01 -1.818320e+01 0.000000e+00
    endloop
  endfacet
  facet normal 1.873813e-01 -9.822873e-01 0.000000e+00
    outer loop
      vertex   -3.232533e+01 -1.818320e+01 8.000000e+00
      vertex   -3.232533e+01 -1.818320e+01 0.000000e+00
      vertex   -3.190674e+01 -1.810335e+01 8.000000e+00
    endloop
  endfacet
  facet normal 1.873813e-01 -9.822873e-01 0.000000e+00
    outer loop
      vertex   -3.190674e+01 -1.810335e+01 8.000000e+00
      vertex   -3.232533e+01 -1.818320e+01 0.000000e+00
      vertex   -3.190674e+01 -1.810335e+01 0.000000e+00
    endloop
  endfacet
  facet normal -6.279052e-02 -9.980267e-01 -0.000000e+00
    outer loop
      vertex   -3.190674e+01 -1.810335e+01 8.000000e+00
      vertex   -3.190674e+01 -1.810335e+01 0.000000e+00
      vertex   -3.148145e+01 -1.813011e+01 8.000000e+00
    endloop
  endfacet
  facet normal -6.279052e-02 -9.980267e-01 -0.000000e+00
    outer loop
      vertex   -3.148145e+01 -1.813011e+01 8.000000e+00
      vertex   -3.190674e+01 -1.810335e+01 0.000000e+00
      vertex   -3.148145e+01 -1.813011e+01 0.000000e+00
    endloop
  endfacet
  facet normal -3.090170e-01 -9.510565e-01 -0.000000e+00
    outer loop
      vertex   -3.148145e+01 -1.813011e+01 8.000000e+00
      vertex   -3.148145e+01 -1.813011e+01 0.000000e+00
      vertex   -3.107618e+01 -1.826179e+01 8.000000e+00
    endloop
  endfacet
  facet normal -3.090170e-01 -9.510565e-01 -4.223539e-16
    outer loop
      vertex   -3.107618e+01 -1.826179e+01 8.000000e+00
      vertex   -3.148145e+01 -1.813011e+01 0.000000e+00
      vertex   -3.107618e+01 -1.826179e+01 0.000000e+00
    endloop
  endfacet
  facet normal -5.358268e-01 -8.443279e-01 -3.749569e-16
    outer loop
      vertex   -3.107618e+01 -1.826179e+01 8.000000e+00
      vertex   -3.107618e+01 -1.826179e+01 0.000000e+00
      vertex   -3.071638e+01 -1.849013e+01 8.000000e+00
    endloop
  endfacet
  facet normal -5.358268e-01 -8.443279e-01 -0.000000e+00
    outer loop
      vertex   -3.071638e+01 -1.849013e+01 8.000000e+00
      vertex   -3.107618e+01 -1.826179e+01 0.000000e+00
      vertex   -3.071638e+01 -1.849013e+01 0.000000e+00
    endloop
  endfacet
  facet normal -7.289686e-01 -6.845471e-01 -0.000000e+00
    outer loop
      vertex   -3.071638e+01 -1.849013e+01 8.000000e+00
      vertex   -3.071638e+01 -1.849013e+01 0.000000e+00
      vertex   -3.042467e+01 -1.880077e+01 8.000000e+00
    endloop
  endfacet
  facet normal -7.289686e-01 -6.845471e-01 -0.000000e+00
    outer loop
      vertex   -3.042467e+01 -1.880077e+01 8.000000e+00
      vertex   -3.071638e+01 -1.849013e+01 0.000000e+00
      vertex   -3.042467e+01 -1.880077e+01 0.000000e+00
    endloop
  endfacet
  facet normal -8.763067e-01 -4.817537e-01 -0.000000e+00
    outer loop
      vertex   -3.042467e+01 -1.880077e+01 8.000000e+00
      vertex   -3.042467e+01 -1.880077e+01 0.000000e+00
      vertex   -3.021938e+01 -1.917419e+01 8.000000e+00
    endloop
  endfacet
  facet normal -8.763067e-01 -4.817537e-01 -2.139416e-16
    outer loop
      vertex   -3.021938e+01 -1.917419e+01 8.000000e+00
      vertex   -3.042467e+01 -1.880077e+01 0.000000e+00
      vertex   -3.021938e+01 -1.917419e+01 0.000000e+00
    endloop
  endfacet
  facet normal -9.685832e-01 -2.486899e-01 -1.104405e-16
    outer loop
      vertex   -3.021938e+01 -1.917419e+01 8.000000e+00
      vertex   -3.021938e+01 -1.917419e+01 0.000000e+00
      vertex   -3.011341e+01 -1.958693e+01 8.000000e+00
    endloop
  endfacet
  facet normal -9.685832e-01 -2.486899e-01 -0.000000e+00
    outer loop
      vertex   -3.011341e+01 -1.958693e+01 8.000000e+00
      vertex   -3.021938e+01 -1.917419e+01 0.000000e+00
      vertex   -3.011341e+01 -1.958693e+01 0.000000e+00
    endloop
  endfacet
  facet normal -1.000000e+00 -0.000000e+00 -0.000000e+00
    outer loop
      vertex   -3.011341e+01 -1.958693e+01 8.000000e+00
      vertex   -3.011341e+01 -1.958693e+01 0.000000e+00
      vertex   -3.011341e+01 -2.001307e+01 8.000000e+00
    endloop
  endfacet
  facet normal -1.000000e+00 0.000000e+00 0.000000e+00
    outer loop
      vertex   -3.011341e+01 -2.001307e+01 8.000000e+00
      vertex   -3.011341e+01 -1.958693e+01 0.000000e+00
      vertex   -3.011341e+01 -2.001307e+01 0.000000e+00
    endloop
  endfacet
  facet normal -9.685832e-01 2.486899e-01 0.000000e+00
    outer loop
      vertex   -3.011341e+01 -2.001307e+01 8.000000e+00
      vertex   -3.011341e+01 -2.001307e+01 0.000000e+00
      vertex   -3.021938e+01 -2.042581e+01 8.000000e+00
    endloop
  endfacet
  facet normal -9.685832e-01 2.486899e-01 2.208810e-16
    outer loop
      vertex   -3.021938e+01 -2.042581e+01 8.000000e+00
      vertex   -3.011341e+01 -2.001307e+01 0.000000e+00
      vertex   -3.021938e+01 -2.042581e+01 0.000000e+00
    endloop
  endfacet
  facet normal -8.763067e-01 4.817537e-01 4.278832e-16
    outer loop
      vertex   -3.021938e+01 -2.042581e+01 8.000000e+00
      vertex   -3.021938e+01 -2.042581e+01 0.000000e+00
      vertex   -3.042467e+01 -2.079923e+01 8.000000e+00
    endloop
  endfacet
  facet normal -8.763067e-01 4.817537e-01 0.000000e+00
    outer loop
      vertex   -3.042467e+01 -2.079923e+01 8.000000e+00
      vertex   -3.021938e+01 -2.042581e+01 0.000000e+00
      vertex   -3.042467e+01 -2.079923e+01 0.000000e+00
    endloop
  endfacet
  facet normal -7.289686e-01 6.845471e-01 0.000000e+00
    outer loop
      vertex   -3.042467e+01 -2.079923e+01 8.000000e+00
      vertex   -3.042467e+01 -2.079923e+01 0.000000e+00
      vertex   -3.071638e+01 -2.110987e+01 8.000000e+00
    endloop
  endfacet
  facet normal -7.289686e-01 6.845471e-01 0.000000e+00
    outer loop
      vertex   -3.071638e+01 -2.110987e+01 8.000000e+00
      vertex   -3.042467e+01 -2.079923e+01 0.000000e+00
      vertex   -3.071638e+01 -2.110987e+01 0.000000e+00
    endloop
  endfacet
  facet normal -5.358268e-01 8.443279e-01 0.000000e+00
    outer loop
      vertex   -3.071638e+01 -2.110987e+01 8.000000e+00
      vertex   -3.071638e+01 -2.110987e+01 0.000000e+00
      vertex   -3.107618e+01 -2.133821e+01 8.000000e+00
    endloop
  endfacet
  facet normal -5.358268e-01 8.443279e-01 0.000000e+00
    outer loop
      vertex   -3.107618e+01 -2.133821e+01 8.000000e+00
      vertex   -3.071638e+01 -2.110987e+01 0.000000e+00
      vertex   -3.107618e+01 -2.133821e+01 0.000000e+00
    endloop
  endfacet
  facet normal -3.090170e-01 9.510565e-01 0.000000e+00
    outer loop
      vertex   -3.107618e+01 -2.133821e+01 8.000000e+00
      vertex   -3.107618e+01 -2.133821e+01 0.000000e+00
      vertex   -3.148145e+01 -2.146989e+01 8.000000e+00
    endloop
  endfacet
  facet normal -3.090170e-01 9.510565e-01 0.000000e+00
    outer loop
      vertex   -3.148145e+01 -2.146989e+01 8.000000e+00
      vertex   -3.107618e+01 -2.133821e+01 0.000000e+00
      vertex   -3.148145e+01 -2.146989e+01 0.000000e+00
    endloop
  endfacet
  facet normal -6.279052e-02 9.980267e-01 0.000000e+00
    outer loop
      vertex   -3.148145e+01 -2.146989e+01 8.000000e+00
      vertex   -3.148145e+01 -2.146989e+01 0.000000e+00
      vertex   -3.190674e+01 -2.149665e+01 8.000000e+00
    endloop
  endfacet
  facet normal -6.279052e-02 9.980267e-01 0.000000e+00
    outer loop
      vertex   -3.190674e+01 -2.149665e+01 8.000000e+00
      vertex   -3.148145e+01 -2.146989e+01 0.000000e+00
      vertex   -3.190674e+01 -2.149665e+01 0.000000e+00
    endloop
  endfacet
  facet normal 1.873813e-01 9.822873e-01 0.000000e+00
    outer loop
      vertex   -3.190674e+01 -2.149665e+01 8.000000e+00
      vertex   -3.190674e+01 -2.149665e+01 0.000000e+00
      vertex   -3.232533e+01 -2.141680e+01 8.000000e+00
    endloop
  endfacet
  facet normal 1.873813e-01 9.822873e-01 0.000000e+00
    outer loop
      vertex   -3.232533e+01 -2.141680e+01 8.000000e+00
      vertex   -3.190674e+01 -2.149665e+01 0.000000e+00
      vertex   -3.232533e+01 -2.141680e+01 0.000000e+00
    endloop
  endfacet
  facet normal 4.257793e-01 9.048271e-01 0.000000e+00
    outer loop
      vertex   -3.232533e+01 -2.141680e+01 8.000000e+00
      vertex   -3.232533e+01 -2.141680e+01 0.000000e+00
      vertex   -3.271091e+01 -2.123536e+01 8.000000e+00
    endloop
  endfacet
  facet normal 4.257793e-01 9.048271e-01 0.000000e+00
    outer loop
      vertex   -3.271091e+01 -2.123536e+01 8.000000e+00
      vertex   -3.232533e+01 -2.141680e+01 0.000000e+00
      vertex   -3.271091e+01 -2.123536e+01 0.000000e+00
    endloop
  endfacet
  facet normal 6.374240e-01 7.705132e-01 0.000000e+00
    outer loop
      vertex   -3.271091e+01 -2.123536e+01 8.000000e+00
      vertex   -3.271091e+01 -2.123536e+01 0.000000e+00
      vertex   -3.303925e+01 -2.096373e+01 8.000000e+00
    endloop
  endfacet
  facet normal 6.374240e-01 7.705132e-01 0.000000e+00
    outer loop
      vertex   -3.303925e+01 -2.096373e+01 8.000000e+00
      vertex   -3.271091e+01 -2.123536e+01 0.000000e+00
      vertex   -3.303925e+01 -2.096373e+01 0.000000e+00
    endloop
  endfacet
  facet normal 8.090170e-01 5.877853e-01 0.000000e+00
    outer loop
      vertex   -3.303925e+01 -2.096373e+01 8.000000e+00
      vertex   -3.303925e+01 -2.096373e+01 0.000000e+00
      vertex   -3.328972e+01 -2.061898e+01 8.000000e+00
    endloop
  endfacet
  facet normal 8.090170e-01 5.877853e-01 0.000000e+00
    outer loop
      vertex   -3.328972e+01 -2.061898e+01 8.000000e+00
      vertex   -3.303925e+01 -2.096373e+01 0.000000e+00
      vertex   -3.328972e+01 -2.061898e+01 0.000000e+00
    endloop
  endfacet
  facet normal 9.297765e-01 3.681246e-01 0.000000e+00
    outer loop
      vertex   -3.328972e+01 -2.061898e+01 8.000000e+00
      vertex   -3.328972e+01 -2.061898e+01 0.000000e+00
      vertex   -3.344659e+01 -2.022277e+01 8.000000e+00
    endloop
  endfacet
  facet normal 9.297765e-01 3.681246e-01 0.000000e+00
    outer loop
      vertex   -3.344659e+01 -2.022277e+01 8.000000e+00
      vertex   -3.328972e+01 -2.061898e+01 0.000000e+00
      vertex   -3.344659e+01 -2.022277e+01 0.000000e+00
    endloop
  endfacet
  facet normal 9.921147e-01 1.253332e-01 0.000000e+00
    outer loop
      vertex   3.015341e+01 -2.022277e+01 8.000000e+00
      vertex   3.015341e+01 -2.022277e+01 0.000000e+00
      vertex   3.010000e+01 -1.980000e+01 8.000000e+00
    endloop
  endfacet
  facet normal 9.921147e-01 1.253332e-01 0.000000e+00
    outer loop
      vertex   3.010000e+01 -1.980000e+01 8.000000e+00
      vertex   3.015341e+01 -2.022277e+01 0.000000e+00
      vertex   3.010000e+01 -1.980000e+01 0.000000e+00
    endloop
  endfacet
  facet normal 9.921147e-01 -1.253332e-01 0.000000e+00
    outer loop
      vertex   3.010000e+01 -1.980000e+01 8.000000e+00
      vertex   3.010000e+01 -1.980000e+01 0.000000e+00
      vertex   3.015341e+01 -1.937723e+01 8.000000e+00
    endloop
  endfacet
  facet normal 9.921147e-01 -1.253332e-01 5.565914e-17
    outer loop
      vertex   3.015341e+01 -1.937723e+01 8.000000e+00
      vertex   3.010000e+01 -1.980000e+01 0.000000e+00
      vertex   3.015341e+01 -1.937723e+01 0.000000e+00
    endloop
  endfacet
  facet normal 9.297765e-01 -3.681246e-01 1.634801e-16
    outer loop
      vertex   3.015341e+01 -1.937723e+01 8.000000e+00
      vertex   3.015341e+01 -1.937723e+01 0.000000e+00
      vertex   3.031028e+01 -1.898102e+01 8.000000e+00
    endloop
  endfacet
  facet normal 9.297765e-01 -3.681246e-01 0.000000e+00
    outer loop
      vertex   3.031028e+01 -1.898102e+01 8.000000e+00
      vertex   3.015341e+01 -1.937723e+01 0.000000e+00
      vertex   3.031028e+01 -1.898102e+01 0.000000e+00
    endloop
  endfacet
  facet normal 8.090170e-01 -5.877853e-01 0.000000e+00
    outer loop
      vertex   3.031028e+01 -1.898102e+01 8.000000e+00
      vertex   3.031028e+01 -1.898102e+01 0.000000e+00
      vertex   3.056075e+01 -1.863627e+01 8.000000e+00
    endloop
  endfacet
  facet normal 8.090170e-01 -5.877853e-01 2.610291e-16
    outer loop
      vertex   3.056075e+01 -1.863627e+01 8.000000e+00
      vertex   3.031028e+01 -1.898102e+01 0.000000e+00
      vertex   3.056075e+01 -1.863627e+01 0.000000e+00
    endloop
  endfacet
  facet normal 6.374240e-01 -7.705132e-01 3.421766e-16
    outer loop
      vertex   3.056075e+01 -1.863627e+01 8.000000e+00
      vertex   3.056075e+01 -1.863627e+01 0.000000e+00
      vertex   3.088909e+01 -1.836464e+01 8.000000e+00
    endloop
  endfacet
  facet normal 6.374240e-01 -7.705132e-01 -5.661462e-16
    outer loop
      vertex   3.088909e+01 -1.836464e+01 8.000000e+00
      vertex   3.056075e+01 -1.863627e+01 0.000000e+00
      vertex   3.088909e+01 -1.836464e+01 0.000000e+00
    endloop
  endfacet
  facet normal 4.257793e-01 -9.048271e-01 -3.781680e-16
    outer loop
      vertex   3.088909e+01 -1.836464e+01 8.000000e+00
      vertex   3.088909e+01 -1.836464e+01 0.000000e+00
      vertex   3.127467e+01 -1.818320e+01 8.000000e+00
    endloop
  endfacet
  facet normal 4.257793e-01 -9.048271e-01 0.000000e+00
    outer loop
      vertex   3.127467e+01 -1.818320e+01 8.000000e+00
      vertex   3.088909e+01 -1.836464e+01 0.000000e+00
      vertex   3.127467e+01 -1.818320e+01 0.000000e+00
    endloop
  endfacet
  facet normal 1.873813e-01 -9.822873e-01 0.000000e+00
    outer loop
      vertex   3.127467e+01 -1.818320e+01 8.000000e+00
      vertex   3.127467e+01 -1.818320e+01 0.000000e+00
      vertex   3.169326e+01 -1.810335e+01 8.000000e+00
    endloop
  endfacet
  facet normal 1.873813e-01 -9.822873e-01 0.000000e+00
    outer loop
      vertex   3.169326e+01 -1.810335e+01 8.000000e+00
      vertex   3.127467e+01 -1.818320e+01 0.000000e+00
      vertex   3.169326e+01 -1.810335e+01 0.000000e+00
    endloop
  endfacet
  facet normal -6.279052e-02 -9.980267e-01 -0.000000e+00
    outer loop
      vertex   3.169326e+01 -1.810335e+01 8.000000e+00
      vertex   3.169326e+01 -1.810335e+01 0.000000e+00
      vertex   3.211855e+01 -1.813011e+01 8.000000e+00
    endloop
  endfacet
  facet normal -6.279052e-02 -9.980267e-01 -0.000000e+00
    outer loop
      vertex   3.211855e+01 -1.813011e+01 8.000000e+00
      vertex   3.169326e+01 -1.810335e+01 0.000000e+00
      vertex   3.211855e+01 -1.813011e+01 0.000000e+00
    endloop
  endfacet
  facet normal -3.090170e-01 -9.510565e-01 -0.000000e+00
    outer loop
      vertex   3.211855e+01 -1.813011e+01 8.000000e+00
      vertex   3.211855e+01 -1.813011e+01 0.000000e+00
      vertex   3.252382e+01 -1.826179e+01 8.000000e+00
    endloop
  endfacet
  facet normal -3.090170e-01 -9.510565e-01 -4.223539e-16
    outer loop
      vertex   3.252382e+01 -1.826179e+01 8.000000e+00
      vertex   3.211855e+01 -1.813011e+01 0.000000e+00
      vertex   3.252382e+01 -1.826179e+01 0.000000e+00
    endloop
  endfacet
  facet normal -5.358268e-01 -8.443279e-01 -3.749569e-16
    outer loop
      vertex   3.252382e+01 -1.826179e+01 8.000000e+00
      vertex   3.252382e+01 -1.826179e+01 0.000000e+00
      vertex   3.288362e+01 -1.849013e+01 8.000000e+00
    endloop
  endfacet
  facet normal -5.358268e-01 -8.443279e-01 -0.000000e+00
    outer loop
      vertex   3.288362e+01 -1.849013e+01 8.000000e+00
      vertex   3.252382e+01 -1.826179e+01 0.000000e+00
      vertex   3.288362e+01 -1.849013e+01 0.000000e+00
    endloop
  endfacet
  facet normal -7.289686e-01 -6.845471e-01 -0.000000e+00
    outer loop
      vertex   3.288362e+01 -1.849013e+01 8.000000e+00
      vertex   3.288362e+01 -1.849013e+01 0.000000e+00
      vertex   3.317533e+01 -1.880077e+01 8.000000e+00
    endloop
  endfacet
  facet normal -7.289686e-01 -6.845471e-01 -0.000000e+00
    outer loop
      vertex   3.317533e+01 -1.880077e+01 8.000000e+00
      vertex   3.288362e+01 -1.849013e+01 0.000000e+00
      vertex   3.317533e+01 -1.880077e+01 0.000000e+00
    endloop
  endfacet
  facet normal -8.763067e-01 -4.817537e-01 -0.000000e+00
    outer loop
      vertex   3.317533e+01 -1.880077e+01 8.000000e+00
      vertex   3.317533e+01 -1.880077e+01 0.000000e+00
      vertex   3.338062e+01 -1.917419e+01 8.000000e+00
    endloop
  endfacet
  facet normal -8.763067e-01 -4.817537e-01 -2.139416e-16
    outer loop
      vertex   3.338062e+01 -1.917419e+01 8.000000e+00
      vertex   3.317533e+01 -1.880077e+01 0.000000e+00
      vertex   3.338062e+01 -1.917419e+01 0.000000e+00
    endloop
  endfacet
  facet normal -9.685832e-01 -2.486899e-01 -1.104405e-16
    outer loop
      vertex   3.338062e+01 -1.917419e+01 8.000000e+00
      vertex   3.338062e+01 -1.917419e+01 0.000000e+00
      vertex   3.348659e+01 -1.958693e+01 8.000000e+00
    endloop
  endfacet
  facet normal -9.685832e-01 -2.486899e-01 -0.000000e+00
    outer loop
      vertex   3.348659e+01 -1.958693e+01 8.000000e+00
      vertex   3.338062e+01 -1.917419e+01 0.000000e+00
      vertex   3.348659e+01 -1.958693e+01 0.000000e+00
    endloop
  endfacet
  facet normal -1.000000e+00 -0.000000e+00 -0.000000e+00
    outer loop
      vertex   3.348659e+01 -1.958693e+01 8.000000e+00
      vertex   3.348659e+01 -1.958693e+01 0.000000e+00
      vertex   3.348659e+01 -2.001307e+01 8.000000e+00
    endloop
  endfacet
  facet normal -1.000000e+00 0.000000e+00 0.000000e+00
    outer loop
      vertex   3.348659e+01 -2.001307e+01 8.000000e+00
      vertex   3.348659e+01 -1.958693e+01 0.000000e+00
      vertex   3.348659e+01 -2.001307e+01 0.000000e+00
    endloop
  endfacet
  facet normal -9.685832e-01 2.486899e-01 0.000000e+00
    outer loop
      vertex   3.348659e+01 -2.001307e+01 8.000000e+00
      vertex   3.348659e+01 -2.001307e+01 0.000000e+00
      vertex   3.338062e+01 -2.042581e+01 8.000000e+00
    endloop
  endfacet
  facet normal -9.685832e-01 2.486899e-01 2.208810e-16
    outer loop
      vertex   3.338062e+01 -2.042581e+01 8.000000e+00
      vertex   3.348659e+01 -2.001307e+01 0.000000e+00
      vertex   3.338062e+01 -2.042581e+01 0.000000e+00
    endloop
  endfacet
  facet normal -8.763067e-01 4.817537e-01 4.278832e-16
    outer loop
      vertex   3.338062e+01 -2.042581e+01 8.000000e+00
      vertex   3.338062e+01 -2.042581e+01 0.000000e+00
      vertex   3.317533e+01 -2.079923e+01 8.000000e+00
    endloop
  endfacet
  facet normal -8.763067e-01 4.817537e-01 0.000000e+00
    outer loop
      vertex   3.317533e+01 -2.079923e+01 8.000000e+00
      vertex   3.338062e+01 -2.042581e+01 0.000000e+00
      vertex   3.317533e+01 -2.079923e+01 0.000000e+00
    endloop
  endfacet
  facet normal -7.289686e-01 6.845471e-01 0.000000e+00
    outer loop
      vertex   3.317533e+01 -2.079923e+01 8.000000e+00
      vertex   3.317533e+01 -2.079923e+01 0.000000e+00
      vertex   3.288362e+01 -2.110987e+01 8.000000e+00
    endloop
  endfacet
  facet normal -7.289686e-01 6.845471e-01 0.000000e+00
    outer loop
      vertex   3.288362e+01 -2.110987e+01 8.000000e+00
      vertex   3.317533e+01 -2.079923e+01 0.000000e+00
      vertex   3.288362e+01 -2.110987e+01 0.000000e+00
    endloop
  endfacet
  facet normal -5.358268e-01 8.443279e-01 0.000000e+00
    outer loop
      vertex   3.288362e+01 -2.110987e+01 8.000000e+00
      vertex   3.288362e+01 -2.110987e+01 0.000000e+00
      vertex   3.252382e+01 -2.133821e+01 8.000000e+00
    endloop
  endfacet
  facet normal -5.358268e-01 8.443279e-01 0.000000e+00
    outer loop
      vertex   3.252382e+01 -2.133821e+01 8.000000e+00
      vertex   3.288362e+01 -2.110987e+01 0.000000e+00
      vertex   3.252382e+01 -2.133821e+01 0.000000e+00
    endloop
  endfacet
  facet normal -3.090170e-01 9.510565e-01 0.000000e+00
    outer loop
      vertex   3.252382e+01 -2.133821e+01 8.000000e+00
      vertex   3.252382e+01 -2.133821e+01 0.000000e+00
      vertex   3.211855e+01 -2.146989e+01 8.000000e+00
    endloop
  endfacet
  facet normal -3.090170e-01 9.510565e-01 0.000000e+00
    outer loop
      vertex   3.211855e+01 -2.146989e+01 8.000000e+00
      vertex   3.252382e+01 -2.133821e+01 0.000000e+00
      vertex   3.211855e+01 -2.146989e+01 0.000000e+00
    endloop
  endfacet
  facet normal -6.279052e-02 9.980267e-01 0.000000e+00
    outer loop
      vertex   3.211855e+01 -2.146989e+01 8.000000e+00
      vertex   3.211855e+01 -2.146989e+01 0.000000e+00
      vertex   3.169326e+01 -2.149665e+01 8.000000e+00
    endloop
  endfacet
  facet normal -6.279052e-02 9.980267e-01 0.000000e+00
    outer loop
      vertex   3.169326e+01 -2.149665e+01 8.000000e+00
      vertex   3.211855e+01 -2.146989e+01 0.000000e+00
      vertex   3.169326e+01 -2.149665e+01 0.000000e+00
    endloop
  endfacet
  facet normal 1.873813e-01 9.822873e-01 0.000000e+00
    outer loop
      vertex   3.169326e+01 -2.149665e+01 8.000000e+00
      vertex   3.169326e+01 -2.149665e+01 0.000000e+00
      vertex   3.127467e+01 -2.141680e+01 8.000000e+00
    endloop
  endfacet
  facet normal 1.873813e-01 9.822873e-01 0.000000e+00
    outer loop
      vertex   3.127467e+01 -2.141680e+01 8.000000e+00
      vertex   3.169326e+01 -2.149665e+01 0.000000e+00
      vertex   3.127467e+01 -2.141680e+01 0.000000e+00
    endloop
  endfacet
  facet normal 4.257793e-01 9.048271e-01 0.000000e+00
    outer loop
      vertex   3.127467e+01 -2.141680e+01 8.000000e+00
      vertex   3.127467e+01 -2.141680e+01 0.000000e+00
      vertex   3.088909e+01 -2.123536e+01 8.000000e+00
    endloop
  endfacet
  facet normal 4.257793e-01 9.048271e-01 3.781680e-16
    outer loop
      vertex   3.088909e+01 -2.123536e+01 8.000000e+00
      vertex   3.127467e+01 -2.141680e+01 0.000000e+00
      vertex   3.088909e+01 -2.123536e+01 0.000000e+00
    endloop
  endfacet
  facet normal 6.374240e-01 7.705132e-01 5.661462e-16
    outer loop
      vertex   3.088909e+01 -2.123536e+01 8.000000e+00
      vertex   3.088909e+01 -2.123536e+01 0.000000e+00
      vertex   3.056075e+01 -2.096373e+01 8.000000e+00
    endloop
  endfacet
  facet normal 6.374240e-01 7.705132e-01 0.000000e+00
    outer loop
      vertex   3.056075e+01 -2.096373e+01 8.000000e+00
      vertex   3.088909e+01 -2.123536e+01 0.000000e+00
      vertex   3.056075e+01 -2.096373e+01 0.000000e+00
    endloop
  endfacet
  facet normal 8.090170e-01 5.877853e-01 0.000000e+00
    outer loop
      vertex   3.056075e+01 -2.096373e+01 8.000000e+00
      vertex   3.056075e+01 -2.096373e+01 0.000000e+00
      vertex   3.031028e+01 -2.061898e+01 8.000000e+00
    endloop
  endfacet
  facet normal 8.090170e-01 5.877853e-01 0.000000e+00
    outer loop
      vertex   3.031028e+01 -2.061898e+01 8.000000e+00
      vertex   3.056075e+01 -2.096373e+01 0.000000e+00
      vertex   3.031028e+01 -2.061898e+01 0.000000e+00
    endloop
  endfacet
  facet normal 9.297765e-01 3.681246e-01 0.000000e+00
    outer loop
      vertex   3.031028e+01 -2.061898e+01 8.000000e+00
      vertex   3.031028e+01 -2.061898e+01 0.000000e+00
      vertex   3.015341e+01 -2.022277e+01 8.000000e+00
    endloop
  endfacet
  facet normal 9.297765e-01 3.681246e-01 0.000000e+00
    outer loop
      vertex   3.015341e+01 -2.022277e+01 8.000000e+00
      vertex   3.031028e+01 -2.061898e+01 0.000000e+00
      vertex   3.015341e+01 -2.022277e+01 0.000000e+00
    endloop
  endfacet
  facet normal 9.921147e-01 1.253332e-01 -5.565914e-17
    outer loop
      vertex   -3.344659e+01 1.937723e+01 8.000000e+00
      vertex   -3.344659e+01 1.937723e+01 0.000000e+00
      vertex   -3.350000e+01 1.980000e+01 8.000000e+00
    endloop
  endfacet
  facet normal 9.921147e-01 1.253332e-01 0.000000e+00
    outer loop
      vertex   -3.350000e+01 1.980000e+01 8.000000e+00
      vertex   -3.344659e+01 1.937723e+01 0.000000e+00
      vertex   -3.350000e+01 1.980000e+01 0.000000e+00
    endloop
  endfacet
  facet normal 9.921147e-01 -1.253332e-01 0.000000e+00
    outer loop
      vertex   -3.350000e+01 1.980000e+01 8.000000e+00
      vertex   -3.350000e+01 1.980000e+01 0.000000e+00
      vertex   -3.344659e+01 2.022277e+01 8.000000e+00
    endloop
  endfacet
  facet normal 9.921147e-01 -1.253332e-01 0.000000e+00
    outer loop
      vertex   -3.344659e+01 2.022277e+01 8.000000e+00
      vertex   -3.350000e+01 1.980000e+01 0.000000e+00
      vertex   -3.344659e+01 2.022277e+01 0.000000e+00
    endloop
  endfacet
  facet normal 9.297765e-01 -3.681246e-01 0.000000e+00
    outer loop
      vertex   -3.344659e+01 2.022277e+01 8.000000e+00
      vertex   -3.344659e+01 2.022277e+01 0.000000e+00
      vertex   -3.328972e+01 2.061898e+01 8.000000e+00
    endloop
  endfacet
  facet normal 9.297765e-01 -3.681246e-01 0.000000e+00
    outer loop
      vertex   -3.328972e+01 2.061898e+01 8.000000e+00
      vertex   -3.344659e+01 2.022277e+01 0.000000e+00
      vertex   -3.328972e+01 2.061898e+01 0.000000e+00
    endloop
  endfacet
  facet normal 8.090170e-01 -5.877853e-01 0.000000e+00
    outer loop
      vertex   -3.328972e+01 2.061898e+01 8.000000e+00
      vertex   -3.328972e+01 2.061898e+01 0.000000e+00
      vertex   -3.303925e+01 2.096373e+01 8.000000e+00
    endloop
  endfacet
  facet normal 8.090170e-01 -5.877853e-01 0.000000e+00
    outer loop
      vertex   -3.303925e+01 2.096373e+01 8.000000e+00
      vertex   -3.328972e+01 2.061898e+01 0.000000e+00
      vertex   -3.303925e+01 2.096373e+01 0.000000e+00
    endloop
  endfacet
  facet normal 6.374240e-01 -7.705132e-01 0.000000e+00
    outer loop
      vertex   -3.303925e+01 2.096373e+01 8.000000e+00
      vertex   -3.303925e+01 2.096373e+01 0.000000e+00
      vertex   -3.271091e+01 2.123536e+01 8.000000e+00
    endloop
  endfacet
  facet normal 6.374240e-01 -7.705132e-01 0.000000e+00
    outer loop
      vertex   -3.271091e+01 2.123536e+01 8.000000e+00
      vertex   -3.303925e+01 2.096373e+01 0.000000e+00
      vertex   -3.271091e+01 2.123536e+01 0.000000e+00
    endloop
  endfacet
  facet normal 4.257793e-01 -9.048271e-01 0.000000e+00
    outer loop
      vertex   -3.271091e+01 2.123536e+01 8.000000e+00
      vertex   -3.271091e+01 2.123536e+01 0.000000e+00
      vertex   -3.232533e+01 2.141680e+01 8.000000e+00
    endloop
  endfacet
  facet normal 4.257793e-01 -9.048271e-01 0.000000e+00
    outer loop
      vertex   -3.232533e+01 2.141680e+01 8.000000e+00
      vertex   -3.271091e+01 2.123536e+01 0.000000e+00
      vertex   -3.232533e+01 2.141680e+01 0.000000e+00
    endloop
  endfacet
  facet normal 1.873813e-01 -9.822873e-01 0.000000e+00
    outer loop
      vertex   -3.232533e+01 2.141680e+01 8.000000e+00
      vertex   -3.232533e+01 2.141680e+01 0.000000e+00
      vertex   -3.190674e+01 2.149665e+01 8.000000e+00
    endloop
  endfacet
  facet normal 1.873813e-01 -9.822873e-01 0.000000e+00
    outer loop
      vertex   -3.190674e+01 2.149665e+01 8.000000e+00
      vertex   -3.232533e+01 2.141680e+01 0.000000e+00
      vertex   -3.190674e+01 2.149665e+01 0.000000e+00
    endloop
  endfacet
  facet normal -6.279052e-02 -9.980267e-01 -0.000000e+00
    outer loop
      vertex   -3.190674e+01 2.149665e+01 8.000000e+00
      vertex   -3.190674e+01 2.149665e+01 0.000000e+00
      vertex   -3.148145e+01 2.146989e+01 8.000000e+00
    endloop
  endfacet
  facet normal -6.279052e-02 -9.980267e-01 -0.000000e+00
    outer loop
      vertex   -3.148145e+01 2.146989e+01 8.000000e+00
      vertex   -3.190674e+01 2.149665e+01 0.000000e+00
      vertex   -3.148145e+01 2.146989e+01 0.000000e+00
    endloop
  endfacet
  facet normal -3.090170e-01 -9.510565e-01 -0.000000e+00
    outer loop
      vertex   -3.148145e+01 2.146989e+01 8.000000e+00
      vertex   -3.148145e+01 2.146989e+01 0.000000e+00
      vertex   -3.107618e+01 2.133821e+01 8.000000e+00
    endloop
  endfacet
  facet normal -3.090170e-01 -9.510565e-01 -0.000000e+00
    outer loop
      vertex   -3.107618e+01 2.133821e+01 8.000000e+00
      vertex   -3.148145e+01 2.146989e+01 0.000000e+00
      vertex   -3.107618e+01 2.133821e+01 0.000000e+00
    endloop
  endfacet
  facet normal -5.358268e-01 -8.443279e-01 -0.000000e+00
    outer loop
      vertex   -3.107618e+01 2.133821e+01 8.000000e+00
      vertex   -3.107618e+01 2.133821e+01 0.000000e+00
      vertex   -3.071638e+01 2.110987e+01 8.000000e+00
    endloop
  endfacet
  facet normal -5.358268e-01 -8.443279e-01 -0.000000e+00
    outer loop
      vertex   -3.071638e+01 2.110987e+01 8.000000e+00
      vertex   -3.107618e+01 2.133821e+01 0.000000e+00
      vertex   -3.071638e+01 2.110987e+01 0.000000e+00
    endloop
  endfacet
  facet normal -7.289686e-01 -6.845471e-01 -0.000000e+00
    outer loop
      vertex   -3.071638e+01 2.110987e+01 8.000000e+00
      vertex   -3.071638e+01 2.110987e+01 0.000000e+00
      vertex   -3.042467e+01 2.079923e+01 8.000000e+00
    endloop
  endfacet
  facet normal -7.289686e-01 -6.845471e-01 -0.000000e+00
    outer loop
      vertex   -3.042467e+01 2.079923e+01 8.000000e+00
      vertex   -3.071638e+01 2.110987e+01 0.000000e+00
      vertex   -3.042467e+01 2.079923e+01 0.000000e+00
    endloop
  endfacet
  facet normal -8.763067e-01 -4.817537e-01 -0.000000e+00
    outer loop
      vertex   -3.042467e+01 2.079923e+01 8.000000e+00
      vertex   -3.042467e+01 2.079923e+01 0.000000e+00
      vertex   -3.021938e+01 2.042581e+01 8.000000e+00
    endloop
  endfacet
  facet normal -8.763067e-01 -4.817537e-01 -4.278832e-16
    outer loop
      vertex   -3.021938e+01 2.042581e+01 8.000000e+00
      vertex   -3.042467e+01 2.079923e+01 0.000000e+00
      vertex   -3.021938e+01 2.042581e+01 0.000000e+00
    endloop
  endfacet
  facet normal -9.685832e-01 -2.486899e-01 -2.208810e-16
    outer loop
      vertex   -3.021938e+01 2.042581e+01 8.000000e+00
      vertex   -3.021938e+01 2.042581e+01 0.000000e+00
      vertex   -3.011341e+01 2.001307e+01 8.000000e+00
    endloop
  endfacet
  facet normal -9.685832e-01 -2.486899e-01 -0.000000e+00
    outer loop
      vertex   -3.011341e+01 2.001307e+01 8.000000e+00
      vertex   -3.021938e+01 2.042581e+01 0.000000e+00
      vertex   -3.011341e+01 2.001307e+01 0.000000e+00
    endloop
  endfacet
  facet normal -1.000000e+00 -0.000000e+00 -0.000000e+00
    outer loop
      vertex   -3.011341e+01 2.001307e+01 8.000000e+00
      vertex   -3.011341e+01 2.001307e+01 0.000000e+00
      vertex   -3.011341e+01 1.958693e+01 8.000000e+00
    endloop
  endfacet
  facet normal -1.000000e+00 0.000000e+00 0.000000e+00
    outer loop
      vertex   -3.011341e+01 1.958693e+01 8.000000e+00
      vertex   -3.011341e+01 2.001307e+01 0.000000e+00
      vertex   -3.011341e+01 1.958693e+01 0.000000e+00
    endloop
  endfacet
  facet normal -9.685832e-01 2.486899e-01 0.000000e+00
    outer loop
      vertex   -3.011341e+01 1.958693e+01 8.000000e+00
      vertex   -3.011341e+01 1.958693e+01 0.000000e+00
      vertex   -3.021938e+01 1.917419e+01 8.000000e+00
    endloop
  endfacet
  facet normal -9.685832e-01 2.486899e-01 1.104405e-16
    outer loop
      vertex   -3.021938e+01 1.917419e+01 8.000000e+00
      vertex   -3.011341e+01 1.958693e+01 0.000000e+00
      vertex   -3.021938e+01 1.917419e+01 0.000000e+00
    endloop
  endfacet
  facet normal -8.763067e-01 4.817537e-01 2.139416e-16
    outer loop
      vertex   -3.021938e+01 1.917419e+01 8.000000e+00
      vertex   -3.021938e+01 1.917419e+01 0.000000e+00
      vertex   -3.042467e+01 1.880077e+01 8.000000e+00
    endloop
  endfacet
  facet normal -8.763067e-01 4.817537e-01 0.000000e+00
    outer loop
      vertex   -3.042467e+01 1.880077e+01 8.000000e+00
      vertex   -3.021938e+01 1.917419e+01 0.000000e+00
      vertex   -3.042467e+01 1.880077e+01 0.000000e+00
    endloop
  endfacet
  facet normal -7.289686e-01 6.845471e-01 0.000000e+00
    outer loop
      vertex   -3.042467e+01 1.880077e+01 8.000000e+00
      vertex   -3.042467e+01 1.880077e+01 0.000000e+00
      vertex   -3.071638e+01 1.849013e+01 8.000000e+00
    endloop
  endfacet
  facet normal -7.289686e-01 6.845471e-01 0.000000e+00
    outer loop
      vertex   -3.071638e+01 1.849013e+01 8.000000e+00
      vertex   -3.042467e+01 1.880077e+01 0.000000e+00
      vertex   -3.071638e+01 1.849013e+01 0.000000e+00
    endloop
  endfacet
  facet normal -5.358268e-01 8.443279e-01 0.000000e+00
    outer loop
      vertex   -3.071638e+01 1.849013e+01 8.000000e+00
      vertex   -3.071638e+01 1.849013e+01 0.000000e+00
      vertex   -3.107618e+01 1.826179e+01 8.000000e+00
    endloop
  endfacet
  facet normal -5.358268e-01 8.443279e-01 3.749569e-16
    outer loop
      vertex   -3.107618e+01 1.826179e+01 8.000000e+00
      vertex   -3.071638e+01 1.849013e+01 0.000000e+00
      vertex   -3.107618e+01 1.826179e+01 0.000000e+00
    endloop
  endfacet
  facet normal -3.090170e-01 9.510565e-01 4.223539e-16
    outer loop
      vertex   -3.107618e+01 1.826179e+01 8.000000e+00
      vertex   -3.107618e+01 1.826179e+01 0.000000e+00
      vertex   -3.148145e+01 1.813011e+01 8.000000e+00
    endloop
  endfacet
  facet normal -3.090170e-01 9.510565e-01 0.000000e+00
    outer loop
      vertex   -3.148145e+01 1.813011e+01 8.000000e+00
      vertex   -3.107618e+01 1.826179e+01 0.000000e+00
      vertex   -3.148145e+01 1.813011e+01 0.000000e+00
    endloop
  endfacet
  facet normal -6.279052e-02 9.980267e-01 0.000000e+00
    outer loop
      vertex   -3.148145e+01 1.813011e+01 8.000000e+00
      vertex   -3.148145e+01 1.813011e+01 0.000000e+00
      vertex   -3.190674e+01 1.810335e+01 8.000000e+00
    endloop
  endfacet
  facet normal -6.279052e-02 9.980267e-01 0.000000e+00
    outer loop
      vertex   -3.190674e+01 1.810335e+01 8.000000e+00
      vertex   -3.148145e+01 1.813011e+01 0.000000e+00
      vertex   -3.190674e+01 1.810335e+01 0.000000e+00
    endloop
  endfacet
  facet normal 1.873813e-01 9.822873e-01 0.000000e+00
    outer loop
      vertex   -3.190674e+01 1.810335e+01 8.000000e+00
      vertex   -3.190674e+01 1.810335e+01 0.000000e+00
      vertex   -3.232533e+01 1.818320e+01 8.000000e+00
    endloop
  endfacet
  facet normal 1.873813e-01 9.822873e-01 0.000000e+00
    outer loop
      vertex   -3.232533e+01 1.818320e+01 8.000000e+00
      vertex   -3.190674e+01 1.810335e+01 0.000000e+00
      vertex   -3.232533e+01 1.818320e+01 0.000000e+00
    endloop
  endfacet
  facet normal 4.257793e-01 9.048271e-01 0.000000e+00
    outer loop
      vertex   -3.232533e+01 1.818320e+01 8.000000e+00
      vertex   -3.232533e+01 1.818320e+01 0.000000e+00
      vertex   -3.271091e+01 1.836464e+01 8.000000e+00
    endloop
  endfacet
  facet normal 4.257793e-01 9.048271e-01 0.000000e+00
    outer loop
      vertex   -3.271091e+01 1.836464e+01 8.000000e+00
      vertex   -3.232533e+01 1.818320e+01 0.000000e+00
      vertex   -3.271091e+01 1.836464e+01 0.000000e+00
    endloop
  endfacet
  facet normal 6.374240e-01 7.705132e-01 0.000000e+00
    outer loop
      vertex   -3.271091e+01 1.836464e+01 8.000000e+00
      vertex   -3.271091e+01 1.836464e+01 0.000000e+00
      vertex   -3.303925e+01 1.863627e+01 8.000000e+00
    endloop
  endfacet
  facet normal 6.374240e-01 7.705132e-01 -3.421766e-16
    outer loop
      vertex   -3.303925e+01 1.863627e+01 8.000000e+00
      vertex   -3.271091e+01 1.836464e+01 0.000000e+00
      vertex   -3.303925e+01 1.863627e+01 0.000000e+00
    endloop
  endfacet
  facet normal 8.090170e-01 5.877853e-01 -2.610291e-16
    outer loop
      vertex   -3.303925e+01 1.863627e+01 8.000000e+00
      vertex   -3.303925e+01 1.863627e+01 0.000000e+00
      vertex   -3.328972e+01 1.898102e+01 8.000000e+00
    endloop
  endfacet
  facet normal 8.090170e-01 5.877853e-01 0.000000e+00
    outer loop
      vertex   -3.328972e+01 1.898102e+01 8.000000e+00
      vertex   -3.303925e+01 1.863627e+01 0.000000e+00
      vertex   -3.328972e+01 1.898102e+01 0.000000e+00
    endloop
  endfacet
  facet normal 9.297765e-01 3.681246e-01 0.000000e+00
    outer loop
      vertex   -3.328972e+01 1.898102e+01 8.000000e+00
      vertex   -3.328972e+01 1.898102e+01 0.000000e+00
      vertex   -3.344659e+01 1.937723e+01 8.000000e+00
    endloop
  endfacet
  facet normal 9.297765e-01 3.681246e-01 -1.634801e-16
    outer loop
      vertex   -3.344659e+01 1.937723e+01 8.000000e+00
      vertex   -3.328972e+01 1.898102e+01 0.000000e+00
      vertex   -3.344659e+01 1.937723e+01 0.000000e+00
    endloop
  endfacet
  facet normal 9.921147e-01 1.253332e-01 -5.565914e-17
    outer loop
      vertex   3.015341e+01 1.937723e+01 8.000000e+00
      vertex   3.015341e+01 1.937723e+01 0.000000e+00
      vertex   3.010000e+01 1.980000e+01 8.000000e+00
    endloop
  endfacet
  facet normal 9.921147e-01 1.253332e-01 0.000000e+00
    outer loop
      vertex   3.010000e+01 1.980000e+01 8.000000e+00
      vertex   3.015341e+01 1.937723e+01 0.000000e+00
      vertex   3.010000e+01 1.980000e+01 0.000000e+00
    endloop
  endfacet
  facet normal 9.921147e-01 -1.253332e-01 0.000000e+00
    outer loop
      vertex   3.010000e+01 1.980000e+01 8.000000e+00
      vertex   3.010000e+01 1.980000e+01 0.000000e+00
      vertex   3.015341e+01 2.022277e+01 8.000000e+00
    endloop
  endfacet
  facet normal 9.921147e-01 -1.253332e-01 0.000000e+00
    outer loop
      vertex   3.015341e+01 2.022277e+01 8.000000e+00
      vertex   3.010000e+01 1.980000e+01 0.000000e+00
      vertex   3.015341e+01 2.022277e+01 0.000000e+00
    endloop
  endfacet
  facet normal 9.297765e-01 -3.681246e-01 0.000000e+00
    outer loop
      vertex   3.015341e+01 2.022277e+01 8.000000e+00
      vertex   3.015341e+01 2.022277e+01 0.000000e+00
      vertex   3.031028e+01 2.061898e+01 8.000000e+00
    endloop
  endfacet
  facet normal 9.297765e-01 -3.681246e-01 0.000000e+00
    outer loop
      vertex   3.031028e+01 2.061898e+01 8.000000e+00
      vertex   3.015341e+01 2.022277e+01 0.000000e+00
      vertex   3.031028e+01 2.061898e+01 0.000000e+00
    endloop
  endfacet
  facet normal 8.090170e-01 -5.877853e-01 0.000000e+00
    outer loop
      vertex   3.031028e+01 2.061898e+01 8.000000e+00
      vertex   3.031028e+01 2.061898e+01 0.000000e+00
      vertex   3.056075e+01 2.096373e+01 8.000000e+00
    endloop
  endfacet
  facet normal 8.090170e-01 -5.877853e-01 0.000000e+00
    outer loop
      vertex   3.056075e+01 2.096373e+01 8.000000e+00
      vertex   3.031028e+01 2.061898e+01 0.000000e+00
      vertex   3.056075e+01 2.096373e+01 0.000000e+00
    endloop
  endfacet
  facet normal 6.374240e-01 -7.705132e-01 0.000000e+00
    outer loop
      vertex   3.056075e+01 2.096373e+01 8.000000e+00
      vertex   3.056075e+01 2.096373e+01 0.000000e+00
      vertex   3.088909e+01 2.123536e+01 8.000000e+00
    endloop
  endfacet
  facet normal 6.374240e-01 -7.705132e-01 -5.661462e-16
    outer loop
      vertex   3.088909e+01 2.123536e+01 8.000000e+00
      vertex   3.056075e+01 2.096373e+01 0.000000e+00
      vertex   3.088909e+01 2.123536e+01 0.000000e+00
    endloop
  endfacet
  facet normal 4.257793e-01 -9.048271e-01 -3.781680e-16
    outer loop
      vertex   3.088909e+01 2.123536e+01 8.000000e+00
      vertex   3.088909e+01 2.123536e+01 0.000000e+00
      vertex   3.127467e+01 2.141680e+01 8.000000e+00
    endloop
  endfacet
  facet normal 4.257793e-01 -9.048271e-01 0.000000e+00
    outer loop
      vertex   3.127467e+01 2.141680e+01 8.000000e+00
      vertex   3.088909e+01 2.123536e+01 0.000000e+00
      vertex   3.127467e+01 2.141680e+01 0.000000e+00
    endloop
  endfacet
  facet normal 1.873813e-01 -9.822873e-01 0.000000e+00
    outer loop
      vertex   3.127467e+01 2.141680e+01 8.000000e+00
      vertex   3.127467e+01 2.141680e+01 0.000000e+00
      vertex   3.169326e+01 2.149665e+01 8.000000e+00
    endloop
  endfacet
  facet normal 1.873813e-01 -9.822873e-01 0.000000e+00
    outer loop
      vertex   3.169326e+01 2.149665e+01 8.000000e+00
      vertex   3.127467e+01 2.141680e+01 0.000000e+00
      vertex   3.169326e+01 2.149665e+01 0.000000e+00
    endloop
  endfacet
  facet normal -6.279052e-02 -9.980267e-01 -0.000000e+00
    outer loop
      vertex   3.169326e+01 2.149665e+01 8.000000e+00
      vertex   3.169326e+01 2.149665e+01 0.000000e+00
      vertex   3.211855e+01 2.146989e+01 8.000000e+00
    endloop
  endfacet
  facet normal -6.279052e-02 -9.980267e-01 -0.000000e+00
    outer loop
      vertex   3.211855e+01 2.146989e+01 8.000000e+00
      vertex   3.169326e+01 2.149665e+01 0.000000e+00
      vertex   3.211855e+01 2.146989e+01 0.000000e+00
    endloop
  endfacet
  facet normal -3.090170e-01 -9.510565e-01 -0.000000e+00
    outer loop
      vertex   3.211855e+01 2.146989e+01 8.000000e+00
      vertex   3.211855e+01 2.146989e+01 0.000000e+00
      vertex   3.252382e+01 2.133821e+01 8.000000e+00
    endloop
  endfacet
  facet normal -3.090170e-01 -9.510565e-01 -0.000000e+00
    outer loop
      vertex   3.252382e+01 2.133821e+01 8.000000e+00
      vertex   3.211855e+01 2.146989e+01 0.000000e+00
      vertex   3.252382e+01 2.133821e+01 0.000000e+00
    endloop
  endfacet
  facet normal -5.358268e-01 -8.443279e-01 -0.000000e+00
    outer loop
      vertex   3.252382e+01 2.133821e+01 8.000000e+00
      vertex   3.252382e+01 2.133821e+01 0.000000e+00
      vertex   3.288362e+01 2.110987e+01 8.000000e+00
    endloop
  endfacet
  facet normal -5.358268e-01 -8.443279e-01 -0.000000e+00
    outer loop
      vertex   3.288362e+01 2.110987e+01 8.000000e+00
      vertex   3.252382e+01 2.133821e+01 0.000000e+00
      vertex   3.288362e+01 2.110987e+01 0.000000e+00
    endloop
  endfacet
  facet normal -7.289686e-01 -6.845471e-01 -0.000000e+00
    outer loop
      vertex   3.288362e+01 2.110987e+01 8.000000e+00
      vertex   3.288362e+01 2.110987e+01 0.000000e+00
      vertex   3.317533e+01 2.079923e+01 8.000000e+00
    endloop
  endfacet
  facet normal -7.289686e-01 -6.845471e-01 -0.000000e+00
    outer loop
      vertex   3.317533e+01 2.079923e+01 8.000000e+00
      vertex   3.288362e+01 2.110987e+01 0.000000e+00
      vertex   3.317533e+01 2.079923e+01 0.000000e+00
    endloop
  endfacet
  facet normal -8.763067e-01 -4.817537e-01 -0.000000e+00
    outer loop
      vertex   3.317533e+01 2.079923e+01 8.000000e+00
      vertex   3.317533e+01 2.079923e+01 0.000000e+00
      vertex   3.338062e+01 2.042581e+01 8.000000e+00
    endloop
  endfacet
  facet normal -8.763067e-01 -4.817537e-01 -4.278832e-16
    outer loop
      vertex   3.338062e+01 2.042581e+01 8.000000e+00
      vertex   3.317533e+01 2.079923e+01 0.000000e+00
      vertex   3.338062e+01 2.042581e+01 0.000000e+00
    endloop
  endfacet
  facet normal -9.685832e-01 -2.486899e-01 -2.208810e-16
    outer loop
      vertex   3.338062e+01 2.042581e+01 8.000000e+00
      vertex   3.338062e+01 2.042581e+01 0.000000e+00
      vertex   3.348659e+01 2.001307e+01 8.000000e+00
    endloop
  endfacet
  facet normal -9.685832e-01 -2.486899e-01 -0.000000e+00
    outer loop
      vertex   3.348659e+01 2.001307e+01 8.000000e+00
      vertex   3.338062e+01 2.042581e+01 0.000000e+00
      vertex   3.348659e+01 2.001307e+01 0.000000e+00
    endloop
  endfacet
  facet normal -1.000000e+00 -0.000000e+00 -0.000000e+00
    outer loop
      vertex   3.348659e+01 2.001307e+01 8.000000e+00
      vertex   3.348659e+01 2.001307e+01 0.000000e+00
      vertex   3.348659e+01 1.958693e+01 8.000000e+00
    endloop
  endfacet
  facet normal -1.000000e+00 0.000000e+00 0.000000e+00
    outer loop
      vertex   3.348659e+01 1.958693e+01 8.000000e+00
      vertex   3.348659e+01 2.001307e+01 0.000000e+00
      vertex   3.348659e+01 1.958693e+01 0.000000e+00
    endloop
  endfacet
  facet normal -9.685832e-01 2.486899e-01 0.000000e+00
    outer loop
      vertex   3.348659e+01 1.958693e+01 8.000000e+00
      vertex   3.348659e+01 1.958693e+01 0.000000e+00
      vertex   3.338062e+01 1.917419e+01 8.000000e+00
    endloop
  endfacet
  facet normal -9.685832e-01 2.486899e-01 1.104405e-16
    outer loop
      vertex   3.338062e+01 1.917419e+01 8.000000e+00
      vertex   3.348659e+01 1.958693e+01 0.000000e+00
      vertex   3.338062e+01 1.917419e+01 0.000000e+00
    endloop
  endfacet
  facet normal -8.763067e-01 4.817537e-01 2.139416e-16
    outer loop
      vertex   3.338062e+01 1.917419e+01 8.000000e+00
      vertex   3.338062e+01 1.917419e+01 0.000000e+00
      vertex   3.317533e+01 1.880077e+01 8.000000e+00
    endloop
  endfacet
  facet normal -8.763067e-01 4.817537e-01 0.000000e+00
    outer loop
      vertex   3.317533e+01 1.880077e+01 8.000000e+00
      vertex   3.338062e+01 1.917419e+01 0.000000e+00
      vertex   3.317533e+01 1.880077e+01 0.000000e+00
    endloop
  endfacet
  facet normal -7.289686e-01 6.845471e-01 0.000000e+00
    outer loop
      vertex   3.317533e+01 1.880077e+01 8.000000e+00
      vertex   3.317533e+01 1.880077e+01 0.000000e+00
      vertex   3.288362e+01 1.849013e+01 8.000000e+00
    endloop
  endfacet
  facet normal -7.289686e-01 6.845471e-01 0.000000e+00
    outer loop
      vertex   3.288362e+01 1.849013e+01 8.000000e+00
      vertex   3.317533e+01 1.880077e+01 0.000000e+00
      vertex   3.288362e+01 1.849013e+01 0.000000e+00
    endloop
  endfacet
  facet normal -5.358268e-01 8.443279e-01 0.000000e+00
    outer loop
      vertex   3.288362e+01 1.849013e+01 8.000000e+00
      vertex   3.288362e+01 1.849013e+01 0.000000e+00
      vertex   3.252382e+01 1.826179e+01 8.000000e+00
    endloop
  endfacet
  facet normal -5.358268e-01 8.443279e-01 3.749569e-16
    outer loop
      vertex   3.252382e+01 1.826179e+01 8.000000e+00
      vertex   3.288362e+01 1.849013e+01 0.000000e+00
      vertex   3.252382e+01 1.826179e+01 0.000000e+00
    endloop
  endfacet
  facet normal -3.090170e-01 9.510565e-01 4.223539e-16
    outer loop
      vertex   3.252382e+01 1.826179e+01 8.000000e+00
      vertex   3.252382e+01 1.826179e+01 0.000000e+00
      vertex   3.211855e+01 1.813011e+01 8.000000e+00
    endloop
  endfacet
  facet normal -3.090170e-01 9.510565e-01 0.000000e+00
    outer loop
      vertex   3.211855e+01 1.813011e+01 8.000000e+00
      vertex   3.252382e+01 1.826179e+01 0.000000e+00
      vertex   3.211855e+01 1.813011e+01 0.000000e+00
    endloop
  endfacet
  facet normal -6.279052e-02 9.980267e-01 0.000000e+00
    outer loop
      vertex   3.211855e+01 1.813011e+01 8.000000e+00
      vertex   3.211855e+01 1.813011e+01 0.000000e+00
      vertex   3.169326e+01 1.810335e+01 8.000000e+00
    endloop
  endfacet
  facet normal -6.279052e-02 9.980267e-01 0.000000e+00
    outer loop
      vertex   3.169326e+01 1.810335e+01 8.000000e+00
      vertex   3.211855e+01 1.813011e+01 0.000000e+00
      vertex   3.169326e+01 1.810335e+01 0.000000e+00
    endloop
  endfacet
  facet normal 1.873813e-01 9.822873e-01 0.000000e+00
    outer loop
      vertex   3.169326e+01 1.810335e+01 8.000000e+00
      vertex   3.169326e+01 1.810335e+01 0.000000e+00
      vertex   3.127467e+01 1.818320e+01 8.000000e+00
    endloop
  endfacet
  facet normal 1.873813e-01 9.822873e-01 0.000000e+00
    outer loop
      vertex   3.127467e+01 1.818320e+01 8.000000e+00
      vertex   3.169326e+01 1.810335e+01 0.000000e+00
      vertex   3.127467e+01 1.818320e+01 0.000000e+00
    endloop
  endfacet
  facet normal 4.257793e-01 9.048271e-01 0.000000e+00
    outer loop
      vertex   3.127467e+01 1.818320e+01 8.000000e+00
      vertex   3.127467e+01 1.818320e+01 0.000000e+00
      vertex   3.088909e+01 1.836464e+01 8.000000e+00
    endloop
  endfacet
  facet normal 4.257793e-01 9.048271e-01 3.781680e-16
    outer loop
      vertex   3.088909e+01 1.836464e+01 8.000000e+00
      vertex   3.127467e+01 1.818320e+01 0.000000e+00
      vertex   3.088909e+01 1.836464e+01 0.000000e+00
    endloop
  endfacet
  facet normal 6.374240e-01 7.705132e-01 5.661462e-16
    outer loop
      vertex   3.088909e+01 1.836464e+01 8.000000e+00
      vertex   3.088909e+01 1.836464e+01 0.000000e+00
      vertex   3.056075e+01 1.863627e+01 8.000000e+00
    endloop
  endfacet
  facet normal 6.374240e-01 7.705132e-01 -3.421766e-16
    outer loop
      vertex   3.056075e+01 1.863627e+01 8.000000e+00
      vertex   3.088909e+01 1.836464e+01 0.000000e+00
      vertex   3.056075e+01 1.863627e+01 0.000000e+00
    endloop
  endfacet
  facet normal 8.090170e-01 5.877853e-01 -2.610291e-16
    outer loop
      vertex   3.056075e+01 1.863627e+01 8.000000e+00
      vertex   3.056075e+01 1.863627e+01 0.000000e+00
      vertex   3.031028e+01 1.898102e+01 8.000000e+00
    endloop
  endfacet
  facet normal 8.090170e-01 5.877853e-01 0.000000e+00
    outer loop
      vertex   3.031028e+01 1.898102e+01 8.000000e+00
      vertex   3.056075e+01 1.863627e+01 0.000000e+00
      vertex   3.031028e+01 1.898102e+01 0.000000e+00
    endloop
  endfacet
  facet normal 9.297765e-01 3.681246e-01 0.000000e+00
    outer loop
      vertex   3.031028e+01 1.898102e+01 8.000000e+00
      vertex   3.031028e+01 1.898102e+01 0.000000e+00
      vertex   3.015341e+01 1.937723e+01 8.000000e+00
    endloop
  endfacet
  facet normal 9.297765e-01 3.681246e-01 -1.634801e-16
    outer loop
      vertex   3.015341e+01 1.937723e+01 8.000000e+00
      vertex   3.031028e+01 1.898102e+01 0.000000e+00
      vertex   3.015341e+01 1.937723e+01 0.000000e+00
    endloop
  endfacet
  facet normal 6.929138e-01 7.210204e-01 -0.000000e+00
    outer loop
      vertex   -2.940000e+01 -1.725245e+01 0.000000e+00
      vertex   -2.940000e+01 -1.725245e+01 5.000000e+00
      vertex   -2.934984e+01 -1.730065e+01 0.000000e+00
    endloop
  endfacet
  facet normal 6.929138e-01 7.210204e-01 -0.000000e+00
    outer loop
      vertex   -2.934984e+01 -1.730065e+01 0.000000e+00
      vertex   -2.940000e+01 -1.725245e+01 5.000000e+00
      vertex   -2.934984e+01 -1.730065e+01 5.000000e+00
    endloop
  endfacet
  facet normal 7.071068e-01 7.071068e-01 -0.000000e+00
    outer loop
      vertex   -2.934984e+01 -1.730065e+01 0.000000e+00
      vertex   -2.934984e+01 -1.730065e+01 5.000000e+00
      vertex   -2.930065e+01 -1.734984e+01 0.000000e+00
    endloop
  endfacet
  facet normal 7.071068e-01 7.071068e-01 -0.000000e+00
    outer loop
      vertex   -2.930065e+01 -1.734984e+01 0.000000e+00
      vertex   -2.934984e+01 -1.730065e+01 5.000000e+00
      vertex   -2.930065e+01 -1.734984e+01 5.000000e+00
    endloop
  endfacet
  facet normal 7.210204e-01 6.929138e-01 -0.000000e+00
    outer loop
      vertex   -2.930065e+01 -1.734984e+01 0.000000e+00
      vertex   -2.930065e+01 -1.734984e+01 5.000000e+00
      vertex   -2.925245e+01 -1.740000e+01 0.000000e+00
    endloop
  endfacet
  facet normal 7.210204e-01 6.929138e-01 -0.000000e+00
    outer loop
      vertex   -2.925245e+01 -1.740000e+01 0.000000e+00
      vertex   -2.930065e+01 -1.734984e+01 5.000000e+00
      vertex   -2.925245e+01 -1.740000e+01 5.000000e+00
    endloop
  endfacet
  facet normal 6.661139e-14 -2.131954e-13 1.000000e+00
    outer loop
      vertex   -2.849899e+01 2.096333e+01 8.000000e+00
      vertex   -3.021938e+01 2.042581e+01 8.000000e+00
      vertex   -2.834662e+01 2.036937e+01 8.000000e+00
    endloop
  endfacet
  facet normal 7.360596e-14 1.889880e-14 1.000000e+00
    outer loop
      vertex   -2.834662e+01 2.036937e+01 8.000000e+00
      vertex   -3.021938e+01 2.042581e+01 8.000000e+00
      vertex   -3.011341e+01 2.001307e+01 8.000000e+00
    endloop
  endfacet
  facet normal -1.961737e-14 4.811564e-13 1.000000e+00
    outer loop
      vertex   -2.834662e+01 2.036937e+01 8.000000e+00
      vertex   -3.011341e+01 2.001307e+01 8.000000e+00
      vertex   -2.827058e+01 2.008820e+01 8.000000e+00
    endloop
  endfacet
  facet normal 0.000000e+00 0.000000e+00 1.000000e+00
    outer loop
      vertex   -2.827058e+01 2.008820e+01 8.000000e+00
      vertex   -3.011341e+01 2.001307e+01 8.000000e+00
      vertex   -3.011341e+01 1.958693e+01 8.000000e+00
    endloop
  endfacet
  facet normal 2.808166e-15 -1.032373e-14 1.000000e+00
    outer loop
      vertex   -2.827058e+01 2.008820e+01 8.000000e+00
      vertex   -3.011341e+01 1.958693e+01 8.000000e+00
      vertex   -2.816528e+01 1.985875e+01 8.000000e+00
    endloop
  endfacet
  facet normal 3.296630e-16 7.440076e-15 1.000000e+00
    outer loop
      vertex   -2.816528e+01 1.985875e+01 8.000000e+00
      vertex   -3.011341e+01 1.958693e+01 8.000000e+00
      vertex   -2.792171e+01 1.948982e+01 8.000000e+00
    endloop
  endfacet
  facet normal 0.000000e+00 0.000000e+00 1.000000e+00
    outer loop
      vertex   -2.792171e+01 1.948982e+01 8.000000e+00
      vertex   -3.011341e+01 1.958693e+01 8.000000e+00
      vertex   -3.021938e+01 1.917419e+01 8.000000e+00
    endloop
  endfacet
  facet normal 3.330570e-16 -2.424502e-15 1.000000e+00
    outer loop
      vertex   -2.792171e+01 1.948982e+01 8.000000e+00
      vertex   -3.021938e+01 1.917419e+01 8.000000e+00
      vertex   -2.766160e+01 1.915922e+01 8.000000e+00
    endloop
  endfacet
  facet normal 3.461317e-16 -1.902875e-16 1.000000e+00
    outer loop
      vertex   -2.766160e+01 1.915922e+01 8.000000e+00
      vertex   -3.021938e+01 1.917419e+01 8.000000e+00
      vertex   -3.042467e+01 1.880077e+01 8.000000e+00
    endloop
  endfacet
  facet normal -5.879494e-16 7.009882e-15 1.000000e+00
    outer loop
      vertex   -2.766160e+01 1.915922e+01 8.000000e+00
      vertex   -3.042467e+01 1.880077e+01 8.000000e+00
      vertex   -2.741252e+01 1.880000e+01 8.000000e+00
    endloop
  endfacet
  facet normal -5.898395e-16 -4.314724e-16 1.000000e+00
    outer loop
      vertex   -2.741252e+01 1.880000e+01 8.000000e+00
      vertex   -3.042467e+01 1.880077e+01 8.000000e+00
      vertex   -2.940000e+01 1.740000e+01 8.000000e+00
    endloop
  endfacet
  facet normal 0.000000e+00 -1.268826e-15 1.000000e+00
    outer loop
      vertex   -2.741252e+01 1.880000e+01 8.000000e+00
      vertex   -2.940000e+01 1.740000e+01 8.000000e+00
      vertex   2.940000e+01 1.740000e+01 8.000000e+00
    endloop
  endfacet
  facet normal 0.000000e+00 -0.000000e+00 1.000000e+00
    outer loop
      vertex   -3.021938e+01 2.042581e+01 8.000000e+00
      vertex   -2.849899e+01 2.096333e+01 8.000000e+00
      vertex   -3.042467e+01 2.079923e+01 8.000000e+00
    endloop
  endfacet
  facet normal 0.000000e+00 0.000000e+00 1.000000e+00
    outer loop
      vertex   -3.042467e+01 2.079923e+01 8.000000e+00
      vertex   -2.849899e+01 2.096333e+01 8.000000e+00
      vertex   -2.875268e+01 2.152159e+01 8.000000e+00
    endloop
  endfacet
  facet normal 0.000000e+00 -0.000000e+00 1.000000e+00
    outer loop
      vertex   -3.042467e+01 2.079923e+01 8.000000e+00
      vertex   -2.875268e+01 2.152159e+01 8.000000e+00
      vertex   -3.071638e+01 2.110987e+01 8.000000e+00
    endloop
  endfacet
  facet normal 0.000000e+00 0.000000e+00 1.000000e+00
    outer loop
      vertex   -3.071638e+01 2.110987e+01 8.000000e+00
      vertex   -2.875268e+01 2.152159e+01 8.000000e+00
      vertex   -2.909991e+01 2.202700e+01 8.000000e+00
    endloop
  endfacet
  facet normal 0.000000e+00 -0.000000e+00 1.000000e+00
    outer loop
      vertex   -3.071638e+01 2.110987e+01 8.000000e+00
      vertex   -2.909991e+01 2.202700e+01 8.000000e+00
      vertex   -3.107618e+01 2.133821e+01 8.000000e+00
    endloop
  endfacet
  facet normal 0.000000e+00 0.000000e+00 1.000000e+00
    outer loop
      vertex   -3.107618e+01 2.133821e+01 8.000000e+00
      vertex   -2.909991e+01 2.202700e+01 8.000000e+00
      vertex   -2.953002e+01 2.246405e+01 8.000000e+00
    endloop
  endfacet
  facet normal 0.000000e+00 0.000000e+00 1.000000e+00
    outer loop
      vertex   -3.107618e+01 2.133821e+01 8.000000e+00
      vertex   -2.953002e+01 2.246405e+01 8.000000e+00
      vertex   -3.002980e+01 2.281934e+01 8.000000e+00
    endloop
  endfacet
  facet normal 0.000000e+00 -0.000000e+00 1.000000e+00
    outer loop
      vertex   -3.107618e+01 2.133821e+01 8.000000e+00
      vertex   -3.002980e+01 2.281934e+01 8.000000e+00
      vertex   -3.148145e+01 2.146989e+01 8.000000e+00
    endloop
  endfacet
  facet normal 0.000000e+00 0.000000e+00 1.000000e+00
    outer loop
      vertex   -3.148145e+01 2.146989e+01 8.000000e+00
      vertex   -3.002980e+01 2.281934e+01 8.000000e+00
      vertex   -3.058392e+01 2.308194e+01 8.000000e+00
    endloop
  endfacet
  facet normal 0.000000e+00 0.000000e+00 1.000000e+00
    outer loop
      vertex   -3.148145e+01 2.146989e+01 8.000000e+00
      vertex   -3.058392e+01 2.308194e+01 8.000000e+00
      vertex   -3.117536e+01 2.324381e+01 8.000000e+00
    endloop
  endfacet
  facet normal 0.000000e+00 -0.000000e+00 1.000000e+00
    outer loop
      vertex   -3.148145e+01 2.146989e+01 8.000000e+00
      vertex   -3.117536e+01 2.324381e+01 8.000000e+00
      vertex   -3.190674e+01 2.149665e+01 8.000000e+00
    endloop
  endfacet
  facet normal 0.000000e+00 0.000000e+00 1.000000e+00
    outer loop
      vertex   -3.190674e+01 2.149665e+01 8.000000e+00
      vertex   -3.117536e+01 2.324381e+01 8.000000e+00
      vertex   -3.178598e+01 2.329997e+01 8.000000e+00
    endloop
  endfacet
  facet normal 0.000000e+00 -0.000000e+00 1.000000e+00
    outer loop
      vertex   -3.190674e+01 2.149665e+01 8.000000e+00
      vertex   -3.178598e+01 2.329997e+01 8.000000e+00
      vertex   -3.239703e+01 2.324870e+01 8.000000e+00
    endloop
  endfacet
  facet normal 0.000000e+00 0.000000e+00 1.000000e+00
    outer loop
      vertex   -3.239703e+01 2.324870e+01 8.000000e+00
      vertex   -3.298975e+01 2.309158e+01 8.000000e+00
      vertex   -3.190674e+01 2.149665e+01 8.000000e+00
    endloop
  endfacet
  facet normal 0.000000e+00 0.000000e+00 1.000000e+00
    outer loop
      vertex   -3.190674e+01 2.149665e+01 8.000000e+00
      vertex   -3.298975e+01 2.309158e+01 8.000000e+00
      vertex   -3.232533e+01 2.141680e+01 8.000000e+00
    endloop
  endfacet
  facet normal 0.000000e+00 0.000000e+00 1.000000e+00
    outer loop
      vertex   -3.232533e+01 2.141680e+01 8.000000e+00
      vertex   -3.298975e+01 2.309158e+01 8.000000e+00
      vertex   -3.354595e+01 2.283342e+01 8.000000e+00
    endloop
  endfacet
  facet normal 0.000000e+00 0.000000e+00 1.000000e+00
    outer loop
      vertex   -3.232533e+01 2.141680e+01 8.000000e+00
      vertex   -3.354595e+01 2.283342e+01 8.000000e+00
      vertex   -3.404856e+01 2.248216e+01 8.000000e+00
    endloop
  endfacet
  facet normal 0.000000e+00 0.000000e+00 1.000000e+00
    outer loop
      vertex   -3.232533e+01 2.141680e+01 8.000000e+00
      vertex   -3.404856e+01 2.248216e+01 8.000000e+00
      vertex   -3.271091e+01 2.123536e+01 8.000000e+00
    endloop
  endfacet
  facet normal 0.000000e+00 0.000000e+00 1.000000e+00
    outer loop
      vertex   -3.271091e+01 2.123536e+01 8.000000e+00
      vertex   -3.404856e+01 2.248216e+01 8.000000e+00
      vertex   -3.448216e+01 2.204856e+01 8.000000e+00
    endloop
  endfacet
  facet normal 0.000000e+00 0.000000e+00 1.000000e+00
    outer loop
      vertex   -3.271091e+01 2.123536e+01 8.000000e+00
      vertex   -3.448216e+01 2.204856e+01 8.000000e+00
      vertex   -3.303925e+01 2.096373e+01 8.000000e+00
    endloop
  endfacet
  facet normal 0.000000e+00 0.000000e+00 1.000000e+00
    outer loop
      vertex   -3.303925e+01 2.096373e+01 8.000000e+00
      vertex   -3.448216e+01 2.204856e+01 8.000000e+00
      vertex   -3.483342e+01 2.154595e+01 8.000000e+00
    endloop
  endfacet
  facet normal 0.000000e+00 0.000000e+00 1.000000e+00
    outer loop
      vertex   -3.303925e+01 2.096373e+01 8.000000e+00
      vertex   -3.483342e+01 2.154595e+01 8.000000e+00
      vertex   -3.509158e+01 2.098975e+01 8.000000e+00
    endloop
  endfacet
  facet normal 0.000000e+00 0.000000e+00 1.000000e+00
    outer loop
      vertex   -3.303925e+01 2.096373e+01 8.000000e+00
      vertex   -3.509158e+01 2.098975e+01 8.000000e+00
      vertex   -3.328972e+01 2.061898e+01 8.000000e+00
    endloop
  endfacet
  facet normal 0.000000e+00 0.000000e+00 1.000000e+00
    outer loop
      vertex   -3.328972e+01 2.061898e+01 8.000000e+00
      vertex   -3.509158e+01 2.098975e+01 8.000000e+00
      vertex   -3.524870e+01 2.039703e+01 8.000000e+00
    endloop
  endfacet
  facet normal 0.000000e+00 0.000000e+00 1.000000e+00
    outer loop
      vertex   -3.328972e+01 2.061898e+01 8.000000e+00
      vertex   -3.524870e+01 2.039703e+01 8.000000e+00
      vertex   -3.344659e+01 2.022277e+01 8.000000e+00
    endloop
  endfacet
  facet normal 0.000000e+00 0.000000e+00 1.000000e+00
    outer loop
      vertex   -3.344659e+01 2.022277e+01 8.000000e+00
      vertex   -3.524870e+01 2.039703e+01 8.000000e+00
      vertex   -3.350000e+01 1.980000e+01 8.000000e+00
    endloop
  endfacet
  facet normal 0.000000e+00 0.000000e+00 1.000000e+00
    outer loop
      vertex   -3.350000e+01 1.980000e+01 8.000000e+00
      vertex   -3.524870e+01 2.039703e+01 8.000000e+00
      vertex   -3.529997e+01 1.978598e+01 8.000000e+00
    endloop
  endfacet
  facet normal 0.000000e+00 0.000000e+00 1.000000e+00
    outer loop
      vertex   -3.350000e+01 1.980000e+01 8.000000e+00
      vertex   -3.529997e+01 1.978598e+01 8.000000e+00
      vertex   -3.344659e+01 1.937723e+01 8.000000e+00
    endloop
  endfacet
  facet normal 0.000000e+00 0.000000e+00 1.000000e+00
    outer loop
      vertex   -3.344659e+01 1.937723e+01 8.000000e+00
      vertex   -3.529997e+01 1.978598e+01 8.000000e+00
      vertex   -3.524381e+01 1.917536e+01 8.000000e+00
    endloop
  endfacet
  facet normal 0.000000e+00 0.000000e+00 1.000000e+00
    outer loop
      vertex   -3.344659e+01 1.937723e+01 8.000000e+00
      vertex   -3.524381e+01 1.917536e+01 8.000000e+00
      vertex   -3.328972e+01 1.898102e+01 8.000000e+00
    endloop
  endfacet
  facet normal 0.000000e+00 0.000000e+00 1.000000e+00
    outer loop
      vertex   -3.328972e+01 1.898102e+01 8.000000e+00
      vertex   -3.524381e+01 1.917536e+01 8.000000e+00
      vertex   -3.508194e+01 1.858392e+01 8.000000e+00
    endloop
  endfacet
  facet normal 0.000000e+00 0.000000e+00 1.000000e+00
    outer loop
      vertex   -3.328972e+01 1.898102e+01 8.000000e+00
      vertex   -3.508194e+01 1.858392e+01 8.000000e+00
      vertex   -3.303925e+01 1.863627e+01 8.000000e+00
    endloop
  endfacet
  facet normal 0.000000e+00 0.000000e+00 1.000000e+00
    outer loop
      vertex   -3.303925e+01 1.863627e+01 8.000000e+00
      vertex   -3.508194e+01 1.858392e+01 8.000000e+00
      vertex   -3.481934e+01 1.802980e+01 8.000000e+00
    endloop
  endfacet
  facet normal 0.000000e+00 0.000000e+00 1.000000e+00
    outer loop
      vertex   -3.303925e+01 1.863627e+01 8.000000e+00
      vertex   -3.481934e+01 1.802980e+01 8.000000e+00
      vertex   -3.446405e+01 1.753002e+01 8.000000e+00
    endloop
  endfacet
  facet normal 0.000000e+00 0.000000e+00 1.000000e+00
    outer loop
      vertex   -3.303925e+01 1.863627e+01 8.000000e+00
      vertex   -3.446405e+01 1.753002e+01 8.000000e+00
      vertex   -3.271091e+01 1.836464e+01 8.000000e+00
    endloop
  endfacet
  facet normal 0.000000e+00 0.000000e+00 1.000000e+00
    outer loop
      vertex   -3.271091e+01 1.836464e+01 8.000000e+00
      vertex   -3.446405e+01 1.753002e+01 8.000000e+00
      vertex   -3.402700e+01 1.709991e+01 8.000000e+00
    endloop
  endfacet
  facet normal 0.000000e+00 0.000000e+00 1.000000e+00
    outer loop
      vertex   -3.271091e+01 1.836464e+01 8.000000e+00
      vertex   -3.402700e+01 1.709991e+01 8.000000e+00
      vertex   -3.232533e+01 1.818320e+01 8.000000e+00
    endloop
  endfacet
  facet normal 0.000000e+00 0.000000e+00 1.000000e+00
    outer loop
      vertex   -3.232533e+01 1.818320e+01 8.000000e+00
      vertex   -3.402700e+01 1.709991e+01 8.000000e+00
      vertex   -3.352159e+01 1.675268e+01 8.000000e+00
    endloop
  endfacet
  facet normal 0.000000e+00 0.000000e+00 1.000000e+00
    outer loop
      vertex   -3.232533e+01 1.818320e+01 8.000000e+00
      vertex   -3.352159e+01 1.675268e+01 8.000000e+00
      vertex   -3.296333e+01 1.649899e+01 8.000000e+00
    endloop
  endfacet
  facet normal 0.000000e+00 0.000000e+00 1.000000e+00
    outer loop
      vertex   -3.232533e+01 1.818320e+01 8.000000e+00
      vertex   -3.296333e+01 1.649899e+01 8.000000e+00
      vertex   -3.190674e+01 1.810335e+01 8.000000e+00
    endloop
  endfacet
  facet normal 5.145206e-10 -3.388497e-10 1.000000e+00
    outer loop
      vertex   -3.190674e+01 1.810335e+01 8.000000e+00
      vertex   -3.296333e+01 1.649899e+01 8.000000e+00
      vertex   -3.236937e+01 1.634662e+01 8.000000e+00
    endloop
  endfacet
  facet normal -1.240452e-09 1.233158e-10 1.000000e+00
    outer loop
      vertex   -3.190674e+01 1.810335e+01 8.000000e+00
      vertex   -3.236937e+01 1.634662e+01 8.000000e+00
      vertex   -3.208891e+01 1.627085e+01 8.000000e+00
    endloop
  endfacet
  facet normal -1.227417e-16 1.950924e-15 1.000000e+00
    outer loop
      vertex   -3.190674e+01 1.810335e+01 8.000000e+00
      vertex   -3.208891e+01 1.627085e+01 8.000000e+00
      vertex   -3.148145e+01 1.813011e+01 8.000000e+00
    endloop
  endfacet
  facet normal 1.762481e-14 -3.847602e-15 1.000000e+00
    outer loop
      vertex   -3.148145e+01 1.813011e+01 8.000000e+00
      vertex   -3.208891e+01 1.627085e+01 8.000000e+00
      vertex   -3.185986e+01 1.616588e+01 8.000000e+00
    endloop
  endfacet
  facet normal -1.485704e-16 -4.235545e-16 1.000000e+00
    outer loop
      vertex   -3.148145e+01 1.813011e+01 8.000000e+00
      vertex   -3.185986e+01 1.616588e+01 8.000000e+00
      vertex   -2.940000e+01 1.740000e+01 8.000000e+00
    endloop
  endfacet
  facet normal -3.610685e-16 0.000000e+00 1.000000e+00
    outer loop
      vertex   -2.940000e+01 1.740000e+01 8.000000e+00
      vertex   -3.185986e+01 1.616588e+01 8.000000e+00
      vertex   -2.940000e+01 1.650000e+01 8.000000e+00
    endloop
  endfacet
  facet normal -7.115105e-16 2.580047e-15 1.000000e+00
    outer loop
      vertex   -2.940000e+01 1.650000e+01 8.000000e+00
      vertex   -3.185986e+01 1.616588e+01 8.000000e+00
      vertex   -3.149172e+01 1.592316e+01 8.000000e+00
    endloop
  endfacet
  facet normal 0.000000e+00 0.000000e+00 1.000000e+00
    outer loop
      vertex   -2.940000e+01 1.650000e+01 8.000000e+00
      vertex   -3.149172e+01 1.592316e+01 8.000000e+00
      vertex   -3.116199e+01 1.566375e+01 8.000000e+00
    endloop
  endfacet
  facet normal 1.007662e-15 -2.123152e-15 1.000000e+00
    outer loop
      vertex   -3.116199e+01 1.566375e+01 8.000000e+00
      vertex   -3.080439e+01 1.541514e+01 8.000000e+00
      vertex   -2.940000e+01 1.650000e+01 8.000000e+00
    endloop
  endfacet
  facet normal -1.144070e-13 1.472850e-13 1.000000e+00
    outer loop
      vertex   -2.940000e+01 1.650000e+01 8.000000e+00
      vertex   -3.080439e+01 1.541514e+01 8.000000e+00
      vertex   -3.080000e+01 1.541252e+01 8.000000e+00
    endloop
  endfacet
  facet normal 0.000000e+00 0.000000e+00 1.000000e+00
    outer loop
      vertex   -2.940000e+01 1.650000e+01 8.000000e+00
      vertex   -3.080000e+01 1.541252e+01 8.000000e+00
      vertex   -2.940000e+01 1.150000e+01 8.000000e+00
    endloop
  endfacet
  facet normal 0.000000e+00 0.000000e+00 1.000000e+00
    outer loop
      vertex   -2.940000e+01 1.150000e+01 8.000000e+00
      vertex   -3.080000e+01 1.541252e+01 8.000000e+00
      vertex   -2.940000e+01 -1.150000e+01 8.000000e+00
    endloop
  endfacet
  facet normal 0.000000e+00 0.000000e+00 1.000000e+00
    outer loop
      vertex   -2.940000e+01 -1.150000e+01 8.000000e+00
      vertex   -3.080000e+01 1.541252e+01 8.000000e+00
      vertex   -3.080000e+01 -1.541252e+01 8.000000e+00
    endloop
  endfacet
  facet normal 0.000000e+00 0.000000e+00 1.000000e+00
    outer loop
      vertex   -2.940000e+01 -1.150000e+01 8.000000e+00
      vertex   -3.080000e+01 -1.541252e+01 8.000000e+00
      vertex   -2.940000e+01 -1.650000e+01 8.000000e+00
    endloop
  endfacet
  facet normal 0.000000e+00 0.000000e+00 1.000000e+00
    outer loop
      vertex   -2.940000e+01 -1.650000e+01 8.000000e+00
      vertex   -3.080000e+01 -1.541252e+01 8.000000e+00
      vertex   -3.115922e+01 -1.566160e+01 8.000000e+00
    endloop
  endfacet
  facet normal 0.000000e+00 0.000000e+00 1.000000e+00
    outer loop
      vertex   -2.940000e+01 -1.650000e+01 8.000000e+00
      vertex   -3.115922e+01 -1.566160e+01 8.000000e+00
      vertex   -3.148982e+01 -1.592171e+01 8.000000e+00
    endloop
  endfacet
  facet normal -1.422079e-15 -5.139135e-15 1.000000e+00
    outer loop
      vertex   -3.148982e+01 -1.592171e+01 8.000000e+00
      vertex   -3.185875e+01 -1.616528e+01 8.000000e+00
      vertex   -2.940000e+01 -1.650000e+01 8.000000e+00
    endloop
  endfacet
  facet normal -7.224644e-16 0.000000e+00 1.000000e+00
    outer loop
      vertex   -2.940000e+01 -1.650000e+01 8.000000e+00
      vertex   -3.185875e+01 -1.616528e+01 8.000000e+00
      vertex   -2.940000e+01 -1.740000e+01 8.000000e+00
    endloop
  endfacet
  facet normal -2.971107e-16 8.470232e-16 1.000000e+00
    outer loop
      vertex   -2.940000e+01 -1.740000e+01 8.000000e+00
      vertex   -3.185875e+01 -1.616528e+01 8.000000e+00
      vertex   -3.148145e+01 -1.813011e+01 8.000000e+00
    endloop
  endfacet
  facet normal 0.000000e+00 0.000000e+00 1.000000e+00
    outer loop
      vertex   -2.940000e+01 -1.740000e+01 8.000000e+00
      vertex   -3.148145e+01 -1.813011e+01 8.000000e+00
      vertex   -3.107618e+01 -1.826179e+01 8.000000e+00
    endloop
  endfacet
  facet normal -3.938646e-15 1.477612e-16 1.000000e+00
    outer loop
      vertex   -3.185875e+01 -1.616528e+01 8.000000e+00
      vertex   -3.208820e+01 -1.627058e+01 8.000000e+00
      vertex   -3.148145e+01 -1.813011e+01 8.000000e+00
    endloop
  endfacet
  facet normal 9.204051e-17 1.462942e-15 1.000000e+00
    outer loop
      vertex   -3.148145e+01 -1.813011e+01 8.000000e+00
      vertex   -3.208820e+01 -1.627058e+01 8.000000e+00
      vertex   -3.190674e+01 -1.810335e+01 8.000000e+00
    endloop
  endfacet
  facet normal -4.649299e-13 -4.457741e-14 1.000000e+00
    outer loop
      vertex   -3.190674e+01 -1.810335e+01 8.000000e+00
      vertex   -3.208820e+01 -1.627058e+01 8.000000e+00
      vertex   -3.236937e+01 -1.634662e+01 8.000000e+00
    endloop
  endfacet
  facet normal 1.970010e-13 1.297397e-13 1.000000e+00
    outer loop
      vertex   -3.190674e+01 -1.810335e+01 8.000000e+00
      vertex   -3.236937e+01 -1.634662e+01 8.000000e+00
      vertex   -3.296333e+01 -1.649899e+01 8.000000e+00
    endloop
  endfacet
  facet normal 0.000000e+00 0.000000e+00 1.000000e+00
    outer loop
      vertex   -3.190674e+01 -1.810335e+01 8.000000e+00
      vertex   -3.296333e+01 -1.649899e+01 8.000000e+00
      vertex   -3.232533e+01 -1.818320e+01 8.000000e+00
    endloop
  endfacet
  facet normal 0.000000e+00 0.000000e+00 1.000000e+00
    outer loop
      vertex   -3.232533e+01 -1.818320e+01 8.000000e+00
      vertex   -3.296333e+01 -1.649899e+01 8.000000e+00
      vertex   -3.352159e+01 -1.675268e+01 8.000000e+00
    endloop
  endfacet
  facet normal 0.000000e+00 0.000000e+00 1.000000e+00
    outer loop
      vertex   -3.232533e+01 -1.818320e+01 8.000000e+00
      vertex   -3.352159e+01 -1.675268e+01 8.000000e+00
      vertex   -3.402700e+01 -1.709991e+01 8.000000e+00
    endloop
  endfacet
  facet normal 0.000000e+00 0.000000e+00 1.000000e+00
    outer loop
      vertex   -3.232533e+01 -1.818320e+01 8.000000e+00
      vertex   -3.402700e+01 -1.709991e+01 8.000000e+00
      vertex   -3.271091e+01 -1.836464e+01 8.000000e+00
    endloop
  endfacet
  facet normal 0.000000e+00 0.000000e+00 1.000000e+00
    outer loop
      vertex   -3.271091e+01 -1.836464e+01 8.000000e+00
      vertex   -3.402700e+01 -1.709991e+01 8.000000e+00
      vertex   -3.446405e+01 -1.753002e+01 8.000000e+00
    endloop
  endfacet
  facet normal 0.000000e+00 0.000000e+00 1.000000e+00
    outer loop
      vertex   -3.271091e+01 -1.836464e+01 8.000000e+00
      vertex   -3.446405e+01 -1.753002e+01 8.000000e+00
      vertex   -3.303925e+01 -1.863627e+01 8.000000e+00
    endloop
  endfacet
  facet normal 0.000000e+00 0.000000e+00 1.000000e+00
    outer loop
      vertex   -3.303925e+01 -1.863627e+01 8.000000e+00
      vertex   -3.446405e+01 -1.753002e+01 8.000000e+00
      vertex   -3.481934e+01 -1.802980e+01 8.000000e+00
    endloop
  endfacet
  facet normal 0.000000e+00 0.000000e+00 1.000000e+00
    outer loop
      vertex   -3.303925e+01 -1.863627e+01 8.000000e+00
      vertex   -3.481934e+01 -1.802980e+01 8.000000e+00
      vertex   -3.508194e+01 -1.858392e+01 8.000000e+00
    endloop
  endfacet
  facet normal 0.000000e+00 0.000000e+00 1.000000e+00
    outer loop
      vertex   -3.303925e+01 -1.863627e+01 8.000000e+00
      vertex   -3.508194e+01 -1.858392e+01 8.000000e+00
      vertex   -3.328972e+01 -1.898102e+01 8.000000e+00
    endloop
  endfacet
  facet normal 0.000000e+00 0.000000e+00 1.000000e+00
    outer loop
      vertex   -3.328972e+01 -1.898102e+01 8.000000e+00
      vertex   -3.508194e+01 -1.858392e+01 8.000000e+00
      vertex   -3.524381e+01 -1.917536e+01 8.000000e+00
    endloop
  endfacet
  facet normal 0.000000e+00 0.000000e+00 1.000000e+00
    outer loop
      vertex   -3.328972e+01 -1.898102e+01 8.000000e+00
      vertex   -3.524381e+01 -1.917536e+01 8.000000e+00
      vertex   -3.344659e+01 -1.937723e+01 8.000000e+00
    endloop
  endfacet
  facet normal 0.000000e+00 0.000000e+00 1.000000e+00
    outer loop
      vertex   -3.344659e+01 -1.937723e+01 8.000000e+00
      vertex   -3.524381e+01 -1.917536e+01 8.000000e+00
      vertex   -3.529997e+01 -1.978598e+01 8.000000e+00
    endloop
  endfacet
  facet normal 0.000000e+00 0.000000e+00 1.000000e+00
    outer loop
      vertex   -3.344659e+01 -1.937723e+01 8.000000e+00
      vertex   -3.529997e+01 -1.978598e+01 8.000000e+00
      vertex   -3.350000e+01 -1.980000e+01 8.000000e+00
    endloop
  endfacet
  facet normal 0.000000e+00 0.000000e+00 1.000000e+00
    outer loop
      vertex   -3.350000e+01 -1.980000e+01 8.000000e+00
      vertex   -3.529997e+01 -1.978598e+01 8.000000e+00
      vertex   -3.524870e+01 -2.039703e+01 8.000000e+00
    endloop
  endfacet
  facet normal 0.000000e+00 0.000000e+00 1.000000e+00
    outer loop
      vertex   -3.350000e+01 -1.980000e+01 8.000000e+00
      vertex   -3.524870e+01 -2.039703e+01 8.000000e+00
      vertex   -3.344659e+01 -2.022277e+01 8.000000e+00
    endloop
  endfacet
  facet normal 0.000000e+00 0.000000e+00 1.000000e+00
    outer loop
      vertex   -3.344659e+01 -2.022277e+01 8.000000e+00
      vertex   -3.524870e+01 -2.039703e+01 8.000000e+00
      vertex   -3.328972e+01 -2.061898e+01 8.000000e+00
    endloop
  endfacet
  facet normal 0.000000e+00 0.000000e+00 1.000000e+00
    outer loop
      vertex   -3.328972e+01 -2.061898e+01 8.000000e+00
      vertex   -3.524870e+01 -2.039703e+01 8.000000e+00
      vertex   -3.509158e+01 -2.098975e+01 8.000000e+00
    endloop
  endfacet
  facet normal 0.000000e+00 0.000000e+00 1.000000e+00
    outer loop
      vertex   -3.328972e+01 -2.061898e+01 8.000000e+00
      vertex   -3.509158e+01 -2.098975e+01 8.000000e+00
      vertex   -3.303925e+01 -2.096373e+01 8.000000e+00
    endloop
  endfacet
  facet normal 0.000000e+00 0.000000e+00 1.000000e+00
    outer loop
      vertex   -3.303925e+01 -2.096373e+01 8.000000e+00
      vertex   -3.509158e+01 -2.098975e+01 8.000000e+00
      vertex   -3.483342e+01 -2.154595e+01 8.000000e+00
    endloop
  endfacet
  facet normal 0.000000e+00 0.000000e+00 1.000000e+00
    outer loop
      vertex   -3.303925e+01 -2.096373e+01 8.000000e+00
      vertex   -3.483342e+01 -2.154595e+01 8.000000e+00
      vertex   -3.448216e+01 -2.204856e+01 8.000000e+00
    endloop
  endfacet
  facet normal 0.000000e+00 0.000000e+00 1.000000e+00
    outer loop
      vertex   -3.303925e+01 -2.096373e+01 8.000000e+00
      vertex   -3.448216e+01 -2.204856e+01 8.000000e+00
      vertex   -3.271091e+01 -2.123536e+01 8.000000e+00
    endloop
  endfacet
  facet normal 0.000000e+00 0.000000e+00 1.000000e+00
    outer loop
      vertex   -3.271091e+01 -2.123536e+01 8.000000e+00
      vertex   -3.448216e+01 -2.204856e+01 8.000000e+00
      vertex   -3.404856e+01 -2.248216e+01 8.000000e+00
    endloop
  endfacet
  facet normal 0.000000e+00 0.000000e+00 1.000000e+00
    outer loop
      vertex   -3.271091e+01 -2.123536e+01 8.000000e+00
      vertex   -3.404856e+01 -2.248216e+01 8.000000e+00
      vertex   -3.232533e+01 -2.141680e+01 8.000000e+00
    endloop
  endfacet
  facet normal 0.000000e+00 0.000000e+00 1.000000e+00
    outer loop
      vertex   -3.232533e+01 -2.141680e+01 8.000000e+00
      vertex   -3.404856e+01 -2.248216e+01 8.000000e+00
      vertex   -3.354595e+01 -2.283342e+01 8.000000e+00
    endloop
  endfacet
  facet normal 0.000000e+00 0.000000e+00 1.000000e+00
    outer loop
      vertex   -3.232533e+01 -2.141680e+01 8.000000e+00
      vertex   -3.354595e+01 -2.283342e+01 8.000000e+00
      vertex   -3.298975e+01 -2.309158e+01 8.000000e+00
    endloop
  endfacet
  facet normal 0.000000e+00 0.000000e+00 1.000000e+00
    outer loop
      vertex   -3.232533e+01 -2.141680e+01 8.000000e+00
      vertex   -3.298975e+01 -2.309158e+01 8.000000e+00
      vertex   -3.190674e+01 -2.149665e+01 8.000000e+00
    endloop
  endfacet
  facet normal 0.000000e+00 0.000000e+00 1.000000e+00
    outer loop
      vertex   -3.190674e+01 -2.149665e+01 8.000000e+00
      vertex   -3.298975e+01 -2.309158e+01 8.000000e+00
      vertex   -3.239703e+01 -2.324870e+01 8.000000e+00
    endloop
  endfacet
  facet normal 0.000000e+00 0.000000e+00 1.000000e+00
    outer loop
      vertex   -3.190674e+01 -2.149665e+01 8.000000e+00
      vertex   -3.239703e+01 -2.324870e+01 8.000000e+00
      vertex   -3.178598e+01 -2.329997e+01 8.000000e+00
    endloop
  endfacet
  facet normal 0.000000e+00 -0.000000e+00 1.000000e+00
    outer loop
      vertex   -3.178598e+01 -2.329997e+01 8.000000e+00
      vertex   -3.117536e+01 -2.324381e+01 8.000000e+00
      vertex   -3.190674e+01 -2.149665e+01 8.000000e+00
    endloop
  endfacet
  facet normal -0.000000e+00 0.000000e+00 1.000000e+00
    outer loop
      vertex   -3.190674e+01 -2.149665e+01 8.000000e+00
      vertex   -3.117536e+01 -2.324381e+01 8.000000e+00
      vertex   -3.148145e+01 -2.146989e+01 8.000000e+00
    endloop
  endfacet
  facet normal 0.000000e+00 0.000000e+00 1.000000e+00
    outer loop
      vertex   -3.148145e+01 -2.146989e+01 8.000000e+00
      vertex   -3.117536e+01 -2.324381e+01 8.000000e+00
      vertex   -3.058392e+01 -2.308194e+01 8.000000e+00
    endloop
  endfacet
  facet normal 0.000000e+00 0.000000e+00 1.000000e+00
    outer loop
      vertex   -3.148145e+01 -2.146989e+01 8.000000e+00
      vertex   -3.058392e+01 -2.308194e+01 8.000000e+00
      vertex   -3.002980e+01 -2.281934e+01 8.000000e+00
    endloop
  endfacet
  facet normal -0.000000e+00 0.000000e+00 1.000000e+00
    outer loop
      vertex   -3.148145e+01 -2.146989e+01 8.000000e+00
      vertex   -3.002980e+01 -2.281934e+01 8.000000e+00
      vertex   -3.107618e+01 -2.133821e+01 8.000000e+00
    endloop
  endfacet
  facet normal 0.000000e+00 0.000000e+00 1.000000e+00
    outer loop
      vertex   -3.107618e+01 -2.133821e+01 8.000000e+00
      vertex   -3.002980e+01 -2.281934e+01 8.000000e+00
      vertex   -2.953002e+01 -2.246405e+01 8.000000e+00
    endloop
  endfacet
  facet normal 0.000000e+00 0.000000e+00 1.000000e+00
    outer loop
      vertex   -3.107618e+01 -2.133821e+01 8.000000e+00
      vertex   -2.953002e+01 -2.246405e+01 8.000000e+00
      vertex   -2.909991e+01 -2.202700e+01 8.000000e+00
    endloop
  endfacet
  facet normal -0.000000e+00 0.000000e+00 1.000000e+00
    outer loop
      vertex   -3.107618e+01 -2.133821e+01 8.000000e+00
      vertex   -2.909991e+01 -2.202700e+01 8.000000e+00
      vertex   -3.071638e+01 -2.110987e+01 8.000000e+00
    endloop
  endfacet
  facet normal 0.000000e+00 0.000000e+00 1.000000e+00
    outer loop
      vertex   -3.071638e+01 -2.110987e+01 8.000000e+00
      vertex   -2.909991e+01 -2.202700e+01 8.000000e+00
      vertex   -2.875268e+01 -2.152159e+01 8.000000e+00
    endloop
  endfacet
  facet normal -0.000000e+00 0.000000e+00 1.000000e+00
    outer loop
      vertex   -3.071638e+01 -2.110987e+01 8.000000e+00
      vertex   -2.875268e+01 -2.152159e+01 8.000000e+00
      vertex   -3.042467e+01 -2.079923e+01 8.000000e+00
    endloop
  endfacet
  facet normal 0.000000e+00 0.000000e+00 1.000000e+00
    outer loop
      vertex   -3.042467e+01 -2.079923e+01 8.000000e+00
      vertex   -2.875268e+01 -2.152159e+01 8.000000e+00
      vertex   -2.849899e+01 -2.096333e+01 8.000000e+00
    endloop
  endfacet
  facet normal -0.000000e+00 0.000000e+00 1.000000e+00
    outer loop
      vertex   -3.042467e+01 -2.079923e+01 8.000000e+00
      vertex   -2.849899e+01 -2.096333e+01 8.000000e+00
      vertex   -3.021938e+01 -2.042581e+01 8.000000e+00
    endloop
  endfacet
  facet normal 2.291782e-10 7.335041e-10 1.000000e+00
    outer loop
      vertex   -3.021938e+01 -2.042581e+01 8.000000e+00
      vertex   -2.849899e+01 -2.096333e+01 8.000000e+00
      vertex   -2.834662e+01 -2.036937e+01 8.000000e+00
    endloop
  endfacet
  facet normal 2.532432e-10 -6.502181e-11 1.000000e+00
    outer loop
      vertex   -3.021938e+01 -2.042581e+01 8.000000e+00
      vertex   -2.834662e+01 -2.036937e+01 8.000000e+00
      vertex   -3.011341e+01 -2.001307e+01 8.000000e+00
    endloop
  endfacet
  facet normal -6.749407e-11 -1.655431e-09 1.000000e+00
    outer loop
      vertex   -3.011341e+01 -2.001307e+01 8.000000e+00
      vertex   -2.834662e+01 -2.036937e+01 8.000000e+00
      vertex   -2.827058e+01 -2.008820e+01 8.000000e+00
    endloop
  endfacet
  facet normal -0.000000e+00 0.000000e+00 1.000000e+00
    outer loop
      vertex   -3.011341e+01 -2.001307e+01 8.000000e+00
      vertex   -2.827058e+01 -2.008820e+01 8.000000e+00
      vertex   -3.011341e+01 -1.958693e+01 8.000000e+00
    endloop
  endfacet
  facet normal 0.000000e+00 0.000000e+00 1.000000e+00
    outer loop
      vertex   -3.011341e+01 -1.958693e+01 8.000000e+00
      vertex   -2.827058e+01 -2.008820e+01 8.000000e+00
      vertex   -2.816528e+01 -1.985875e+01 8.000000e+00
    endloop
  endfacet
  facet normal -0.000000e+00 0.000000e+00 1.000000e+00
    outer loop
      vertex   -3.011341e+01 -1.958693e+01 8.000000e+00
      vertex   -2.816528e+01 -1.985875e+01 8.000000e+00
      vertex   -2.792171e+01 -1.948982e+01 8.000000e+00
    endloop
  endfacet
  facet normal 0.000000e+00 -0.000000e+00 1.000000e+00
    outer loop
      vertex   -3.011341e+01 -1.958693e+01 8.000000e+00
      vertex   -2.792171e+01 -1.948982e+01 8.000000e+00
      vertex   -3.021938e+01 -1.917419e+01 8.000000e+00
    endloop
  endfacet
  facet normal -0.000000e+00 0.000000e+00 1.000000e+00
    outer loop
      vertex   -3.021938e+01 -1.917419e+01 8.000000e+00
      vertex   -2.792171e+01 -1.948982e+01 8.000000e+00
      vertex   -2.766160e+01 -1.915922e+01 8.000000e+00
    endloop
  endfacet
  facet normal 0.000000e+00 -0.000000e+00 1.000000e+00
    outer loop
      vertex   -3.021938e+01 -1.917419e+01 8.000000e+00
      vertex   -2.766160e+01 -1.915922e+01 8.000000e+00
      vertex   -3.042467e+01 -1.880077e+01 8.000000e+00
    endloop
  endfacet
  facet normal -0.000000e+00 0.000000e+00 1.000000e+00
    outer loop
      vertex   -3.042467e+01 -1.880077e+01 8.000000e+00
      vertex   -2.766160e+01 -1.915922e+01 8.000000e+00
      vertex   -2.741252e+01 -1.880000e+01 8.000000e+00
    endloop
  endfacet
  facet normal 0.000000e+00 0.000000e+00 1.000000e+00
    outer loop
      vertex   -3.042467e+01 -1.880077e+01 8.000000e+00
      vertex   -2.741252e+01 -1.880000e+01 8.000000e+00
      vertex   -2.940000e+01 -1.740000e+01 8.000000e+00
    endloop
  endfacet
  facet normal 0.000000e+00 0.000000e+00 1.000000e+00
    outer loop
      vertex   -2.940000e+01 -1.740000e+01 8.000000e+00
      vertex   -2.741252e+01 -1.880000e+01 8.000000e+00
      vertex   2.741252e+01 -1.880000e+01 8.000000e+00
    endloop
  endfacet
  facet normal -0.000000e+00 0.000000e+00 1.000000e+00
    outer loop
      vertex   -2.940000e+01 -1.740000e+01 8.000000e+00
      vertex   2.741252e+01 -1.880000e+01 8.000000e+00
      vertex   2.940000e+01 -1.740000e+01 8.000000e+00
    endloop
  endfacet
  facet normal 0.000000e+00 0.000000e+00 1.000000e+00
    outer loop
      vertex   2.940000e+01 -1.740000e+01 8.000000e+00
      vertex   2.741252e+01 -1.880000e+01 8.000000e+00
      vertex   3.031028e+01 -1.898102e+01 8.000000e+00
    endloop
  endfacet
  facet normal 0.000000e+00 0.000000e+00 1.000000e+00
    outer loop
      vertex   2.940000e+01 -1.740000e+01 8.000000e+00
      vertex   3.031028e+01 -1.898102e+01 8.000000e+00
      vertex   3.056075e+01 -1.863627e+01 8.000000e+00
    endloop
  endfacet
  facet normal 0.000000e+00 0.000000e+00 1.000000e+00
    outer loop
      vertex   2.741252e+01 -1.880000e+01 8.000000e+00
      vertex   2.766160e+01 -1.915922e+01 8.000000e+00
      vertex   3.031028e+01 -1.898102e+01 8.000000e+00
    endloop
  endfacet
  facet normal 0.000000e+00 0.000000e+00 1.000000e+00
    outer loop
      vertex   3.031028e+01 -1.898102e+01 8.000000e+00
      vertex   2.766160e+01 -1.915922e+01 8.000000e+00
      vertex   2.792171e+01 -1.948982e+01 8.000000e+00
    endloop
  endfacet
  facet normal 0.000000e+00 0.000000e+00 1.000000e+00
    outer loop
      vertex   3.031028e+01 -1.898102e+01 8.000000e+00
      vertex   2.792171e+01 -1.948982e+01 8.000000e+00
      vertex   3.015341e+01 -1.937723e+01 8.000000e+00
    endloop
  endfacet
  facet normal -2.350955e-16 4.659744e-15 1.000000e+00
    outer loop
      vertex   3.015341e+01 -1.937723e+01 8.000000e+00
      vertex   2.792171e+01 -1.948982e+01 8.000000e+00
      vertex   2.816528e+01 -1.985875e+01 8.000000e+00
    endloop
  endfacet
  facet normal 9.216819e-16 -1.164355e-16 1.000000e+00
    outer loop
      vertex   3.015341e+01 -1.937723e+01 8.000000e+00
      vertex   2.816528e+01 -1.985875e+01 8.000000e+00
      vertex   3.010000e+01 -1.980000e+01 8.000000e+00
    endloop
  endfacet
  facet normal 1.137368e-15 -7.219687e-15 1.000000e+00
    outer loop
      vertex   3.010000e+01 -1.980000e+01 8.000000e+00
      vertex   2.816528e+01 -1.985875e+01 8.000000e+00
      vertex   2.827058e+01 -2.008820e+01 8.000000e+00
    endloop
  endfacet
  facet normal 0.000000e+00 0.000000e+00 1.000000e+00
    outer loop
      vertex   3.010000e+01 -1.980000e+01 8.000000e+00
      vertex   2.827058e+01 -2.008820e+01 8.000000e+00
      vertex   3.015341e+01 -2.022277e+01 8.000000e+00
    endloop
  endfacet
  facet normal -3.545443e-14 -4.960497e-13 1.000000e+00
    outer loop
      vertex   3.015341e+01 -2.022277e+01 8.000000e+00
      vertex   2.827058e+01 -2.008820e+01 8.000000e+00
      vertex   2.834662e+01 -2.036937e+01 8.000000e+00
    endloop
  endfacet
  facet normal -9.246347e-14 2.065635e-13 1.000000e+00
    outer loop
      vertex   3.015341e+01 -2.022277e+01 8.000000e+00
      vertex   2.834662e+01 -2.036937e+01 8.000000e+00
      vertex   2.849899e+01 -2.096333e+01 8.000000e+00
    endloop
  endfacet
  facet normal 0.000000e+00 0.000000e+00 1.000000e+00
    outer loop
      vertex   3.015341e+01 -2.022277e+01 8.000000e+00
      vertex   2.849899e+01 -2.096333e+01 8.000000e+00
      vertex   3.031028e+01 -2.061898e+01 8.000000e+00
    endloop
  endfacet
  facet normal 0.000000e+00 0.000000e+00 1.000000e+00
    outer loop
      vertex   3.031028e+01 -2.061898e+01 8.000000e+00
      vertex   2.849899e+01 -2.096333e+01 8.000000e+00
      vertex   2.875268e+01 -2.152159e+01 8.000000e+00
    endloop
  endfacet
  facet normal 0.000000e+00 0.000000e+00 1.000000e+00
    outer loop
      vertex   3.031028e+01 -2.061898e+01 8.000000e+00
      vertex   2.875268e+01 -2.152159e+01 8.000000e+00
      vertex   3.056075e+01 -2.096373e+01 8.000000e+00
    endloop
  endfacet
  facet normal 0.000000e+00 0.000000e+00 1.000000e+00
    outer loop
      vertex   3.056075e+01 -2.096373e+01 8.000000e+00
      vertex   2.875268e+01 -2.152159e+01 8.000000e+00
      vertex   2.909991e+01 -2.202700e+01 8.000000e+00
    endloop
  endfacet
  facet normal 0.000000e+00 0.000000e+00 1.000000e+00
    outer loop
      vertex   3.056075e+01 -2.096373e+01 8.000000e+00
      vertex   2.909991e+01 -2.202700e+01 8.000000e+00
      vertex   3.088909e+01 -2.123536e+01 8.000000e+00
    endloop
  endfacet
  facet normal 0.000000e+00 0.000000e+00 1.000000e+00
    outer loop
      vertex   3.088909e+01 -2.123536e+01 8.000000e+00
      vertex   2.909991e+01 -2.202700e+01 8.000000e+00
      vertex   2.953002e+01 -2.246405e+01 8.000000e+00
    endloop
  endfacet
  facet normal 0.000000e+00 0.000000e+00 1.000000e+00
    outer loop
      vertex   3.088909e+01 -2.123536e+01 8.000000e+00
      vertex   2.953002e+01 -2.246405e+01 8.000000e+00
      vertex   3.127467e+01 -2.141680e+01 8.000000e+00
    endloop
  endfacet
  facet normal 0.000000e+00 0.000000e+00 1.000000e+00
    outer loop
      vertex   3.127467e+01 -2.141680e+01 8.000000e+00
      vertex   2.953002e+01 -2.246405e+01 8.000000e+00
      vertex   3.002980e+01 -2.281934e+01 8.000000e+00
    endloop
  endfacet
  facet normal 0.000000e+00 0.000000e+00 1.000000e+00
    outer loop
      vertex   3.127467e+01 -2.141680e+01 8.000000e+00
      vertex   3.002980e+01 -2.281934e+01 8.000000e+00
      vertex   3.058392e+01 -2.308194e+01 8.000000e+00
    endloop
  endfacet
  facet normal 0.000000e+00 0.000000e+00 1.000000e+00
    outer loop
      vertex   3.127467e+01 -2.141680e+01 8.000000e+00
      vertex   3.058392e+01 -2.308194e+01 8.000000e+00
      vertex   3.169326e+01 -2.149665e+01 8.000000e+00
    endloop
  endfacet
  facet normal 0.000000e+00 0.000000e+00 1.000000e+00
    outer loop
      vertex   3.169326e+01 -2.149665e+01 8.000000e+00
      vertex   3.058392e+01 -2.308194e+01 8.000000e+00
      vertex   3.117536e+01 -2.324381e+01 8.000000e+00
    endloop
  endfacet
  facet normal 0.000000e+00 0.000000e+00 1.000000e+00
    outer loop
      vertex   3.169326e+01 -2.149665e+01 8.000000e+00
      vertex   3.117536e+01 -2.324381e+01 8.000000e+00
      vertex   3.178598e+01 -2.329997e+01 8.000000e+00
    endloop
  endfacet
  facet normal 0.000000e+00 -0.000000e+00 1.000000e+00
    outer loop
      vertex   3.178598e+01 -2.329997e+01 8.000000e+00
      vertex   3.239703e+01 -2.324870e+01 8.000000e+00
      vertex   3.169326e+01 -2.149665e+01 8.000000e+00
    endloop
  endfacet
  facet normal -0.000000e+00 0.000000e+00 1.000000e+00
    outer loop
      vertex   3.169326e+01 -2.149665e+01 8.000000e+00
      vertex   3.239703e+01 -2.324870e+01 8.000000e+00
      vertex   3.211855e+01 -2.146989e+01 8.000000e+00
    endloop
  endfacet
  facet normal 0.000000e+00 0.000000e+00 1.000000e+00
    outer loop
      vertex   3.211855e+01 -2.146989e+01 8.000000e+00
      vertex   3.239703e+01 -2.324870e+01 8.000000e+00
      vertex   3.298975e+01 -2.309158e+01 8.000000e+00
    endloop
  endfacet
  facet normal 0.000000e+00 0.000000e+00 1.000000e+00
    outer loop
      vertex   3.211855e+01 -2.146989e+01 8.000000e+00
      vertex   3.298975e+01 -2.309158e+01 8.000000e+00
      vertex   3.354595e+01 -2.283342e+01 8.000000e+00
    endloop
  endfacet
  facet normal -0.000000e+00 0.000000e+00 1.000000e+00
    outer loop
      vertex   3.211855e+01 -2.146989e+01 8.000000e+00
      vertex   3.354595e+01 -2.283342e+01 8.000000e+00
      vertex   3.252382e+01 -2.133821e+01 8.000000e+00
    endloop
  endfacet
  facet normal 0.000000e+00 0.000000e+00 1.000000e+00
    outer loop
      vertex   3.252382e+01 -2.133821e+01 8.000000e+00
      vertex   3.354595e+01 -2.283342e+01 8.000000e+00
      vertex   3.404856e+01 -2.248216e+01 8.000000e+00
    endloop
  endfacet
  facet normal 0.000000e+00 0.000000e+00 1.000000e+00
    outer loop
      vertex   3.252382e+01 -2.133821e+01 8.000000e+00
      vertex   3.404856e+01 -2.248216e+01 8.000000e+00
      vertex   3.448216e+01 -2.204856e+01 8.000000e+00
    endloop
  endfacet
  facet normal -0.000000e+00 0.000000e+00 1.000000e+00
    outer loop
      vertex   3.252382e+01 -2.133821e+01 8.000000e+00
      vertex   3.448216e+01 -2.204856e+01 8.000000e+00
      vertex   3.288362e+01 -2.110987e+01 8.000000e+00
    endloop
  endfacet
  facet normal 0.000000e+00 0.000000e+00 1.000000e+00
    outer loop
      vertex   3.288362e+01 -2.110987e+01 8.000000e+00
      vertex   3.448216e+01 -2.204856e+01 8.000000e+00
      vertex   3.483342e+01 -2.154595e+01 8.000000e+00
    endloop
  endfacet
  facet normal -0.000000e+00 0.000000e+00 1.000000e+00
    outer loop
      vertex   3.288362e+01 -2.110987e+01 8.000000e+00
      vertex   3.483342e+01 -2.154595e+01 8.000000e+00
      vertex   3.317533e+01 -2.079923e+01 8.000000e+00
    endloop
  endfacet
  facet normal 0.000000e+00 0.000000e+00 1.000000e+00
    outer loop
      vertex   3.317533e+01 -2.079923e+01 8.000000e+00
      vertex   3.483342e+01 -2.154595e+01 8.000000e+00
      vertex   3.509158e+01 -2.098975e+01 8.000000e+00
    endloop
  endfacet
  facet normal -0.000000e+00 0.000000e+00 1.000000e+00
    outer loop
      vertex   3.317533e+01 -2.079923e+01 8.000000e+00
      vertex   3.509158e+01 -2.098975e+01 8.000000e+00
      vertex   3.338062e+01 -2.042581e+01 8.000000e+00
    endloop
  endfacet
  facet normal -0.000000e+00 0.000000e+00 1.000000e+00
    outer loop
      vertex   3.338062e+01 -2.042581e+01 8.000000e+00
      vertex   3.509158e+01 -2.098975e+01 8.000000e+00
      vertex   3.524870e+01 -2.039703e+01 8.000000e+00
    endloop
  endfacet
  facet normal 0.000000e+00 0.000000e+00 1.000000e+00
    outer loop
      vertex   3.338062e+01 -2.042581e+01 8.000000e+00
      vertex   3.524870e+01 -2.039703e+01 8.000000e+00
      vertex   3.348659e+01 -2.001307e+01 8.000000e+00
    endloop
  endfacet
  facet normal -0.000000e+00 0.000000e+00 1.000000e+00
    outer loop
      vertex   3.348659e+01 -2.001307e+01 8.000000e+00
      vertex   3.524870e+01 -2.039703e+01 8.000000e+00
      vertex   3.529997e+01 -1.978598e+01 8.000000e+00
    endloop
  endfacet
  facet normal 0.000000e+00 0.000000e+00 1.000000e+00
    outer loop
      vertex   3.348659e+01 -2.001307e+01 8.000000e+00
      vertex   3.529997e+01 -1.978598e+01 8.000000e+00
      vertex   3.348659e+01 -1.958693e+01 8.000000e+00
    endloop
  endfacet
  facet normal -0.000000e+00 0.000000e+00 1.000000e+00
    outer loop
      vertex   3.348659e+01 -1.958693e+01 8.000000e+00
      vertex   3.529997e+01 -1.978598e+01 8.000000e+00
      vertex   3.524381e+01 -1.917536e+01 8.000000e+00
    endloop
  endfacet
  facet normal 0.000000e+00 -0.000000e+00 1.000000e+00
    outer loop
      vertex   3.348659e+01 -1.958693e+01 8.000000e+00
      vertex   3.524381e+01 -1.917536e+01 8.000000e+00
      vertex   3.338062e+01 -1.917419e+01 8.000000e+00
    endloop
  endfacet
  facet normal -0.000000e+00 0.000000e+00 1.000000e+00
    outer loop
      vertex   3.338062e+01 -1.917419e+01 8.000000e+00
      vertex   3.524381e+01 -1.917536e+01 8.000000e+00
      vertex   3.508194e+01 -1.858392e+01 8.000000e+00
    endloop
  endfacet
  facet normal 0.000000e+00 -0.000000e+00 1.000000e+00
    outer loop
      vertex   3.338062e+01 -1.917419e+01 8.000000e+00
      vertex   3.508194e+01 -1.858392e+01 8.000000e+00
      vertex   3.317533e+01 -1.880077e+01 8.000000e+00
    endloop
  endfacet
  facet normal 0.000000e+00 0.000000e+00 1.000000e+00
    outer loop
      vertex   3.317533e+01 -1.880077e+01 8.000000e+00
      vertex   3.508194e+01 -1.858392e+01 8.000000e+00
      vertex   3.481934e+01 -1.802980e+01 8.000000e+00
    endloop
  endfacet
  facet normal 0.000000e+00 -0.000000e+00 1.000000e+00
    outer loop
      vertex   3.317533e+01 -1.880077e+01 8.000000e+00
      vertex   3.481934e+01 -1.802980e+01 8.000000e+00
      vertex   3.288362e+01 -1.849013e+01 8.000000e+00
    endloop
  endfacet
  facet normal 0.000000e+00 0.000000e+00 1.000000e+00
    outer loop
      vertex   3.288362e+01 -1.849013e+01 8.000000e+00
      vertex   3.481934e+01 -1.802980e+01 8.000000e+00
      vertex   3.446405e+01 -1.753002e+01 8.000000e+00
    endloop
  endfacet
  facet normal 0.000000e+00 -0.000000e+00 1.000000e+00
    outer loop
      vertex   3.288362e+01 -1.849013e+01 8.000000e+00
      vertex   3.446405e+01 -1.753002e+01 8.000000e+00
      vertex   3.252382e+01 -1.826179e+01 8.000000e+00
    endloop
  endfacet
  facet normal 0.000000e+00 0.000000e+00 1.000000e+00
    outer loop
      vertex   3.252382e+01 -1.826179e+01 8.000000e+00
      vertex   3.446405e+01 -1.753002e+01 8.000000e+00
      vertex   3.402700e+01 -1.709991e+01 8.000000e+00
    endloop
  endfacet
  facet normal 0.000000e+00 0.000000e+00 1.000000e+00
    outer loop
      vertex   3.252382e+01 -1.826179e+01 8.000000e+00
      vertex   3.402700e+01 -1.709991e+01 8.000000e+00
      vertex   3.352159e+01 -1.675268e+01 8.000000e+00
    endloop
  endfacet
  facet normal 0.000000e+00 -0.000000e+00 1.000000e+00
    outer loop
      vertex   3.252382e+01 -1.826179e+01 8.000000e+00
      vertex   3.352159e+01 -1.675268e+01 8.000000e+00
      vertex   3.211855e+01 -1.813011e+01 8.000000e+00
    endloop
  endfacet
  facet normal 0.000000e+00 0.000000e+00 1.000000e+00
    outer loop
      vertex   3.211855e+01 -1.813011e+01 8.000000e+00
      vertex   3.352159e+01 -1.675268e+01 8.000000e+00
      vertex   3.296333e+01 -1.649899e+01 8.000000e+00
    endloop
  endfacet
  facet normal -7.009366e-10 3.630279e-10 1.000000e+00
    outer loop
      vertex   3.211855e+01 -1.813011e+01 8.000000e+00
      vertex   3.296333e+01 -1.649899e+01 8.000000e+00
      vertex   3.236937e+01 -1.634662e+01 8.000000e+00
    endloop
  endfacet
  facet normal 1.649188e-11 2.621309e-10 1.000000e+00
    outer loop
      vertex   3.211855e+01 -1.813011e+01 8.000000e+00
      vertex   3.236937e+01 -1.634662e+01 8.000000e+00
      vertex   3.169326e+01 -1.810335e+01 8.000000e+00
    endloop
  endfacet
  facet normal 1.585051e-09 -3.415633e-10 1.000000e+00
    outer loop
      vertex   3.169326e+01 -1.810335e+01 8.000000e+00
      vertex   3.236937e+01 -1.634662e+01 8.000000e+00
      vertex   3.208820e+01 -1.627058e+01 8.000000e+00
    endloop
  endfacet
  facet normal 0.000000e+00 -0.000000e+00 1.000000e+00
    outer loop
      vertex   3.169326e+01 -1.810335e+01 8.000000e+00
      vertex   3.208820e+01 -1.627058e+01 8.000000e+00
      vertex   3.127467e+01 -1.818320e+01 8.000000e+00
    endloop
  endfacet
  facet normal 0.000000e+00 0.000000e+00 1.000000e+00
    outer loop
      vertex   3.127467e+01 -1.818320e+01 8.000000e+00
      vertex   3.208820e+01 -1.627058e+01 8.000000e+00
      vertex   3.185875e+01 -1.616528e+01 8.000000e+00
    endloop
  endfacet
  facet normal 0.000000e+00 -0.000000e+00 1.000000e+00
    outer loop
      vertex   3.127467e+01 -1.818320e+01 8.000000e+00
      vertex   3.185875e+01 -1.616528e+01 8.000000e+00
      vertex   2.940000e+01 -1.740000e+01 8.000000e+00
    endloop
  endfacet
  facet normal 0.000000e+00 0.000000e+00 1.000000e+00
    outer loop
      vertex   2.940000e+01 -1.740000e+01 8.000000e+00
      vertex   3.185875e+01 -1.616528e+01 8.000000e+00
      vertex   2.940000e+01 -1.650000e+01 8.000000e+00
    endloop
  endfacet
  facet normal 0.000000e+00 0.000000e+00 1.000000e+00
    outer loop
      vertex   2.940000e+01 -1.650000e+01 8.000000e+00
      vertex   3.185875e+01 -1.616528e+01 8.000000e+00
      vertex   3.148982e+01 -1.592171e+01 8.000000e+00
    endloop
  endfacet
  facet normal 0.000000e+00 0.000000e+00 1.000000e+00
    outer loop
      vertex   2.940000e+01 -1.650000e+01 8.000000e+00
      vertex   3.148982e+01 -1.592171e+01 8.000000e+00
      vertex   3.115922e+01 -1.566160e+01 8.000000e+00
    endloop
  endfacet
  facet normal 0.000000e+00 0.000000e+00 1.000000e+00
    outer loop
      vertex   3.115922e+01 -1.566160e+01 8.000000e+00
      vertex   3.080000e+01 -1.541252e+01 8.000000e+00
      vertex   2.940000e+01 -1.650000e+01 8.000000e+00
    endloop
  endfacet
  facet normal 0.000000e+00 0.000000e+00 1.000000e+00
    outer loop
      vertex   2.940000e+01 -1.650000e+01 8.000000e+00
      vertex   3.080000e+01 -1.541252e+01 8.000000e+00
      vertex   2.940000e+01 -1.150000e+01 8.000000e+00
    endloop
  endfacet
  facet normal 0.000000e+00 -0.000000e+00 1.000000e+00
    outer loop
      vertex   2.940000e+01 -1.650000e+01 8.000000e+00
      vertex   2.940000e+01 -1.150000e+01 8.000000e+00
      vertex   2.190000e+01 -1.650000e+01 8.000000e+00
    endloop
  endfacet
  facet normal 0.000000e+00 0.000000e+00 1.000000e+00
    outer loop
      vertex   2.190000e+01 -1.650000e+01 8.000000e+00
      vertex   2.940000e+01 -1.150000e+01 8.000000e+00
      vertex   2.190000e+01 -1.150000e+01 8.000000e+00
    endloop
  endfacet
  facet normal -0.000000e+00 0.000000e+00 1.000000e+00
    outer loop
      vertex   2.940000e+01 -1.150000e+01 8.000000e+00
      vertex   3.080000e+01 -1.541252e+01 8.000000e+00
      vertex   2.940000e+01 1.150000e+01 8.000000e+00
    endloop
  endfacet
  facet normal -0.000000e+00 0.000000e+00 1.000000e+00
    outer loop
      vertex   2.940000e+01 1.150000e+01 8.000000e+00
      vertex   3.080000e+01 -1.541252e+01 8.000000e+00
      vertex   3.080000e+01 1.541252e+01 8.000000e+00
    endloop
  endfacet
  facet normal 0.000000e+00 0.000000e+00 1.000000e+00
    outer loop
      vertex   2.940000e+01 1.150000e+01 8.000000e+00
      vertex   3.080000e+01 1.541252e+01 8.000000e+00
      vertex   2.940000e+01 1.650000e+01 8.000000e+00
    endloop
  endfacet
  facet normal 0.000000e+00 0.000000e+00 1.000000e+00
    outer loop
      vertex   2.940000e+01 1.650000e+01 8.000000e+00
      vertex   3.080000e+01 1.541252e+01 8.000000e+00
      vertex   3.115922e+01 1.566160e+01 8.000000e+00
    endloop
  endfacet
  facet normal 0.000000e+00 0.000000e+00 1.000000e+00
    outer loop
      vertex   2.940000e+01 1.650000e+01 8.000000e+00
      vertex   3.115922e+01 1.566160e+01 8.000000e+00
      vertex   3.148982e+01 1.592171e+01 8.000000e+00
    endloop
  endfacet
  facet normal -2.844158e-15 -1.027827e-14 1.000000e+00
    outer loop
      vertex   3.148982e+01 1.592171e+01 8.000000e+00
      vertex   3.185875e+01 1.616528e+01 8.000000e+00
      vertex   2.940000e+01 1.650000e+01 8.000000e+00
    endloop
  endfacet
  facet normal -1.444929e-15 0.000000e+00 1.000000e+00
    outer loop
      vertex   2.940000e+01 1.650000e+01 8.000000e+00
      vertex   3.185875e+01 1.616528e+01 8.000000e+00
      vertex   2.940000e+01 1.740000e+01 8.000000e+00
    endloop
  endfacet
  facet normal -6.561887e-16 1.570648e-15 1.000000e+00
    outer loop
      vertex   2.940000e+01 1.740000e+01 8.000000e+00
      vertex   3.185875e+01 1.616528e+01 8.000000e+00
      vertex   3.127467e+01 1.818320e+01 8.000000e+00
    endloop
  endfacet
  facet normal 0.000000e+00 0.000000e+00 1.000000e+00
    outer loop
      vertex   2.940000e+01 1.740000e+01 8.000000e+00
      vertex   3.127467e+01 1.818320e+01 8.000000e+00
      vertex   3.088909e+01 1.836464e+01 8.000000e+00
    endloop
  endfacet
  facet normal 1.295451e-14 5.510179e-15 1.000000e+00
    outer loop
      vertex   3.185875e+01 1.616528e+01 8.000000e+00
      vertex   3.208820e+01 1.627058e+01 8.000000e+00
      vertex   3.127467e+01 1.818320e+01 8.000000e+00
    endloop
  endfacet
  facet normal 0.000000e+00 0.000000e+00 1.000000e+00
    outer loop
      vertex   3.127467e+01 1.818320e+01 8.000000e+00
      vertex   3.208820e+01 1.627058e+01 8.000000e+00
      vertex   3.169326e+01 1.810335e+01 8.000000e+00
    endloop
  endfacet
  facet normal 4.596737e-13 9.905532e-14 1.000000e+00
    outer loop
      vertex   3.169326e+01 1.810335e+01 8.000000e+00
      vertex   3.208820e+01 1.627058e+01 8.000000e+00
      vertex   3.236937e+01 1.634662e+01 8.000000e+00
    endloop
  endfacet
  facet normal 4.782738e-15 -7.601945e-14 1.000000e+00
    outer loop
      vertex   3.169326e+01 1.810335e+01 8.000000e+00
      vertex   3.236937e+01 1.634662e+01 8.000000e+00
      vertex   3.211855e+01 1.813011e+01 8.000000e+00
    endloop
  endfacet
  facet normal -2.032756e-13 -1.052802e-13 1.000000e+00
    outer loop
      vertex   3.211855e+01 1.813011e+01 8.000000e+00
      vertex   3.236937e+01 1.634662e+01 8.000000e+00
      vertex   3.296333e+01 1.649899e+01 8.000000e+00
    endloop
  endfacet
  facet normal 0.000000e+00 0.000000e+00 1.000000e+00
    outer loop
      vertex   3.211855e+01 1.813011e+01 8.000000e+00
      vertex   3.296333e+01 1.649899e+01 8.000000e+00
      vertex   3.352159e+01 1.675268e+01 8.000000e+00
    endloop
  endfacet
  facet normal -0.000000e+00 0.000000e+00 1.000000e+00
    outer loop
      vertex   3.211855e+01 1.813011e+01 8.000000e+00
      vertex   3.352159e+01 1.675268e+01 8.000000e+00
      vertex   3.252382e+01 1.826179e+01 8.000000e+00
    endloop
  endfacet
  facet normal 0.000000e+00 0.000000e+00 1.000000e+00
    outer loop
      vertex   3.252382e+01 1.826179e+01 8.000000e+00
      vertex   3.352159e+01 1.675268e+01 8.000000e+00
      vertex   3.402700e+01 1.709991e+01 8.000000e+00
    endloop
  endfacet
  facet normal 0.000000e+00 0.000000e+00 1.000000e+00
    outer loop
      vertex   3.252382e+01 1.826179e+01 8.000000e+00
      vertex   3.402700e+01 1.709991e+01 8.000000e+00
      vertex   3.446405e+01 1.753002e+01 8.000000e+00
    endloop
  endfacet
  facet normal -0.000000e+00 0.000000e+00 1.000000e+00
    outer loop
      vertex   3.252382e+01 1.826179e+01 8.000000e+00
      vertex   3.446405e+01 1.753002e+01 8.000000e+00
      vertex   3.288362e+01 1.849013e+01 8.000000e+00
    endloop
  endfacet
  facet normal 0.000000e+00 0.000000e+00 1.000000e+00
    outer loop
      vertex   3.288362e+01 1.849013e+01 8.000000e+00
      vertex   3.446405e+01 1.753002e+01 8.000000e+00
      vertex   3.481934e+01 1.802980e+01 8.000000e+00
    endloop
  endfacet
  facet normal -0.000000e+00 0.000000e+00 1.000000e+00
    outer loop
      vertex   3.288362e+01 1.849013e+01 8.000000e+00
      vertex   3.481934e+01 1.802980e+01 8.000000e+00
      vertex   3.317533e+01 1.880077e+01 8.000000e+00
    endloop
  endfacet
  facet normal 0.000000e+00 0.000000e+00 1.000000e+00
    outer loop
      vertex   3.317533e+01 1.880077e+01 8.000000e+00
      vertex   3.481934e+01 1.802980e+01 8.000000e+00
      vertex   3.508194e+01 1.858392e+01 8.000000e+00
    endloop
  endfacet
  facet normal -0.000000e+00 0.000000e+00 1.000000e+00
    outer loop
      vertex   3.317533e+01 1.880077e+01 8.000000e+00
      vertex   3.508194e+01 1.858392e+01 8.000000e+00
      vertex   3.338062e+01 1.917419e+01 8.000000e+00
    endloop
  endfacet
  facet normal -0.000000e+00 0.000000e+00 1.000000e+00
    outer loop
      vertex   3.338062e+01 1.917419e+01 8.000000e+00
      vertex   3.508194e+01 1.858392e+01 8.000000e+00
      vertex   3.524381e+01 1.917536e+01 8.000000e+00
    endloop
  endfacet
  facet normal 0.000000e+00 0.000000e+00 1.000000e+00
    outer loop
      vertex   3.338062e+01 1.917419e+01 8.000000e+00
      vertex   3.524381e+01 1.917536e+01 8.000000e+00
      vertex   3.348659e+01 1.958693e+01 8.000000e+00
    endloop
  endfacet
  facet normal -0.000000e+00 0.000000e+00 1.000000e+00
    outer loop
      vertex   3.348659e+01 1.958693e+01 8.000000e+00
      vertex   3.524381e+01 1.917536e+01 8.000000e+00
      vertex   3.529997e+01 1.978598e+01 8.000000e+00
    endloop
  endfacet
  facet normal 0.000000e+00 0.000000e+00 1.000000e+00
    outer loop
      vertex   3.348659e+01 1.958693e+01 8.000000e+00
      vertex   3.529997e+01 1.978598e+01 8.000000e+00
      vertex   3.348659e+01 2.001307e+01 8.000000e+00
    endloop
  endfacet
  facet normal -0.000000e+00 0.000000e+00 1.000000e+00
    outer loop
      vertex   3.348659e+01 2.001307e+01 8.000000e+00
      vertex   3.529997e+01 1.978598e+01 8.000000e+00
      vertex   3.524870e+01 2.039703e+01 8.000000e+00
    endloop
  endfacet
  facet normal 0.000000e+00 -0.000000e+00 1.000000e+00
    outer loop
      vertex   3.348659e+01 2.001307e+01 8.000000e+00
      vertex   3.524870e+01 2.039703e+01 8.000000e+00
      vertex   3.338062e+01 2.042581e+01 8.000000e+00
    endloop
  endfacet
  facet normal -0.000000e+00 0.000000e+00 1.000000e+00
    outer loop
      vertex   3.338062e+01 2.042581e+01 8.000000e+00
      vertex   3.524870e+01 2.039703e+01 8.000000e+00
      vertex   3.509158e+01 2.098975e+01 8.000000e+00
    endloop
  endfacet
  facet normal 0.000000e+00 -0.000000e+00 1.000000e+00
    outer loop
      vertex   3.338062e+01 2.042581e+01 8.000000e+00
      vertex   3.509158e+01 2.098975e+01 8.000000e+00
      vertex   3.317533e+01 2.079923e+01 8.000000e+00
    endloop
  endfacet
  facet normal 0.000000e+00 0.000000e+00 1.000000e+00
    outer loop
      vertex   3.317533e+01 2.079923e+01 8.000000e+00
      vertex   3.509158e+01 2.098975e+01 8.000000e+00
      vertex   3.483342e+01 2.154595e+01 8.000000e+00
    endloop
  endfacet
  facet normal 0.000000e+00 -0.000000e+00 1.000000e+00
    outer loop
      vertex   3.317533e+01 2.079923e+01 8.000000e+00
      vertex   3.483342e+01 2.154595e+01 8.000000e+00
      vertex   3.288362e+01 2.110987e+01 8.000000e+00
    endloop
  endfacet
  facet normal 0.000000e+00 0.000000e+00 1.000000e+00
    outer loop
      vertex   3.288362e+01 2.110987e+01 8.000000e+00
      vertex   3.483342e+01 2.154595e+01 8.000000e+00
      vertex   3.448216e+01 2.204856e+01 8.000000e+00
    endloop
  endfacet
  facet normal 0.000000e+00 -0.000000e+00 1.000000e+00
    outer loop
      vertex   3.288362e+01 2.110987e+01 8.000000e+00
      vertex   3.448216e+01 2.204856e+01 8.000000e+00
      vertex   3.252382e+01 2.133821e+01 8.000000e+00
    endloop
  endfacet
  facet normal 0.000000e+00 0.000000e+00 1.000000e+00
    outer loop
      vertex   3.252382e+01 2.133821e+01 8.000000e+00
      vertex   3.448216e+01 2.204856e+01 8.000000e+00
      vertex   3.404856e+01 2.248216e+01 8.000000e+00
    endloop
  endfacet
  facet normal 0.000000e+00 0.000000e+00 1.000000e+00
    outer loop
      vertex   3.252382e+01 2.133821e+01 8.000000e+00
      vertex   3.404856e+01 2.248216e+01 8.000000e+00
      vertex   3.354595e+01 2.283342e+01 8.000000e+00
    endloop
  endfacet
  facet normal 0.000000e+00 -0.000000e+00 1.000000e+00
    outer loop
      vertex   3.252382e+01 2.133821e+01 8.000000e+00
      vertex   3.354595e+01 2.283342e+01 8.000000e+00
      vertex   3.211855e+01 2.146989e+01 8.000000e+00
    endloop
  endfacet
  facet normal 0.000000e+00 0.000000e+00 1.000000e+00
    outer loop
      vertex   3.211855e+01 2.146989e+01 8.000000e+00
      vertex   3.354595e+01 2.283342e+01 8.000000e+00
      vertex   3.298975e+01 2.309158e+01 8.000000e+00
    endloop
  endfacet
  facet normal 0.000000e+00 0.000000e+00 1.000000e+00
    outer loop
      vertex   3.211855e+01 2.146989e+01 8.000000e+00
      vertex   3.298975e+01 2.309158e+01 8.000000e+00
      vertex   3.239703e+01 2.324870e+01 8.000000e+00
    endloop
  endfacet
  facet normal 0.000000e+00 -0.000000e+00 1.000000e+00
    outer loop
      vertex   3.211855e+01 2.146989e+01 8.000000e+00
      vertex   3.239703e+01 2.324870e+01 8.000000e+00
      vertex   3.169326e+01 2.149665e+01 8.000000e+00
    endloop
  endfacet
  facet normal 0.000000e+00 0.000000e+00 1.000000e+00
    outer loop
      vertex   3.169326e+01 2.149665e+01 8.000000e+00
      vertex   3.239703e+01 2.324870e+01 8.000000e+00
      vertex   3.178598e+01 2.329997e+01 8.000000e+00
    endloop
  endfacet
  facet normal 0.000000e+00 -0.000000e+00 1.000000e+00
    outer loop
      vertex   3.169326e+01 2.149665e+01 8.000000e+00
      vertex   3.178598e+01 2.329997e+01 8.000000e+00
      vertex   3.117536e+01 2.324381e+01 8.000000e+00
    endloop
  endfacet
  facet normal 0.000000e+00 0.000000e+00 1.000000e+00
    outer loop
      vertex   3.117536e+01 2.324381e+01 8.000000e+00
      vertex   3.058392e+01 2.308194e+01 8.000000e+00
      vertex   3.169326e+01 2.149665e+01 8.000000e+00
    endloop
  endfacet
  facet normal 0.000000e+00 0.000000e+00 1.000000e+00
    outer loop
      vertex   3.169326e+01 2.149665e+01 8.000000e+00
      vertex   3.058392e+01 2.308194e+01 8.000000e+00
      vertex   3.127467e+01 2.141680e+01 8.000000e+00
    endloop
  endfacet
  facet normal 0.000000e+00 0.000000e+00 1.000000e+00
    outer loop
      vertex   3.127467e+01 2.141680e+01 8.000000e+00
      vertex   3.058392e+01 2.308194e+01 8.000000e+00
      vertex   3.002980e+01 2.281934e+01 8.000000e+00
    endloop
  endfacet
  facet normal 0.000000e+00 0.000000e+00 1.000000e+00
    outer loop
      vertex   3.127467e+01 2.141680e+01 8.000000e+00
      vertex   3.002980e+01 2.281934e+01 8.000000e+00
      vertex   2.953002e+01 2.246405e+01 8.000000e+00
    endloop
  endfacet
  facet normal 0.000000e+00 0.000000e+00 1.000000e+00
    outer loop
      vertex   3.127467e+01 2.141680e+01 8.000000e+00
      vertex   2.953002e+01 2.246405e+01 8.000000e+00
      vertex   3.088909e+01 2.123536e+01 8.000000e+00
    endloop
  endfacet
  facet normal 0.000000e+00 0.000000e+00 1.000000e+00
    outer loop
      vertex   3.088909e+01 2.123536e+01 8.000000e+00
      vertex   2.953002e+01 2.246405e+01 8.000000e+00
      vertex   2.909991e+01 2.202700e+01 8.000000e+00
    endloop
  endfacet
  facet normal 0.000000e+00 0.000000e+00 1.000000e+00
    outer loop
      vertex   3.088909e+01 2.123536e+01 8.000000e+00
      vertex   2.909991e+01 2.202700e+01 8.000000e+00
      vertex   3.056075e+01 2.096373e+01 8.000000e+00
    endloop
  endfacet
  facet normal 0.000000e+00 0.000000e+00 1.000000e+00
    outer loop
      vertex   3.056075e+01 2.096373e+01 8.000000e+00
      vertex   2.909991e+01 2.202700e+01 8.000000e+00
      vertex   2.875268e+01 2.152159e+01 8.000000e+00
    endloop
  endfacet
  facet normal 0.000000e+00 0.000000e+00 1.000000e+00
    outer loop
      vertex   3.056075e+01 2.096373e+01 8.000000e+00
      vertex   2.875268e+01 2.152159e+01 8.000000e+00
      vertex   3.031028e+01 2.061898e+01 8.000000e+00
    endloop
  endfacet
  facet normal 0.000000e+00 0.000000e+00 1.000000e+00
    outer loop
      vertex   3.031028e+01 2.061898e+01 8.000000e+00
      vertex   2.875268e+01 2.152159e+01 8.000000e+00
      vertex   2.849899e+01 2.096333e+01 8.000000e+00
    endloop
  endfacet
  facet normal 0.000000e+00 0.000000e+00 1.000000e+00
    outer loop
      vertex   3.031028e+01 2.061898e+01 8.000000e+00
      vertex   2.849899e+01 2.096333e+01 8.000000e+00
      vertex   3.015341e+01 2.022277e+01 8.000000e+00
    endloop
  endfacet
  facet normal -3.189053e-10 -7.124348e-10 1.000000e+00
    outer loop
      vertex   3.015341e+01 2.022277e+01 8.000000e+00
      vertex   2.849899e+01 2.096333e+01 8.000000e+00
      vertex   2.834662e+01 2.036937e+01 8.000000e+00
    endloop
  endfacet
  facet normal -1.219457e-10 1.715012e-09 1.000000e+00
    outer loop
      vertex   3.015341e+01 2.022277e+01 8.000000e+00
      vertex   2.834662e+01 2.036937e+01 8.000000e+00
      vertex   2.827085e+01 2.008891e+01 8.000000e+00
    endloop
  endfacet
  facet normal 0.000000e+00 0.000000e+00 1.000000e+00
    outer loop
      vertex   3.015341e+01 2.022277e+01 8.000000e+00
      vertex   2.827085e+01 2.008891e+01 8.000000e+00
      vertex   3.010000e+01 1.980000e+01 8.000000e+00
    endloop
  endfacet
  facet normal 0.000000e+00 0.000000e+00 1.000000e+00
    outer loop
      vertex   3.010000e+01 1.980000e+01 8.000000e+00
      vertex   2.827085e+01 2.008891e+01 8.000000e+00
      vertex   2.816588e+01 1.985986e+01 8.000000e+00
    endloop
  endfacet
  facet normal 0.000000e+00 0.000000e+00 1.000000e+00
    outer loop
      vertex   3.010000e+01 1.980000e+01 8.000000e+00
      vertex   2.816588e+01 1.985986e+01 8.000000e+00
      vertex   3.015341e+01 1.937723e+01 8.000000e+00
    endloop
  endfacet
  facet normal 0.000000e+00 0.000000e+00 1.000000e+00
    outer loop
      vertex   3.015341e+01 1.937723e+01 8.000000e+00
      vertex   2.816588e+01 1.985986e+01 8.000000e+00
      vertex   2.792316e+01 1.949172e+01 8.000000e+00
    endloop
  endfacet
  facet normal 0.000000e+00 0.000000e+00 1.000000e+00
    outer loop
      vertex   3.015341e+01 1.937723e+01 8.000000e+00
      vertex   2.792316e+01 1.949172e+01 8.000000e+00
      vertex   3.031028e+01 1.898102e+01 8.000000e+00
    endloop
  endfacet
  facet normal 0.000000e+00 0.000000e+00 1.000000e+00
    outer loop
      vertex   3.031028e+01 1.898102e+01 8.000000e+00
      vertex   2.792316e+01 1.949172e+01 8.000000e+00
      vertex   2.766375e+01 1.916199e+01 8.000000e+00
    endloop
  endfacet
  facet normal 0.000000e+00 0.000000e+00 1.000000e+00
    outer loop
      vertex   3.031028e+01 1.898102e+01 8.000000e+00
      vertex   2.766375e+01 1.916199e+01 8.000000e+00
      vertex   2.741514e+01 1.880439e+01 8.000000e+00
    endloop
  endfacet
  facet normal 0.000000e+00 0.000000e+00 1.000000e+00
    outer loop
      vertex   3.031028e+01 1.898102e+01 8.000000e+00
      vertex   2.741514e+01 1.880439e+01 8.000000e+00
      vertex   2.940000e+01 1.740000e+01 8.000000e+00
    endloop
  endfacet
  facet normal 0.000000e+00 0.000000e+00 1.000000e+00
    outer loop
      vertex   2.940000e+01 1.740000e+01 8.000000e+00
      vertex   2.741514e+01 1.880439e+01 8.000000e+00
      vertex   2.741252e+01 1.880000e+01 8.000000e+00
    endloop
  endfacet
  facet normal 3.240047e-17 4.599668e-17 1.000000e+00
    outer loop
      vertex   2.940000e+01 1.740000e+01 8.000000e+00
      vertex   2.741252e+01 1.880000e+01 8.000000e+00
      vertex   -2.741252e+01 1.880000e+01 8.000000e+00
    endloop
  endfacet
  facet normal -0.000000e+00 0.000000e+00 1.000000e+00
    outer loop
      vertex   2.190000e+01 1.650000e+01 8.000000e+00
      vertex   2.190000e+01 1.150000e+01 8.000000e+00
      vertex   2.940000e+01 1.650000e+01 8.000000e+00
    endloop
  endfacet
  facet normal 0.000000e+00 0.000000e+00 1.000000e+00
    outer loop
      vertex   2.940000e+01 1.650000e+01 8.000000e+00
      vertex   2.190000e+01 1.150000e+01 8.000000e+00
      vertex   2.940000e+01 1.150000e+01 8.000000e+00
    endloop
  endfacet
  facet normal 0.000000e+00 0.000000e+00 1.000000e+00
    outer loop
      vertex   -2.940000e+01 -1.650000e+01 8.000000e+00
      vertex   -2.190000e+01 -1.650000e+01 8.000000e+00
      vertex   -2.940000e+01 -1.150000e+01 8.000000e+00
    endloop
  endfacet
  facet normal -0.000000e+00 0.000000e+00 1.000000e+00
    outer loop
      vertex   -2.940000e+01 -1.150000e+01 8.000000e+00
      vertex   -2.190000e+01 -1.650000e+01 8.000000e+00
      vertex   -2.190000e+01 -1.150000e+01 8.000000e+00
    endloop
  endfacet
  facet normal 0.000000e+00 0.000000e+00 1.000000e+00
    outer loop
      vertex   -2.940000e+01 1.150000e+01 8.000000e+00
      vertex   -2.190000e+01 1.150000e+01 8.000000e+00
      vertex   -2.940000e+01 1.650000e+01 8.000000e+00
    endloop
  endfacet
  facet normal -0.000000e+00 0.000000e+00 1.000000e+00
    outer loop
      vertex   -2.940000e+01 1.650000e+01 8.000000e+00
      vertex   -2.190000e+01 1.150000e+01 8.000000e+00
      vertex   -2.190000e+01 1.650000e+01 8.000000e+00
    endloop
  endfacet
  facet normal -0.000000e+00 0.000000e+00 1.000000e+00
    outer loop
      vertex   -3.107618e+01 -1.826179e+01 8.000000e+00
      vertex   -3.071638e+01 -1.849013e+01 8.000000e+00
      vertex   -2.940000e+01 -1.740000e+01 8.000000e+00
    endloop
  endfacet
  facet normal 0.000000e+00 0.000000e+00 1.000000e+00
    outer loop
      vertex   -2.940000e+01 -1.740000e+01 8.000000e+00
      vertex   -3.071638e+01 -1.849013e+01 8.000000e+00
      vertex   -3.042467e+01 -1.880077e+01 8.000000e+00
    endloop
  endfacet
  facet normal 0.000000e+00 -0.000000e+00 1.000000e+00
    outer loop
      vertex   3.056075e+01 -1.863627e+01 8.000000e+00
      vertex   3.088909e+01 -1.836464e+01 8.000000e+00
      vertex   2.940000e+01 -1.740000e+01 8.000000e+00
    endloop
  endfacet
  facet normal 0.000000e+00 0.000000e+00 1.000000e+00
    outer loop
      vertex   2.940000e+01 -1.740000e+01 8.000000e+00
      vertex   3.088909e+01 -1.836464e+01 8.000000e+00
      vertex   3.127467e+01 -1.818320e+01 8.000000e+00
    endloop
  endfacet
  facet normal 0.000000e+00 0.000000e+00 1.000000e+00
    outer loop
      vertex   -3.042467e+01 1.880077e+01 8.000000e+00
      vertex   -3.071638e+01 1.849013e+01 8.000000e+00
      vertex   -2.940000e+01 1.740000e+01 8.000000e+00
    endloop
  endfacet
  facet normal 0.000000e+00 0.000000e+00 1.000000e+00
    outer loop
      vertex   -2.940000e+01 1.740000e+01 8.000000e+00
      vertex   -3.071638e+01 1.849013e+01 8.000000e+00
      vertex   -3.107618e+01 1.826179e+01 8.000000e+00
    endloop
  endfacet
  facet normal 0.000000e+00 0.000000e+00 1.000000e+00
    outer loop
      vertex   -2.940000e+01 1.740000e+01 8.000000e+00
      vertex   -3.107618e+01 1.826179e+01 8.000000e+00
      vertex   -3.148145e+01 1.813011e+01 8.000000e+00
    endloop
  endfacet
  facet normal 0.000000e+00 0.000000e+00 1.000000e+00
    outer loop
      vertex   3.088909e+01 1.836464e+01 8.000000e+00
      vertex   3.056075e+01 1.863627e+01 8.000000e+00
      vertex   2.940000e+01 1.740000e+01 8.000000e+00
    endloop
  endfacet
  facet normal 0.000000e+00 0.000000e+00 1.000000e+00
    outer loop
      vertex   2.940000e+01 1.740000e+01 8.000000e+00
      vertex   3.056075e+01 1.863627e+01 8.000000e+00
      vertex   3.031028e+01 1.898102e+01 8.000000e+00
    endloop
  endfacet
  facet normal 0.000000e+00 1.000000e+00 -0.000000e+00
    outer loop
      vertex   2.925245e+01 -1.740000e+01 0.000000e+00
      vertex   -2.925245e+01 -1.740000e+01 0.000000e+00
      vertex   2.925245e+01 -1.740000e+01 5.000000e+00
    endloop
  endfacet
  facet normal 0.000000e+00 1.000000e+00 0.000000e+00
    outer loop
      vertex   2.925245e+01 -1.740000e+01 5.000000e+00
      vertex   -2.925245e+01 -1.740000e+01 0.000000e+00
      vertex   -2.925245e+01 -1.740000e+01 5.000000e+00
    endloop
  endfacet
  facet normal 0.000000e+00 1.000000e+00 -0.000000e+00
    outer loop
      vertex   2.925245e+01 -1.740000e+01 5.000000e+00
      vertex   -2.925245e+01 -1.740000e+01 5.000000e+00
      vertex   2.940000e+01 -1.740000e+01 8.000000e+00
    endloop
  endfacet
  facet normal 0.000000e+00 1.000000e+00 0.000000e+00
    outer loop
      vertex   2.940000e+01 -1.740000e+01 8.000000e+00
      vertex   -2.925245e+01 -1.740000e+01 5.000000e+00
      vertex   -2.940000e+01 -1.740000e+01 8.000000e+00
    endloop
  endfacet
  facet normal 0.000000e+00 1.000000e+00 0.000000e+00
    outer loop
      vertex   -2.940000e+01 -1.740000e+01 8.000000e+00
      vertex   -2.925245e+01 -1.740000e+01 5.000000e+00
      vertex   -2.940000e+01 -1.740000e+01 5.000000e+00
    endloop
  endfacet
  facet normal 0.000000e+00 1.000000e+00 0.000000e+00
    outer loop
      vertex   2.940000e+01 -1.740000e+01 8.000000e+00
      vertex   2.940000e+01 -1.740000e+01 5.000000e+00
      vertex   2.925245e+01 -1.740000e+01 5.000000e+00
    endloop
  endfacet
  facet normal -7.210204e-01 6.929138e-01 0.000000e+00
    outer loop
      vertex   2.925245e+01 -1.740000e+01 0.000000e+00
      vertex   2.925245e+01 -1.740000e+01 5.000000e+00
      vertex   2.930065e+01 -1.734984e+01 0.000000e+00
    endloop
  endfacet
  facet normal -7.210204e-01 6.929138e-01 0.000000e+00
    outer loop
      vertex   2.930065e+01 -1.734984e+01 0.000000e+00
      vertex   2.925245e+01 -1.740000e+01 5.000000e+00
      vertex   2.930065e+01 -1.734984e+01 5.000000e+00
    endloop
  endfacet
  facet normal -7.071068e-01 7.071068e-01 0.000000e+00
    outer loop
      vertex   2.930065e+01 -1.734984e+01 0.000000e+00
      vertex   2.930065e+01 -1.734984e+01 5.000000e+00
      vertex   2.934984e+01 -1.730065e+01 0.000000e+00
    endloop
  endfacet
  facet normal -7.071068e-01 7.071068e-01 0.000000e+00
    outer loop
      vertex   2.934984e+01 -1.730065e+01 0.000000e+00
      vertex   2.930065e+01 -1.734984e+01 5.000000e+00
      vertex   2.934984e+01 -1.730065e+01 5.000000e+00
    endloop
  endfacet
  facet normal -6.929138e-01 7.210204e-01 0.000000e+00
    outer loop
      vertex   2.934984e+01 -1.730065e+01 0.000000e+00
      vertex   2.934984e+01 -1.730065e+01 5.000000e+00
      vertex   2.940000e+01 -1.725245e+01 0.000000e+00
    endloop
  endfacet
  facet normal -6.929138e-01 7.210204e-01 0.000000e+00
    outer loop
      vertex   2.940000e+01 -1.725245e+01 0.000000e+00
      vertex   2.934984e+01 -1.730065e+01 5.000000e+00
      vertex   2.940000e+01 -1.725245e+01 5.000000e+00
    endloop
  endfacet
  facet normal -1.000000e+00 0.000000e+00 0.000000e+00
    outer loop
      vertex   2.940000e+01 -1.725245e+01 5.000000e+00
      vertex   2.940000e+01 -1.650000e+01 5.000000e+00
      vertex   2.940000e+01 -1.725245e+01 0.000000e+00
    endloop
  endfacet
  facet normal -1.000000e+00 0.000000e+00 0.000000e+00
    outer loop
      vertex   2.940000e+01 -1.725245e+01 0.000000e+00
      vertex   2.940000e+01 -1.650000e+01 5.000000e+00
      vertex   2.940000e+01 -1.150000e+01 5.000000e+00
    endloop
  endfacet
  facet normal -1.000000e+00 0.000000e+00 0.000000e+00
    outer loop
      vertex   2.940000e+01 -1.725245e+01 0.000000e+00
      vertex   2.940000e+01 -1.150000e+01 5.000000e+00
      vertex   2.940000e+01 1.150000e+01 5.000000e+00
    endloop
  endfacet
  facet normal -1.000000e+00 0.000000e+00 0.000000e+00
    outer loop
      vertex   2.940000e+01 1.150000e+01 5.000000e+00
      vertex   2.940000e+01 -1.150000e+01 5.000000e+00
      vertex   2.940000e+01 1.150000e+01 8.000000e+00
    endloop
  endfacet
  facet normal -1.000000e+00 -0.000000e+00 0.000000e+00
    outer loop
      vertex   2.940000e+01 1.150000e+01 8.000000e+00
      vertex   2.940000e+01 -1.150000e+01 5.000000e+00
      vertex   2.940000e+01 -1.150000e+01 8.000000e+00
    endloop
  endfacet
  facet normal -1.000000e+00 0.000000e+00 0.000000e+00
    outer loop
      vertex   2.940000e+01 -1.740000e+01 5.000000e+00
      vertex   2.940000e+01 -1.740000e+01 8.000000e+00
      vertex   2.940000e+01 -1.725245e+01 5.000000e+00
    endloop
  endfacet
  facet normal -1.000000e+00 0.000000e+00 0.000000e+00
    outer loop
      vertex   2.940000e+01 -1.725245e+01 5.000000e+00
      vertex   2.940000e+01 -1.740000e+01 8.000000e+00
      vertex   2.940000e+01 -1.650000e+01 8.000000e+00
    endloop
  endfacet
  facet normal -1.000000e+00 0.000000e+00 0.000000e+00
    outer loop
      vertex   2.940000e+01 -1.725245e+01 5.000000e+00
      vertex   2.940000e+01 -1.650000e+01 8.000000e+00
      vertex   2.940000e+01 -1.650000e+01 5.000000e+00
    endloop
  endfacet
  facet normal -1.000000e+00 0.000000e+00 0.000000e+00
    outer loop
      vertex   2.940000e+01 -1.725245e+01 0.000000e+00
      vertex   2.940000e+01 1.150000e+01 5.000000e+00
      vertex   2.940000e+01 1.725245e+01 0.000000e+00
    endloop
  endfacet
  facet normal -1.000000e+00 0.000000e+00 0.000000e+00
    outer loop
      vertex   2.940000e+01 1.725245e+01 0.000000e+00
      vertex   2.940000e+01 1.150000e+01 5.000000e+00
      vertex   2.940000e+01 1.650000e+01 5.000000e+00
    endloop
  endfacet
  facet normal -1.000000e+00 0.000000e+00 0.000000e+00
    outer loop
      vertex   2.940000e+01 1.725245e+01 0.000000e+00
      vertex   2.940000e+01 1.650000e+01 5.000000e+00
      vertex   2.940000e+01 1.725245e+01 5.000000e+00
    endloop
  endfacet
  facet normal -1.000000e+00 0.000000e+00 0.000000e+00
    outer loop
      vertex   2.940000e+01 1.725245e+01 5.000000e+00
      vertex   2.940000e+01 1.650000e+01 5.000000e+00
      vertex   2.940000e+01 1.650000e+01 8.000000e+00
    endloop
  endfacet
  facet normal -1.000000e+00 0.000000e+00 0.000000e+00
    outer loop
      vertex   2.940000e+01 1.725245e+01 5.000000e+00
      vertex   2.940000e+01 1.650000e+01 8.000000e+00
      vertex   2.940000e+01 1.740000e+01 8.000000e+00
    endloop
  endfacet
  facet normal -1.000000e+00 0.000000e+00 -0.000000e+00
    outer loop
      vertex   2.940000e+01 1.740000e+01 8.000000e+00
      vertex   2.940000e+01 1.740000e+01 5.000000e+00
      vertex   2.940000e+01 1.725245e+01 5.000000e+00
    endloop
  endfacet
  facet normal 7.210204e-01 -6.929138e-01 0.000000e+00
    outer loop
      vertex   -2.925245e+01 1.740000e+01 0.000000e+00
      vertex   -2.925245e+01 1.740000e+01 5.000000e+00
      vertex   -2.930065e+01 1.734984e+01 0.000000e+00
    endloop
  endfacet
  facet normal 7.210204e-01 -6.929138e-01 0.000000e+00
    outer loop
      vertex   -2.930065e+01 1.734984e+01 0.000000e+00
      vertex   -2.925245e+01 1.740000e+01 5.000000e+00
      vertex   -2.930065e+01 1.734984e+01 5.000000e+00
    endloop
  endfacet
  facet normal 7.071068e-01 -7.071068e-01 0.000000e+00
    outer loop
      vertex   -2.930065e+01 1.734984e+01 0.000000e+00
      vertex   -2.930065e+01 1.734984e+01 5.000000e+00
      vertex   -2.934984e+01 1.730065e+01 0.000000e+00
    endloop
  endfacet
  facet normal 7.071068e-01 -7.071068e-01 0.000000e+00
    outer loop
      vertex   -2.934984e+01 1.730065e+01 0.000000e+00
      vertex   -2.930065e+01 1.734984e+01 5.000000e+00
      vertex   -2.934984e+01 1.730065e+01 5.000000e+00
    endloop
  endfacet
  facet normal 6.929138e-01 -7.210204e-01 0.000000e+00
    outer loop
      vertex   -2.934984e+01 1.730065e+01 0.000000e+00
      vertex   -2.934984e+01 1.730065e+01 5.000000e+00
      vertex   -2.940000e+01 1.725245e+01 0.000000e+00
    endloop
  endfacet
  facet normal 6.929138e-01 -7.210204e-01 0.000000e+00
    outer loop
      vertex   -2.940000e+01 1.725245e+01 0.000000e+00
      vertex   -2.934984e+01 1.730065e+01 5.000000e+00
      vertex   -2.940000e+01 1.725245e+01 5.000000e+00
    endloop
  endfacet
  facet normal 0.000000e+00 -1.000000e+00 0.000000e+00
    outer loop
      vertex   -2.925245e+01 1.740000e+01 0.000000e+00
      vertex   2.925245e+01 1.740000e+01 0.000000e+00
      vertex   -2.925245e+01 1.740000e+01 5.000000e+00
    endloop
  endfacet
  facet normal 0.000000e+00 -1.000000e+00 0.000000e+00
    outer loop
      vertex   -2.925245e+01 1.740000e+01 5.000000e+00
      vertex   2.925245e+01 1.740000e+01 0.000000e+00
      vertex   2.925245e+01 1.740000e+01 5.000000e+00
    endloop
  endfacet
  facet normal 0.000000e+00 -1.000000e+00 0.000000e+00
    outer loop
      vertex   -2.925245e+01 1.740000e+01 5.000000e+00
      vertex   2.925245e+01 1.740000e+01 5.000000e+00
      vertex   -2.940000e+01 1.740000e+01 8.000000e+00
    endloop
  endfacet
  facet normal 0.000000e+00 -1.000000e+00 0.000000e+00
    outer loop
      vertex   -2.940000e+01 1.740000e+01 8.000000e+00
      vertex   2.925245e+01 1.740000e+01 5.000000e+00
      vertex   2.940000e+01 1.740000e+01 8.000000e+00
    endloop
  endfacet
  facet normal 0.000000e+00 -1.000000e+00 -0.000000e+00
    outer loop
      vertex   2.940000e+01 1.740000e+01 8.000000e+00
      vertex   2.925245e+01 1.740000e+01 5.000000e+00
      vertex   2.940000e+01 1.740000e+01 5.000000e+00
    endloop
  endfacet
  facet normal 0.000000e+00 -1.000000e+00 0.000000e+00
    outer loop
      vertex   -2.940000e+01 1.740000e+01 8.000000e+00
      vertex   -2.940000e+01 1.740000e+01 5.000000e+00
      vertex   -2.925245e+01 1.740000e+01 5.000000e+00
    endloop
  endfacet
  facet normal -7.210204e-01 -6.929138e-01 -0.000000e+00
    outer loop
      vertex   2.925245e+01 1.740000e+01 5.000000e+00
      vertex   2.925245e+01 1.740000e+01 0.000000e+00
      vertex   2.930065e+01 1.734984e+01 5.000000e+00
    endloop
  endfacet
  facet normal -7.210204e-01 -6.929138e-01 -0.000000e+00
    outer loop
      vertex   2.930065e+01 1.734984e+01 5.000000e+00
      vertex   2.925245e+01 1.740000e+01 0.000000e+00
      vertex   2.930065e+01 1.734984e+01 0.000000e+00
    endloop
  endfacet
  facet normal -7.071068e-01 -7.071068e-01 -0.000000e+00
    outer loop
      vertex   2.930065e+01 1.734984e+01 5.000000e+00
      vertex   2.930065e+01 1.734984e+01 0.000000e+00
      vertex   2.934984e+01 1.730065e+01 5.000000e+00
    endloop
  endfacet
  facet normal -7.071068e-01 -7.071068e-01 -0.000000e+00
    outer loop
      vertex   2.934984e+01 1.730065e+01 5.000000e+00
      vertex   2.930065e+01 1.734984e+01 0.000000e+00
      vertex   2.934984e+01 1.730065e+01 0.000000e+00
    endloop
  endfacet
  facet normal -6.929138e-01 -7.210204e-01 -0.000000e+00
    outer loop
      vertex   2.934984e+01 1.730065e+01 5.000000e+00
      vertex   2.934984e+01 1.730065e+01 0.000000e+00
      vertex   2.940000e+01 1.725245e+01 5.000000e+00
    endloop
  endfacet
  facet normal -6.929138e-01 -7.210204e-01 -0.000000e+00
    outer loop
      vertex   2.940000e+01 1.725245e+01 5.000000e+00
      vertex   2.934984e+01 1.730065e+01 0.000000e+00
      vertex   2.940000e+01 1.725245e+01 0.000000e+00
    endloop
  endfacet
  facet normal 1.000000e+00 0.000000e+00 0.000000e+00
    outer loop
      vertex   -2.940000e+01 -1.725245e+01 0.000000e+00
      vertex   -2.940000e+01 -1.650000e+01 5.000000e+00
      vertex   -2.940000e+01 -1.725245e+01 5.000000e+00
    endloop
  endfacet
  facet normal 1.000000e+00 0.000000e+00 0.000000e+00
    outer loop
      vertex   -2.940000e+01 -1.725245e+01 5.000000e+00
      vertex   -2.940000e+01 -1.650000e+01 5.000000e+00
      vertex   -2.940000e+01 -1.650000e+01 8.000000e+00
    endloop
  endfacet
  facet normal 1.000000e+00 0.000000e+00 -0.000000e+00
    outer loop
      vertex   -2.940000e+01 -1.725245e+01 5.000000e+00
      vertex   -2.940000e+01 -1.650000e+01 8.000000e+00
      vertex   -2.940000e+01 -1.740000e+01 8.000000e+00
    endloop
  endfacet
  facet normal 1.000000e+00 -0.000000e+00 0.000000e+00
    outer loop
      vertex   -2.940000e+01 -1.650000e+01 5.000000e+00
      vertex   -2.940000e+01 -1.725245e+01 0.000000e+00
      vertex   -2.940000e+01 -1.150000e+01 5.000000e+00
    endloop
  endfacet
  facet normal 1.000000e+00 0.000000e+00 0.000000e+00
    outer loop
      vertex   -2.940000e+01 -1.150000e+01 5.000000e+00
      vertex   -2.940000e+01 -1.725245e+01 0.000000e+00
      vertex   -2.940000e+01 1.725245e+01 0.000000e+00
    endloop
  endfacet
  facet normal 1.000000e+00 -0.000000e+00 0.000000e+00
    outer loop
      vertex   -2.940000e+01 -1.150000e+01 5.000000e+00
      vertex   -2.940000e+01 1.725245e+01 0.000000e+00
      vertex   -2.940000e+01 1.150000e+01 5.000000e+00
    endloop
  endfacet
  facet normal 1.000000e+00 -0.000000e+00 0.000000e+00
    outer loop
      vertex   -2.940000e+01 1.150000e+01 5.000000e+00
      vertex   -2.940000e+01 1.725245e+01 0.000000e+00
      vertex   -2.940000e+01 1.650000e+01 5.000000e+00
    endloop
  endfacet
  facet normal 1.000000e+00 -0.000000e+00 0.000000e+00
    outer loop
      vertex   -2.940000e+01 1.650000e+01 5.000000e+00
      vertex   -2.940000e+01 1.725245e+01 0.000000e+00
      vertex   -2.940000e+01 1.725245e+01 5.000000e+00
    endloop
  endfacet
  facet normal 1.000000e+00 0.000000e+00 0.000000e+00
    outer loop
      vertex   -2.940000e+01 1.650000e+01 5.000000e+00
      vertex   -2.940000e+01 1.725245e+01 5.000000e+00
      vertex   -2.940000e+01 1.650000e+01 8.000000e+00
    endloop
  endfacet
  facet normal 1.000000e+00 -0.000000e+00 0.000000e+00
    outer loop
      vertex   -2.940000e+01 1.650000e+01 8.000000e+00
      vertex   -2.940000e+01 1.725245e+01 5.000000e+00
      vertex   -2.940000e+01 1.740000e+01 8.000000e+00
    endloop
  endfacet
  facet normal 1.000000e+00 0.000000e+00 0.000000e+00
    outer loop
      vertex   -2.940000e+01 1.740000e+01 8.000000e+00
      vertex   -2.940000e+01 1.725245e+01 5.000000e+00
      vertex   -2.940000e+01 1.740000e+01 5.000000e+00
    endloop
  endfacet
  facet normal 1.000000e+00 0.000000e+00 0.000000e+00
    outer loop
      vertex   -2.940000e+01 1.150000e+01 8.000000e+00
      vertex   -2.940000e+01 -1.150000e+01 8.000000e+00
      vertex   -2.940000e+01 1.150000e+01 5.000000e+00
    endloop
  endfacet
  facet normal 1.000000e+00 0.000000e+00 0.000000e+00
    outer loop
      vertex   -2.940000e+01 1.150000e+01 5.000000e+00
      vertex   -2.940000e+01 -1.150000e+01 8.000000e+00
      vertex   -2.940000e+01 -1.150000e+01 5.000000e+00
    endloop
  endfacet
  facet normal 1.000000e+00 0.000000e+00 0.000000e+00
    outer loop
      vertex   -2.940000e+01 -1.740000e+01 8.000000e+00
      vertex   -2.940000e+01 -1.740000e+01 5.000000e+00
      vertex   -2.940000e+01 -1.725245e+01 5.000000e+00
    endloop
  endfacet
endsolid
