solid ASCII
  facet normal 0.000000e+00 1.000000e+00 0.000000e+00
    outer loop
      vertex   5.420000e+01 3.645000e+01 1.455000e+01
      vertex   5.388851e+01 3.645000e+01 9.615026e+00
      vertex   5.355000e+01 3.645000e+01 1.455000e+01
    endloop
  endfacet
  facet normal 0.000000e+00 1.000000e+00 0.000000e+00
    outer loop
      vertex   5.355000e+01 3.645000e+01 1.455000e+01
      vertex   5.388851e+01 3.645000e+01 9.615026e+00
      vertex   5.373466e+01 3.645000e+01 9.772790e+00
    endloop
  endfacet
  facet normal 0.000000e+00 1.000000e+00 0.000000e+00
    outer loop
      vertex   5.355000e+01 3.645000e+01 1.455000e+01
      vertex   5.373466e+01 3.645000e+01 9.772790e+00
      vertex   5.355000e+01 3.645000e+01 9.893029e+00
    endloop
  endfacet
  facet normal 2.710318e-14 1.000000e+00 -4.883455e-16
    outer loop
      vertex   5.420000e+01 3.645000e+01 0.000000e+00
      vertex   5.410000e+01 3.645000e+01 9.000000e+00
      vertex   5.420000e+01 3.645000e+01 1.455000e+01
    endloop
  endfacet
  facet normal 0.000000e+00 1.000000e+00 0.000000e+00
    outer loop
      vertex   5.420000e+01 3.645000e+01 1.455000e+01
      vertex   5.410000e+01 3.645000e+01 9.000000e+00
      vertex   5.407572e+01 3.645000e+01 9.219016e+00
    endloop
  endfacet
  facet normal 0.000000e+00 1.000000e+00 0.000000e+00
    outer loop
      vertex   5.420000e+01 3.645000e+01 1.455000e+01
      vertex   5.407572e+01 3.645000e+01 9.219016e+00
      vertex   5.400406e+01 3.645000e+01 9.427398e+00
    endloop
  endfacet
  facet normal 1.093143e-14 1.000000e+00 -1.963085e-15
    outer loop
      vertex   5.355000e+01 3.645000e+01 0.000000e+00
      vertex   5.388851e+01 3.645000e+01 1.884974e+00
      vertex   5.420000e+01 3.645000e+01 0.000000e+00
    endloop
  endfacet
  facet normal 4.825699e-15 1.000000e+00 -2.972060e-15
    outer loop
      vertex   5.420000e+01 3.645000e+01 0.000000e+00
      vertex   5.388851e+01 3.645000e+01 1.884974e+00
      vertex   5.400406e+01 3.645000e+01 2.072602e+00
    endloop
  endfacet
  facet normal 7.819713e-15 1.000000e+00 -2.689016e-15
    outer loop
      vertex   5.420000e+01 3.645000e+01 0.000000e+00
      vertex   5.400406e+01 3.645000e+01 2.072602e+00
      vertex   5.407572e+01 3.645000e+01 2.280984e+00
    endloop
  endfacet
  facet normal -0.000000e+00 1.000000e+00 0.000000e+00
    outer loop
      vertex   5.355000e+01 3.645000e+01 1.606971e+00
      vertex   5.373466e+01 3.645000e+01 1.727210e+00
      vertex   5.355000e+01 3.645000e+01 0.000000e+00
    endloop
  endfacet
  facet normal 0.000000e+00 1.000000e+00 0.000000e+00
    outer loop
      vertex   5.355000e+01 3.645000e+01 0.000000e+00
      vertex   5.373466e+01 3.645000e+01 1.727210e+00
      vertex   5.388851e+01 3.645000e+01 1.884974e+00
    endloop
  endfacet
  facet normal 1.884056e-14 1.000000e+00 -2.088549e-15
    outer loop
      vertex   5.407572e+01 3.645000e+01 2.280984e+00
      vertex   5.410000e+01 3.645000e+01 2.500000e+00
      vertex   5.420000e+01 3.645000e+01 0.000000e+00
    endloop
  endfacet
  facet normal 7.105427e-14 1.000000e+00 0.000000e+00
    outer loop
      vertex   5.420000e+01 3.645000e+01 0.000000e+00
      vertex   5.410000e+01 3.645000e+01 2.500000e+00
      vertex   5.410000e+01 3.645000e+01 9.000000e+00
    endloop
  endfacet
  facet normal 0.000000e+00 1.000000e+00 -0.000000e+00
    outer loop
      vertex   5.400406e+01 3.645000e+01 9.427398e+00
      vertex   5.388851e+01 3.645000e+01 9.615026e+00
      vertex   5.420000e+01 3.645000e+01 1.455000e+01
    endloop
  endfacet
  facet normal 1.000000e+00 0.000000e+00 0.000000e+00
    outer loop
      vertex   5.355000e+01 3.955000e+01 1.606971e+00
      vertex   5.355000e+01 3.645000e+01 1.606971e+00
      vertex   5.355000e+01 3.955000e+01 0.000000e+00
    endloop
  endfacet
  facet normal 1.000000e+00 0.000000e+00 0.000000e+00
    outer loop
      vertex   5.355000e+01 3.955000e+01 0.000000e+00
      vertex   5.355000e+01 3.645000e+01 1.606971e+00
      vertex   5.355000e+01 3.645000e+01 0.000000e+00
    endloop
  endfacet
  facet normal 1.000000e+00 0.000000e+00 0.000000e+00
    outer loop
      vertex   5.355000e+01 3.955000e+01 1.455000e+01
      vertex   5.355000e+01 3.645000e+01 1.455000e+01
      vertex   5.355000e+01 3.955000e+01 9.893029e+00
    endloop
  endfacet
  facet normal 1.000000e+00 0.000000e+00 0.000000e+00
    outer loop
      vertex   5.355000e+01 3.955000e+01 9.893029e+00
      vertex   5.355000e+01 3.645000e+01 1.455000e+01
      vertex   5.355000e+01 3.645000e+01 9.893029e+00
    endloop
  endfacet
  facet normal 0.000000e+00 -1.000000e+00 0.000000e+00
    outer loop
      vertex   5.355000e+01 3.955000e+01 1.455000e+01
      vertex   5.388851e+01 3.955000e+01 9.615026e+00
      vertex   5.420000e+01 3.955000e+01 1.455000e+01
    endloop
  endfacet
  facet normal 0.000000e+00 -1.000000e+00 0.000000e+00
    outer loop
      vertex   5.420000e+01 3.955000e+01 1.455000e+01
      vertex   5.388851e+01 3.955000e+01 9.615026e+00
      vertex   5.400406e+01 3.955000e+01 9.427398e+00
    endloop
  endfacet
  facet normal 0.000000e+00 -1.000000e+00 0.000000e+00
    outer loop
      vertex   5.420000e+01 3.955000e+01 1.455000e+01
      vertex   5.400406e+01 3.955000e+01 9.427398e+00
      vertex   5.407572e+01 3.955000e+01 9.219016e+00
    endloop
  endfacet
  facet normal 0.000000e+00 -1.000000e+00 0.000000e+00
    outer loop
      vertex   5.355000e+01 3.955000e+01 9.893029e+00
      vertex   5.373466e+01 3.955000e+01 9.772790e+00
      vertex   5.355000e+01 3.955000e+01 1.455000e+01
    endloop
  endfacet
  facet normal 0.000000e+00 -1.000000e+00 0.000000e+00
    outer loop
      vertex   5.355000e+01 3.955000e+01 1.455000e+01
      vertex   5.373466e+01 3.955000e+01 9.772790e+00
      vertex   5.388851e+01 3.955000e+01 9.615026e+00
    endloop
  endfacet
  facet normal 0.000000e+00 -1.000000e+00 0.000000e+00
    outer loop
      vertex   5.407572e+01 3.955000e+01 9.219016e+00
      vertex   5.410000e+01 3.955000e+01 9.000000e+00
      vertex   5.420000e+01 3.955000e+01 1.455000e+01
    endloop
  endfacet
  facet normal 0.000000e+00 -1.000000e+00 -0.000000e+00
    outer loop
      vertex   5.420000e+01 3.955000e+01 1.455000e+01
      vertex   5.410000e+01 3.955000e+01 9.000000e+00
      vertex   5.420000e+01 3.955000e+01 0.000000e+00
    endloop
  endfacet
  facet normal 0.000000e+00 -1.000000e+00 0.000000e+00
    outer loop
      vertex   5.420000e+01 3.955000e+01 0.000000e+00
      vertex   5.410000e+01 3.955000e+01 9.000000e+00
      vertex   5.410000e+01 3.955000e+01 2.500000e+00
    endloop
  endfacet
  facet normal 0.000000e+00 -1.000000e+00 0.000000e+00
    outer loop
      vertex   5.420000e+01 3.955000e+01 0.000000e+00
      vertex   5.410000e+01 3.955000e+01 2.500000e+00
      vertex   5.407572e+01 3.955000e+01 2.280984e+00
    endloop
  endfacet
  facet normal 0.000000e+00 -1.000000e+00 -0.000000e+00
    outer loop
      vertex   5.407572e+01 3.955000e+01 2.280984e+00
      vertex   5.400406e+01 3.955000e+01 2.072602e+00
      vertex   5.420000e+01 3.955000e+01 0.000000e+00
    endloop
  endfacet
  facet normal 0.000000e+00 -1.000000e+00 0.000000e+00
    outer loop
      vertex   5.420000e+01 3.955000e+01 0.000000e+00
      vertex   5.400406e+01 3.955000e+01 2.072602e+00
      vertex   5.388851e+01 3.955000e+01 1.884974e+00
    endloop
  endfacet
  facet normal 0.000000e+00 -1.000000e+00 0.000000e+00
    outer loop
      vertex   5.420000e+01 3.955000e+01 0.000000e+00
      vertex   5.388851e+01 3.955000e+01 1.884974e+00
      vertex   5.355000e+01 3.955000e+01 0.000000e+00
    endloop
  endfacet
  facet normal 0.000000e+00 -1.000000e+00 0.000000e+00
    outer loop
      vertex   5.355000e+01 3.955000e+01 0.000000e+00
      vertex   5.388851e+01 3.955000e+01 1.884974e+00
      vertex   5.373466e+01 3.955000e+01 1.727210e+00
    endloop
  endfacet
  facet normal 0.000000e+00 -1.000000e+00 0.000000e+00
    outer loop
      vertex   5.355000e+01 3.955000e+01 0.000000e+00
      vertex   5.373466e+01 3.955000e+01 1.727210e+00
      vertex   5.355000e+01 3.955000e+01 1.606971e+00
    endloop
  endfacet
  facet normal -1.000000e+00 0.000000e+00 -0.000000e+00
    outer loop
      vertex   5.420000e+01 3.645000e+01 1.455000e+01
      vertex   5.420000e+01 3.955000e+01 1.455000e+01
      vertex   5.420000e+01 3.645000e+01 0.000000e+00
    endloop
  endfacet
  facet normal -1.000000e+00 0.000000e+00 0.000000e+00
    outer loop
      vertex   5.420000e+01 3.645000e+01 0.000000e+00
      vertex   5.420000e+01 3.955000e+01 1.455000e+01
      vertex   5.420000e+01 3.955000e+01 0.000000e+00
    endloop
  endfacet
  facet normal -1.000000e+00 0.000000e+00 0.000000e+00
    outer loop
      vertex   5.410000e+01 3.645000e+01 2.500000e+00
      vertex   5.410000e+01 2.200000e+01 8.034000e+00
      vertex   5.410000e+01 3.645000e+01 9.000000e+00
    endloop
  endfacet
  facet normal -1.000000e+00 0.000000e+00 0.000000e+00
    outer loop
      vertex   5.410000e+01 3.645000e+01 9.000000e+00
      vertex   5.410000e+01 2.200000e+01 8.034000e+00
      vertex   5.410000e+01 1.750000e+01 8.034000e+00
    endloop
  endfacet
  facet normal -1.000000e+00 -0.000000e+00 0.000000e+00
    outer loop
      vertex   5.410000e+01 3.645000e+01 9.000000e+00
      vertex   5.410000e+01 1.750000e+01 8.034000e+00
      vertex   5.410000e+01 0.000000e+00 9.000000e+00
    endloop
  endfacet
  facet normal -1.000000e+00 0.000000e+00 0.000000e+00
    outer loop
      vertex   5.410000e+01 0.000000e+00 9.000000e+00
      vertex   5.410000e+01 1.750000e+01 8.034000e+00
      vertex   5.410000e+01 0.000000e+00 2.500000e+00
    endloop
  endfacet
  facet normal -1.000000e+00 0.000000e+00 0.000000e+00
    outer loop
      vertex   5.410000e+01 0.000000e+00 2.500000e+00
      vertex   5.410000e+01 1.750000e+01 8.034000e+00
      vertex   5.410000e+01 1.750000e+01 2.500000e+00
    endloop
  endfacet
  facet normal -1.000000e+00 0.000000e+00 0.000000e+00
    outer loop
      vertex   5.410000e+01 3.645000e+01 2.500000e+00
      vertex   5.410000e+01 2.200000e+01 2.500000e+00
      vertex   5.410000e+01 2.200000e+01 8.034000e+00
    endloop
  endfacet
  facet normal -9.914449e-01 0.000000e+00 1.305262e-01
    outer loop
      vertex   5.410000e+01 2.200000e+01 2.500000e+00
      vertex   5.410000e+01 3.645000e+01 2.500000e+00
      vertex   5.406593e+01 3.150000e+01 2.241181e+00
    endloop
  endfacet
  facet normal -9.939112e-01 1.080870e-03 1.101789e-01
    outer loop
      vertex   5.406593e+01 3.150000e+01 2.241181e+00
      vertex   5.410000e+01 3.645000e+01 2.500000e+00
      vertex   5.407572e+01 3.645000e+01 2.280984e+00
    endloop
  endfacet
  facet normal -9.456495e-01 -7.435015e-04 3.251867e-01
    outer loop
      vertex   5.406593e+01 3.150000e+01 2.241181e+00
      vertex   5.407572e+01 3.645000e+01 2.280984e+00
      vertex   5.400406e+01 3.645000e+01 2.072602e+00
    endloop
  endfacet
  facet normal -9.238785e-01 1.486689e-03 3.826830e-01
    outer loop
      vertex   5.406593e+01 3.150000e+01 2.241181e+00
      vertex   5.400406e+01 3.645000e+01 2.072602e+00
      vertex   5.396603e+01 3.150000e+01 2.000000e+00
    endloop
  endfacet
  facet normal -8.514688e-01 -1.148384e-03 5.244041e-01
    outer loop
      vertex   5.396603e+01 3.150000e+01 2.000000e+00
      vertex   5.400406e+01 3.645000e+01 2.072602e+00
      vertex   5.388851e+01 3.645000e+01 1.884974e+00
    endloop
  endfacet
  facet normal -7.933522e-01 1.721972e-03 6.087605e-01
    outer loop
      vertex   5.396603e+01 3.150000e+01 2.000000e+00
      vertex   5.388851e+01 3.645000e+01 1.884974e+00
      vertex   5.380711e+01 3.150000e+01 1.792893e+00
    endloop
  endfacet
  facet normal -7.159430e-01 -1.213969e-03 6.981577e-01
    outer loop
      vertex   5.380711e+01 3.150000e+01 1.792893e+00
      vertex   5.388851e+01 3.645000e+01 1.884974e+00
      vertex   5.373466e+01 3.645000e+01 1.727210e+00
    endloop
  endfacet
  facet normal -6.087606e-01 1.617831e-03 7.933523e-01
    outer loop
      vertex   5.380711e+01 3.150000e+01 1.792893e+00
      vertex   5.373466e+01 3.645000e+01 1.727210e+00
      vertex   5.360000e+01 3.150000e+01 1.633975e+00
    endloop
  endfacet
  facet normal -5.456530e-01 -9.401457e-04 8.380107e-01
    outer loop
      vertex   5.360000e+01 3.150000e+01 1.633975e+00
      vertex   5.373466e+01 3.645000e+01 1.727210e+00
      vertex   5.355000e+01 3.645000e+01 1.606971e+00
    endloop
  endfacet
  facet normal -3.826832e-01 1.174441e-03 9.238789e-01
    outer loop
      vertex   5.360000e+01 3.150000e+01 1.633975e+00
      vertex   5.355000e+01 3.645000e+01 1.606971e+00
      vertex   5.335882e+01 3.150000e+01 1.534074e+00
    endloop
  endfacet
  facet normal -3.562788e-01 3.951885e-17 9.343797e-01
    outer loop
      vertex   5.335882e+01 3.150000e+01 1.534074e+00
      vertex   5.355000e+01 3.645000e+01 1.606971e+00
      vertex   5.335882e+01 3.675000e+01 1.534074e+00
    endloop
  endfacet
  facet normal -2.146315e-01 4.130855e-17 9.766951e-01
    outer loop
      vertex   5.335882e+01 3.150000e+01 1.534074e+00
      vertex   5.335882e+01 3.675000e+01 1.534074e+00
      vertex   5.327000e+01 4.000000e+01 1.514556e+00
    endloop
  endfacet
  facet normal -2.835490e-01 -1.989977e-03 9.589557e-01
    outer loop
      vertex   5.327000e+01 4.000000e+01 1.514556e+00
      vertex   5.335882e+01 3.675000e+01 1.534074e+00
      vertex   5.349324e+01 4.000000e+01 1.580566e+00
    endloop
  endfacet
  facet normal -3.545144e-01 1.287244e-03 9.350497e-01
    outer loop
      vertex   5.349324e+01 4.000000e+01 1.580566e+00
      vertex   5.335882e+01 3.675000e+01 1.534074e+00
      vertex   5.355000e+01 3.645000e+01 1.606971e+00
    endloop
  endfacet
  facet normal -4.218288e-01 0.000000e+00 9.066755e-01
    outer loop
      vertex   5.349324e+01 4.000000e+01 1.580566e+00
      vertex   5.355000e+01 3.645000e+01 1.606971e+00
      vertex   5.355000e+01 3.955000e+01 1.606971e+00
    endloop
  endfacet
  facet normal -4.975577e-01 -1.185883e-02 8.673498e-01
    outer loop
      vertex   5.349324e+01 4.000000e+01 1.580566e+00
      vertex   5.355000e+01 3.955000e+01 1.606971e+00
      vertex   5.369518e+01 4.000000e+01 1.696405e+00
    endloop
  endfacet
  facet normal -5.456287e-01 9.487859e-03 8.379733e-01
    outer loop
      vertex   5.369518e+01 4.000000e+01 1.696405e+00
      vertex   5.355000e+01 3.955000e+01 1.606971e+00
      vertex   5.373466e+01 3.955000e+01 1.727210e+00
    endloop
  endfacet
  facet normal -6.846333e-01 -1.018180e-02 7.288166e-01
    outer loop
      vertex   5.369518e+01 4.000000e+01 1.696405e+00
      vertex   5.373466e+01 3.955000e+01 1.727210e+00
      vertex   5.386485e+01 4.000000e+01 1.855795e+00
    endloop
  endfacet
  facet normal -7.159227e-01 7.636874e-03 6.981378e-01
    outer loop
      vertex   5.386485e+01 4.000000e+01 1.855795e+00
      vertex   5.373466e+01 3.955000e+01 1.727210e+00
      vertex   5.388851e+01 3.955000e+01 1.884974e+00
    endloop
  endfacet
  facet normal -8.346111e-01 -8.157082e-03 5.507792e-01
    outer loop
      vertex   5.386485e+01 4.000000e+01 1.855795e+00
      vertex   5.388851e+01 3.955000e+01 1.884974e+00
      vertex   5.399308e+01 4.000000e+01 2.050098e+00
    endloop
  endfacet
  facet normal -8.514567e-01 5.438333e-03 5.243967e-01
    outer loop
      vertex   5.399308e+01 4.000000e+01 2.050098e+00
      vertex   5.388851e+01 3.955000e+01 1.884974e+00
      vertex   5.400406e+01 3.955000e+01 2.072602e+00
    endloop
  endfacet
  facet normal -9.393599e-01 -5.784953e-03 3.428842e-01
    outer loop
      vertex   5.399308e+01 4.000000e+01 2.050098e+00
      vertex   5.400406e+01 3.955000e+01 2.072602e+00
      vertex   5.407290e+01 4.000000e+01 2.268784e+00
    endloop
  endfacet
  facet normal -9.456458e-01 2.892570e-03 3.251855e-01
    outer loop
      vertex   5.407290e+01 4.000000e+01 2.268784e+00
      vertex   5.400406e+01 3.955000e+01 2.072602e+00
      vertex   5.407572e+01 3.955000e+01 2.280984e+00
    endloop
  endfacet
  facet normal -9.931978e-01 -3.065775e-03 1.163989e-01
    outer loop
      vertex   5.407290e+01 4.000000e+01 2.268784e+00
      vertex   5.407572e+01 3.955000e+01 2.280984e+00
      vertex   5.410000e+01 4.000000e+01 2.500000e+00
    endloop
  endfacet
  facet normal -9.939118e-01 0.000000e+00 1.101790e-01
    outer loop
      vertex   5.410000e+01 4.000000e+01 2.500000e+00
      vertex   5.407572e+01 3.955000e+01 2.280984e+00
      vertex   5.410000e+01 3.955000e+01 2.500000e+00
    endloop
  endfacet
  facet normal -1.424044e-01 0.000000e+00 9.898086e-01
    outer loop
      vertex   5.327000e+01 4.023000e+01 1.514556e+00
      vertex   5.321470e+01 4.200000e+01 1.506600e+00
      vertex   5.327000e+01 4.000000e+01 1.514556e+00
    endloop
  endfacet
  facet normal -1.198699e-01 6.349652e-04 9.927894e-01
    outer loop
      vertex   5.327000e+01 4.000000e+01 1.514556e+00
      vertex   5.321470e+01 4.200000e+01 1.506600e+00
      vertex   5.335882e+01 2.625000e+01 1.534074e+00
    endloop
  endfacet
  facet normal -2.146315e-01 8.266188e-17 9.766951e-01
    outer loop
      vertex   5.327000e+01 4.000000e+01 1.514556e+00
      vertex   5.335882e+01 2.625000e+01 1.534074e+00
      vertex   5.335882e+01 3.150000e+01 1.534074e+00
    endloop
  endfacet
  facet normal -3.826834e-01 7.814951e-17 9.238795e-01
    outer loop
      vertex   5.335882e+01 3.150000e+01 1.534074e+00
      vertex   5.335882e+01 2.625000e+01 1.534074e+00
      vertex   5.360000e+01 3.150000e+01 1.633975e+00
    endloop
  endfacet
  facet normal -1.703334e-01 -7.765160e-07 9.853865e-01
    outer loop
      vertex   5.327067e+01 4.023000e+01 1.514671e+00
      vertex   5.327200e+01 4.199879e+01 1.514903e+00
      vertex   5.327000e+01 4.023000e+01 1.514556e+00
    endloop
  endfacet
  facet normal -1.717839e-01 9.130699e-07 9.851347e-01
    outer loop
      vertex   5.327000e+01 4.023000e+01 1.514556e+00
      vertex   5.327200e+01 4.199879e+01 1.514903e+00
      vertex   5.327157e+01 4.200000e+01 1.514829e+00
    endloop
  endfacet
  facet normal -1.431944e-01 -2.519481e-05 9.896946e-01
    outer loop
      vertex   5.327000e+01 4.023000e+01 1.514556e+00
      vertex   5.327157e+01 4.200000e+01 1.514829e+00
      vertex   5.321470e+01 4.200000e+01 1.506600e+00
    endloop
  endfacet
  facet normal -1.710001e-01 -2.588387e-07 9.852710e-01
    outer loop
      vertex   5.327067e+01 4.023000e+01 1.514671e+00
      vertex   5.327133e+01 4.023000e+01 1.514787e+00
      vertex   5.327200e+01 4.199879e+01 1.514903e+00
    endloop
  endfacet
  facet normal -1.716667e-01 -3.353888e-15 9.851551e-01
    outer loop
      vertex   5.327200e+01 4.199879e+01 1.514903e+00
      vertex   5.327133e+01 4.023000e+01 1.514787e+00
      vertex   5.327200e+01 4.023000e+01 1.514903e+00
    endloop
  endfacet
  facet normal -1.580325e-01 2.764129e-04 9.874339e-01
    outer loop
      vertex   5.335882e+01 2.625000e+01 1.534074e+00
      vertex   5.321470e+01 4.200000e+01 1.506600e+00
      vertex   5.310000e+01 0.000000e+00 1.500000e+00
    endloop
  endfacet
  facet normal -8.610624e-02 7.859859e-05 9.962860e-01
    outer loop
      vertex   5.310000e+01 0.000000e+00 1.500000e+00
      vertex   5.321470e+01 4.200000e+01 1.506600e+00
      vertex   5.315744e+01 4.200000e+01 1.501651e+00
    endloop
  endfacet
  facet normal -2.873371e-02 0.000000e+00 9.995871e-01
    outer loop
      vertex   5.310000e+01 0.000000e+00 1.500000e+00
      vertex   5.315744e+01 4.200000e+01 1.501651e+00
      vertex   5.310000e+01 4.200000e+01 1.500000e+00
    endloop
  endfacet
  facet normal -1.305262e-01 -2.096619e-16 9.914449e-01
    outer loop
      vertex   5.335882e+01 0.000000e+00 1.534074e+00
      vertex   5.335882e+01 5.250000e+00 1.534074e+00
      vertex   5.310000e+01 0.000000e+00 1.500000e+00
    endloop
  endfacet
  facet normal -1.305262e-01 4.176930e-17 9.914449e-01
    outer loop
      vertex   5.310000e+01 0.000000e+00 1.500000e+00
      vertex   5.335882e+01 5.250000e+00 1.534074e+00
      vertex   5.335882e+01 1.050000e+01 1.534074e+00
    endloop
  endfacet
  facet normal -1.305262e-01 4.303504e-17 9.914449e-01
    outer loop
      vertex   5.310000e+01 0.000000e+00 1.500000e+00
      vertex   5.335882e+01 1.050000e+01 1.534074e+00
      vertex   5.335882e+01 1.575000e+01 1.534074e+00
    endloop
  endfacet
  facet normal -3.826834e-01 3.907476e-17 9.238795e-01
    outer loop
      vertex   5.335882e+01 1.575000e+01 1.534074e+00
      vertex   5.335882e+01 1.050000e+01 1.534074e+00
      vertex   5.360000e+01 1.575000e+01 1.633975e+00
    endloop
  endfacet
  facet normal -3.826834e-01 -2.354270e-16 9.238795e-01
    outer loop
      vertex   5.335882e+01 1.575000e+01 1.534074e+00
      vertex   5.360000e+01 1.575000e+01 1.633975e+00
      vertex   5.360000e+01 1.750000e+01 1.633975e+00
    endloop
  endfacet
  facet normal -6.087614e-01 -2.013255e-16 7.933533e-01
    outer loop
      vertex   5.360000e+01 1.750000e+01 1.633975e+00
      vertex   5.360000e+01 1.575000e+01 1.633975e+00
      vertex   5.380711e+01 1.750000e+01 1.792893e+00
    endloop
  endfacet
  facet normal -6.087614e-01 -1.006628e-16 7.933533e-01
    outer loop
      vertex   5.380711e+01 1.750000e+01 1.792893e+00
      vertex   5.360000e+01 1.575000e+01 1.633975e+00
      vertex   5.380711e+01 1.575000e+01 1.792893e+00
    endloop
  endfacet
  facet normal -7.933533e-01 -7.724125e-17 6.087614e-01
    outer loop
      vertex   5.380711e+01 1.750000e+01 1.792893e+00
      vertex   5.380711e+01 1.575000e+01 1.792893e+00
      vertex   5.396603e+01 1.750000e+01 2.000000e+00
    endloop
  endfacet
  facet normal -7.933533e-01 -5.406888e-16 6.087614e-01
    outer loop
      vertex   5.396603e+01 1.750000e+01 2.000000e+00
      vertex   5.380711e+01 1.575000e+01 1.792893e+00
      vertex   5.396603e+01 1.575000e+01 2.000000e+00
    endloop
  endfacet
  facet normal -9.238795e-01 -3.398912e-16 3.826834e-01
    outer loop
      vertex   5.396603e+01 1.750000e+01 2.000000e+00
      vertex   5.396603e+01 1.575000e+01 2.000000e+00
      vertex   5.406593e+01 1.750000e+01 2.241181e+00
    endloop
  endfacet
  facet normal -9.238795e-01 1.942235e-16 3.826834e-01
    outer loop
      vertex   5.406593e+01 1.750000e+01 2.241181e+00
      vertex   5.396603e+01 1.575000e+01 2.000000e+00
      vertex   5.406593e+01 1.575000e+01 2.241181e+00
    endloop
  endfacet
  facet normal -9.914449e-01 6.624603e-17 1.305262e-01
    outer loop
      vertex   5.406593e+01 1.750000e+01 2.241181e+00
      vertex   5.406593e+01 1.575000e+01 2.241181e+00
      vertex   5.410000e+01 1.750000e+01 2.500000e+00
    endloop
  endfacet
  facet normal -9.914449e-01 0.000000e+00 1.305262e-01
    outer loop
      vertex   5.410000e+01 1.750000e+01 2.500000e+00
      vertex   5.406593e+01 1.575000e+01 2.241181e+00
      vertex   5.406593e+01 1.050000e+01 2.241181e+00
    endloop
  endfacet
  facet normal -9.914449e-01 0.000000e+00 1.305262e-01
    outer loop
      vertex   5.410000e+01 1.750000e+01 2.500000e+00
      vertex   5.406593e+01 1.050000e+01 2.241181e+00
      vertex   5.410000e+01 0.000000e+00 2.500000e+00
    endloop
  endfacet
  facet normal -9.914449e-01 0.000000e+00 1.305262e-01
    outer loop
      vertex   5.410000e+01 0.000000e+00 2.500000e+00
      vertex   5.406593e+01 1.050000e+01 2.241181e+00
      vertex   5.406593e+01 5.250000e+00 2.241181e+00
    endloop
  endfacet
  facet normal -9.914449e-01 -1.139163e-17 1.305262e-01
    outer loop
      vertex   5.410000e+01 0.000000e+00 2.500000e+00
      vertex   5.406593e+01 5.250000e+00 2.241181e+00
      vertex   5.406593e+01 0.000000e+00 2.241181e+00
    endloop
  endfacet
  facet normal -9.238795e-01 -3.237059e-17 3.826834e-01
    outer loop
      vertex   5.406593e+01 0.000000e+00 2.241181e+00
      vertex   5.406593e+01 5.250000e+00 2.241181e+00
      vertex   5.396603e+01 0.000000e+00 2.000000e+00
    endloop
  endfacet
  facet normal -9.238795e-01 -3.237059e-17 3.826834e-01
    outer loop
      vertex   5.396603e+01 0.000000e+00 2.000000e+00
      vertex   5.406593e+01 5.250000e+00 2.241181e+00
      vertex   5.396603e+01 5.250000e+00 2.000000e+00
    endloop
  endfacet
  facet normal -7.933533e-01 -5.149417e-17 6.087614e-01
    outer loop
      vertex   5.396603e+01 0.000000e+00 2.000000e+00
      vertex   5.396603e+01 5.250000e+00 2.000000e+00
      vertex   5.380711e+01 0.000000e+00 1.792893e+00
    endloop
  endfacet
  facet normal -7.933533e-01 1.029883e-16 6.087614e-01
    outer loop
      vertex   5.380711e+01 0.000000e+00 1.792893e+00
      vertex   5.396603e+01 5.250000e+00 2.000000e+00
      vertex   5.380711e+01 5.250000e+00 1.792893e+00
    endloop
  endfacet
  facet normal -6.087614e-01 1.342170e-16 7.933533e-01
    outer loop
      vertex   5.380711e+01 0.000000e+00 1.792893e+00
      vertex   5.380711e+01 5.250000e+00 1.792893e+00
      vertex   5.360000e+01 0.000000e+00 1.633975e+00
    endloop
  endfacet
  facet normal -6.087614e-01 6.710851e-17 7.933533e-01
    outer loop
      vertex   5.360000e+01 0.000000e+00 1.633975e+00
      vertex   5.380711e+01 5.250000e+00 1.792893e+00
      vertex   5.360000e+01 5.250000e+00 1.633975e+00
    endloop
  endfacet
  facet normal -3.826834e-01 7.814951e-17 9.238795e-01
    outer loop
      vertex   5.360000e+01 0.000000e+00 1.633975e+00
      vertex   5.360000e+01 5.250000e+00 1.633975e+00
      vertex   5.335882e+01 0.000000e+00 1.534074e+00
    endloop
  endfacet
  facet normal -3.826834e-01 -1.953738e-16 9.238795e-01
    outer loop
      vertex   5.335882e+01 0.000000e+00 1.534074e+00
      vertex   5.360000e+01 5.250000e+00 1.633975e+00
      vertex   5.335882e+01 5.250000e+00 1.534074e+00
    endloop
  endfacet
  facet normal -3.826834e-01 0.000000e+00 9.238795e-01
    outer loop
      vertex   5.335882e+01 1.575000e+01 1.534074e+00
      vertex   5.360000e+01 1.750000e+01 1.633975e+00
      vertex   5.335882e+01 2.100000e+01 1.534074e+00
    endloop
  endfacet
  facet normal -3.826834e-01 0.000000e+00 9.238795e-01
    outer loop
      vertex   5.335882e+01 2.100000e+01 1.534074e+00
      vertex   5.360000e+01 1.750000e+01 1.633975e+00
      vertex   5.360000e+01 2.200000e+01 1.633975e+00
    endloop
  endfacet
  facet normal -3.826834e-01 0.000000e+00 9.238795e-01
    outer loop
      vertex   5.335882e+01 2.100000e+01 1.534074e+00
      vertex   5.360000e+01 2.200000e+01 1.633975e+00
      vertex   5.335882e+01 2.625000e+01 1.534074e+00
    endloop
  endfacet
  facet normal -3.826834e-01 9.694052e-17 9.238795e-01
    outer loop
      vertex   5.335882e+01 2.625000e+01 1.534074e+00
      vertex   5.360000e+01 2.200000e+01 1.633975e+00
      vertex   5.360000e+01 2.625000e+01 1.633975e+00
    endloop
  endfacet
  facet normal -3.826834e-01 -7.847566e-17 9.238795e-01
    outer loop
      vertex   5.335882e+01 2.625000e+01 1.534074e+00
      vertex   5.360000e+01 2.625000e+01 1.633975e+00
      vertex   5.360000e+01 3.150000e+01 1.633975e+00
    endloop
  endfacet
  facet normal -6.087614e-01 -6.710851e-17 7.933533e-01
    outer loop
      vertex   5.360000e+01 3.150000e+01 1.633975e+00
      vertex   5.360000e+01 2.625000e+01 1.633975e+00
      vertex   5.380711e+01 3.150000e+01 1.792893e+00
    endloop
  endfacet
  facet normal -6.087614e-01 8.289874e-17 7.933533e-01
    outer loop
      vertex   5.360000e+01 2.625000e+01 1.633975e+00
      vertex   5.360000e+01 2.200000e+01 1.633975e+00
      vertex   5.380711e+01 2.625000e+01 1.792893e+00
    endloop
  endfacet
  facet normal -6.087614e-01 1.243481e-16 7.933533e-01
    outer loop
      vertex   5.380711e+01 2.625000e+01 1.792893e+00
      vertex   5.360000e+01 2.200000e+01 1.633975e+00
      vertex   5.380711e+01 2.200000e+01 1.792893e+00
    endloop
  endfacet
  facet normal -7.933533e-01 9.541566e-17 6.087614e-01
    outer loop
      vertex   5.380711e+01 2.625000e+01 1.792893e+00
      vertex   5.380711e+01 2.200000e+01 1.792893e+00
      vertex   5.396603e+01 2.625000e+01 2.000000e+00
    endloop
  endfacet
  facet normal -7.933533e-01 -1.272209e-16 6.087614e-01
    outer loop
      vertex   5.396603e+01 2.625000e+01 2.000000e+00
      vertex   5.380711e+01 2.200000e+01 1.792893e+00
      vertex   5.396603e+01 2.200000e+01 2.000000e+00
    endloop
  endfacet
  facet normal -9.238795e-01 -7.997439e-17 3.826834e-01
    outer loop
      vertex   5.396603e+01 2.625000e+01 2.000000e+00
      vertex   5.396603e+01 2.200000e+01 2.000000e+00
      vertex   5.406593e+01 2.625000e+01 2.241181e+00
    endloop
  endfacet
  facet normal -9.238795e-01 -3.998720e-17 3.826834e-01
    outer loop
      vertex   5.406593e+01 2.625000e+01 2.241181e+00
      vertex   5.396603e+01 2.200000e+01 2.000000e+00
      vertex   5.406593e+01 2.200000e+01 2.241181e+00
    endloop
  endfacet
  facet normal -9.914449e-01 -1.363889e-17 1.305262e-01
    outer loop
      vertex   5.406593e+01 2.625000e+01 2.241181e+00
      vertex   5.406593e+01 2.200000e+01 2.241181e+00
      vertex   5.410000e+01 2.200000e+01 2.500000e+00
    endloop
  endfacet
  facet normal -9.914449e-01 1.104100e-17 1.305262e-01
    outer loop
      vertex   5.406593e+01 2.625000e+01 2.241181e+00
      vertex   5.410000e+01 2.200000e+01 2.500000e+00
      vertex   5.406593e+01 3.150000e+01 2.241181e+00
    endloop
  endfacet
  facet normal -9.238795e-01 3.290915e-17 3.826834e-01
    outer loop
      vertex   5.396603e+01 2.625000e+01 2.000000e+00
      vertex   5.406593e+01 2.625000e+01 2.241181e+00
      vertex   5.406593e+01 3.150000e+01 2.241181e+00
    endloop
  endfacet
  facet normal -7.933533e-01 5.062946e-17 6.087614e-01
    outer loop
      vertex   5.380711e+01 2.625000e+01 1.792893e+00
      vertex   5.396603e+01 2.625000e+01 2.000000e+00
      vertex   5.396603e+01 3.150000e+01 2.000000e+00
    endloop
  endfacet
  facet normal -9.238795e-01 3.237059e-17 3.826834e-01
    outer loop
      vertex   5.396603e+01 3.150000e+01 2.000000e+00
      vertex   5.396603e+01 2.625000e+01 2.000000e+00
      vertex   5.406593e+01 3.150000e+01 2.241181e+00
    endloop
  endfacet
  facet normal -6.087614e-01 -9.619597e-17 7.933533e-01
    outer loop
      vertex   5.360000e+01 2.625000e+01 1.633975e+00
      vertex   5.380711e+01 2.625000e+01 1.792893e+00
      vertex   5.380711e+01 3.150000e+01 1.792893e+00
    endloop
  endfacet
  facet normal -7.933533e-01 -7.724125e-17 6.087614e-01
    outer loop
      vertex   5.380711e+01 3.150000e+01 1.792893e+00
      vertex   5.380711e+01 2.625000e+01 1.792893e+00
      vertex   5.396603e+01 3.150000e+01 2.000000e+00
    endloop
  endfacet
  facet normal -1.305262e-01 0.000000e+00 9.914449e-01
    outer loop
      vertex   5.310000e+01 0.000000e+00 1.500000e+00
      vertex   5.335882e+01 1.575000e+01 1.534074e+00
      vertex   5.335882e+01 2.100000e+01 1.534074e+00
    endloop
  endfacet
  facet normal -1.305262e-01 0.000000e+00 9.914449e-01
    outer loop
      vertex   5.335882e+01 2.100000e+01 1.534074e+00
      vertex   5.335882e+01 2.625000e+01 1.534074e+00
      vertex   5.310000e+01 0.000000e+00 1.500000e+00
    endloop
  endfacet
  facet normal -3.826834e-01 3.907476e-17 9.238795e-01
    outer loop
      vertex   5.335882e+01 1.050000e+01 1.534074e+00
      vertex   5.335882e+01 5.250000e+00 1.534074e+00
      vertex   5.360000e+01 1.050000e+01 1.633975e+00
    endloop
  endfacet
  facet normal -3.826834e-01 0.000000e+00 9.238795e-01
    outer loop
      vertex   5.360000e+01 1.050000e+01 1.633975e+00
      vertex   5.335882e+01 5.250000e+00 1.534074e+00
      vertex   5.360000e+01 5.250000e+00 1.633975e+00
    endloop
  endfacet
  facet normal -6.087614e-01 0.000000e+00 7.933533e-01
    outer loop
      vertex   5.360000e+01 1.050000e+01 1.633975e+00
      vertex   5.360000e+01 5.250000e+00 1.633975e+00
      vertex   5.380711e+01 1.050000e+01 1.792893e+00
    endloop
  endfacet
  facet normal -6.087614e-01 3.355425e-17 7.933533e-01
    outer loop
      vertex   5.380711e+01 1.050000e+01 1.792893e+00
      vertex   5.360000e+01 5.250000e+00 1.633975e+00
      vertex   5.380711e+01 5.250000e+00 1.792893e+00
    endloop
  endfacet
  facet normal -7.933533e-01 2.574708e-17 6.087614e-01
    outer loop
      vertex   5.380711e+01 1.050000e+01 1.792893e+00
      vertex   5.380711e+01 5.250000e+00 1.792893e+00
      vertex   5.396603e+01 1.050000e+01 2.000000e+00
    endloop
  endfacet
  facet normal -7.933533e-01 -9.192536e-16 6.087614e-01
    outer loop
      vertex   5.396603e+01 1.050000e+01 2.000000e+00
      vertex   5.380711e+01 5.250000e+00 1.792893e+00
      vertex   5.396603e+01 5.250000e+00 2.000000e+00
    endloop
  endfacet
  facet normal -9.238795e-01 -1.153280e-15 3.826834e-01
    outer loop
      vertex   5.396603e+01 1.050000e+01 2.000000e+00
      vertex   5.396603e+01 5.250000e+00 2.000000e+00
      vertex   5.406593e+01 1.050000e+01 2.241181e+00
    endloop
  endfacet
  facet normal -9.238795e-01 0.000000e+00 3.826834e-01
    outer loop
      vertex   5.406593e+01 1.050000e+01 2.241181e+00
      vertex   5.396603e+01 5.250000e+00 2.000000e+00
      vertex   5.406593e+01 5.250000e+00 2.241181e+00
    endloop
  endfacet
  facet normal -6.087614e-01 0.000000e+00 7.933533e-01
    outer loop
      vertex   5.380711e+01 1.575000e+01 1.792893e+00
      vertex   5.360000e+01 1.575000e+01 1.633975e+00
      vertex   5.360000e+01 1.050000e+01 1.633975e+00
    endloop
  endfacet
  facet normal -3.826834e-01 0.000000e+00 9.238795e-01
    outer loop
      vertex   5.360000e+01 1.050000e+01 1.633975e+00
      vertex   5.360000e+01 1.575000e+01 1.633975e+00
      vertex   5.335882e+01 1.050000e+01 1.534074e+00
    endloop
  endfacet
  facet normal -6.087614e-01 0.000000e+00 7.933533e-01
    outer loop
      vertex   5.380711e+01 1.575000e+01 1.792893e+00
      vertex   5.360000e+01 1.050000e+01 1.633975e+00
      vertex   5.380711e+01 1.050000e+01 1.792893e+00
    endloop
  endfacet
  facet normal -7.933533e-01 0.000000e+00 6.087614e-01
    outer loop
      vertex   5.396603e+01 1.575000e+01 2.000000e+00
      vertex   5.380711e+01 1.575000e+01 1.792893e+00
      vertex   5.380711e+01 1.050000e+01 1.792893e+00
    endloop
  endfacet
  facet normal -7.933533e-01 1.544825e-16 6.087614e-01
    outer loop
      vertex   5.396603e+01 1.575000e+01 2.000000e+00
      vertex   5.380711e+01 1.050000e+01 1.792893e+00
      vertex   5.396603e+01 1.050000e+01 2.000000e+00
    endloop
  endfacet
  facet normal -9.238795e-01 9.872744e-17 3.826834e-01
    outer loop
      vertex   5.406593e+01 1.575000e+01 2.241181e+00
      vertex   5.396603e+01 1.575000e+01 2.000000e+00
      vertex   5.396603e+01 1.050000e+01 2.000000e+00
    endloop
  endfacet
  facet normal -9.238795e-01 0.000000e+00 3.826834e-01
    outer loop
      vertex   5.406593e+01 1.575000e+01 2.241181e+00
      vertex   5.396603e+01 1.050000e+01 2.000000e+00
      vertex   5.406593e+01 1.050000e+01 2.241181e+00
    endloop
  endfacet
  facet normal 1.000000e+00 -2.869194e-11 -7.588104e-15
    outer loop
      vertex   2.828000e+00 4.199879e+01 9.985097e+00
      vertex   2.828000e+00 4.200000e+01 9.985097e+00
      vertex   2.828000e+00 4.199879e+01 1.455000e+01
    endloop
  endfacet
  facet normal 1.000000e+00 -0.000000e+00 0.000000e+00
    outer loop
      vertex   2.828000e+00 4.199879e+01 1.455000e+01
      vertex   2.828000e+00 4.200000e+01 9.985097e+00
      vertex   2.828000e+00 4.200000e+01 1.455000e+01
    endloop
  endfacet
  facet normal 1.000000e+00 -2.869194e-11 2.979854e-14
    outer loop
      vertex   2.828000e+00 4.200000e+01 1.514903e+00
      vertex   2.828000e+00 4.199879e+01 1.514903e+00
      vertex   2.828000e+00 4.200000e+01 1.500000e+00
    endloop
  endfacet
  facet normal 1.000000e+00 0.000000e+00 2.354085e-12
    outer loop
      vertex   2.828000e+00 4.200000e+01 1.500000e+00
      vertex   2.828000e+00 4.199879e+01 1.514903e+00
      vertex   2.828000e+00 4.199879e+01 1.500000e+00
    endloop
  endfacet
  facet normal 2.156227e-01 3.691160e-12 9.764768e-01
    outer loop
      vertex   2.828000e+00 4.200000e+01 1.514903e+00
      vertex   2.741181e+00 3.675000e+01 1.534074e+00
      vertex   2.828000e+00 4.199879e+01 1.514903e+00
    endloop
  endfacet
  facet normal 1.433832e-01 1.243072e-03 9.896665e-01
    outer loop
      vertex   2.828000e+00 4.199879e+01 1.514903e+00
      vertex   2.741181e+00 3.675000e+01 1.534074e+00
      vertex   2.885302e+00 4.200000e+01 1.506600e+00
    endloop
  endfacet
  facet normal 1.431867e-01 1.039646e-02 9.896411e-01
    outer loop
      vertex   2.828000e+00 4.199879e+01 1.514903e+00
      vertex   2.885302e+00 4.200000e+01 1.506600e+00
      vertex   2.828427e+00 4.200000e+01 1.514829e+00
    endloop
  endfacet
  facet normal 2.853332e-01 -1.218709e-03 9.584276e-01
    outer loop
      vertex   2.828000e+00 4.200000e+01 1.514903e+00
      vertex   2.605201e+00 4.200000e+01 1.581232e+00
      vertex   2.741181e+00 3.675000e+01 1.534074e+00
    endloop
  endfacet
  facet normal 3.826829e-01 1.613080e-03 9.238783e-01
    outer loop
      vertex   2.741181e+00 3.675000e+01 1.534074e+00
      vertex   2.605201e+00 4.200000e+01 1.581232e+00
      vertex   2.500000e+00 3.675000e+01 1.633975e+00
    endloop
  endfacet
  facet normal 3.826834e-01 0.000000e+00 9.238795e-01
    outer loop
      vertex   2.741181e+00 3.675000e+01 1.534074e+00
      vertex   2.500000e+00 3.675000e+01 1.633975e+00
      vertex   2.500000e+00 3.150000e+01 1.633975e+00
    endloop
  endfacet
  facet normal 6.087614e-01 -0.000000e+00 7.933533e-01
    outer loop
      vertex   2.500000e+00 3.150000e+01 1.633975e+00
      vertex   2.500000e+00 3.675000e+01 1.633975e+00
      vertex   2.292893e+00 3.150000e+01 1.792893e+00
    endloop
  endfacet
  facet normal 6.087614e-01 0.000000e+00 7.933533e-01
    outer loop
      vertex   2.500000e+00 3.150000e+01 1.633975e+00
      vertex   2.292893e+00 3.150000e+01 1.792893e+00
      vertex   2.292893e+00 2.625000e+01 1.792893e+00
    endloop
  endfacet
  facet normal 7.933533e-01 -0.000000e+00 6.087614e-01
    outer loop
      vertex   2.292893e+00 2.625000e+01 1.792893e+00
      vertex   2.292893e+00 3.150000e+01 1.792893e+00
      vertex   2.133975e+00 2.625000e+01 2.000000e+00
    endloop
  endfacet
  facet normal 7.933533e-01 -6.254227e-17 6.087614e-01
    outer loop
      vertex   2.292893e+00 2.625000e+01 1.792893e+00
      vertex   2.133975e+00 2.625000e+01 2.000000e+00
      vertex   2.133975e+00 2.200000e+01 2.000000e+00
    endloop
  endfacet
  facet normal 9.238795e-01 -3.998720e-17 3.826834e-01
    outer loop
      vertex   2.133975e+00 2.200000e+01 2.000000e+00
      vertex   2.133975e+00 2.625000e+01 2.000000e+00
      vertex   2.034074e+00 2.200000e+01 2.241181e+00
    endloop
  endfacet
  facet normal 9.238795e-01 -0.000000e+00 3.826834e-01
    outer loop
      vertex   2.034074e+00 2.200000e+01 2.241181e+00
      vertex   2.133975e+00 2.625000e+01 2.000000e+00
      vertex   2.034074e+00 2.625000e+01 2.241181e+00
    endloop
  endfacet
  facet normal 9.914449e-01 -0.000000e+00 1.305262e-01
    outer loop
      vertex   2.034074e+00 2.200000e+01 2.241181e+00
      vertex   2.034074e+00 2.625000e+01 2.241181e+00
      vertex   2.000000e+00 2.200000e+01 2.500000e+00
    endloop
  endfacet
  facet normal 9.914449e-01 0.000000e+00 1.305262e-01
    outer loop
      vertex   2.000000e+00 2.200000e+01 2.500000e+00
      vertex   2.034074e+00 2.625000e+01 2.241181e+00
      vertex   2.034074e+00 3.150000e+01 2.241181e+00
    endloop
  endfacet
  facet normal 9.914449e-01 0.000000e+00 1.305262e-01
    outer loop
      vertex   2.000000e+00 2.200000e+01 2.500000e+00
      vertex   2.034074e+00 3.150000e+01 2.241181e+00
      vertex   2.034074e+00 3.675000e+01 2.241181e+00
    endloop
  endfacet
  facet normal 9.238795e-01 0.000000e+00 3.826834e-01
    outer loop
      vertex   2.034074e+00 3.675000e+01 2.241181e+00
      vertex   2.034074e+00 3.150000e+01 2.241181e+00
      vertex   2.133975e+00 3.675000e+01 2.000000e+00
    endloop
  endfacet
  facet normal 9.238790e-01 1.118356e-03 3.826832e-01
    outer loop
      vertex   2.034074e+00 3.675000e+01 2.241181e+00
      vertex   2.133975e+00 3.675000e+01 2.000000e+00
      vertex   2.106618e+00 4.200000e+01 2.050702e+00
    endloop
  endfacet
  facet normal 8.351041e-01 -9.609930e-04 5.500911e-01
    outer loop
      vertex   2.106618e+00 4.200000e+01 2.050702e+00
      vertex   2.133975e+00 3.675000e+01 2.000000e+00
      vertex   2.234494e+00 4.200000e+01 1.856572e+00
    endloop
  endfacet
  facet normal 7.933525e-01 1.441239e-03 6.087608e-01
    outer loop
      vertex   2.234494e+00 4.200000e+01 1.856572e+00
      vertex   2.133975e+00 3.675000e+01 2.000000e+00
      vertex   2.292893e+00 3.675000e+01 1.792893e+00
    endloop
  endfacet
  facet normal 6.855308e-01 -1.204937e-03 7.280426e-01
    outer loop
      vertex   2.234494e+00 4.200000e+01 1.856572e+00
      vertex   2.292893e+00 3.675000e+01 1.792893e+00
      vertex   2.403737e+00 4.200000e+01 1.697211e+00
    endloop
  endfacet
  facet normal 6.087606e-01 1.606193e-03 7.933523e-01
    outer loop
      vertex   2.403737e+00 4.200000e+01 1.697211e+00
      vertex   2.292893e+00 3.675000e+01 1.792893e+00
      vertex   2.500000e+00 3.675000e+01 1.633975e+00
    endloop
  endfacet
  facet normal 4.989123e-01 -1.290866e-03 8.666515e-01
    outer loop
      vertex   2.403737e+00 4.200000e+01 1.697211e+00
      vertex   2.500000e+00 3.675000e+01 1.633975e+00
      vertex   2.605201e+00 4.200000e+01 1.581232e+00
    endloop
  endfacet
  facet normal 9.395493e-01 -5.592363e-04 3.424132e-01
    outer loop
      vertex   2.106618e+00 4.200000e+01 2.050702e+00
      vertex   2.027019e+00 4.200000e+01 2.269113e+00
      vertex   2.034074e+00 3.675000e+01 2.241181e+00
    endloop
  endfacet
  facet normal 9.874736e-01 4.874564e-04 1.577833e-01
    outer loop
      vertex   2.034074e+00 3.675000e+01 2.241181e+00
      vertex   2.027019e+00 4.200000e+01 2.269113e+00
      vertex   2.000000e+00 2.200000e+01 2.500000e+00
    endloop
  endfacet
  facet normal 9.932222e-01 0.000000e+00 1.162314e-01
    outer loop
      vertex   2.027019e+00 4.200000e+01 2.269113e+00
      vertex   2.000000e+00 4.200000e+01 2.500000e+00
      vertex   2.000000e+00 2.200000e+01 2.500000e+00
    endloop
  endfacet
  facet normal 7.933533e-01 0.000000e+00 6.087614e-01
    outer loop
      vertex   2.133975e+00 2.200000e+01 2.000000e+00
      vertex   2.292893e+00 2.200000e+01 1.792893e+00
      vertex   2.292893e+00 2.625000e+01 1.792893e+00
    endloop
  endfacet
  facet normal 6.087614e-01 0.000000e+00 7.933533e-01
    outer loop
      vertex   2.292893e+00 2.625000e+01 1.792893e+00
      vertex   2.292893e+00 2.200000e+01 1.792893e+00
      vertex   2.500000e+00 2.625000e+01 1.633975e+00
    endloop
  endfacet
  facet normal 6.087614e-01 0.000000e+00 7.933533e-01
    outer loop
      vertex   2.292893e+00 2.625000e+01 1.792893e+00
      vertex   2.500000e+00 2.625000e+01 1.633975e+00
      vertex   2.500000e+00 3.150000e+01 1.633975e+00
    endloop
  endfacet
  facet normal 3.826834e-01 0.000000e+00 9.238795e-01
    outer loop
      vertex   2.500000e+00 3.150000e+01 1.633975e+00
      vertex   2.500000e+00 2.625000e+01 1.633975e+00
      vertex   2.741181e+00 3.150000e+01 1.534074e+00
    endloop
  endfacet
  facet normal 3.826834e-01 0.000000e+00 9.238795e-01
    outer loop
      vertex   2.500000e+00 3.150000e+01 1.633975e+00
      vertex   2.741181e+00 3.150000e+01 1.534074e+00
      vertex   2.741181e+00 3.675000e+01 1.534074e+00
    endloop
  endfacet
  facet normal 1.872629e-01 0.000000e+00 9.823098e-01
    outer loop
      vertex   2.741181e+00 3.675000e+01 1.534074e+00
      vertex   2.741181e+00 3.150000e+01 1.534074e+00
      vertex   2.885302e+00 4.200000e+01 1.506600e+00
    endloop
  endfacet
  facet normal 6.087614e-01 0.000000e+00 7.933533e-01
    outer loop
      vertex   2.292893e+00 2.200000e+01 1.792893e+00
      vertex   2.500000e+00 2.200000e+01 1.633975e+00
      vertex   2.500000e+00 2.625000e+01 1.633975e+00
    endloop
  endfacet
  facet normal 3.826834e-01 0.000000e+00 9.238795e-01
    outer loop
      vertex   2.500000e+00 2.625000e+01 1.633975e+00
      vertex   2.500000e+00 2.200000e+01 1.633975e+00
      vertex   2.741181e+00 2.625000e+01 1.534074e+00
    endloop
  endfacet
  facet normal 3.826834e-01 0.000000e+00 9.238795e-01
    outer loop
      vertex   2.500000e+00 2.625000e+01 1.633975e+00
      vertex   2.741181e+00 2.625000e+01 1.534074e+00
      vertex   2.741181e+00 3.150000e+01 1.534074e+00
    endloop
  endfacet
  facet normal 1.872629e-01 0.000000e+00 9.823098e-01
    outer loop
      vertex   2.741181e+00 3.150000e+01 1.534074e+00
      vertex   2.741181e+00 2.625000e+01 1.534074e+00
      vertex   2.885302e+00 4.200000e+01 1.506600e+00
    endloop
  endfacet
  facet normal 3.826834e-01 0.000000e+00 9.238795e-01
    outer loop
      vertex   2.741181e+00 2.625000e+01 1.534074e+00
      vertex   2.500000e+00 2.200000e+01 1.633975e+00
      vertex   2.741181e+00 2.100000e+01 1.534074e+00
    endloop
  endfacet
  facet normal 3.826834e-01 0.000000e+00 9.238795e-01
    outer loop
      vertex   2.741181e+00 2.100000e+01 1.534074e+00
      vertex   2.500000e+00 2.200000e+01 1.633975e+00
      vertex   2.500000e+00 1.750000e+01 1.633975e+00
    endloop
  endfacet
  facet normal 3.826834e-01 0.000000e+00 9.238795e-01
    outer loop
      vertex   2.741181e+00 2.100000e+01 1.534074e+00
      vertex   2.500000e+00 1.750000e+01 1.633975e+00
      vertex   2.741181e+00 1.575000e+01 1.534074e+00
    endloop
  endfacet
  facet normal 3.826834e-01 0.000000e+00 9.238795e-01
    outer loop
      vertex   2.741181e+00 1.575000e+01 1.534074e+00
      vertex   2.500000e+00 1.750000e+01 1.633975e+00
      vertex   2.500000e+00 1.575000e+01 1.633975e+00
    endloop
  endfacet
  facet normal 3.826834e-01 0.000000e+00 9.238795e-01
    outer loop
      vertex   2.741181e+00 1.575000e+01 1.534074e+00
      vertex   2.500000e+00 1.575000e+01 1.633975e+00
      vertex   2.500000e+00 1.050000e+01 1.633975e+00
    endloop
  endfacet
  facet normal 6.087614e-01 -0.000000e+00 7.933533e-01
    outer loop
      vertex   2.500000e+00 1.050000e+01 1.633975e+00
      vertex   2.500000e+00 1.575000e+01 1.633975e+00
      vertex   2.292893e+00 1.050000e+01 1.792893e+00
    endloop
  endfacet
  facet normal 6.087614e-01 0.000000e+00 7.933533e-01
    outer loop
      vertex   2.500000e+00 1.050000e+01 1.633975e+00
      vertex   2.292893e+00 1.050000e+01 1.792893e+00
      vertex   2.292893e+00 5.250000e+00 1.792893e+00
    endloop
  endfacet
  facet normal 7.933533e-01 -0.000000e+00 6.087614e-01
    outer loop
      vertex   2.292893e+00 5.250000e+00 1.792893e+00
      vertex   2.292893e+00 1.050000e+01 1.792893e+00
      vertex   2.133975e+00 5.250000e+00 2.000000e+00
    endloop
  endfacet
  facet normal 7.933533e-01 -5.062946e-17 6.087614e-01
    outer loop
      vertex   2.292893e+00 5.250000e+00 1.792893e+00
      vertex   2.133975e+00 5.250000e+00 2.000000e+00
      vertex   2.133975e+00 0.000000e+00 2.000000e+00
    endloop
  endfacet
  facet normal 9.238795e-01 -3.237059e-17 3.826834e-01
    outer loop
      vertex   2.133975e+00 0.000000e+00 2.000000e+00
      vertex   2.133975e+00 5.250000e+00 2.000000e+00
      vertex   2.034074e+00 0.000000e+00 2.241181e+00
    endloop
  endfacet
  facet normal 9.238795e-01 -0.000000e+00 3.826834e-01
    outer loop
      vertex   2.034074e+00 0.000000e+00 2.241181e+00
      vertex   2.133975e+00 5.250000e+00 2.000000e+00
      vertex   2.034074e+00 5.250000e+00 2.241181e+00
    endloop
  endfacet
  facet normal 9.914449e-01 -0.000000e+00 1.305262e-01
    outer loop
      vertex   2.034074e+00 0.000000e+00 2.241181e+00
      vertex   2.034074e+00 5.250000e+00 2.241181e+00
      vertex   2.000000e+00 0.000000e+00 2.500000e+00
    endloop
  endfacet
  facet normal 9.914449e-01 0.000000e+00 1.305262e-01
    outer loop
      vertex   2.000000e+00 0.000000e+00 2.500000e+00
      vertex   2.034074e+00 5.250000e+00 2.241181e+00
      vertex   2.034074e+00 1.050000e+01 2.241181e+00
    endloop
  endfacet
  facet normal 9.914449e-01 -0.000000e+00 1.305262e-01
    outer loop
      vertex   2.000000e+00 0.000000e+00 2.500000e+00
      vertex   2.034074e+00 1.050000e+01 2.241181e+00
      vertex   2.000000e+00 1.750000e+01 2.500000e+00
    endloop
  endfacet
  facet normal 9.914449e-01 0.000000e+00 1.305262e-01
    outer loop
      vertex   2.000000e+00 1.750000e+01 2.500000e+00
      vertex   2.034074e+00 1.050000e+01 2.241181e+00
      vertex   2.034074e+00 1.575000e+01 2.241181e+00
    endloop
  endfacet
  facet normal 9.914449e-01 0.000000e+00 1.305262e-01
    outer loop
      vertex   2.000000e+00 1.750000e+01 2.500000e+00
      vertex   2.034074e+00 1.575000e+01 2.241181e+00
      vertex   2.034074e+00 1.750000e+01 2.241181e+00
    endloop
  endfacet
  facet normal 9.238795e-01 0.000000e+00 3.826834e-01
    outer loop
      vertex   2.034074e+00 1.750000e+01 2.241181e+00
      vertex   2.034074e+00 1.575000e+01 2.241181e+00
      vertex   2.133975e+00 1.750000e+01 2.000000e+00
    endloop
  endfacet
  facet normal 9.238795e-01 0.000000e+00 3.826834e-01
    outer loop
      vertex   2.133975e+00 1.750000e+01 2.000000e+00
      vertex   2.034074e+00 1.575000e+01 2.241181e+00
      vertex   2.133975e+00 1.575000e+01 2.000000e+00
    endloop
  endfacet
  facet normal 7.933533e-01 0.000000e+00 6.087614e-01
    outer loop
      vertex   2.133975e+00 1.750000e+01 2.000000e+00
      vertex   2.133975e+00 1.575000e+01 2.000000e+00
      vertex   2.292893e+00 1.750000e+01 1.792893e+00
    endloop
  endfacet
  facet normal 7.933533e-01 -2.013255e-16 6.087614e-01
    outer loop
      vertex   2.292893e+00 1.750000e+01 1.792893e+00
      vertex   2.133975e+00 1.575000e+01 2.000000e+00
      vertex   2.292893e+00 1.575000e+01 1.792893e+00
    endloop
  endfacet
  facet normal 6.087614e-01 -1.544825e-16 7.933533e-01
    outer loop
      vertex   2.292893e+00 1.750000e+01 1.792893e+00
      vertex   2.292893e+00 1.575000e+01 1.792893e+00
      vertex   2.500000e+00 1.750000e+01 1.633975e+00
    endloop
  endfacet
  facet normal 6.087614e-01 0.000000e+00 7.933533e-01
    outer loop
      vertex   2.500000e+00 1.750000e+01 1.633975e+00
      vertex   2.292893e+00 1.575000e+01 1.792893e+00
      vertex   2.500000e+00 1.575000e+01 1.633975e+00
    endloop
  endfacet
  facet normal 7.933533e-01 0.000000e+00 6.087614e-01
    outer loop
      vertex   2.133975e+00 0.000000e+00 2.000000e+00
      vertex   2.292893e+00 0.000000e+00 1.792893e+00
      vertex   2.292893e+00 5.250000e+00 1.792893e+00
    endloop
  endfacet
  facet normal 6.087614e-01 0.000000e+00 7.933533e-01
    outer loop
      vertex   2.292893e+00 5.250000e+00 1.792893e+00
      vertex   2.292893e+00 0.000000e+00 1.792893e+00
      vertex   2.500000e+00 5.250000e+00 1.633975e+00
    endloop
  endfacet
  facet normal 6.087614e-01 0.000000e+00 7.933533e-01
    outer loop
      vertex   2.292893e+00 5.250000e+00 1.792893e+00
      vertex   2.500000e+00 5.250000e+00 1.633975e+00
      vertex   2.500000e+00 1.050000e+01 1.633975e+00
    endloop
  endfacet
  facet normal 3.826834e-01 0.000000e+00 9.238795e-01
    outer loop
      vertex   2.500000e+00 1.050000e+01 1.633975e+00
      vertex   2.500000e+00 5.250000e+00 1.633975e+00
      vertex   2.741181e+00 1.050000e+01 1.534074e+00
    endloop
  endfacet
  facet normal 3.826834e-01 0.000000e+00 9.238795e-01
    outer loop
      vertex   2.500000e+00 1.050000e+01 1.633975e+00
      vertex   2.741181e+00 1.050000e+01 1.534074e+00
      vertex   2.741181e+00 1.575000e+01 1.534074e+00
    endloop
  endfacet
  facet normal 1.872629e-01 0.000000e+00 9.823098e-01
    outer loop
      vertex   2.741181e+00 1.575000e+01 1.534074e+00
      vertex   2.741181e+00 1.050000e+01 1.534074e+00
      vertex   2.885302e+00 4.200000e+01 1.506600e+00
    endloop
  endfacet
  facet normal 1.872629e-01 -0.000000e+00 9.823098e-01
    outer loop
      vertex   2.741181e+00 1.575000e+01 1.534074e+00
      vertex   2.885302e+00 4.200000e+01 1.506600e+00
      vertex   2.741181e+00 2.100000e+01 1.534074e+00
    endloop
  endfacet
  facet normal 1.872629e-01 -0.000000e+00 9.823098e-01
    outer loop
      vertex   2.741181e+00 2.100000e+01 1.534074e+00
      vertex   2.885302e+00 4.200000e+01 1.506600e+00
      vertex   2.741181e+00 2.625000e+01 1.534074e+00
    endloop
  endfacet
  facet normal 6.087614e-01 0.000000e+00 7.933533e-01
    outer loop
      vertex   2.292893e+00 0.000000e+00 1.792893e+00
      vertex   2.500000e+00 0.000000e+00 1.633975e+00
      vertex   2.500000e+00 5.250000e+00 1.633975e+00
    endloop
  endfacet
  facet normal 3.826834e-01 0.000000e+00 9.238795e-01
    outer loop
      vertex   2.500000e+00 5.250000e+00 1.633975e+00
      vertex   2.500000e+00 0.000000e+00 1.633975e+00
      vertex   2.741181e+00 5.250000e+00 1.534074e+00
    endloop
  endfacet
  facet normal 3.826834e-01 0.000000e+00 9.238795e-01
    outer loop
      vertex   2.500000e+00 5.250000e+00 1.633975e+00
      vertex   2.741181e+00 5.250000e+00 1.534074e+00
      vertex   2.741181e+00 1.050000e+01 1.534074e+00
    endloop
  endfacet
  facet normal 1.872629e-01 0.000000e+00 9.823098e-01
    outer loop
      vertex   2.741181e+00 1.050000e+01 1.534074e+00
      vertex   2.741181e+00 5.250000e+00 1.534074e+00
      vertex   2.885302e+00 4.200000e+01 1.506600e+00
    endloop
  endfacet
  facet normal 3.826834e-01 0.000000e+00 9.238795e-01
    outer loop
      vertex   2.500000e+00 0.000000e+00 1.633975e+00
      vertex   2.741181e+00 0.000000e+00 1.534074e+00
      vertex   2.741181e+00 5.250000e+00 1.534074e+00
    endloop
  endfacet
  facet normal 1.872629e-01 0.000000e+00 9.823098e-01
    outer loop
      vertex   2.741181e+00 5.250000e+00 1.534074e+00
      vertex   2.741181e+00 0.000000e+00 1.534074e+00
      vertex   2.885302e+00 4.200000e+01 1.506600e+00
    endloop
  endfacet
  facet normal 1.305262e-01 2.006656e-04 9.914448e-01
    outer loop
      vertex   2.741181e+00 0.000000e+00 1.534074e+00
      vertex   3.000000e+00 0.000000e+00 1.500000e+00
      vertex   2.885302e+00 4.200000e+01 1.506600e+00
    endloop
  endfacet
  facet normal 8.610624e-02 7.859859e-05 9.962860e-01
    outer loop
      vertex   2.885302e+00 4.200000e+01 1.506600e+00
      vertex   3.000000e+00 0.000000e+00 1.500000e+00
      vertex   2.942556e+00 4.200000e+01 1.501651e+00
    endloop
  endfacet
  facet normal 2.873371e-02 0.000000e+00 9.995871e-01
    outer loop
      vertex   2.942556e+00 4.200000e+01 1.501651e+00
      vertex   3.000000e+00 0.000000e+00 1.500000e+00
      vertex   3.000000e+00 4.200000e+01 1.500000e+00
    endloop
  endfacet
  facet normal 6.087614e-01 -0.000000e+00 7.933533e-01
    outer loop
      vertex   2.292893e+00 1.050000e+01 1.792893e+00
      vertex   2.500000e+00 1.575000e+01 1.633975e+00
      vertex   2.292893e+00 1.575000e+01 1.792893e+00
    endloop
  endfacet
  facet normal 6.087614e-01 0.000000e+00 7.933533e-01
    outer loop
      vertex   2.500000e+00 3.675000e+01 1.633975e+00
      vertex   2.292893e+00 3.675000e+01 1.792893e+00
      vertex   2.292893e+00 3.150000e+01 1.792893e+00
    endloop
  endfacet
  facet normal 7.933533e-01 -0.000000e+00 6.087614e-01
    outer loop
      vertex   2.292893e+00 3.150000e+01 1.792893e+00
      vertex   2.292893e+00 3.675000e+01 1.792893e+00
      vertex   2.133975e+00 3.150000e+01 2.000000e+00
    endloop
  endfacet
  facet normal 7.933533e-01 5.062946e-17 6.087614e-01
    outer loop
      vertex   2.292893e+00 3.150000e+01 1.792893e+00
      vertex   2.133975e+00 3.150000e+01 2.000000e+00
      vertex   2.133975e+00 2.625000e+01 2.000000e+00
    endloop
  endfacet
  facet normal 9.238795e-01 3.237059e-17 3.826834e-01
    outer loop
      vertex   2.133975e+00 2.625000e+01 2.000000e+00
      vertex   2.133975e+00 3.150000e+01 2.000000e+00
      vertex   2.034074e+00 2.625000e+01 2.241181e+00
    endloop
  endfacet
  facet normal 7.933533e-01 0.000000e+00 6.087614e-01
    outer loop
      vertex   2.292893e+00 3.675000e+01 1.792893e+00
      vertex   2.133975e+00 3.675000e+01 2.000000e+00
      vertex   2.133975e+00 3.150000e+01 2.000000e+00
    endloop
  endfacet
  facet normal 9.238795e-01 -0.000000e+00 3.826834e-01
    outer loop
      vertex   2.133975e+00 3.150000e+01 2.000000e+00
      vertex   2.133975e+00 3.675000e+01 2.000000e+00
      vertex   2.034074e+00 3.150000e+01 2.241181e+00
    endloop
  endfacet
  facet normal 9.238795e-01 0.000000e+00 3.826834e-01
    outer loop
      vertex   2.133975e+00 3.150000e+01 2.000000e+00
      vertex   2.034074e+00 3.150000e+01 2.241181e+00
      vertex   2.034074e+00 2.625000e+01 2.241181e+00
    endloop
  endfacet
  facet normal 7.933533e-01 -0.000000e+00 6.087614e-01
    outer loop
      vertex   2.292893e+00 1.050000e+01 1.792893e+00
      vertex   2.292893e+00 1.575000e+01 1.792893e+00
      vertex   2.133975e+00 1.050000e+01 2.000000e+00
    endloop
  endfacet
  facet normal 7.933533e-01 5.149417e-17 6.087614e-01
    outer loop
      vertex   2.133975e+00 1.050000e+01 2.000000e+00
      vertex   2.292893e+00 1.575000e+01 1.792893e+00
      vertex   2.133975e+00 1.575000e+01 2.000000e+00
    endloop
  endfacet
  facet normal 9.238795e-01 3.237059e-17 3.826834e-01
    outer loop
      vertex   2.133975e+00 1.050000e+01 2.000000e+00
      vertex   2.133975e+00 1.575000e+01 2.000000e+00
      vertex   2.034074e+00 1.050000e+01 2.241181e+00
    endloop
  endfacet
  facet normal 9.238795e-01 -0.000000e+00 3.826834e-01
    outer loop
      vertex   2.034074e+00 1.050000e+01 2.241181e+00
      vertex   2.133975e+00 1.575000e+01 2.000000e+00
      vertex   2.034074e+00 1.575000e+01 2.241181e+00
    endloop
  endfacet
  facet normal 9.238795e-01 3.037767e-17 3.826834e-01
    outer loop
      vertex   2.034074e+00 5.250000e+00 2.241181e+00
      vertex   2.133975e+00 5.250000e+00 2.000000e+00
      vertex   2.133975e+00 1.050000e+01 2.000000e+00
    endloop
  endfacet
  facet normal 7.933533e-01 5.149417e-17 6.087614e-01
    outer loop
      vertex   2.133975e+00 1.050000e+01 2.000000e+00
      vertex   2.133975e+00 5.250000e+00 2.000000e+00
      vertex   2.292893e+00 1.050000e+01 1.792893e+00
    endloop
  endfacet
  facet normal 9.238795e-01 -0.000000e+00 3.826834e-01
    outer loop
      vertex   2.034074e+00 5.250000e+00 2.241181e+00
      vertex   2.133975e+00 1.050000e+01 2.000000e+00
      vertex   2.034074e+00 1.050000e+01 2.241181e+00
    endloop
  endfacet
  facet normal -2.618421e-14 -1.000000e+00 3.021988e-13
    outer loop
      vertex   2.605201e+00 4.200000e+01 9.918768e+00
      vertex   3.000000e+00 4.200000e+01 1.000000e+01
      vertex   2.828000e+00 4.200000e+01 9.985097e+00
    endloop
  endfacet
  facet normal 0.000000e+00 -1.000000e+00 0.000000e+00
    outer loop
      vertex   2.828000e+00 4.200000e+01 9.985097e+00
      vertex   3.000000e+00 4.200000e+01 1.000000e+01
      vertex   2.828427e+00 4.200000e+01 9.985171e+00
    endloop
  endfacet
  facet normal 0.000000e+00 -1.000000e+00 0.000000e+00
    outer loop
      vertex   2.828000e+00 4.200000e+01 9.985097e+00
      vertex   2.828427e+00 4.200000e+01 9.985171e+00
      vertex   2.828000e+00 4.200000e+01 1.455000e+01
    endloop
  endfacet
  facet normal -3.327097e-11 -1.000000e+00 -3.113119e-15
    outer loop
      vertex   2.828000e+00 4.200000e+01 1.455000e+01
      vertex   2.828427e+00 4.200000e+01 9.985171e+00
      vertex   2.828427e+00 4.200000e+01 1.455000e+01
    endloop
  endfacet
  facet normal 1.378729e-14 -1.000000e+00 1.079328e-13
    outer loop
      vertex   3.000000e+00 4.200000e+01 1.000000e+01
      vertex   2.605201e+00 4.200000e+01 9.918768e+00
      vertex   5.292893e+00 4.200000e+01 9.707107e+00
    endloop
  endfacet
  facet normal 4.651116e-15 -1.000000e+00 -8.079370e-15
    outer loop
      vertex   5.292893e+00 4.200000e+01 9.707107e+00
      vertex   2.605201e+00 4.200000e+01 9.918768e+00
      vertex   2.403737e+00 4.200000e+01 9.802789e+00
    endloop
  endfacet
  facet normal 4.796790e-15 -1.000000e+00 -3.680706e-15
    outer loop
      vertex   5.292893e+00 4.200000e+01 9.707107e+00
      vertex   2.403737e+00 4.200000e+01 9.802789e+00
      vertex   5.133975e+00 4.200000e+01 9.500000e+00
    endloop
  endfacet
  facet normal 4.656543e-15 -1.000000e+00 -4.945309e-15
    outer loop
      vertex   5.133975e+00 4.200000e+01 9.500000e+00
      vertex   2.403737e+00 4.200000e+01 9.802789e+00
      vertex   2.234494e+00 4.200000e+01 9.643428e+00
    endloop
  endfacet
  facet normal 4.746510e-15 -1.000000e+00 -3.126572e-15
    outer loop
      vertex   5.133975e+00 4.200000e+01 9.500000e+00
      vertex   2.234494e+00 4.200000e+01 9.643428e+00
      vertex   2.106618e+00 4.200000e+01 9.449298e+00
    endloop
  endfacet
  facet normal 4.726938e-15 -1.000000e+00 -1.957962e-15
    outer loop
      vertex   5.133975e+00 4.200000e+01 9.500000e+00
      vertex   2.106618e+00 4.200000e+01 9.449298e+00
      vertex   5.034074e+00 4.200000e+01 9.258819e+00
    endloop
  endfacet
  facet normal 4.741891e-15 -1.000000e+00 -1.728154e-15
    outer loop
      vertex   5.034074e+00 4.200000e+01 9.258819e+00
      vertex   2.106618e+00 4.200000e+01 9.449298e+00
      vertex   2.027019e+00 4.200000e+01 9.230887e+00
    endloop
  endfacet
  facet normal 4.731625e-15 -1.000000e+00 -6.229302e-16
    outer loop
      vertex   5.034074e+00 4.200000e+01 9.258819e+00
      vertex   2.027019e+00 4.200000e+01 9.230887e+00
      vertex   5.000000e+00 4.200000e+01 9.000000e+00
    endloop
  endfacet
  facet normal 4.736952e-15 -1.000000e+00 -5.543398e-16
    outer loop
      vertex   5.000000e+00 4.200000e+01 9.000000e+00
      vertex   2.027019e+00 4.200000e+01 9.230887e+00
      vertex   2.000000e+00 4.200000e+01 9.000000e+00
    endloop
  endfacet
  facet normal 4.736952e-15 -1.000000e+00 0.000000e+00
    outer loop
      vertex   5.000000e+00 4.200000e+01 9.000000e+00
      vertex   2.000000e+00 4.200000e+01 9.000000e+00
      vertex   5.000000e+00 4.200000e+01 4.000000e+00
    endloop
  endfacet
  facet normal 4.736952e-15 -1.000000e+00 0.000000e+00
    outer loop
      vertex   5.000000e+00 4.200000e+01 4.000000e+00
      vertex   2.000000e+00 4.200000e+01 9.000000e+00
      vertex   2.000000e+00 4.200000e+01 2.500000e+00
    endloop
  endfacet
  facet normal 4.444394e-15 -1.000000e+00 5.851155e-16
    outer loop
      vertex   5.000000e+00 4.200000e+01 4.000000e+00
      vertex   2.000000e+00 4.200000e+01 2.500000e+00
      vertex   5.034074e+00 4.200000e+01 3.741181e+00
    endloop
  endfacet
  facet normal 4.005102e-15 -1.000000e+00 1.658967e-15
    outer loop
      vertex   5.034074e+00 4.200000e+01 3.741181e+00
      vertex   2.000000e+00 4.200000e+01 2.500000e+00
      vertex   5.133975e+00 4.200000e+01 3.500000e+00
    endloop
  endfacet
  facet normal 3.642593e-15 -1.000000e+00 2.795060e-15
    outer loop
      vertex   5.133975e+00 4.200000e+01 3.500000e+00
      vertex   2.000000e+00 4.200000e+01 2.500000e+00
      vertex   5.292893e+00 4.200000e+01 3.292893e+00
    endloop
  endfacet
  facet normal 3.284826e-15 -1.000000e+00 4.280869e-15
    outer loop
      vertex   5.292893e+00 4.200000e+01 3.292893e+00
      vertex   2.000000e+00 4.200000e+01 2.500000e+00
      vertex   5.500000e+00 4.200000e+01 3.133975e+00
    endloop
  endfacet
  facet normal 2.824910e-15 -1.000000e+00 6.819937e-15
    outer loop
      vertex   5.500000e+00 4.200000e+01 3.133975e+00
      vertex   2.000000e+00 4.200000e+01 2.500000e+00
      vertex   5.741181e+00 4.200000e+01 3.034074e+00
    endloop
  endfacet
  facet normal 1.822400e-15 -1.000000e+00 1.384250e-14
    outer loop
      vertex   5.741181e+00 4.200000e+01 3.034074e+00
      vertex   2.000000e+00 4.200000e+01 2.500000e+00
      vertex   6.000000e+00 4.200000e+01 3.000000e+00
    endloop
  endfacet
  facet normal 3.501494e-15 -1.000000e+00 4.097608e-16
    outer loop
      vertex   6.000000e+00 4.200000e+01 3.000000e+00
      vertex   2.000000e+00 4.200000e+01 2.500000e+00
      vertex   2.027019e+00 4.200000e+01 2.269113e+00
    endloop
  endfacet
  facet normal 3.352132e-15 -1.000000e+00 1.221665e-15
    outer loop
      vertex   6.000000e+00 4.200000e+01 3.000000e+00
      vertex   2.027019e+00 4.200000e+01 2.269113e+00
      vertex   2.106618e+00 4.200000e+01 2.050702e+00
    endloop
  endfacet
  facet normal 3.144903e-15 -1.000000e+00 2.071578e-15
    outer loop
      vertex   2.106618e+00 4.200000e+01 2.050702e+00
      vertex   2.234494e+00 4.200000e+01 1.856572e+00
      vertex   6.000000e+00 4.200000e+01 3.000000e+00
    endloop
  endfacet
  facet normal 9.610698e-15 -1.000000e+00 -1.922139e-14
    outer loop
      vertex   6.000000e+00 4.200000e+01 3.000000e+00
      vertex   2.234494e+00 4.200000e+01 1.856572e+00
      vertex   3.000000e+00 4.200000e+01 1.500000e+00
    endloop
  endfacet
  facet normal 0.000000e+00 -1.000000e+00 -0.000000e+00
    outer loop
      vertex   6.000000e+00 4.200000e+01 3.000000e+00
      vertex   3.000000e+00 4.200000e+01 1.500000e+00
      vertex   3.305000e+01 4.200000e+01 3.000000e+00
    endloop
  endfacet
  facet normal 0.000000e+00 -1.000000e+00 -0.000000e+00
    outer loop
      vertex   3.305000e+01 4.200000e+01 3.000000e+00
      vertex   3.000000e+00 4.200000e+01 1.500000e+00
      vertex   5.310000e+01 4.200000e+01 1.500000e+00
    endloop
  endfacet
  facet normal 0.000000e+00 -1.000000e+00 0.000000e+00
    outer loop
      vertex   3.305000e+01 4.200000e+01 3.000000e+00
      vertex   5.310000e+01 4.200000e+01 1.500000e+00
      vertex   3.330882e+01 4.200000e+01 3.034074e+00
    endloop
  endfacet
  facet normal 0.000000e+00 -1.000000e+00 0.000000e+00
    outer loop
      vertex   3.330882e+01 4.200000e+01 3.034074e+00
      vertex   5.310000e+01 4.200000e+01 1.500000e+00
      vertex   3.355000e+01 4.200000e+01 3.133975e+00
    endloop
  endfacet
  facet normal 0.000000e+00 -1.000000e+00 0.000000e+00
    outer loop
      vertex   3.355000e+01 4.200000e+01 3.133975e+00
      vertex   5.310000e+01 4.200000e+01 1.500000e+00
      vertex   3.375711e+01 4.200000e+01 3.292893e+00
    endloop
  endfacet
  facet normal 0.000000e+00 -1.000000e+00 0.000000e+00
    outer loop
      vertex   3.375711e+01 4.200000e+01 3.292893e+00
      vertex   5.310000e+01 4.200000e+01 1.500000e+00
      vertex   3.391603e+01 4.200000e+01 3.500000e+00
    endloop
  endfacet
  facet normal 0.000000e+00 -1.000000e+00 0.000000e+00
    outer loop
      vertex   3.391603e+01 4.200000e+01 3.500000e+00
      vertex   5.310000e+01 4.200000e+01 1.500000e+00
      vertex   3.401593e+01 4.200000e+01 3.741181e+00
    endloop
  endfacet
  facet normal 0.000000e+00 -1.000000e+00 0.000000e+00
    outer loop
      vertex   3.401593e+01 4.200000e+01 3.741181e+00
      vertex   5.310000e+01 4.200000e+01 1.500000e+00
      vertex   3.405000e+01 4.200000e+01 4.000000e+00
    endloop
  endfacet
  facet normal 0.000000e+00 -1.000000e+00 0.000000e+00
    outer loop
      vertex   3.405000e+01 4.200000e+01 4.000000e+00
      vertex   5.310000e+01 4.200000e+01 1.500000e+00
      vertex   5.327157e+01 4.200000e+01 1.514829e+00
    endloop
  endfacet
  facet normal 0.000000e+00 -1.000000e+00 0.000000e+00
    outer loop
      vertex   3.405000e+01 4.200000e+01 4.000000e+00
      vertex   5.327157e+01 4.200000e+01 1.514829e+00
      vertex   5.327157e+01 4.200000e+01 9.985171e+00
    endloop
  endfacet
  facet normal -3.327097e-11 -1.000000e+00 -0.000000e+00
    outer loop
      vertex   5.327157e+01 4.200000e+01 9.985171e+00
      vertex   5.327157e+01 4.200000e+01 1.514829e+00
      vertex   5.327200e+01 4.200000e+01 1.500000e+00
    endloop
  endfacet
  facet normal -1.163803e-11 -1.000000e+00 1.088954e-15
    outer loop
      vertex   5.327157e+01 4.200000e+01 9.985171e+00
      vertex   5.327200e+01 4.200000e+01 1.500000e+00
      vertex   5.327200e+01 4.200000e+01 1.455000e+01
    endloop
  endfacet
  facet normal 3.673739e-14 -1.000000e+00 3.901559e-14
    outer loop
      vertex   2.234494e+00 4.200000e+01 1.856572e+00
      vertex   2.403737e+00 4.200000e+01 1.697211e+00
      vertex   3.000000e+00 4.200000e+01 1.500000e+00
    endloop
  endfacet
  facet normal 5.601628e-14 -1.000000e+00 9.730486e-14
    outer loop
      vertex   3.000000e+00 4.200000e+01 1.500000e+00
      vertex   2.403737e+00 4.200000e+01 1.697211e+00
      vertex   2.605201e+00 4.200000e+01 1.581232e+00
    endloop
  endfacet
  facet normal -2.618421e-14 -1.000000e+00 -3.021988e-13
    outer loop
      vertex   3.000000e+00 4.200000e+01 1.500000e+00
      vertex   2.605201e+00 4.200000e+01 1.581232e+00
      vertex   2.828000e+00 4.200000e+01 1.514903e+00
    endloop
  endfacet
  facet normal 0.000000e+00 -1.000000e+00 0.000000e+00
    outer loop
      vertex   3.000000e+00 4.200000e+01 1.500000e+00
      vertex   2.828000e+00 4.200000e+01 1.514903e+00
      vertex   2.828427e+00 4.200000e+01 1.514829e+00
    endloop
  endfacet
  facet normal 1.662794e-13 -1.000000e+00 9.535534e-13
    outer loop
      vertex   2.828427e+00 4.200000e+01 1.514829e+00
      vertex   2.828000e+00 4.200000e+01 1.514903e+00
      vertex   2.828000e+00 4.200000e+01 1.500000e+00
    endloop
  endfacet
  facet normal 0.000000e+00 -1.000000e+00 9.583430e-13
    outer loop
      vertex   2.828427e+00 4.200000e+01 1.514829e+00
      vertex   2.828000e+00 4.200000e+01 1.500000e+00
      vertex   2.828427e+00 4.200000e+01 1.500000e+00
    endloop
  endfacet
  facet normal 0.000000e+00 -1.000000e+00 0.000000e+00
    outer loop
      vertex   2.828427e+00 4.200000e+01 1.514829e+00
      vertex   2.885302e+00 4.200000e+01 1.506600e+00
      vertex   3.000000e+00 4.200000e+01 1.500000e+00
    endloop
  endfacet
  facet normal 0.000000e+00 -1.000000e+00 0.000000e+00
    outer loop
      vertex   3.000000e+00 4.200000e+01 1.500000e+00
      vertex   2.885302e+00 4.200000e+01 1.506600e+00
      vertex   2.942556e+00 4.200000e+01 1.501651e+00
    endloop
  endfacet
  facet normal -0.000000e+00 -1.000000e+00 0.000000e+00
    outer loop
      vertex   5.315744e+01 4.200000e+01 1.501651e+00
      vertex   5.321470e+01 4.200000e+01 1.506600e+00
      vertex   5.310000e+01 4.200000e+01 1.500000e+00
    endloop
  endfacet
  facet normal 0.000000e+00 -1.000000e+00 0.000000e+00
    outer loop
      vertex   5.310000e+01 4.200000e+01 1.500000e+00
      vertex   5.321470e+01 4.200000e+01 1.506600e+00
      vertex   5.327157e+01 4.200000e+01 1.514829e+00
    endloop
  endfacet
  facet normal 0.000000e+00 -1.000000e+00 9.583430e-13
    outer loop
      vertex   5.327157e+01 4.200000e+01 1.514829e+00
      vertex   5.327157e+01 4.200000e+01 1.500000e+00
      vertex   5.327200e+01 4.200000e+01 1.500000e+00
    endloop
  endfacet
  facet normal 3.327097e-11 -1.000000e+00 -3.113119e-15
    outer loop
      vertex   5.327200e+01 4.200000e+01 1.455000e+01
      vertex   5.327157e+01 4.200000e+01 1.455000e+01
      vertex   5.327157e+01 4.200000e+01 9.985171e+00
    endloop
  endfacet
  facet normal 0.000000e+00 -1.000000e+00 0.000000e+00
    outer loop
      vertex   3.405000e+01 4.200000e+01 4.000000e+00
      vertex   5.327157e+01 4.200000e+01 9.985171e+00
      vertex   5.310000e+01 4.200000e+01 1.000000e+01
    endloop
  endfacet
  facet normal 0.000000e+00 -1.000000e+00 0.000000e+00
    outer loop
      vertex   5.310000e+01 4.200000e+01 1.000000e+01
      vertex   5.327157e+01 4.200000e+01 9.985171e+00
      vertex   5.321470e+01 4.200000e+01 9.993400e+00
    endloop
  endfacet
  facet normal 0.000000e+00 -1.000000e+00 0.000000e+00
    outer loop
      vertex   5.310000e+01 4.200000e+01 1.000000e+01
      vertex   5.321470e+01 4.200000e+01 9.993400e+00
      vertex   5.315744e+01 4.200000e+01 9.998349e+00
    endloop
  endfacet
  facet normal 0.000000e+00 -1.000000e+00 0.000000e+00
    outer loop
      vertex   3.305000e+01 4.200000e+01 1.000000e+01
      vertex   3.330882e+01 4.200000e+01 9.965926e+00
      vertex   5.310000e+01 4.200000e+01 1.000000e+01
    endloop
  endfacet
  facet normal 0.000000e+00 -1.000000e+00 0.000000e+00
    outer loop
      vertex   5.310000e+01 4.200000e+01 1.000000e+01
      vertex   3.330882e+01 4.200000e+01 9.965926e+00
      vertex   3.355000e+01 4.200000e+01 9.866025e+00
    endloop
  endfacet
  facet normal 0.000000e+00 -1.000000e+00 0.000000e+00
    outer loop
      vertex   5.310000e+01 4.200000e+01 1.000000e+01
      vertex   3.355000e+01 4.200000e+01 9.866025e+00
      vertex   3.375711e+01 4.200000e+01 9.707107e+00
    endloop
  endfacet
  facet normal 0.000000e+00 -1.000000e+00 0.000000e+00
    outer loop
      vertex   3.375711e+01 4.200000e+01 9.707107e+00
      vertex   3.391603e+01 4.200000e+01 9.500000e+00
      vertex   5.310000e+01 4.200000e+01 1.000000e+01
    endloop
  endfacet
  facet normal 0.000000e+00 -1.000000e+00 0.000000e+00
    outer loop
      vertex   5.310000e+01 4.200000e+01 1.000000e+01
      vertex   3.391603e+01 4.200000e+01 9.500000e+00
      vertex   3.401593e+01 4.200000e+01 9.258819e+00
    endloop
  endfacet
  facet normal 0.000000e+00 -1.000000e+00 0.000000e+00
    outer loop
      vertex   5.310000e+01 4.200000e+01 1.000000e+01
      vertex   3.401593e+01 4.200000e+01 9.258819e+00
      vertex   3.405000e+01 4.200000e+01 9.000000e+00
    endloop
  endfacet
  facet normal 0.000000e+00 -1.000000e+00 0.000000e+00
    outer loop
      vertex   3.405000e+01 4.200000e+01 9.000000e+00
      vertex   3.405000e+01 4.200000e+01 4.000000e+00
      vertex   5.310000e+01 4.200000e+01 1.000000e+01
    endloop
  endfacet
  facet normal 0.000000e+00 -1.000000e+00 0.000000e+00
    outer loop
      vertex   5.292893e+00 4.200000e+01 9.707107e+00
      vertex   5.500000e+00 4.200000e+01 9.866025e+00
      vertex   3.000000e+00 4.200000e+01 1.000000e+01
    endloop
  endfacet
  facet normal 0.000000e+00 -1.000000e+00 0.000000e+00
    outer loop
      vertex   3.000000e+00 4.200000e+01 1.000000e+01
      vertex   5.500000e+00 4.200000e+01 9.866025e+00
      vertex   5.741181e+00 4.200000e+01 9.965926e+00
    endloop
  endfacet
  facet normal 0.000000e+00 -1.000000e+00 0.000000e+00
    outer loop
      vertex   3.000000e+00 4.200000e+01 1.000000e+01
      vertex   5.741181e+00 4.200000e+01 9.965926e+00
      vertex   6.000000e+00 4.200000e+01 1.000000e+01
    endloop
  endfacet
  facet normal 0.000000e+00 -1.000000e+00 -0.000000e+00
    outer loop
      vertex   2.942556e+00 4.200000e+01 9.998349e+00
      vertex   2.885302e+00 4.200000e+01 9.993400e+00
      vertex   3.000000e+00 4.200000e+01 1.000000e+01
    endloop
  endfacet
  facet normal 0.000000e+00 -1.000000e+00 0.000000e+00
    outer loop
      vertex   3.000000e+00 4.200000e+01 1.000000e+01
      vertex   2.885302e+00 4.200000e+01 9.993400e+00
      vertex   2.828427e+00 4.200000e+01 9.985171e+00
    endloop
  endfacet
  facet normal 0.000000e+00 -9.951847e-01 9.801714e-02
    outer loop
      vertex   5.310000e+01 0.000000e+00 1.355000e+01
      vertex   5.510000e+01 0.000000e+00 1.355000e+01
      vertex   5.290491e+01 1.921472e-02 1.374509e+01
    endloop
  endfacet
  facet normal 0.000000e+00 -9.951847e-01 9.801714e-02
    outer loop
      vertex   5.290491e+01 1.921472e-02 1.374509e+01
      vertex   5.510000e+01 0.000000e+00 1.355000e+01
      vertex   5.529509e+01 1.921472e-02 1.374509e+01
    endloop
  endfacet
  facet normal 0.000000e+00 -9.569403e-01 2.902847e-01
    outer loop
      vertex   5.290491e+01 1.921472e-02 1.374509e+01
      vertex   5.529509e+01 1.921472e-02 1.374509e+01
      vertex   5.548268e+01 7.612047e-02 1.393268e+01
    endloop
  endfacet
  facet normal 0.000000e+00 -9.569403e-01 2.902847e-01
    outer loop
      vertex   5.290491e+01 1.921472e-02 1.374509e+01
      vertex   5.548268e+01 7.612047e-02 1.393268e+01
      vertex   5.271732e+01 7.612047e-02 1.393268e+01
    endloop
  endfacet
  facet normal 0.000000e+00 -8.819213e-01 4.713967e-01
    outer loop
      vertex   5.271732e+01 7.612047e-02 1.393268e+01
      vertex   5.548268e+01 7.612047e-02 1.393268e+01
      vertex   5.565557e+01 1.685304e-01 1.410557e+01
    endloop
  endfacet
  facet normal 0.000000e+00 -8.819213e-01 4.713967e-01
    outer loop
      vertex   5.271732e+01 7.612047e-02 1.393268e+01
      vertex   5.565557e+01 1.685304e-01 1.410557e+01
      vertex   5.254443e+01 1.685304e-01 1.410557e+01
    endloop
  endfacet
  facet normal 0.000000e+00 -7.730105e-01 6.343933e-01
    outer loop
      vertex   5.254443e+01 1.685304e-01 1.410557e+01
      vertex   5.565557e+01 1.685304e-01 1.410557e+01
      vertex   5.239289e+01 2.928932e-01 1.425711e+01
    endloop
  endfacet
  facet normal 0.000000e+00 -7.730105e-01 6.343933e-01
    outer loop
      vertex   5.239289e+01 2.928932e-01 1.425711e+01
      vertex   5.565557e+01 1.685304e-01 1.410557e+01
      vertex   5.580711e+01 2.928932e-01 1.425711e+01
    endloop
  endfacet
  facet normal 0.000000e+00 -6.343933e-01 7.730105e-01
    outer loop
      vertex   5.239289e+01 2.928932e-01 1.425711e+01
      vertex   5.580711e+01 2.928932e-01 1.425711e+01
      vertex   5.226853e+01 4.444298e-01 1.438147e+01
    endloop
  endfacet
  facet normal 2.884233e-17 -6.343933e-01 7.730105e-01
    outer loop
      vertex   5.226853e+01 4.444298e-01 1.438147e+01
      vertex   5.580711e+01 2.928932e-01 1.425711e+01
      vertex   5.593147e+01 4.444298e-01 1.438147e+01
    endloop
  endfacet
  facet normal 2.143179e-17 -4.713967e-01 8.819213e-01
    outer loop
      vertex   5.226853e+01 4.444298e-01 1.438147e+01
      vertex   5.593147e+01 4.444298e-01 1.438147e+01
      vertex   5.602388e+01 6.173166e-01 1.447388e+01
    endloop
  endfacet
  facet normal 1.379881e-17 -4.713967e-01 8.819213e-01
    outer loop
      vertex   5.226853e+01 4.444298e-01 1.438147e+01
      vertex   5.602388e+01 6.173166e-01 1.447388e+01
      vertex   5.217612e+01 6.173166e-01 1.447388e+01
    endloop
  endfacet
  facet normal 8.375803e-18 -2.902847e-01 9.569403e-01
    outer loop
      vertex   5.217612e+01 6.173166e-01 1.447388e+01
      vertex   5.602388e+01 6.173166e-01 1.447388e+01
      vertex   5.608079e+01 8.049097e-01 1.453079e+01
    endloop
  endfacet
  facet normal 0.000000e+00 -2.902847e-01 9.569403e-01
    outer loop
      vertex   5.217612e+01 6.173166e-01 1.447388e+01
      vertex   5.608079e+01 8.049097e-01 1.453079e+01
      vertex   5.211921e+01 8.049097e-01 1.453079e+01
    endloop
  endfacet
  facet normal 0.000000e+00 -1.467305e-01 9.891765e-01
    outer loop
      vertex   5.211921e+01 8.049097e-01 1.453079e+01
      vertex   5.608079e+01 8.049097e-01 1.453079e+01
      vertex   5.210482e+01 9.019829e-01 1.454518e+01
    endloop
  endfacet
  facet normal 0.000000e+00 -1.467305e-01 9.891765e-01
    outer loop
      vertex   5.210482e+01 9.019829e-01 1.454518e+01
      vertex   5.608079e+01 8.049097e-01 1.453079e+01
      vertex   5.609518e+01 9.019829e-01 1.454518e+01
    endloop
  endfacet
  facet normal 0.000000e+00 -4.906767e-02 9.987955e-01
    outer loop
      vertex   5.210482e+01 9.019829e-01 1.454518e+01
      vertex   5.609518e+01 9.019829e-01 1.454518e+01
      vertex   5.210000e+01 1.000000e+00 1.455000e+01
    endloop
  endfacet
  facet normal 0.000000e+00 -4.906767e-02 9.987955e-01
    outer loop
      vertex   5.210000e+01 1.000000e+00 1.455000e+01
      vertex   5.609518e+01 9.019829e-01 1.454518e+01
      vertex   5.610000e+01 1.000000e+00 1.455000e+01
    endloop
  endfacet
  facet normal -9.801714e-02 -9.951847e-01 -0.000000e+00
    outer loop
      vertex   5.310000e+01 0.000000e+00 1.355000e+01
      vertex   5.290491e+01 1.921472e-02 1.374509e+01
      vertex   5.310000e+01 0.000000e+00 1.000000e+01
    endloop
  endfacet
  facet normal -1.305260e-01 -9.914434e-01 -1.712656e-03
    outer loop
      vertex   5.310000e+01 0.000000e+00 1.000000e+01
      vertex   5.290491e+01 1.921472e-02 1.374509e+01
      vertex   5.284118e+01 3.407417e-02 1.000000e+01
    endloop
  endfacet
  facet normal -2.892550e-01 -9.572514e-01 1.124037e-03
    outer loop
      vertex   5.284118e+01 3.407417e-02 1.000000e+01
      vertex   5.290491e+01 1.921472e-02 1.374509e+01
      vertex   5.271732e+01 7.612047e-02 1.393268e+01
    endloop
  endfacet
  facet normal -3.826825e-01 -9.238773e-01 -2.175390e-03
    outer loop
      vertex   5.284118e+01 3.407417e-02 1.000000e+01
      vertex   5.271732e+01 7.612047e-02 1.393268e+01
      vertex   5.260000e+01 1.339746e-01 1.000000e+01
    endloop
  endfacet
  facet normal -4.705739e-01 -8.823599e-01 1.057281e-03
    outer loop
      vertex   5.260000e+01 1.339746e-01 1.000000e+01
      vertex   5.271732e+01 7.612047e-02 1.393268e+01
      vertex   5.254443e+01 1.685304e-01 1.410557e+01
    endloop
  endfacet
  facet normal -6.087607e-01 -7.933524e-01 -1.562281e-03
    outer loop
      vertex   5.260000e+01 1.339746e-01 1.000000e+01
      vertex   5.254443e+01 1.685304e-01 1.410557e+01
      vertex   5.239289e+01 2.928932e-01 1.000000e+01
    endloop
  endfacet
  facet normal -6.343933e-01 -7.730105e-01 1.209574e-16
    outer loop
      vertex   5.239289e+01 2.928932e-01 1.000000e+01
      vertex   5.254443e+01 1.685304e-01 1.410557e+01
      vertex   5.239289e+01 2.928932e-01 1.425711e+01
    endloop
  endfacet
  facet normal -7.730105e-01 -6.343933e-01 9.926714e-17
    outer loop
      vertex   5.239289e+01 2.928932e-01 1.000000e+01
      vertex   5.239289e+01 2.928932e-01 1.425711e+01
      vertex   5.226853e+01 4.444298e-01 1.438147e+01
    endloop
  endfacet
  facet normal -7.933525e-01 -6.087608e-01 -1.463905e-03
    outer loop
      vertex   5.239289e+01 2.928932e-01 1.000000e+01
      vertex   5.226853e+01 4.444298e-01 1.438147e+01
      vertex   5.223397e+01 5.000000e-01 1.000000e+01
    endloop
  endfacet
  facet normal -8.817052e-01 -4.717997e-01 9.699943e-04
    outer loop
      vertex   5.223397e+01 5.000000e-01 1.000000e+01
      vertex   5.226853e+01 4.444298e-01 1.438147e+01
      vertex   5.217612e+01 6.173166e-01 1.447388e+01
    endloop
  endfacet
  facet normal -9.238778e-01 -3.826827e-01 -1.912238e-03
    outer loop
      vertex   5.223397e+01 5.000000e-01 1.000000e+01
      vertex   5.217612e+01 6.173166e-01 1.447388e+01
      vertex   5.213407e+01 7.411810e-01 1.000000e+01
    endloop
  endfacet
  facet normal -9.568599e-01 -2.905480e-01 9.485859e-04
    outer loop
      vertex   5.213407e+01 7.411810e-01 1.000000e+01
      vertex   5.217612e+01 6.173166e-01 1.447388e+01
      vertex   5.211921e+01 8.049097e-01 1.453079e+01
    endloop
  endfacet
  facet normal -9.892013e-01 -1.465587e-01 -1.182795e-03
    outer loop
      vertex   5.213407e+01 7.411810e-01 1.000000e+01
      vertex   5.211921e+01 8.049097e-01 1.453079e+01
      vertex   5.210482e+01 9.019829e-01 1.454518e+01
    endloop
  endfacet
  facet normal -9.987955e-01 -4.906767e-02 4.789104e-18
    outer loop
      vertex   5.210000e+01 1.000000e+00 1.455000e+01
      vertex   5.210000e+01 1.000000e+00 1.000000e+01
      vertex   5.210482e+01 9.019829e-01 1.454518e+01
    endloop
  endfacet
  facet normal -9.914433e-01 -1.305260e-01 -1.764442e-03
    outer loop
      vertex   5.210482e+01 9.019829e-01 1.454518e+01
      vertex   5.210000e+01 1.000000e+00 1.000000e+01
      vertex   5.213407e+01 7.411810e-01 1.000000e+01
    endloop
  endfacet
  facet normal -0.000000e+00 0.000000e+00 1.000000e+00
    outer loop
      vertex   5.355000e+01 3.645000e+01 1.455000e+01
      vertex   5.610000e+01 3.550000e+01 1.455000e+01
      vertex   5.420000e+01 3.645000e+01 1.455000e+01
    endloop
  endfacet
  facet normal -0.000000e+00 0.000000e+00 1.000000e+00
    outer loop
      vertex   5.420000e+01 3.645000e+01 1.455000e+01
      vertex   5.610000e+01 3.550000e+01 1.455000e+01
      vertex   5.553263e+01 3.650397e+01 1.455000e+01
    endloop
  endfacet
  facet normal 0.000000e+00 0.000000e+00 1.000000e+00
    outer loop
      vertex   5.420000e+01 3.645000e+01 1.455000e+01
      vertex   5.553263e+01 3.650397e+01 1.455000e+01
      vertex   5.519110e+01 3.668323e+01 1.455000e+01
    endloop
  endfacet
  facet normal 0.000000e+00 0.000000e+00 1.000000e+00
    outer loop
      vertex   5.355000e+01 3.955000e+01 1.455000e+01
      vertex   5.210000e+01 3.900000e+01 1.455000e+01
      vertex   5.355000e+01 3.645000e+01 1.455000e+01
    endloop
  endfacet
  facet normal 0.000000e+00 0.000000e+00 1.000000e+00
    outer loop
      vertex   5.355000e+01 3.645000e+01 1.455000e+01
      vertex   5.210000e+01 3.900000e+01 1.455000e+01
      vertex   5.210000e+01 1.000000e+00 1.455000e+01
    endloop
  endfacet
  facet normal 0.000000e+00 0.000000e+00 1.000000e+00
    outer loop
      vertex   5.355000e+01 3.645000e+01 1.455000e+01
      vertex   5.210000e+01 1.000000e+00 1.455000e+01
      vertex   5.610000e+01 3.550000e+01 1.455000e+01
    endloop
  endfacet
  facet normal 0.000000e+00 0.000000e+00 1.000000e+00
    outer loop
      vertex   5.610000e+01 3.550000e+01 1.455000e+01
      vertex   5.210000e+01 1.000000e+00 1.455000e+01
      vertex   5.610000e+01 1.000000e+00 1.455000e+01
    endloop
  endfacet
  facet normal 0.000000e+00 0.000000e+00 1.000000e+00
    outer loop
      vertex   5.420000e+01 3.955000e+01 1.455000e+01
      vertex   5.327200e+01 4.199879e+01 1.455000e+01
      vertex   5.355000e+01 3.955000e+01 1.455000e+01
    endloop
  endfacet
  facet normal 0.000000e+00 0.000000e+00 1.000000e+00
    outer loop
      vertex   5.355000e+01 3.955000e+01 1.455000e+01
      vertex   5.327200e+01 4.199879e+01 1.455000e+01
      vertex   5.160000e+01 3.986603e+01 1.455000e+01
    endloop
  endfacet
  facet normal 0.000000e+00 0.000000e+00 1.000000e+00
    outer loop
      vertex   5.355000e+01 3.955000e+01 1.455000e+01
      vertex   5.160000e+01 3.986603e+01 1.455000e+01
      vertex   5.180711e+01 3.970711e+01 1.455000e+01
    endloop
  endfacet
  facet normal 0.000000e+00 0.000000e+00 1.000000e+00
    outer loop
      vertex   5.420000e+01 3.645000e+01 1.455000e+01
      vertex   5.450000e+01 3.800000e+01 1.455000e+01
      vertex   5.420000e+01 3.955000e+01 1.455000e+01
    endloop
  endfacet
  facet normal 0.000000e+00 0.000000e+00 1.000000e+00
    outer loop
      vertex   5.420000e+01 3.955000e+01 1.455000e+01
      vertex   5.450000e+01 3.800000e+01 1.455000e+01
      vertex   5.454649e+01 3.838291e+01 1.455000e+01
    endloop
  endfacet
  facet normal 0.000000e+00 0.000000e+00 1.000000e+00
    outer loop
      vertex   5.420000e+01 3.955000e+01 1.455000e+01
      vertex   5.454649e+01 3.838291e+01 1.455000e+01
      vertex   5.468327e+01 3.874356e+01 1.455000e+01
    endloop
  endfacet
  facet normal 0.000000e+00 0.000000e+00 1.000000e+00
    outer loop
      vertex   5.658773e+01 3.554804e+01 1.455000e+01
      vertex   5.629286e+01 3.641167e+01 1.455000e+01
      vertex   5.610000e+01 3.550000e+01 1.455000e+01
    endloop
  endfacet
  facet normal 0.000000e+00 -0.000000e+00 1.000000e+00
    outer loop
      vertex   5.610000e+01 3.550000e+01 1.455000e+01
      vertex   5.629286e+01 3.641167e+01 1.455000e+01
      vertex   5.590714e+01 3.641167e+01 1.455000e+01
    endloop
  endfacet
  facet normal 0.000000e+00 0.000000e+00 1.000000e+00
    outer loop
      vertex   5.610000e+01 3.550000e+01 1.455000e+01
      vertex   5.590714e+01 3.641167e+01 1.455000e+01
      vertex   5.553263e+01 3.650397e+01 1.455000e+01
    endloop
  endfacet
  facet normal 0.000000e+00 -0.000000e+00 1.000000e+00
    outer loop
      vertex   5.658773e+01 3.554804e+01 1.455000e+01
      vertex   5.705671e+01 3.569030e+01 1.455000e+01
      vertex   5.629286e+01 3.641167e+01 1.455000e+01
    endloop
  endfacet
  facet normal -0.000000e+00 0.000000e+00 1.000000e+00
    outer loop
      vertex   5.629286e+01 3.641167e+01 1.455000e+01
      vertex   5.705671e+01 3.569030e+01 1.455000e+01
      vertex   5.666737e+01 3.650397e+01 1.455000e+01
    endloop
  endfacet
  facet normal 0.000000e+00 0.000000e+00 1.000000e+00
    outer loop
      vertex   5.666737e+01 3.650397e+01 1.455000e+01
      vertex   5.705671e+01 3.569030e+01 1.455000e+01
      vertex   5.748893e+01 3.592133e+01 1.455000e+01
    endloop
  endfacet
  facet normal -0.000000e+00 0.000000e+00 1.000000e+00
    outer loop
      vertex   5.666737e+01 3.650397e+01 1.455000e+01
      vertex   5.748893e+01 3.592133e+01 1.455000e+01
      vertex   5.700890e+01 3.668323e+01 1.455000e+01
    endloop
  endfacet
  facet normal 0.000000e+00 0.000000e+00 1.000000e+00
    outer loop
      vertex   5.700890e+01 3.668323e+01 1.455000e+01
      vertex   5.748893e+01 3.592133e+01 1.455000e+01
      vertex   5.786777e+01 3.623223e+01 1.455000e+01
    endloop
  endfacet
  facet normal -0.000000e+00 0.000000e+00 1.000000e+00
    outer loop
      vertex   5.700890e+01 3.668323e+01 1.455000e+01
      vertex   5.786777e+01 3.623223e+01 1.455000e+01
      vertex   5.729762e+01 3.693900e+01 1.455000e+01
    endloop
  endfacet
  facet normal 0.000000e+00 0.000000e+00 1.000000e+00
    outer loop
      vertex   5.729762e+01 3.693900e+01 1.455000e+01
      vertex   5.786777e+01 3.623223e+01 1.455000e+01
      vertex   5.817867e+01 3.661107e+01 1.455000e+01
    endloop
  endfacet
  facet normal -0.000000e+00 0.000000e+00 1.000000e+00
    outer loop
      vertex   5.729762e+01 3.693900e+01 1.455000e+01
      vertex   5.817867e+01 3.661107e+01 1.455000e+01
      vertex   5.751673e+01 3.725644e+01 1.455000e+01
    endloop
  endfacet
  facet normal 0.000000e+00 0.000000e+00 1.000000e+00
    outer loop
      vertex   5.751673e+01 3.725644e+01 1.455000e+01
      vertex   5.817867e+01 3.661107e+01 1.455000e+01
      vertex   5.840970e+01 3.704329e+01 1.455000e+01
    endloop
  endfacet
  facet normal -0.000000e+00 0.000000e+00 1.000000e+00
    outer loop
      vertex   5.751673e+01 3.725644e+01 1.455000e+01
      vertex   5.840970e+01 3.704329e+01 1.455000e+01
      vertex   5.855196e+01 3.751227e+01 1.455000e+01
    endloop
  endfacet
  facet normal 0.000000e+00 0.000000e+00 1.000000e+00
    outer loop
      vertex   5.751673e+01 3.725644e+01 1.455000e+01
      vertex   5.855196e+01 3.751227e+01 1.455000e+01
      vertex   5.765351e+01 3.761709e+01 1.455000e+01
    endloop
  endfacet
  facet normal -0.000000e+00 0.000000e+00 1.000000e+00
    outer loop
      vertex   5.765351e+01 3.761709e+01 1.455000e+01
      vertex   5.855196e+01 3.751227e+01 1.455000e+01
      vertex   5.860000e+01 3.800000e+01 1.455000e+01
    endloop
  endfacet
  facet normal 0.000000e+00 0.000000e+00 1.000000e+00
    outer loop
      vertex   5.765351e+01 3.761709e+01 1.455000e+01
      vertex   5.860000e+01 3.800000e+01 1.455000e+01
      vertex   5.770000e+01 3.800000e+01 1.455000e+01
    endloop
  endfacet
  facet normal 0.000000e+00 -0.000000e+00 1.000000e+00
    outer loop
      vertex   5.770000e+01 3.800000e+01 1.455000e+01
      vertex   5.860000e+01 3.800000e+01 1.455000e+01
      vertex   5.765351e+01 3.838291e+01 1.455000e+01
    endloop
  endfacet
  facet normal -0.000000e+00 0.000000e+00 1.000000e+00
    outer loop
      vertex   5.765351e+01 3.838291e+01 1.455000e+01
      vertex   5.860000e+01 3.800000e+01 1.455000e+01
      vertex   5.855196e+01 3.848773e+01 1.455000e+01
    endloop
  endfacet
  facet normal 0.000000e+00 -0.000000e+00 1.000000e+00
    outer loop
      vertex   5.765351e+01 3.838291e+01 1.455000e+01
      vertex   5.855196e+01 3.848773e+01 1.455000e+01
      vertex   5.751673e+01 3.874356e+01 1.455000e+01
    endloop
  endfacet
  facet normal -0.000000e+00 0.000000e+00 1.000000e+00
    outer loop
      vertex   5.751673e+01 3.874356e+01 1.455000e+01
      vertex   5.855196e+01 3.848773e+01 1.455000e+01
      vertex   5.840970e+01 3.895671e+01 1.455000e+01
    endloop
  endfacet
  facet normal 0.000000e+00 0.000000e+00 1.000000e+00
    outer loop
      vertex   5.751673e+01 3.874356e+01 1.455000e+01
      vertex   5.840970e+01 3.895671e+01 1.455000e+01
      vertex   5.817867e+01 3.938893e+01 1.455000e+01
    endloop
  endfacet
  facet normal 0.000000e+00 -0.000000e+00 1.000000e+00
    outer loop
      vertex   5.751673e+01 3.874356e+01 1.455000e+01
      vertex   5.817867e+01 3.938893e+01 1.455000e+01
      vertex   5.729762e+01 3.906100e+01 1.455000e+01
    endloop
  endfacet
  facet normal 0.000000e+00 0.000000e+00 1.000000e+00
    outer loop
      vertex   5.729762e+01 3.906100e+01 1.455000e+01
      vertex   5.817867e+01 3.938893e+01 1.455000e+01
      vertex   5.786777e+01 3.976777e+01 1.455000e+01
    endloop
  endfacet
  facet normal 0.000000e+00 -0.000000e+00 1.000000e+00
    outer loop
      vertex   5.729762e+01 3.906100e+01 1.455000e+01
      vertex   5.786777e+01 3.976777e+01 1.455000e+01
      vertex   5.700890e+01 3.931677e+01 1.455000e+01
    endloop
  endfacet
  facet normal 0.000000e+00 0.000000e+00 1.000000e+00
    outer loop
      vertex   5.700890e+01 3.931677e+01 1.455000e+01
      vertex   5.786777e+01 3.976777e+01 1.455000e+01
      vertex   5.748893e+01 4.007867e+01 1.455000e+01
    endloop
  endfacet
  facet normal 0.000000e+00 -0.000000e+00 1.000000e+00
    outer loop
      vertex   5.700890e+01 3.931677e+01 1.455000e+01
      vertex   5.748893e+01 4.007867e+01 1.455000e+01
      vertex   5.666737e+01 3.949603e+01 1.455000e+01
    endloop
  endfacet
  facet normal 0.000000e+00 0.000000e+00 1.000000e+00
    outer loop
      vertex   5.666737e+01 3.949603e+01 1.455000e+01
      vertex   5.748893e+01 4.007867e+01 1.455000e+01
      vertex   5.705671e+01 4.030970e+01 1.455000e+01
    endloop
  endfacet
  facet normal 0.000000e+00 -0.000000e+00 1.000000e+00
    outer loop
      vertex   5.666737e+01 3.949603e+01 1.455000e+01
      vertex   5.705671e+01 4.030970e+01 1.455000e+01
      vertex   5.629286e+01 3.958833e+01 1.455000e+01
    endloop
  endfacet
  facet normal 0.000000e+00 0.000000e+00 1.000000e+00
    outer loop
      vertex   5.629286e+01 3.958833e+01 1.455000e+01
      vertex   5.705671e+01 4.030970e+01 1.455000e+01
      vertex   5.658773e+01 4.045196e+01 1.455000e+01
    endloop
  endfacet
  facet normal 0.000000e+00 -0.000000e+00 1.000000e+00
    outer loop
      vertex   5.629286e+01 3.958833e+01 1.455000e+01
      vertex   5.658773e+01 4.045196e+01 1.455000e+01
      vertex   5.610000e+01 4.050000e+01 1.455000e+01
    endloop
  endfacet
  facet normal 0.000000e+00 0.000000e+00 1.000000e+00
    outer loop
      vertex   5.610000e+01 4.400000e+01 1.455000e+01
      vertex   5.327200e+01 4.200000e+01 1.455000e+01
      vertex   5.610000e+01 4.050000e+01 1.455000e+01
    endloop
  endfacet
  facet normal 0.000000e+00 0.000000e+00 1.000000e+00
    outer loop
      vertex   5.610000e+01 4.050000e+01 1.455000e+01
      vertex   5.327200e+01 4.200000e+01 1.455000e+01
      vertex   5.327200e+01 4.199879e+01 1.455000e+01
    endloop
  endfacet
  facet normal 0.000000e+00 0.000000e+00 1.000000e+00
    outer loop
      vertex   5.610000e+01 4.050000e+01 1.455000e+01
      vertex   5.327200e+01 4.199879e+01 1.455000e+01
      vertex   5.420000e+01 3.955000e+01 1.455000e+01
    endloop
  endfacet
  facet normal 0.000000e+00 -0.000000e+00 1.000000e+00
    outer loop
      vertex   5.327200e+01 4.200000e+01 1.455000e+01
      vertex   5.610000e+01 4.400000e+01 1.455000e+01
      vertex   5.327157e+01 4.200000e+01 1.455000e+01
    endloop
  endfacet
  facet normal 0.000000e+00 -0.000000e+00 1.000000e+00
    outer loop
      vertex   5.327157e+01 4.200000e+01 1.455000e+01
      vertex   5.610000e+01 4.400000e+01 1.455000e+01
      vertex   0.000000e+00 4.400000e+01 1.455000e+01
    endloop
  endfacet
  facet normal 0.000000e+00 0.000000e+00 1.000000e+00
    outer loop
      vertex   5.327157e+01 4.200000e+01 1.455000e+01
      vertex   0.000000e+00 4.400000e+01 1.455000e+01
      vertex   2.828427e+00 4.200000e+01 1.455000e+01
    endloop
  endfacet
  facet normal 0.000000e+00 0.000000e+00 1.000000e+00
    outer loop
      vertex   2.828427e+00 4.200000e+01 1.455000e+01
      vertex   0.000000e+00 4.400000e+01 1.455000e+01
      vertex   2.828000e+00 4.200000e+01 1.455000e+01
    endloop
  endfacet
  facet normal 0.000000e+00 0.000000e+00 1.000000e+00
    outer loop
      vertex   2.828000e+00 4.200000e+01 1.455000e+01
      vertex   0.000000e+00 4.400000e+01 1.455000e+01
      vertex   0.000000e+00 4.050000e+01 1.455000e+01
    endloop
  endfacet
  facet normal 0.000000e+00 0.000000e+00 1.000000e+00
    outer loop
      vertex   2.828000e+00 4.200000e+01 1.455000e+01
      vertex   0.000000e+00 4.050000e+01 1.455000e+01
      vertex   2.828000e+00 4.199879e+01 1.455000e+01
    endloop
  endfacet
  facet normal 0.000000e+00 0.000000e+00 1.000000e+00
    outer loop
      vertex   2.828000e+00 4.199879e+01 1.455000e+01
      vertex   0.000000e+00 4.050000e+01 1.455000e+01
      vertex   9.089036e-01 3.931677e+01 1.455000e+01
    endloop
  endfacet
  facet normal 0.000000e+00 0.000000e+00 1.000000e+00
    outer loop
      vertex   2.828000e+00 4.199879e+01 1.455000e+01
      vertex   9.089036e-01 3.931677e+01 1.455000e+01
      vertex   4.292893e+00 3.970711e+01 1.455000e+01
    endloop
  endfacet
  facet normal 0.000000e+00 0.000000e+00 1.000000e+00
    outer loop
      vertex   4.292893e+00 3.970711e+01 1.455000e+01
      vertex   9.089036e-01 3.931677e+01 1.455000e+01
      vertex   4.133975e+00 3.950000e+01 1.455000e+01
    endloop
  endfacet
  facet normal 0.000000e+00 0.000000e+00 1.000000e+00
    outer loop
      vertex   4.133975e+00 3.950000e+01 1.455000e+01
      vertex   9.089036e-01 3.931677e+01 1.455000e+01
      vertex   1.197617e+00 3.906100e+01 1.455000e+01
    endloop
  endfacet
  facet normal 0.000000e+00 0.000000e+00 1.000000e+00
    outer loop
      vertex   4.133975e+00 3.950000e+01 1.455000e+01
      vertex   1.197617e+00 3.906100e+01 1.455000e+01
      vertex   4.034074e+00 3.925882e+01 1.455000e+01
    endloop
  endfacet
  facet normal 0.000000e+00 0.000000e+00 1.000000e+00
    outer loop
      vertex   4.034074e+00 3.925882e+01 1.455000e+01
      vertex   1.197617e+00 3.906100e+01 1.455000e+01
      vertex   1.416730e+00 3.874356e+01 1.455000e+01
    endloop
  endfacet
  facet normal 0.000000e+00 0.000000e+00 1.000000e+00
    outer loop
      vertex   4.034074e+00 3.925882e+01 1.455000e+01
      vertex   1.416730e+00 3.874356e+01 1.455000e+01
      vertex   4.000000e+00 3.900000e+01 1.455000e+01
    endloop
  endfacet
  facet normal 0.000000e+00 0.000000e+00 1.000000e+00
    outer loop
      vertex   4.000000e+00 3.900000e+01 1.455000e+01
      vertex   1.416730e+00 3.874356e+01 1.455000e+01
      vertex   1.553507e+00 3.838291e+01 1.455000e+01
    endloop
  endfacet
  facet normal 0.000000e+00 0.000000e+00 1.000000e+00
    outer loop
      vertex   4.000000e+00 3.900000e+01 1.455000e+01
      vertex   1.553507e+00 3.838291e+01 1.455000e+01
      vertex   1.600000e+00 3.800000e+01 1.455000e+01
    endloop
  endfacet
  facet normal -0.000000e+00 0.000000e+00 1.000000e+00
    outer loop
      vertex   -4.877258e-01 4.045196e+01 1.455000e+01
      vertex   -1.928587e-01 3.958833e+01 1.455000e+01
      vertex   0.000000e+00 4.050000e+01 1.455000e+01
    endloop
  endfacet
  facet normal 0.000000e+00 0.000000e+00 1.000000e+00
    outer loop
      vertex   0.000000e+00 4.050000e+01 1.455000e+01
      vertex   -1.928587e-01 3.958833e+01 1.455000e+01
      vertex   1.928587e-01 3.958833e+01 1.455000e+01
    endloop
  endfacet
  facet normal 0.000000e+00 0.000000e+00 1.000000e+00
    outer loop
      vertex   0.000000e+00 4.050000e+01 1.455000e+01
      vertex   1.928587e-01 3.958833e+01 1.455000e+01
      vertex   5.673678e-01 3.949603e+01 1.455000e+01
    endloop
  endfacet
  facet normal 0.000000e+00 0.000000e+00 1.000000e+00
    outer loop
      vertex   -4.877258e-01 4.045196e+01 1.455000e+01
      vertex   -9.567086e-01 4.030970e+01 1.455000e+01
      vertex   -1.928587e-01 3.958833e+01 1.455000e+01
    endloop
  endfacet
  facet normal 0.000000e+00 0.000000e+00 1.000000e+00
    outer loop
      vertex   -1.928587e-01 3.958833e+01 1.455000e+01
      vertex   -9.567086e-01 4.030970e+01 1.455000e+01
      vertex   -5.673678e-01 3.949603e+01 1.455000e+01
    endloop
  endfacet
  facet normal 0.000000e+00 0.000000e+00 1.000000e+00
    outer loop
      vertex   -5.673678e-01 3.949603e+01 1.455000e+01
      vertex   -9.567086e-01 4.030970e+01 1.455000e+01
      vertex   -1.388926e+00 4.007867e+01 1.455000e+01
    endloop
  endfacet
  facet normal 0.000000e+00 0.000000e+00 1.000000e+00
    outer loop
      vertex   -5.673678e-01 3.949603e+01 1.455000e+01
      vertex   -1.388926e+00 4.007867e+01 1.455000e+01
      vertex   -9.089036e-01 3.931677e+01 1.455000e+01
    endloop
  endfacet
  facet normal 0.000000e+00 0.000000e+00 1.000000e+00
    outer loop
      vertex   -9.089036e-01 3.931677e+01 1.455000e+01
      vertex   -1.388926e+00 4.007867e+01 1.455000e+01
      vertex   -1.767767e+00 3.976777e+01 1.455000e+01
    endloop
  endfacet
  facet normal 0.000000e+00 0.000000e+00 1.000000e+00
    outer loop
      vertex   -9.089036e-01 3.931677e+01 1.455000e+01
      vertex   -1.767767e+00 3.976777e+01 1.455000e+01
      vertex   -1.197617e+00 3.906100e+01 1.455000e+01
    endloop
  endfacet
  facet normal 0.000000e+00 0.000000e+00 1.000000e+00
    outer loop
      vertex   -1.197617e+00 3.906100e+01 1.455000e+01
      vertex   -1.767767e+00 3.976777e+01 1.455000e+01
      vertex   -2.078674e+00 3.938893e+01 1.455000e+01
    endloop
  endfacet
  facet normal 0.000000e+00 0.000000e+00 1.000000e+00
    outer loop
      vertex   -1.197617e+00 3.906100e+01 1.455000e+01
      vertex   -2.078674e+00 3.938893e+01 1.455000e+01
      vertex   -1.416730e+00 3.874356e+01 1.455000e+01
    endloop
  endfacet
  facet normal 0.000000e+00 0.000000e+00 1.000000e+00
    outer loop
      vertex   -1.416730e+00 3.874356e+01 1.455000e+01
      vertex   -2.078674e+00 3.938893e+01 1.455000e+01
      vertex   -2.309699e+00 3.895671e+01 1.455000e+01
    endloop
  endfacet
  facet normal 0.000000e+00 0.000000e+00 1.000000e+00
    outer loop
      vertex   -1.416730e+00 3.874356e+01 1.455000e+01
      vertex   -2.309699e+00 3.895671e+01 1.455000e+01
      vertex   -2.451963e+00 3.848773e+01 1.455000e+01
    endloop
  endfacet
  facet normal 0.000000e+00 0.000000e+00 1.000000e+00
    outer loop
      vertex   -1.416730e+00 3.874356e+01 1.455000e+01
      vertex   -2.451963e+00 3.848773e+01 1.455000e+01
      vertex   -1.553507e+00 3.838291e+01 1.455000e+01
    endloop
  endfacet
  facet normal 0.000000e+00 0.000000e+00 1.000000e+00
    outer loop
      vertex   -1.553507e+00 3.838291e+01 1.455000e+01
      vertex   -2.451963e+00 3.848773e+01 1.455000e+01
      vertex   -2.500000e+00 3.800000e+01 1.455000e+01
    endloop
  endfacet
  facet normal 0.000000e+00 0.000000e+00 1.000000e+00
    outer loop
      vertex   -1.553507e+00 3.838291e+01 1.455000e+01
      vertex   -2.500000e+00 3.800000e+01 1.455000e+01
      vertex   -1.600000e+00 3.800000e+01 1.455000e+01
    endloop
  endfacet
  facet normal 0.000000e+00 0.000000e+00 1.000000e+00
    outer loop
      vertex   -1.600000e+00 3.800000e+01 1.455000e+01
      vertex   -2.500000e+00 3.800000e+01 1.455000e+01
      vertex   -1.553507e+00 3.761709e+01 1.455000e+01
    endloop
  endfacet
  facet normal 0.000000e+00 0.000000e+00 1.000000e+00
    outer loop
      vertex   -1.553507e+00 3.761709e+01 1.455000e+01
      vertex   -2.500000e+00 3.800000e+01 1.455000e+01
      vertex   -2.451963e+00 3.751227e+01 1.455000e+01
    endloop
  endfacet
  facet normal 0.000000e+00 0.000000e+00 1.000000e+00
    outer loop
      vertex   -1.553507e+00 3.761709e+01 1.455000e+01
      vertex   -2.451963e+00 3.751227e+01 1.455000e+01
      vertex   -1.416730e+00 3.725644e+01 1.455000e+01
    endloop
  endfacet
  facet normal 0.000000e+00 0.000000e+00 1.000000e+00
    outer loop
      vertex   -1.416730e+00 3.725644e+01 1.455000e+01
      vertex   -2.451963e+00 3.751227e+01 1.455000e+01
      vertex   -2.309699e+00 3.704329e+01 1.455000e+01
    endloop
  endfacet
  facet normal 0.000000e+00 0.000000e+00 1.000000e+00
    outer loop
      vertex   -1.416730e+00 3.725644e+01 1.455000e+01
      vertex   -2.309699e+00 3.704329e+01 1.455000e+01
      vertex   -2.078674e+00 3.661107e+01 1.455000e+01
    endloop
  endfacet
  facet normal 0.000000e+00 0.000000e+00 1.000000e+00
    outer loop
      vertex   -1.416730e+00 3.725644e+01 1.455000e+01
      vertex   -2.078674e+00 3.661107e+01 1.455000e+01
      vertex   -1.197617e+00 3.693900e+01 1.455000e+01
    endloop
  endfacet
  facet normal 0.000000e+00 0.000000e+00 1.000000e+00
    outer loop
      vertex   -1.197617e+00 3.693900e+01 1.455000e+01
      vertex   -2.078674e+00 3.661107e+01 1.455000e+01
      vertex   -1.767767e+00 3.623223e+01 1.455000e+01
    endloop
  endfacet
  facet normal 0.000000e+00 0.000000e+00 1.000000e+00
    outer loop
      vertex   -1.197617e+00 3.693900e+01 1.455000e+01
      vertex   -1.767767e+00 3.623223e+01 1.455000e+01
      vertex   -9.089036e-01 3.668323e+01 1.455000e+01
    endloop
  endfacet
  facet normal 0.000000e+00 0.000000e+00 1.000000e+00
    outer loop
      vertex   -9.089036e-01 3.668323e+01 1.455000e+01
      vertex   -1.767767e+00 3.623223e+01 1.455000e+01
      vertex   -1.388926e+00 3.592133e+01 1.455000e+01
    endloop
  endfacet
  facet normal 0.000000e+00 0.000000e+00 1.000000e+00
    outer loop
      vertex   -9.089036e-01 3.668323e+01 1.455000e+01
      vertex   -1.388926e+00 3.592133e+01 1.455000e+01
      vertex   -5.673678e-01 3.650397e+01 1.455000e+01
    endloop
  endfacet
  facet normal 0.000000e+00 0.000000e+00 1.000000e+00
    outer loop
      vertex   -5.673678e-01 3.650397e+01 1.455000e+01
      vertex   -1.388926e+00 3.592133e+01 1.455000e+01
      vertex   -9.567086e-01 3.569030e+01 1.455000e+01
    endloop
  endfacet
  facet normal 0.000000e+00 0.000000e+00 1.000000e+00
    outer loop
      vertex   -5.673678e-01 3.650397e+01 1.455000e+01
      vertex   -9.567086e-01 3.569030e+01 1.455000e+01
      vertex   -1.928587e-01 3.641167e+01 1.455000e+01
    endloop
  endfacet
  facet normal 0.000000e+00 0.000000e+00 1.000000e+00
    outer loop
      vertex   -1.928587e-01 3.641167e+01 1.455000e+01
      vertex   -9.567086e-01 3.569030e+01 1.455000e+01
      vertex   -4.877258e-01 3.554804e+01 1.455000e+01
    endloop
  endfacet
  facet normal 0.000000e+00 0.000000e+00 1.000000e+00
    outer loop
      vertex   -1.928587e-01 3.641167e+01 1.455000e+01
      vertex   -4.877258e-01 3.554804e+01 1.455000e+01
      vertex   0.000000e+00 3.550000e+01 1.455000e+01
    endloop
  endfacet
  facet normal 0.000000e+00 0.000000e+00 1.000000e+00
    outer loop
      vertex   0.000000e+00 1.000000e+00 1.455000e+01
      vertex   4.000000e+00 1.000000e+00 1.455000e+01
      vertex   0.000000e+00 3.550000e+01 1.455000e+01
    endloop
  endfacet
  facet normal -0.000000e+00 0.000000e+00 1.000000e+00
    outer loop
      vertex   0.000000e+00 3.550000e+01 1.455000e+01
      vertex   4.000000e+00 1.000000e+00 1.455000e+01
      vertex   4.000000e+00 3.900000e+01 1.455000e+01
    endloop
  endfacet
  facet normal 0.000000e+00 0.000000e+00 1.000000e+00
    outer loop
      vertex   0.000000e+00 3.550000e+01 1.455000e+01
      vertex   4.000000e+00 3.900000e+01 1.455000e+01
      vertex   1.197617e+00 3.693900e+01 1.455000e+01
    endloop
  endfacet
  facet normal 0.000000e+00 0.000000e+00 1.000000e+00
    outer loop
      vertex   1.197617e+00 3.693900e+01 1.455000e+01
      vertex   4.000000e+00 3.900000e+01 1.455000e+01
      vertex   1.416730e+00 3.725644e+01 1.455000e+01
    endloop
  endfacet
  facet normal 0.000000e+00 0.000000e+00 1.000000e+00
    outer loop
      vertex   1.416730e+00 3.725644e+01 1.455000e+01
      vertex   4.000000e+00 3.900000e+01 1.455000e+01
      vertex   1.553507e+00 3.761709e+01 1.455000e+01
    endloop
  endfacet
  facet normal 0.000000e+00 0.000000e+00 1.000000e+00
    outer loop
      vertex   1.553507e+00 3.761709e+01 1.455000e+01
      vertex   4.000000e+00 3.900000e+01 1.455000e+01
      vertex   1.600000e+00 3.800000e+01 1.455000e+01
    endloop
  endfacet
  facet normal 0.000000e+00 -0.000000e+00 1.000000e+00
    outer loop
      vertex   4.292893e+00 3.970711e+01 1.455000e+01
      vertex   4.500000e+00 3.986603e+01 1.455000e+01
      vertex   2.828000e+00 4.199879e+01 1.455000e+01
    endloop
  endfacet
  facet normal 0.000000e+00 0.000000e+00 1.000000e+00
    outer loop
      vertex   2.828000e+00 4.199879e+01 1.455000e+01
      vertex   4.500000e+00 3.986603e+01 1.455000e+01
      vertex   4.741181e+00 3.996593e+01 1.455000e+01
    endloop
  endfacet
  facet normal 0.000000e+00 0.000000e+00 1.000000e+00
    outer loop
      vertex   2.828000e+00 4.199879e+01 1.455000e+01
      vertex   4.741181e+00 3.996593e+01 1.455000e+01
      vertex   5.000000e+00 4.000000e+01 1.455000e+01
    endloop
  endfacet
  facet normal 0.000000e+00 0.000000e+00 1.000000e+00
    outer loop
      vertex   5.110000e+01 4.000000e+01 1.455000e+01
      vertex   2.828427e+00 4.200000e+01 1.455000e+01
      vertex   5.000000e+00 4.000000e+01 1.455000e+01
    endloop
  endfacet
  facet normal 0.000000e+00 0.000000e+00 1.000000e+00
    outer loop
      vertex   5.000000e+00 4.000000e+01 1.455000e+01
      vertex   2.828427e+00 4.200000e+01 1.455000e+01
      vertex   2.828285e+00 4.199960e+01 1.455000e+01
    endloop
  endfacet
  facet normal 0.000000e+00 0.000000e+00 1.000000e+00
    outer loop
      vertex   5.000000e+00 4.000000e+01 1.455000e+01
      vertex   2.828285e+00 4.199960e+01 1.455000e+01
      vertex   2.828142e+00 4.199920e+01 1.455000e+01
    endloop
  endfacet
  facet normal 0.000000e+00 -0.000000e+00 1.000000e+00
    outer loop
      vertex   5.135882e+01 3.996593e+01 1.455000e+01
      vertex   5.327200e+01 4.199879e+01 1.455000e+01
      vertex   5.110000e+01 4.000000e+01 1.455000e+01
    endloop
  endfacet
  facet normal 0.000000e+00 0.000000e+00 1.000000e+00
    outer loop
      vertex   5.110000e+01 4.000000e+01 1.455000e+01
      vertex   5.327200e+01 4.199879e+01 1.455000e+01
      vertex   5.327186e+01 4.199920e+01 1.455000e+01
    endloop
  endfacet
  facet normal 0.000000e+00 0.000000e+00 1.000000e+00
    outer loop
      vertex   5.110000e+01 4.000000e+01 1.455000e+01
      vertex   5.327186e+01 4.199920e+01 1.455000e+01
      vertex   5.327172e+01 4.199960e+01 1.455000e+01
    endloop
  endfacet
  facet normal -0.000000e+00 0.000000e+00 1.000000e+00
    outer loop
      vertex   5.135882e+01 3.996593e+01 1.455000e+01
      vertex   5.160000e+01 3.986603e+01 1.455000e+01
      vertex   5.327200e+01 4.199879e+01 1.455000e+01
    endloop
  endfacet
  facet normal 0.000000e+00 0.000000e+00 1.000000e+00
    outer loop
      vertex   5.180711e+01 3.970711e+01 1.455000e+01
      vertex   5.196603e+01 3.950000e+01 1.455000e+01
      vertex   5.355000e+01 3.955000e+01 1.455000e+01
    endloop
  endfacet
  facet normal 0.000000e+00 0.000000e+00 1.000000e+00
    outer loop
      vertex   5.355000e+01 3.955000e+01 1.455000e+01
      vertex   5.196603e+01 3.950000e+01 1.455000e+01
      vertex   5.206593e+01 3.925882e+01 1.455000e+01
    endloop
  endfacet
  facet normal 0.000000e+00 0.000000e+00 1.000000e+00
    outer loop
      vertex   5.355000e+01 3.955000e+01 1.455000e+01
      vertex   5.206593e+01 3.925882e+01 1.455000e+01
      vertex   5.210000e+01 3.900000e+01 1.455000e+01
    endloop
  endfacet
  facet normal 0.000000e+00 0.000000e+00 1.000000e+00
    outer loop
      vertex   5.327172e+01 4.199960e+01 1.455000e+01
      vertex   5.327157e+01 4.200000e+01 1.455000e+01
      vertex   5.110000e+01 4.000000e+01 1.455000e+01
    endloop
  endfacet
  facet normal 0.000000e+00 -0.000000e+00 1.000000e+00
    outer loop
      vertex   5.110000e+01 4.000000e+01 1.455000e+01
      vertex   5.327157e+01 4.200000e+01 1.455000e+01
      vertex   2.828427e+00 4.200000e+01 1.455000e+01
    endloop
  endfacet
  facet normal 0.000000e+00 0.000000e+00 1.000000e+00
    outer loop
      vertex   5.519110e+01 3.668323e+01 1.455000e+01
      vertex   5.490238e+01 3.693900e+01 1.455000e+01
      vertex   5.420000e+01 3.645000e+01 1.455000e+01
    endloop
  endfacet
  facet normal 0.000000e+00 0.000000e+00 1.000000e+00
    outer loop
      vertex   5.420000e+01 3.645000e+01 1.455000e+01
      vertex   5.490238e+01 3.693900e+01 1.455000e+01
      vertex   5.468327e+01 3.725644e+01 1.455000e+01
    endloop
  endfacet
  facet normal 0.000000e+00 0.000000e+00 1.000000e+00
    outer loop
      vertex   5.420000e+01 3.645000e+01 1.455000e+01
      vertex   5.468327e+01 3.725644e+01 1.455000e+01
      vertex   5.454649e+01 3.761709e+01 1.455000e+01
    endloop
  endfacet
  facet normal 0.000000e+00 0.000000e+00 1.000000e+00
    outer loop
      vertex   5.454649e+01 3.761709e+01 1.455000e+01
      vertex   5.450000e+01 3.800000e+01 1.455000e+01
      vertex   5.420000e+01 3.645000e+01 1.455000e+01
    endloop
  endfacet
  facet normal 0.000000e+00 -0.000000e+00 1.000000e+00
    outer loop
      vertex   5.468327e+01 3.874356e+01 1.455000e+01
      vertex   5.490238e+01 3.906100e+01 1.455000e+01
      vertex   5.420000e+01 3.955000e+01 1.455000e+01
    endloop
  endfacet
  facet normal 0.000000e+00 0.000000e+00 1.000000e+00
    outer loop
      vertex   5.420000e+01 3.955000e+01 1.455000e+01
      vertex   5.490238e+01 3.906100e+01 1.455000e+01
      vertex   5.519110e+01 3.931677e+01 1.455000e+01
    endloop
  endfacet
  facet normal 0.000000e+00 0.000000e+00 1.000000e+00
    outer loop
      vertex   5.420000e+01 3.955000e+01 1.455000e+01
      vertex   5.519110e+01 3.931677e+01 1.455000e+01
      vertex   5.553263e+01 3.949603e+01 1.455000e+01
    endloop
  endfacet
  facet normal -0.000000e+00 0.000000e+00 1.000000e+00
    outer loop
      vertex   5.420000e+01 3.955000e+01 1.455000e+01
      vertex   5.553263e+01 3.949603e+01 1.455000e+01
      vertex   5.610000e+01 4.050000e+01 1.455000e+01
    endloop
  endfacet
  facet normal 0.000000e+00 0.000000e+00 1.000000e+00
    outer loop
      vertex   5.610000e+01 4.050000e+01 1.455000e+01
      vertex   5.553263e+01 3.949603e+01 1.455000e+01
      vertex   5.590714e+01 3.958833e+01 1.455000e+01
    endloop
  endfacet
  facet normal 0.000000e+00 0.000000e+00 1.000000e+00
    outer loop
      vertex   5.610000e+01 4.050000e+01 1.455000e+01
      vertex   5.590714e+01 3.958833e+01 1.455000e+01
      vertex   5.629286e+01 3.958833e+01 1.455000e+01
    endloop
  endfacet
  facet normal -0.000000e+00 -0.000000e+00 1.000000e+00
    outer loop
      vertex   5.673678e-01 3.949603e+01 1.455000e+01
      vertex   9.089036e-01 3.931677e+01 1.455000e+01
      vertex   0.000000e+00 4.050000e+01 1.455000e+01
    endloop
  endfacet
  facet normal 0.000000e+00 0.000000e+00 1.000000e+00
    outer loop
      vertex   1.197617e+00 3.693900e+01 1.455000e+01
      vertex   9.089036e-01 3.668323e+01 1.455000e+01
      vertex   0.000000e+00 3.550000e+01 1.455000e+01
    endloop
  endfacet
  facet normal 0.000000e+00 0.000000e+00 1.000000e+00
    outer loop
      vertex   0.000000e+00 3.550000e+01 1.455000e+01
      vertex   9.089036e-01 3.668323e+01 1.455000e+01
      vertex   5.673678e-01 3.650397e+01 1.455000e+01
    endloop
  endfacet
  facet normal 0.000000e+00 0.000000e+00 1.000000e+00
    outer loop
      vertex   0.000000e+00 3.550000e+01 1.455000e+01
      vertex   5.673678e-01 3.650397e+01 1.455000e+01
      vertex   1.928587e-01 3.641167e+01 1.455000e+01
    endloop
  endfacet
  facet normal 0.000000e+00 0.000000e+00 1.000000e+00
    outer loop
      vertex   1.928587e-01 3.641167e+01 1.455000e+01
      vertex   -1.928587e-01 3.641167e+01 1.455000e+01
      vertex   0.000000e+00 3.550000e+01 1.455000e+01
    endloop
  endfacet
  facet normal 0.000000e+00 0.000000e+00 1.000000e+00
    outer loop
      vertex   2.828142e+00 4.199920e+01 1.455000e+01
      vertex   2.828000e+00 4.199879e+01 1.455000e+01
      vertex   5.000000e+00 4.000000e+01 1.455000e+01
    endloop
  endfacet
  facet normal 0.000000e+00 -4.906767e-02 9.987955e-01
    outer loop
      vertex   4.000000e+00 1.000000e+00 1.455000e+01
      vertex   0.000000e+00 1.000000e+00 1.455000e+01
      vertex   3.995185e+00 9.019829e-01 1.454518e+01
    endloop
  endfacet
  facet normal 2.730377e-18 -4.906767e-02 9.987955e-01
    outer loop
      vertex   3.995185e+00 9.019829e-01 1.454518e+01
      vertex   0.000000e+00 1.000000e+00 1.455000e+01
      vertex   4.815273e-03 9.019829e-01 1.454518e+01
    endloop
  endfacet
  facet normal 8.164836e-18 -1.467305e-01 9.891765e-01
    outer loop
      vertex   3.995185e+00 9.019829e-01 1.454518e+01
      vertex   4.815273e-03 9.019829e-01 1.454518e+01
      vertex   3.980785e+00 8.049097e-01 1.453079e+01
    endloop
  endfacet
  facet normal 4.112095e-18 -1.467305e-01 9.891765e-01
    outer loop
      vertex   3.980785e+00 8.049097e-01 1.453079e+01
      vertex   4.815273e-03 9.019829e-01 1.454518e+01
      vertex   1.921472e-02 8.049097e-01 1.453079e+01
    endloop
  endfacet
  facet normal 8.135176e-18 -2.902847e-01 9.569403e-01
    outer loop
      vertex   3.980785e+00 8.049097e-01 1.453079e+01
      vertex   1.921472e-02 8.049097e-01 1.453079e+01
      vertex   7.612047e-02 6.173166e-01 1.447388e+01
    endloop
  endfacet
  facet normal 2.529782e-17 -2.902847e-01 9.569403e-01
    outer loop
      vertex   3.980785e+00 8.049097e-01 1.453079e+01
      vertex   7.612047e-02 6.173166e-01 1.447388e+01
      vertex   3.923880e+00 6.173166e-01 1.447388e+01
    endloop
  endfacet
  facet normal 4.080470e-17 -4.713967e-01 8.819213e-01
    outer loop
      vertex   3.923880e+00 6.173166e-01 1.447388e+01
      vertex   7.612047e-02 6.173166e-01 1.447388e+01
      vertex   1.685304e-01 4.444298e-01 1.438147e+01
    endloop
  endfacet
  facet normal -3.720397e-16 -4.713967e-01 8.819213e-01
    outer loop
      vertex   3.923880e+00 6.173166e-01 1.447388e+01
      vertex   1.685304e-01 4.444298e-01 1.438147e+01
      vertex   3.831470e+00 4.444298e-01 1.438147e+01
    endloop
  endfacet
  facet normal -2.979616e-16 -6.343933e-01 7.730105e-01
    outer loop
      vertex   3.831470e+00 4.444298e-01 1.438147e+01
      vertex   1.685304e-01 4.444298e-01 1.438147e+01
      vertex   3.707107e+00 2.928932e-01 1.425711e+01
    endloop
  endfacet
  facet normal 8.251599e-17 -6.343933e-01 7.730105e-01
    outer loop
      vertex   3.707107e+00 2.928932e-01 1.425711e+01
      vertex   1.685304e-01 4.444298e-01 1.438147e+01
      vertex   2.928932e-01 2.928932e-01 1.425711e+01
    endloop
  endfacet
  facet normal 1.005460e-16 -7.730105e-01 6.343933e-01
    outer loop
      vertex   3.707107e+00 2.928932e-01 1.425711e+01
      vertex   2.928932e-01 2.928932e-01 1.425711e+01
      vertex   3.555570e+00 1.685304e-01 1.410557e+01
    endloop
  endfacet
  facet normal 1.034445e-16 -7.730105e-01 6.343933e-01
    outer loop
      vertex   3.555570e+00 1.685304e-01 1.410557e+01
      vertex   2.928932e-01 2.928932e-01 1.425711e+01
      vertex   4.444298e-01 1.685304e-01 1.410557e+01
    endloop
  endfacet
  facet normal 1.180189e-16 -8.819213e-01 4.713967e-01
    outer loop
      vertex   3.555570e+00 1.685304e-01 1.410557e+01
      vertex   4.444298e-01 1.685304e-01 1.410557e+01
      vertex   6.173166e-01 7.612047e-02 1.393268e+01
    endloop
  endfacet
  facet normal -4.735951e-16 -8.819213e-01 4.713967e-01
    outer loop
      vertex   3.555570e+00 1.685304e-01 1.410557e+01
      vertex   6.173166e-01 7.612047e-02 1.393268e+01
      vertex   3.382683e+00 7.612047e-02 1.393268e+01
    endloop
  endfacet
  facet normal -2.288636e-16 -9.569403e-01 2.902847e-01
    outer loop
      vertex   3.382683e+00 7.612047e-02 1.393268e+01
      vertex   6.173166e-01 7.612047e-02 1.393268e+01
      vertex   8.049097e-01 1.921472e-02 1.374509e+01
    endloop
  endfacet
  facet normal 5.553398e-17 -9.569403e-01 2.902847e-01
    outer loop
      vertex   3.382683e+00 7.612047e-02 1.393268e+01
      vertex   8.049097e-01 1.921472e-02 1.374509e+01
      vertex   3.195090e+00 1.921472e-02 1.374509e+01
    endloop
  endfacet
  facet normal 5.778209e-17 -9.951847e-01 9.801714e-02
    outer loop
      vertex   3.195090e+00 1.921472e-02 1.374509e+01
      vertex   8.049097e-01 1.921472e-02 1.374509e+01
      vertex   3.000000e+00 0.000000e+00 1.355000e+01
    endloop
  endfacet
  facet normal 0.000000e+00 -9.951847e-01 9.801714e-02
    outer loop
      vertex   3.000000e+00 0.000000e+00 1.355000e+01
      vertex   8.049097e-01 1.921472e-02 1.374509e+01
      vertex   1.000000e+00 0.000000e+00 1.355000e+01
    endloop
  endfacet
  facet normal -1.000751e-01 -9.949777e-01 -2.078363e-03
    outer loop
      vertex   8.049097e-01 1.921472e-02 1.374509e+01
      vertex   7.411810e-01 3.407417e-02 9.700000e+00
      vertex   1.000000e+00 0.000000e+00 1.355000e+01
    endloop
  endfacet
  facet normal -1.305262e-01 -9.914449e-01 0.000000e+00
    outer loop
      vertex   1.000000e+00 0.000000e+00 1.355000e+01
      vertex   7.411810e-01 3.407417e-02 9.700000e+00
      vertex   7.411810e-01 3.407417e-02 4.850000e+00
    endloop
  endfacet
  facet normal -1.645263e-01 -9.863722e-01 1.031349e-03
    outer loop
      vertex   1.000000e+00 0.000000e+00 1.355000e+01
      vertex   7.411810e-01 3.407417e-02 4.850000e+00
      vertex   8.049097e-01 1.921472e-02 8.049097e-01
    endloop
  endfacet
  facet normal -2.893302e-01 -9.572288e-01 -1.041942e-03
    outer loop
      vertex   8.049097e-01 1.921472e-02 8.049097e-01
      vertex   7.411810e-01 3.407417e-02 4.850000e+00
      vertex   6.173166e-01 7.612047e-02 6.173166e-01
    endloop
  endfacet
  facet normal -3.826827e-01 -9.238776e-01 2.021205e-03
    outer loop
      vertex   6.173166e-01 7.612047e-02 6.173166e-01
      vertex   7.411810e-01 3.407417e-02 4.850000e+00
      vertex   5.000000e-01 1.339746e-01 4.850000e+00
    endloop
  endfacet
  facet normal -4.706307e-01 -8.823297e-01 -9.843317e-04
    outer loop
      vertex   6.173166e-01 7.612047e-02 6.173166e-01
      vertex   5.000000e-01 1.339746e-01 4.850000e+00
      vertex   4.444298e-01 1.685304e-01 4.444298e-01
    endloop
  endfacet
  facet normal -6.087608e-01 -7.933525e-01 1.455897e-03
    outer loop
      vertex   4.444298e-01 1.685304e-01 4.444298e-01
      vertex   5.000000e-01 1.339746e-01 4.850000e+00
      vertex   2.928932e-01 2.928932e-01 4.850000e+00
    endloop
  endfacet
  facet normal -6.343933e-01 -7.730105e-01 1.091303e-15
    outer loop
      vertex   4.444298e-01 1.685304e-01 4.444298e-01
      vertex   2.928932e-01 2.928932e-01 4.850000e+00
      vertex   2.928932e-01 2.928932e-01 2.928932e-01
    endloop
  endfacet
  facet normal -7.730105e-01 -6.343933e-01 1.136305e-15
    outer loop
      vertex   2.928932e-01 2.928932e-01 2.928932e-01
      vertex   2.928932e-01 2.928932e-01 4.850000e+00
      vertex   1.685304e-01 4.444298e-01 1.685304e-01
    endloop
  endfacet
  facet normal -7.933526e-01 -6.087609e-01 1.370095e-03
    outer loop
      vertex   1.685304e-01 4.444298e-01 1.685304e-01
      vertex   2.928932e-01 2.928932e-01 4.850000e+00
      vertex   1.339746e-01 5.000000e-01 4.850000e+00
    endloop
  endfacet
  facet normal -8.817190e-01 -4.717741e-01 -9.082408e-04
    outer loop
      vertex   1.685304e-01 4.444298e-01 1.685304e-01
      vertex   1.339746e-01 5.000000e-01 4.850000e+00
      vertex   7.612047e-02 6.173166e-01 7.612047e-02
    endloop
  endfacet
  facet normal -9.238780e-01 -3.826828e-01 1.792070e-03
    outer loop
      vertex   7.612047e-02 6.173166e-01 7.612047e-02
      vertex   1.339746e-01 5.000000e-01 4.850000e+00
      vertex   3.407417e-02 7.411810e-01 4.850000e+00
    endloop
  endfacet
  facet normal -9.568650e-01 -2.905316e-01 -8.894451e-04
    outer loop
      vertex   7.612047e-02 6.173166e-01 7.612047e-02
      vertex   3.407417e-02 7.411810e-01 4.850000e+00
      vertex   1.921472e-02 8.049097e-01 1.921472e-02
    endloop
  endfacet
  facet normal -9.891998e-01 -1.465694e-01 1.109196e-03
    outer loop
      vertex   1.921472e-02 8.049097e-01 1.921472e-02
      vertex   3.407417e-02 7.411810e-01 4.850000e+00
      vertex   4.815273e-03 9.019829e-01 4.815273e-03
    endloop
  endfacet
  facet normal -9.987963e-01 -4.885106e-02 4.410222e-03
    outer loop
      vertex   4.815273e-03 9.019829e-01 4.815273e-03
      vertex   3.407417e-02 7.411810e-01 4.850000e+00
      vertex   0.000000e+00 1.000000e+00 0.000000e+00
    endloop
  endfacet
  facet normal -9.914449e-01 -1.305262e-01 0.000000e+00
    outer loop
      vertex   0.000000e+00 1.000000e+00 0.000000e+00
      vertex   3.407417e-02 7.411810e-01 4.850000e+00
      vertex   3.407417e-02 7.411810e-01 9.700000e+00
    endloop
  endfacet
  facet normal -9.875115e-01 -1.575450e-01 -7.347430e-04
    outer loop
      vertex   0.000000e+00 1.000000e+00 0.000000e+00
      vertex   3.407417e-02 7.411810e-01 9.700000e+00
      vertex   4.815273e-03 9.019829e-01 1.454518e+01
    endloop
  endfacet
  facet normal -9.891998e-01 -1.465694e-01 -1.109196e-03
    outer loop
      vertex   4.815273e-03 9.019829e-01 1.454518e+01
      vertex   3.407417e-02 7.411810e-01 9.700000e+00
      vertex   1.921472e-02 8.049097e-01 1.453079e+01
    endloop
  endfacet
  facet normal -9.568650e-01 -2.905316e-01 8.894451e-04
    outer loop
      vertex   1.921472e-02 8.049097e-01 1.453079e+01
      vertex   3.407417e-02 7.411810e-01 9.700000e+00
      vertex   7.612047e-02 6.173166e-01 1.447388e+01
    endloop
  endfacet
  facet normal -9.238780e-01 -3.826828e-01 -1.792070e-03
    outer loop
      vertex   7.612047e-02 6.173166e-01 1.447388e+01
      vertex   3.407417e-02 7.411810e-01 9.700000e+00
      vertex   1.339746e-01 5.000000e-01 9.700000e+00
    endloop
  endfacet
  facet normal -8.817190e-01 -4.717741e-01 9.082408e-04
    outer loop
      vertex   7.612047e-02 6.173166e-01 1.447388e+01
      vertex   1.339746e-01 5.000000e-01 9.700000e+00
      vertex   1.685304e-01 4.444298e-01 1.438147e+01
    endloop
  endfacet
  facet normal -7.933526e-01 -6.087609e-01 -1.370095e-03
    outer loop
      vertex   1.685304e-01 4.444298e-01 1.438147e+01
      vertex   1.339746e-01 5.000000e-01 9.700000e+00
      vertex   2.928932e-01 2.928932e-01 9.700000e+00
    endloop
  endfacet
  facet normal -7.730105e-01 -6.343933e-01 2.330184e-16
    outer loop
      vertex   1.685304e-01 4.444298e-01 1.438147e+01
      vertex   2.928932e-01 2.928932e-01 9.700000e+00
      vertex   2.928932e-01 2.928932e-01 1.425711e+01
    endloop
  endfacet
  facet normal -6.343933e-01 -7.730105e-01 1.803989e-16
    outer loop
      vertex   2.928932e-01 2.928932e-01 1.425711e+01
      vertex   2.928932e-01 2.928932e-01 9.700000e+00
      vertex   4.444298e-01 1.685304e-01 1.410557e+01
    endloop
  endfacet
  facet normal -6.087608e-01 -7.933525e-01 -1.455897e-03
    outer loop
      vertex   4.444298e-01 1.685304e-01 1.410557e+01
      vertex   2.928932e-01 2.928932e-01 9.700000e+00
      vertex   5.000000e-01 1.339746e-01 9.700000e+00
    endloop
  endfacet
  facet normal -4.706307e-01 -8.823297e-01 9.843317e-04
    outer loop
      vertex   4.444298e-01 1.685304e-01 1.410557e+01
      vertex   5.000000e-01 1.339746e-01 9.700000e+00
      vertex   6.173166e-01 7.612047e-02 1.393268e+01
    endloop
  endfacet
  facet normal -3.826827e-01 -9.238776e-01 -2.021205e-03
    outer loop
      vertex   6.173166e-01 7.612047e-02 1.393268e+01
      vertex   5.000000e-01 1.339746e-01 9.700000e+00
      vertex   7.411810e-01 3.407417e-02 9.700000e+00
    endloop
  endfacet
  facet normal -2.893302e-01 -9.572288e-01 1.041942e-03
    outer loop
      vertex   6.173166e-01 7.612047e-02 1.393268e+01
      vertex   7.411810e-01 3.407417e-02 9.700000e+00
      vertex   8.049097e-01 1.921472e-02 1.374509e+01
    endloop
  endfacet
  facet normal -9.987955e-01 -4.906767e-02 1.518629e-18
    outer loop
      vertex   4.815273e-03 9.019829e-01 1.454518e+01
      vertex   0.000000e+00 1.000000e+00 1.455000e+01
      vertex   0.000000e+00 1.000000e+00 0.000000e+00
    endloop
  endfacet
  facet normal -9.801714e-02 -9.951847e-01 0.000000e+00
    outer loop
      vertex   8.049097e-01 1.921472e-02 8.049097e-01
      vertex   1.000000e+00 0.000000e+00 1.000000e+00
      vertex   1.000000e+00 0.000000e+00 1.355000e+01
    endloop
  endfacet
  facet normal -3.826834e-01 -9.238795e-01 0.000000e+00
    outer loop
      vertex   5.000000e-01 1.339746e-01 4.850000e+00
      vertex   7.411810e-01 3.407417e-02 4.850000e+00
      vertex   7.411810e-01 3.407417e-02 9.700000e+00
    endloop
  endfacet
  facet normal -6.087614e-01 -7.933533e-01 0.000000e+00
    outer loop
      vertex   2.928932e-01 2.928932e-01 4.850000e+00
      vertex   5.000000e-01 1.339746e-01 4.850000e+00
      vertex   5.000000e-01 1.339746e-01 9.700000e+00
    endloop
  endfacet
  facet normal -3.826834e-01 -9.238795e-01 -0.000000e+00
    outer loop
      vertex   5.000000e-01 1.339746e-01 9.700000e+00
      vertex   5.000000e-01 1.339746e-01 4.850000e+00
      vertex   7.411810e-01 3.407417e-02 9.700000e+00
    endloop
  endfacet
  facet normal -7.933533e-01 -6.087614e-01 2.740254e-17
    outer loop
      vertex   1.339746e-01 5.000000e-01 4.850000e+00
      vertex   2.928932e-01 2.928932e-01 4.850000e+00
      vertex   2.928932e-01 2.928932e-01 9.700000e+00
    endloop
  endfacet
  facet normal -6.087614e-01 -7.933533e-01 -3.169147e-17
    outer loop
      vertex   2.928932e-01 2.928932e-01 9.700000e+00
      vertex   2.928932e-01 2.928932e-01 4.850000e+00
      vertex   5.000000e-01 1.339746e-01 9.700000e+00
    endloop
  endfacet
  facet normal -9.238795e-01 -3.826834e-01 0.000000e+00
    outer loop
      vertex   3.407417e-02 7.411810e-01 4.850000e+00
      vertex   1.339746e-01 5.000000e-01 4.850000e+00
      vertex   1.339746e-01 5.000000e-01 9.700000e+00
    endloop
  endfacet
  facet normal -7.933533e-01 -6.087614e-01 -0.000000e+00
    outer loop
      vertex   1.339746e-01 5.000000e-01 9.700000e+00
      vertex   1.339746e-01 5.000000e-01 4.850000e+00
      vertex   2.928932e-01 2.928932e-01 9.700000e+00
    endloop
  endfacet
  facet normal -9.238795e-01 -3.826834e-01 -0.000000e+00
    outer loop
      vertex   3.407417e-02 7.411810e-01 9.700000e+00
      vertex   3.407417e-02 7.411810e-01 4.850000e+00
      vertex   1.339746e-01 5.000000e-01 9.700000e+00
    endloop
  endfacet
  facet normal 9.987963e-01 -4.885106e-02 -4.410222e-03
    outer loop
      vertex   5.609518e+01 9.019829e-01 1.454518e+01
      vertex   5.606593e+01 7.411810e-01 9.700000e+00
      vertex   5.610000e+01 1.000000e+00 1.455000e+01
    endloop
  endfacet
  facet normal 9.914449e-01 -1.305262e-01 0.000000e+00
    outer loop
      vertex   5.610000e+01 1.000000e+00 1.455000e+01
      vertex   5.606593e+01 7.411810e-01 9.700000e+00
      vertex   5.606593e+01 7.411810e-01 4.850000e+00
    endloop
  endfacet
  facet normal 9.875115e-01 -1.575450e-01 7.347430e-04
    outer loop
      vertex   5.610000e+01 1.000000e+00 1.455000e+01
      vertex   5.606593e+01 7.411810e-01 4.850000e+00
      vertex   5.609518e+01 9.019829e-01 4.815273e-03
    endloop
  endfacet
  facet normal 9.891998e-01 -1.465694e-01 1.109196e-03
    outer loop
      vertex   5.609518e+01 9.019829e-01 4.815273e-03
      vertex   5.606593e+01 7.411810e-01 4.850000e+00
      vertex   5.608079e+01 8.049097e-01 1.921472e-02
    endloop
  endfacet
  facet normal 9.568650e-01 -2.905316e-01 -8.894451e-04
    outer loop
      vertex   5.608079e+01 8.049097e-01 1.921472e-02
      vertex   5.606593e+01 7.411810e-01 4.850000e+00
      vertex   5.602388e+01 6.173166e-01 7.612047e-02
    endloop
  endfacet
  facet normal 9.238780e-01 -3.826828e-01 1.792070e-03
    outer loop
      vertex   5.602388e+01 6.173166e-01 7.612047e-02
      vertex   5.606593e+01 7.411810e-01 4.850000e+00
      vertex   5.596603e+01 5.000000e-01 4.850000e+00
    endloop
  endfacet
  facet normal 8.817190e-01 -4.717741e-01 -9.082408e-04
    outer loop
      vertex   5.602388e+01 6.173166e-01 7.612047e-02
      vertex   5.596603e+01 5.000000e-01 4.850000e+00
      vertex   5.593147e+01 4.444298e-01 1.685304e-01
    endloop
  endfacet
  facet normal 7.933526e-01 -6.087609e-01 1.370095e-03
    outer loop
      vertex   5.593147e+01 4.444298e-01 1.685304e-01
      vertex   5.596603e+01 5.000000e-01 4.850000e+00
      vertex   5.580711e+01 2.928932e-01 4.850000e+00
    endloop
  endfacet
  facet normal 7.730105e-01 -6.343933e-01 1.553456e-17
    outer loop
      vertex   5.593147e+01 4.444298e-01 1.685304e-01
      vertex   5.580711e+01 2.928932e-01 4.850000e+00
      vertex   5.580711e+01 2.928932e-01 2.928932e-01
    endloop
  endfacet
  facet normal 6.343933e-01 -7.730105e-01 1.883243e-17
    outer loop
      vertex   5.580711e+01 2.928932e-01 2.928932e-01
      vertex   5.580711e+01 2.928932e-01 4.850000e+00
      vertex   5.565557e+01 1.685304e-01 4.444298e-01
    endloop
  endfacet
  facet normal 6.087608e-01 -7.933525e-01 1.455897e-03
    outer loop
      vertex   5.565557e+01 1.685304e-01 4.444298e-01
      vertex   5.580711e+01 2.928932e-01 4.850000e+00
      vertex   5.560000e+01 1.339746e-01 4.850000e+00
    endloop
  endfacet
  facet normal 4.706307e-01 -8.823297e-01 -9.843317e-04
    outer loop
      vertex   5.565557e+01 1.685304e-01 4.444298e-01
      vertex   5.560000e+01 1.339746e-01 4.850000e+00
      vertex   5.548268e+01 7.612047e-02 6.173166e-01
    endloop
  endfacet
  facet normal 3.826827e-01 -9.238776e-01 2.021205e-03
    outer loop
      vertex   5.548268e+01 7.612047e-02 6.173166e-01
      vertex   5.560000e+01 1.339746e-01 4.850000e+00
      vertex   5.535882e+01 3.407417e-02 4.850000e+00
    endloop
  endfacet
  facet normal 2.893302e-01 -9.572288e-01 -1.041942e-03
    outer loop
      vertex   5.548268e+01 7.612047e-02 6.173166e-01
      vertex   5.535882e+01 3.407417e-02 4.850000e+00
      vertex   5.529509e+01 1.921472e-02 8.049097e-01
    endloop
  endfacet
  facet normal 1.000751e-01 -9.949777e-01 2.078363e-03
    outer loop
      vertex   5.529509e+01 1.921472e-02 8.049097e-01
      vertex   5.535882e+01 3.407417e-02 4.850000e+00
      vertex   5.510000e+01 0.000000e+00 1.000000e+00
    endloop
  endfacet
  facet normal 1.305262e-01 -9.914449e-01 0.000000e+00
    outer loop
      vertex   5.510000e+01 0.000000e+00 1.000000e+00
      vertex   5.535882e+01 3.407417e-02 4.850000e+00
      vertex   5.535882e+01 3.407417e-02 9.700000e+00
    endloop
  endfacet
  facet normal 1.645263e-01 -9.863722e-01 -1.031349e-03
    outer loop
      vertex   5.510000e+01 0.000000e+00 1.000000e+00
      vertex   5.535882e+01 3.407417e-02 9.700000e+00
      vertex   5.529509e+01 1.921472e-02 1.374509e+01
    endloop
  endfacet
  facet normal 2.893302e-01 -9.572288e-01 1.041942e-03
    outer loop
      vertex   5.529509e+01 1.921472e-02 1.374509e+01
      vertex   5.535882e+01 3.407417e-02 9.700000e+00
      vertex   5.548268e+01 7.612047e-02 1.393268e+01
    endloop
  endfacet
  facet normal 3.826827e-01 -9.238776e-01 -2.021205e-03
    outer loop
      vertex   5.548268e+01 7.612047e-02 1.393268e+01
      vertex   5.535882e+01 3.407417e-02 9.700000e+00
      vertex   5.560000e+01 1.339746e-01 9.700000e+00
    endloop
  endfacet
  facet normal 4.706307e-01 -8.823297e-01 9.843317e-04
    outer loop
      vertex   5.548268e+01 7.612047e-02 1.393268e+01
      vertex   5.560000e+01 1.339746e-01 9.700000e+00
      vertex   5.565557e+01 1.685304e-01 1.410557e+01
    endloop
  endfacet
  facet normal 6.087608e-01 -7.933525e-01 -1.455897e-03
    outer loop
      vertex   5.565557e+01 1.685304e-01 1.410557e+01
      vertex   5.560000e+01 1.339746e-01 9.700000e+00
      vertex   5.580711e+01 2.928932e-01 9.700000e+00
    endloop
  endfacet
  facet normal 6.343933e-01 -7.730105e-01 2.252511e-16
    outer loop
      vertex   5.565557e+01 1.685304e-01 1.410557e+01
      vertex   5.580711e+01 2.928932e-01 9.700000e+00
      vertex   5.580711e+01 2.928932e-01 1.425711e+01
    endloop
  endfacet
  facet normal 7.730105e-01 -6.343933e-01 1.854645e-16
    outer loop
      vertex   5.580711e+01 2.928932e-01 1.425711e+01
      vertex   5.580711e+01 2.928932e-01 9.700000e+00
      vertex   5.593147e+01 4.444298e-01 1.438147e+01
    endloop
  endfacet
  facet normal 7.933526e-01 -6.087609e-01 -1.370095e-03
    outer loop
      vertex   5.593147e+01 4.444298e-01 1.438147e+01
      vertex   5.580711e+01 2.928932e-01 9.700000e+00
      vertex   5.596603e+01 5.000000e-01 9.700000e+00
    endloop
  endfacet
  facet normal 8.817190e-01 -4.717741e-01 9.082408e-04
    outer loop
      vertex   5.593147e+01 4.444298e-01 1.438147e+01
      vertex   5.596603e+01 5.000000e-01 9.700000e+00
      vertex   5.602388e+01 6.173166e-01 1.447388e+01
    endloop
  endfacet
  facet normal 9.238780e-01 -3.826828e-01 -1.792070e-03
    outer loop
      vertex   5.602388e+01 6.173166e-01 1.447388e+01
      vertex   5.596603e+01 5.000000e-01 9.700000e+00
      vertex   5.606593e+01 7.411810e-01 9.700000e+00
    endloop
  endfacet
  facet normal 9.568650e-01 -2.905316e-01 8.894451e-04
    outer loop
      vertex   5.602388e+01 6.173166e-01 1.447388e+01
      vertex   5.606593e+01 7.411810e-01 9.700000e+00
      vertex   5.608079e+01 8.049097e-01 1.453079e+01
    endloop
  endfacet
  facet normal 9.891998e-01 -1.465694e-01 -1.109196e-03
    outer loop
      vertex   5.608079e+01 8.049097e-01 1.453079e+01
      vertex   5.606593e+01 7.411810e-01 9.700000e+00
      vertex   5.609518e+01 9.019829e-01 1.454518e+01
    endloop
  endfacet
  facet normal 9.801714e-02 -9.951847e-01 0.000000e+00
    outer loop
      vertex   5.529509e+01 1.921472e-02 1.374509e+01
      vertex   5.510000e+01 0.000000e+00 1.355000e+01
      vertex   5.510000e+01 0.000000e+00 1.000000e+00
    endloop
  endfacet
  facet normal 9.987955e-01 -4.906767e-02 1.518629e-18
    outer loop
      vertex   5.609518e+01 9.019829e-01 4.815273e-03
      vertex   5.610000e+01 1.000000e+00 0.000000e+00
      vertex   5.610000e+01 1.000000e+00 1.455000e+01
    endloop
  endfacet
  facet normal 9.238795e-01 -3.826834e-01 0.000000e+00
    outer loop
      vertex   5.596603e+01 5.000000e-01 4.850000e+00
      vertex   5.606593e+01 7.411810e-01 4.850000e+00
      vertex   5.606593e+01 7.411810e-01 9.700000e+00
    endloop
  endfacet
  facet normal 7.933533e-01 -6.087614e-01 0.000000e+00
    outer loop
      vertex   5.580711e+01 2.928932e-01 4.850000e+00
      vertex   5.596603e+01 5.000000e-01 4.850000e+00
      vertex   5.596603e+01 5.000000e-01 9.700000e+00
    endloop
  endfacet
  facet normal 9.238795e-01 -3.826834e-01 0.000000e+00
    outer loop
      vertex   5.596603e+01 5.000000e-01 9.700000e+00
      vertex   5.596603e+01 5.000000e-01 4.850000e+00
      vertex   5.606593e+01 7.411810e-01 9.700000e+00
    endloop
  endfacet
  facet normal 6.087614e-01 -7.933533e-01 7.124661e-17
    outer loop
      vertex   5.560000e+01 1.339746e-01 4.850000e+00
      vertex   5.580711e+01 2.928932e-01 4.850000e+00
      vertex   5.580711e+01 2.928932e-01 9.700000e+00
    endloop
  endfacet
  facet normal 7.933533e-01 -6.087614e-01 5.574111e-17
    outer loop
      vertex   5.580711e+01 2.928932e-01 9.700000e+00
      vertex   5.580711e+01 2.928932e-01 4.850000e+00
      vertex   5.596603e+01 5.000000e-01 9.700000e+00
    endloop
  endfacet
  facet normal 3.826834e-01 -9.238795e-01 0.000000e+00
    outer loop
      vertex   5.535882e+01 3.407417e-02 4.850000e+00
      vertex   5.560000e+01 1.339746e-01 4.850000e+00
      vertex   5.560000e+01 1.339746e-01 9.700000e+00
    endloop
  endfacet
  facet normal 6.087614e-01 -7.933533e-01 0.000000e+00
    outer loop
      vertex   5.560000e+01 1.339746e-01 9.700000e+00
      vertex   5.560000e+01 1.339746e-01 4.850000e+00
      vertex   5.580711e+01 2.928932e-01 9.700000e+00
    endloop
  endfacet
  facet normal 3.826834e-01 -9.238795e-01 0.000000e+00
    outer loop
      vertex   5.535882e+01 3.407417e-02 9.700000e+00
      vertex   5.535882e+01 3.407417e-02 4.850000e+00
      vertex   5.560000e+01 1.339746e-01 9.700000e+00
    endloop
  endfacet
  facet normal 0.000000e+00 -1.000000e+00 0.000000e+00
    outer loop
      vertex   5.310000e+01 0.000000e+00 1.355000e+01
      vertex   5.310000e+01 0.000000e+00 1.000000e+01
      vertex   5.510000e+01 0.000000e+00 1.355000e+01
    endloop
  endfacet
  facet normal 0.000000e+00 -1.000000e+00 0.000000e+00
    outer loop
      vertex   5.510000e+01 0.000000e+00 1.355000e+01
      vertex   5.310000e+01 0.000000e+00 1.000000e+01
      vertex   5.335882e+01 0.000000e+00 9.965926e+00
    endloop
  endfacet
  facet normal 0.000000e+00 -1.000000e+00 0.000000e+00
    outer loop
      vertex   5.510000e+01 0.000000e+00 1.355000e+01
      vertex   5.335882e+01 0.000000e+00 9.965926e+00
      vertex   5.360000e+01 0.000000e+00 9.866025e+00
    endloop
  endfacet
  facet normal 0.000000e+00 -1.000000e+00 0.000000e+00
    outer loop
      vertex   5.360000e+01 0.000000e+00 9.866025e+00
      vertex   5.380711e+01 0.000000e+00 9.707107e+00
      vertex   5.510000e+01 0.000000e+00 1.355000e+01
    endloop
  endfacet
  facet normal 0.000000e+00 -1.000000e+00 0.000000e+00
    outer loop
      vertex   5.510000e+01 0.000000e+00 1.355000e+01
      vertex   5.380711e+01 0.000000e+00 9.707107e+00
      vertex   5.396603e+01 0.000000e+00 9.500000e+00
    endloop
  endfacet
  facet normal 0.000000e+00 -1.000000e+00 0.000000e+00
    outer loop
      vertex   5.510000e+01 0.000000e+00 1.355000e+01
      vertex   5.396603e+01 0.000000e+00 9.500000e+00
      vertex   5.406593e+01 0.000000e+00 9.258819e+00
    endloop
  endfacet
  facet normal 0.000000e+00 -1.000000e+00 0.000000e+00
    outer loop
      vertex   5.406593e+01 0.000000e+00 9.258819e+00
      vertex   5.410000e+01 0.000000e+00 9.000000e+00
      vertex   5.510000e+01 0.000000e+00 1.355000e+01
    endloop
  endfacet
  facet normal 0.000000e+00 -1.000000e+00 -0.000000e+00
    outer loop
      vertex   5.510000e+01 0.000000e+00 1.355000e+01
      vertex   5.410000e+01 0.000000e+00 9.000000e+00
      vertex   5.510000e+01 0.000000e+00 1.000000e+00
    endloop
  endfacet
  facet normal 0.000000e+00 -1.000000e+00 0.000000e+00
    outer loop
      vertex   5.510000e+01 0.000000e+00 1.000000e+00
      vertex   5.410000e+01 0.000000e+00 9.000000e+00
      vertex   5.410000e+01 0.000000e+00 2.500000e+00
    endloop
  endfacet
  facet normal 0.000000e+00 -1.000000e+00 0.000000e+00
    outer loop
      vertex   5.510000e+01 0.000000e+00 1.000000e+00
      vertex   5.410000e+01 0.000000e+00 2.500000e+00
      vertex   5.406593e+01 0.000000e+00 2.241181e+00
    endloop
  endfacet
  facet normal 0.000000e+00 -1.000000e+00 -0.000000e+00
    outer loop
      vertex   5.406593e+01 0.000000e+00 2.241181e+00
      vertex   5.396603e+01 0.000000e+00 2.000000e+00
      vertex   5.510000e+01 0.000000e+00 1.000000e+00
    endloop
  endfacet
  facet normal 0.000000e+00 -1.000000e+00 0.000000e+00
    outer loop
      vertex   5.510000e+01 0.000000e+00 1.000000e+00
      vertex   5.396603e+01 0.000000e+00 2.000000e+00
      vertex   5.380711e+01 0.000000e+00 1.792893e+00
    endloop
  endfacet
  facet normal 0.000000e+00 -1.000000e+00 0.000000e+00
    outer loop
      vertex   5.510000e+01 0.000000e+00 1.000000e+00
      vertex   5.380711e+01 0.000000e+00 1.792893e+00
      vertex   5.360000e+01 0.000000e+00 1.633975e+00
    endloop
  endfacet
  facet normal 0.000000e+00 -1.000000e+00 -0.000000e+00
    outer loop
      vertex   5.360000e+01 0.000000e+00 1.633975e+00
      vertex   5.335882e+01 0.000000e+00 1.534074e+00
      vertex   5.510000e+01 0.000000e+00 1.000000e+00
    endloop
  endfacet
  facet normal 0.000000e+00 -1.000000e+00 0.000000e+00
    outer loop
      vertex   5.510000e+01 0.000000e+00 1.000000e+00
      vertex   5.335882e+01 0.000000e+00 1.534074e+00
      vertex   5.310000e+01 0.000000e+00 1.500000e+00
    endloop
  endfacet
  facet normal 0.000000e+00 -1.000000e+00 0.000000e+00
    outer loop
      vertex   5.510000e+01 0.000000e+00 1.000000e+00
      vertex   5.310000e+01 0.000000e+00 1.500000e+00
      vertex   1.000000e+00 0.000000e+00 1.000000e+00
    endloop
  endfacet
  facet normal 0.000000e+00 -1.000000e+00 0.000000e+00
    outer loop
      vertex   1.000000e+00 0.000000e+00 1.000000e+00
      vertex   5.310000e+01 0.000000e+00 1.500000e+00
      vertex   3.000000e+00 0.000000e+00 1.500000e+00
    endloop
  endfacet
  facet normal 0.000000e+00 -1.000000e+00 0.000000e+00
    outer loop
      vertex   1.000000e+00 0.000000e+00 1.000000e+00
      vertex   3.000000e+00 0.000000e+00 1.500000e+00
      vertex   2.741181e+00 0.000000e+00 1.534074e+00
    endloop
  endfacet
  facet normal -0.000000e+00 -1.000000e+00 0.000000e+00
    outer loop
      vertex   2.741181e+00 0.000000e+00 1.534074e+00
      vertex   2.500000e+00 0.000000e+00 1.633975e+00
      vertex   1.000000e+00 0.000000e+00 1.000000e+00
    endloop
  endfacet
  facet normal 0.000000e+00 -1.000000e+00 0.000000e+00
    outer loop
      vertex   1.000000e+00 0.000000e+00 1.000000e+00
      vertex   2.500000e+00 0.000000e+00 1.633975e+00
      vertex   2.292893e+00 0.000000e+00 1.792893e+00
    endloop
  endfacet
  facet normal 0.000000e+00 -1.000000e+00 0.000000e+00
    outer loop
      vertex   1.000000e+00 0.000000e+00 1.000000e+00
      vertex   2.292893e+00 0.000000e+00 1.792893e+00
      vertex   2.133975e+00 0.000000e+00 2.000000e+00
    endloop
  endfacet
  facet normal -0.000000e+00 -1.000000e+00 0.000000e+00
    outer loop
      vertex   2.133975e+00 0.000000e+00 2.000000e+00
      vertex   2.034074e+00 0.000000e+00 2.241181e+00
      vertex   1.000000e+00 0.000000e+00 1.000000e+00
    endloop
  endfacet
  facet normal 0.000000e+00 -1.000000e+00 0.000000e+00
    outer loop
      vertex   1.000000e+00 0.000000e+00 1.000000e+00
      vertex   2.034074e+00 0.000000e+00 2.241181e+00
      vertex   2.000000e+00 0.000000e+00 2.500000e+00
    endloop
  endfacet
  facet normal 0.000000e+00 -1.000000e+00 0.000000e+00
    outer loop
      vertex   1.000000e+00 0.000000e+00 1.000000e+00
      vertex   2.000000e+00 0.000000e+00 2.500000e+00
      vertex   2.000000e+00 0.000000e+00 9.000000e+00
    endloop
  endfacet
  facet normal 0.000000e+00 -1.000000e+00 0.000000e+00
    outer loop
      vertex   1.000000e+00 0.000000e+00 1.000000e+00
      vertex   2.000000e+00 0.000000e+00 9.000000e+00
      vertex   1.000000e+00 0.000000e+00 1.355000e+01
    endloop
  endfacet
  facet normal 0.000000e+00 -1.000000e+00 0.000000e+00
    outer loop
      vertex   1.000000e+00 0.000000e+00 1.355000e+01
      vertex   2.000000e+00 0.000000e+00 9.000000e+00
      vertex   2.034074e+00 0.000000e+00 9.258819e+00
    endloop
  endfacet
  facet normal 0.000000e+00 -1.000000e+00 0.000000e+00
    outer loop
      vertex   1.000000e+00 0.000000e+00 1.355000e+01
      vertex   2.034074e+00 0.000000e+00 9.258819e+00
      vertex   2.133975e+00 0.000000e+00 9.500000e+00
    endloop
  endfacet
  facet normal 0.000000e+00 -1.000000e+00 0.000000e+00
    outer loop
      vertex   2.133975e+00 0.000000e+00 9.500000e+00
      vertex   2.292893e+00 0.000000e+00 9.707107e+00
      vertex   1.000000e+00 0.000000e+00 1.355000e+01
    endloop
  endfacet
  facet normal 0.000000e+00 -1.000000e+00 0.000000e+00
    outer loop
      vertex   1.000000e+00 0.000000e+00 1.355000e+01
      vertex   2.292893e+00 0.000000e+00 9.707107e+00
      vertex   2.500000e+00 0.000000e+00 9.866025e+00
    endloop
  endfacet
  facet normal 0.000000e+00 -1.000000e+00 0.000000e+00
    outer loop
      vertex   1.000000e+00 0.000000e+00 1.355000e+01
      vertex   2.500000e+00 0.000000e+00 9.866025e+00
      vertex   2.741181e+00 0.000000e+00 9.965926e+00
    endloop
  endfacet
  facet normal 0.000000e+00 -1.000000e+00 0.000000e+00
    outer loop
      vertex   2.741181e+00 0.000000e+00 9.965926e+00
      vertex   3.000000e+00 0.000000e+00 1.000000e+01
      vertex   1.000000e+00 0.000000e+00 1.355000e+01
    endloop
  endfacet
  facet normal 0.000000e+00 -1.000000e+00 0.000000e+00
    outer loop
      vertex   1.000000e+00 0.000000e+00 1.355000e+01
      vertex   3.000000e+00 0.000000e+00 1.000000e+01
      vertex   3.000000e+00 0.000000e+00 1.355000e+01
    endloop
  endfacet
  facet normal -1.305262e-01 -4.402900e-16 9.914449e-01
    outer loop
      vertex   3.305000e+01 4.400000e+01 3.000000e+00
      vertex   3.305000e+01 4.200000e+01 3.000000e+00
      vertex   3.330882e+01 4.400000e+01 3.034074e+00
    endloop
  endfacet
  facet normal -1.305262e-01 0.000000e+00 9.914449e-01
    outer loop
      vertex   3.330882e+01 4.400000e+01 3.034074e+00
      vertex   3.305000e+01 4.200000e+01 3.000000e+00
      vertex   3.330882e+01 4.200000e+01 3.034074e+00
    endloop
  endfacet
  facet normal -3.826834e-01 0.000000e+00 9.238795e-01
    outer loop
      vertex   3.330882e+01 4.400000e+01 3.034074e+00
      vertex   3.330882e+01 4.200000e+01 3.034074e+00
      vertex   3.355000e+01 4.400000e+01 3.133975e+00
    endloop
  endfacet
  facet normal -3.826834e-01 0.000000e+00 9.238795e-01
    outer loop
      vertex   3.355000e+01 4.400000e+01 3.133975e+00
      vertex   3.330882e+01 4.200000e+01 3.034074e+00
      vertex   3.355000e+01 4.200000e+01 3.133975e+00
    endloop
  endfacet
  facet normal -6.087614e-01 0.000000e+00 7.933533e-01
    outer loop
      vertex   3.355000e+01 4.400000e+01 3.133975e+00
      vertex   3.355000e+01 4.200000e+01 3.133975e+00
      vertex   3.375711e+01 4.400000e+01 3.292893e+00
    endloop
  endfacet
  facet normal -6.087614e-01 0.000000e+00 7.933533e-01
    outer loop
      vertex   3.375711e+01 4.400000e+01 3.292893e+00
      vertex   3.355000e+01 4.200000e+01 3.133975e+00
      vertex   3.375711e+01 4.200000e+01 3.292893e+00
    endloop
  endfacet
  facet normal -7.933533e-01 0.000000e+00 6.087614e-01
    outer loop
      vertex   3.375711e+01 4.400000e+01 3.292893e+00
      vertex   3.375711e+01 4.200000e+01 3.292893e+00
      vertex   3.391603e+01 4.400000e+01 3.500000e+00
    endloop
  endfacet
  facet normal -7.933533e-01 0.000000e+00 6.087614e-01
    outer loop
      vertex   3.391603e+01 4.400000e+01 3.500000e+00
      vertex   3.375711e+01 4.200000e+01 3.292893e+00
      vertex   3.391603e+01 4.200000e+01 3.500000e+00
    endloop
  endfacet
  facet normal -9.238795e-01 0.000000e+00 3.826834e-01
    outer loop
      vertex   3.391603e+01 4.400000e+01 3.500000e+00
      vertex   3.391603e+01 4.200000e+01 3.500000e+00
      vertex   3.401593e+01 4.400000e+01 3.741181e+00
    endloop
  endfacet
  facet normal -9.238795e-01 -8.497279e-17 3.826834e-01
    outer loop
      vertex   3.401593e+01 4.400000e+01 3.741181e+00
      vertex   3.391603e+01 4.200000e+01 3.500000e+00
      vertex   3.401593e+01 4.200000e+01 3.741181e+00
    endloop
  endfacet
  facet normal -9.914449e-01 -2.898264e-17 1.305262e-01
    outer loop
      vertex   3.401593e+01 4.400000e+01 3.741181e+00
      vertex   3.401593e+01 4.200000e+01 3.741181e+00
      vertex   3.405000e+01 4.400000e+01 4.000000e+00
    endloop
  endfacet
  facet normal -9.914449e-01 0.000000e+00 1.305262e-01
    outer loop
      vertex   3.405000e+01 4.400000e+01 4.000000e+00
      vertex   3.401593e+01 4.200000e+01 3.741181e+00
      vertex   3.405000e+01 4.200000e+01 4.000000e+00
    endloop
  endfacet
  facet normal -1.000000e+00 0.000000e+00 0.000000e+00
    outer loop
      vertex   3.405000e+01 4.200000e+01 4.000000e+00
      vertex   3.405000e+01 4.200000e+01 9.000000e+00
      vertex   3.405000e+01 4.400000e+01 4.000000e+00
    endloop
  endfacet
  facet normal -1.000000e+00 0.000000e+00 0.000000e+00
    outer loop
      vertex   3.405000e+01 4.400000e+01 4.000000e+00
      vertex   3.405000e+01 4.200000e+01 9.000000e+00
      vertex   3.405000e+01 4.400000e+01 9.000000e+00
    endloop
  endfacet
  facet normal -9.914449e-01 -0.000000e+00 -1.305262e-01
    outer loop
      vertex   3.405000e+01 4.400000e+01 9.000000e+00
      vertex   3.405000e+01 4.200000e+01 9.000000e+00
      vertex   3.401593e+01 4.400000e+01 9.258819e+00
    endloop
  endfacet
  facet normal -9.914449e-01 -0.000000e+00 -1.305262e-01
    outer loop
      vertex   3.401593e+01 4.400000e+01 9.258819e+00
      vertex   3.405000e+01 4.200000e+01 9.000000e+00
      vertex   3.401593e+01 4.200000e+01 9.258819e+00
    endloop
  endfacet
  facet normal -9.238795e-01 -0.000000e+00 -3.826834e-01
    outer loop
      vertex   3.401593e+01 4.400000e+01 9.258819e+00
      vertex   3.401593e+01 4.200000e+01 9.258819e+00
      vertex   3.391603e+01 4.400000e+01 9.500000e+00
    endloop
  endfacet
  facet normal -9.238795e-01 -0.000000e+00 -3.826834e-01
    outer loop
      vertex   3.391603e+01 4.400000e+01 9.500000e+00
      vertex   3.401593e+01 4.200000e+01 9.258819e+00
      vertex   3.391603e+01 4.200000e+01 9.500000e+00
    endloop
  endfacet
  facet normal -7.933533e-01 -0.000000e+00 -6.087614e-01
    outer loop
      vertex   3.391603e+01 4.400000e+01 9.500000e+00
      vertex   3.391603e+01 4.200000e+01 9.500000e+00
      vertex   3.375711e+01 4.400000e+01 9.707107e+00
    endloop
  endfacet
  facet normal -7.933533e-01 -0.000000e+00 -6.087614e-01
    outer loop
      vertex   3.375711e+01 4.400000e+01 9.707107e+00
      vertex   3.391603e+01 4.200000e+01 9.500000e+00
      vertex   3.375711e+01 4.200000e+01 9.707107e+00
    endloop
  endfacet
  facet normal -6.087614e-01 -0.000000e+00 -7.933533e-01
    outer loop
      vertex   3.375711e+01 4.400000e+01 9.707107e+00
      vertex   3.375711e+01 4.200000e+01 9.707107e+00
      vertex   3.355000e+01 4.400000e+01 9.866025e+00
    endloop
  endfacet
  facet normal -6.087614e-01 -0.000000e+00 -7.933533e-01
    outer loop
      vertex   3.355000e+01 4.400000e+01 9.866025e+00
      vertex   3.375711e+01 4.200000e+01 9.707107e+00
      vertex   3.355000e+01 4.200000e+01 9.866025e+00
    endloop
  endfacet
  facet normal -3.826834e-01 -0.000000e+00 -9.238795e-01
    outer loop
      vertex   3.355000e+01 4.400000e+01 9.866025e+00
      vertex   3.355000e+01 4.200000e+01 9.866025e+00
      vertex   3.330882e+01 4.400000e+01 9.965926e+00
    endloop
  endfacet
  facet normal -3.826834e-01 -0.000000e+00 -9.238795e-01
    outer loop
      vertex   3.330882e+01 4.400000e+01 9.965926e+00
      vertex   3.355000e+01 4.200000e+01 9.866025e+00
      vertex   3.330882e+01 4.200000e+01 9.965926e+00
    endloop
  endfacet
  facet normal -1.305262e-01 -0.000000e+00 -9.914449e-01
    outer loop
      vertex   3.330882e+01 4.400000e+01 9.965926e+00
      vertex   3.330882e+01 4.200000e+01 9.965926e+00
      vertex   3.305000e+01 4.400000e+01 1.000000e+01
    endloop
  endfacet
  facet normal -1.305262e-01 -0.000000e+00 -9.914449e-01
    outer loop
      vertex   3.305000e+01 4.400000e+01 1.000000e+01
      vertex   3.330882e+01 4.200000e+01 9.965926e+00
      vertex   3.305000e+01 4.200000e+01 1.000000e+01
    endloop
  endfacet
  facet normal 0.000000e+00 0.000000e+00 -1.000000e+00
    outer loop
      vertex   6.000000e+00 4.400000e+01 1.000000e+01
      vertex   3.305000e+01 4.400000e+01 1.000000e+01
      vertex   6.000000e+00 4.200000e+01 1.000000e+01
    endloop
  endfacet
  facet normal 0.000000e+00 0.000000e+00 -1.000000e+00
    outer loop
      vertex   6.000000e+00 4.200000e+01 1.000000e+01
      vertex   3.305000e+01 4.400000e+01 1.000000e+01
      vertex   3.305000e+01 4.200000e+01 1.000000e+01
    endloop
  endfacet
  facet normal 0.000000e+00 -0.000000e+00 -1.000000e+00
    outer loop
      vertex   6.000000e+00 4.200000e+01 1.000000e+01
      vertex   3.305000e+01 4.200000e+01 1.000000e+01
      vertex   5.000000e+00 4.000000e+01 1.000000e+01
    endloop
  endfacet
  facet normal 0.000000e+00 0.000000e+00 -1.000000e+00
    outer loop
      vertex   5.000000e+00 4.000000e+01 1.000000e+01
      vertex   3.305000e+01 4.200000e+01 1.000000e+01
      vertex   5.110000e+01 4.000000e+01 1.000000e+01
    endloop
  endfacet
  facet normal 0.000000e+00 0.000000e+00 -1.000000e+00
    outer loop
      vertex   5.110000e+01 4.000000e+01 1.000000e+01
      vertex   3.305000e+01 4.200000e+01 1.000000e+01
      vertex   5.310000e+01 4.200000e+01 1.000000e+01
    endloop
  endfacet
  facet normal 0.000000e+00 0.000000e+00 -1.000000e+00
    outer loop
      vertex   5.110000e+01 4.000000e+01 1.000000e+01
      vertex   5.310000e+01 4.200000e+01 1.000000e+01
      vertex   5.135882e+01 3.996593e+01 1.000000e+01
    endloop
  endfacet
  facet normal 0.000000e+00 0.000000e+00 -1.000000e+00
    outer loop
      vertex   5.135882e+01 3.996593e+01 1.000000e+01
      vertex   5.310000e+01 4.200000e+01 1.000000e+01
      vertex   5.160000e+01 3.986603e+01 1.000000e+01
    endloop
  endfacet
  facet normal 0.000000e+00 0.000000e+00 -1.000000e+00
    outer loop
      vertex   5.160000e+01 3.986603e+01 1.000000e+01
      vertex   5.310000e+01 4.200000e+01 1.000000e+01
      vertex   5.180711e+01 3.970711e+01 1.000000e+01
    endloop
  endfacet
  facet normal 0.000000e+00 0.000000e+00 -1.000000e+00
    outer loop
      vertex   5.180711e+01 3.970711e+01 1.000000e+01
      vertex   5.310000e+01 4.200000e+01 1.000000e+01
      vertex   5.196603e+01 3.950000e+01 1.000000e+01
    endloop
  endfacet
  facet normal 0.000000e+00 0.000000e+00 -1.000000e+00
    outer loop
      vertex   5.196603e+01 3.950000e+01 1.000000e+01
      vertex   5.310000e+01 4.200000e+01 1.000000e+01
      vertex   5.206593e+01 3.925882e+01 1.000000e+01
    endloop
  endfacet
  facet normal 0.000000e+00 0.000000e+00 -1.000000e+00
    outer loop
      vertex   5.206593e+01 3.925882e+01 1.000000e+01
      vertex   5.310000e+01 4.200000e+01 1.000000e+01
      vertex   5.210000e+01 3.900000e+01 1.000000e+01
    endloop
  endfacet
  facet normal 0.000000e+00 0.000000e+00 -1.000000e+00
    outer loop
      vertex   5.210000e+01 3.900000e+01 1.000000e+01
      vertex   5.310000e+01 4.200000e+01 1.000000e+01
      vertex   5.310000e+01 0.000000e+00 1.000000e+01
    endloop
  endfacet
  facet normal 0.000000e+00 0.000000e+00 -1.000000e+00
    outer loop
      vertex   5.210000e+01 3.900000e+01 1.000000e+01
      vertex   5.310000e+01 0.000000e+00 1.000000e+01
      vertex   5.210000e+01 1.000000e+00 1.000000e+01
    endloop
  endfacet
  facet normal 0.000000e+00 0.000000e+00 -1.000000e+00
    outer loop
      vertex   5.210000e+01 1.000000e+00 1.000000e+01
      vertex   5.310000e+01 0.000000e+00 1.000000e+01
      vertex   5.213407e+01 7.411810e-01 1.000000e+01
    endloop
  endfacet
  facet normal 0.000000e+00 0.000000e+00 -1.000000e+00
    outer loop
      vertex   5.213407e+01 7.411810e-01 1.000000e+01
      vertex   5.310000e+01 0.000000e+00 1.000000e+01
      vertex   5.223397e+01 5.000000e-01 1.000000e+01
    endloop
  endfacet
  facet normal 0.000000e+00 0.000000e+00 -1.000000e+00
    outer loop
      vertex   5.223397e+01 5.000000e-01 1.000000e+01
      vertex   5.310000e+01 0.000000e+00 1.000000e+01
      vertex   5.239289e+01 2.928932e-01 1.000000e+01
    endloop
  endfacet
  facet normal 0.000000e+00 0.000000e+00 -1.000000e+00
    outer loop
      vertex   5.239289e+01 2.928932e-01 1.000000e+01
      vertex   5.310000e+01 0.000000e+00 1.000000e+01
      vertex   5.260000e+01 1.339746e-01 1.000000e+01
    endloop
  endfacet
  facet normal 0.000000e+00 0.000000e+00 -1.000000e+00
    outer loop
      vertex   5.260000e+01 1.339746e-01 1.000000e+01
      vertex   5.310000e+01 0.000000e+00 1.000000e+01
      vertex   5.284118e+01 3.407417e-02 1.000000e+01
    endloop
  endfacet
  facet normal -0.000000e+00 0.000000e+00 -1.000000e+00
    outer loop
      vertex   5.000000e+00 4.000000e+01 1.000000e+01
      vertex   4.741181e+00 3.996593e+01 1.000000e+01
      vertex   6.000000e+00 4.200000e+01 1.000000e+01
    endloop
  endfacet
  facet normal -0.000000e+00 0.000000e+00 -1.000000e+00
    outer loop
      vertex   6.000000e+00 4.200000e+01 1.000000e+01
      vertex   4.741181e+00 3.996593e+01 1.000000e+01
      vertex   3.000000e+00 4.200000e+01 1.000000e+01
    endloop
  endfacet
  facet normal 0.000000e+00 0.000000e+00 -1.000000e+00
    outer loop
      vertex   3.000000e+00 4.200000e+01 1.000000e+01
      vertex   4.741181e+00 3.996593e+01 1.000000e+01
      vertex   4.500000e+00 3.986603e+01 1.000000e+01
    endloop
  endfacet
  facet normal 0.000000e+00 0.000000e+00 -1.000000e+00
    outer loop
      vertex   3.000000e+00 4.200000e+01 1.000000e+01
      vertex   4.500000e+00 3.986603e+01 1.000000e+01
      vertex   4.292893e+00 3.970711e+01 1.000000e+01
    endloop
  endfacet
  facet normal -0.000000e+00 0.000000e+00 -1.000000e+00
    outer loop
      vertex   4.292893e+00 3.970711e+01 1.000000e+01
      vertex   4.133975e+00 3.950000e+01 1.000000e+01
      vertex   3.000000e+00 4.200000e+01 1.000000e+01
    endloop
  endfacet
  facet normal 0.000000e+00 0.000000e+00 -1.000000e+00
    outer loop
      vertex   3.000000e+00 4.200000e+01 1.000000e+01
      vertex   4.133975e+00 3.950000e+01 1.000000e+01
      vertex   4.034074e+00 3.925882e+01 1.000000e+01
    endloop
  endfacet
  facet normal 0.000000e+00 0.000000e+00 -1.000000e+00
    outer loop
      vertex   3.000000e+00 4.200000e+01 1.000000e+01
      vertex   4.034074e+00 3.925882e+01 1.000000e+01
      vertex   4.000000e+00 3.900000e+01 1.000000e+01
    endloop
  endfacet
  facet normal 0.000000e+00 0.000000e+00 -1.000000e+00
    outer loop
      vertex   3.000000e+00 4.200000e+01 1.000000e+01
      vertex   4.000000e+00 3.900000e+01 1.000000e+01
      vertex   3.000000e+00 0.000000e+00 1.000000e+01
    endloop
  endfacet
  facet normal 0.000000e+00 0.000000e+00 -1.000000e+00
    outer loop
      vertex   3.000000e+00 0.000000e+00 1.000000e+01
      vertex   4.000000e+00 3.900000e+01 1.000000e+01
      vertex   4.000000e+00 1.000000e+00 1.000000e+01
    endloop
  endfacet
  facet normal 0.000000e+00 0.000000e+00 -1.000000e+00
    outer loop
      vertex   3.000000e+00 0.000000e+00 1.000000e+01
      vertex   4.000000e+00 1.000000e+00 1.000000e+01
      vertex   3.965926e+00 7.411810e-01 1.000000e+01
    endloop
  endfacet
  facet normal 0.000000e+00 0.000000e+00 -1.000000e+00
    outer loop
      vertex   3.965926e+00 7.411810e-01 1.000000e+01
      vertex   3.866025e+00 5.000000e-01 1.000000e+01
      vertex   3.000000e+00 0.000000e+00 1.000000e+01
    endloop
  endfacet
  facet normal 0.000000e+00 0.000000e+00 -1.000000e+00
    outer loop
      vertex   3.000000e+00 0.000000e+00 1.000000e+01
      vertex   3.866025e+00 5.000000e-01 1.000000e+01
      vertex   3.707107e+00 2.928932e-01 1.000000e+01
    endloop
  endfacet
  facet normal 0.000000e+00 0.000000e+00 -1.000000e+00
    outer loop
      vertex   3.000000e+00 0.000000e+00 1.000000e+01
      vertex   3.707107e+00 2.928932e-01 1.000000e+01
      vertex   3.500000e+00 1.339746e-01 1.000000e+01
    endloop
  endfacet
  facet normal 0.000000e+00 0.000000e+00 -1.000000e+00
    outer loop
      vertex   3.500000e+00 1.339746e-01 1.000000e+01
      vertex   3.258819e+00 3.407417e-02 1.000000e+01
      vertex   3.000000e+00 0.000000e+00 1.000000e+01
    endloop
  endfacet
  facet normal 0.000000e+00 -4.440892e-16 1.000000e+00
    outer loop
      vertex   3.305000e+01 4.400000e+01 3.000000e+00
      vertex   6.000000e+00 4.400000e+01 3.000000e+00
      vertex   3.305000e+01 4.200000e+01 3.000000e+00
    endloop
  endfacet
  facet normal 3.283469e-17 0.000000e+00 1.000000e+00
    outer loop
      vertex   3.305000e+01 4.200000e+01 3.000000e+00
      vertex   6.000000e+00 4.400000e+01 3.000000e+00
      vertex   6.000000e+00 4.200000e+01 3.000000e+00
    endloop
  endfacet
  facet normal 0.000000e+00 0.000000e+00 -1.000000e+00
    outer loop
      vertex   2.500000e+00 1.750000e+01 1.633975e+00
      vertex   2.500000e+00 2.200000e+01 1.633975e+00
      vertex   4.500000e+00 1.750000e+01 1.633975e+00
    endloop
  endfacet
  facet normal 0.000000e+00 0.000000e+00 -1.000000e+00
    outer loop
      vertex   4.500000e+00 1.750000e+01 1.633975e+00
      vertex   2.500000e+00 2.200000e+01 1.633975e+00
      vertex   4.500000e+00 2.200000e+01 1.633975e+00
    endloop
  endfacet
  facet normal 1.000000e+00 0.000000e+00 -0.000000e+00
    outer loop
      vertex   4.500000e+00 2.200000e+01 1.633975e+00
      vertex   4.500000e+00 2.200000e+01 8.034000e+00
      vertex   4.500000e+00 1.750000e+01 1.633975e+00
    endloop
  endfacet
  facet normal 1.000000e+00 0.000000e+00 0.000000e+00
    outer loop
      vertex   4.500000e+00 1.750000e+01 1.633975e+00
      vertex   4.500000e+00 2.200000e+01 8.034000e+00
      vertex   4.500000e+00 1.750000e+01 8.034000e+00
    endloop
  endfacet
  facet normal -0.000000e+00 -0.000000e+00 -1.000000e+00
    outer loop
      vertex   5.360000e+01 2.200000e+01 1.633975e+00
      vertex   5.360000e+01 1.750000e+01 1.633975e+00
      vertex   5.060000e+01 2.200000e+01 1.633975e+00
    endloop
  endfacet
  facet normal 0.000000e+00 0.000000e+00 -1.000000e+00
    outer loop
      vertex   5.060000e+01 2.200000e+01 1.633975e+00
      vertex   5.360000e+01 1.750000e+01 1.633975e+00
      vertex   5.060000e+01 1.750000e+01 1.633975e+00
    endloop
  endfacet
  facet normal -1.000000e+00 0.000000e+00 0.000000e+00
    outer loop
      vertex   5.060000e+01 1.750000e+01 1.633975e+00
      vertex   5.060000e+01 1.750000e+01 8.034000e+00
      vertex   5.060000e+01 2.200000e+01 1.633975e+00
    endloop
  endfacet
  facet normal -1.000000e+00 0.000000e+00 0.000000e+00
    outer loop
      vertex   5.060000e+01 2.200000e+01 1.633975e+00
      vertex   5.060000e+01 1.750000e+01 8.034000e+00
      vertex   5.060000e+01 2.200000e+01 8.034000e+00
    endloop
  endfacet
  facet normal -9.927089e-01 -1.205367e-01 -0.000000e+00
    outer loop
      vertex   5.765351e+01 3.838291e+01 1.455000e+01
      vertex   5.765351e+01 3.838291e+01 7.275000e+00
      vertex   5.770000e+01 3.800000e+01 1.455000e+01
    endloop
  endfacet
  facet normal -9.927089e-01 -1.205367e-01 -0.000000e+00
    outer loop
      vertex   5.770000e+01 3.800000e+01 1.455000e+01
      vertex   5.765351e+01 3.838291e+01 7.275000e+00
      vertex   5.770000e+01 3.800000e+01 7.275000e+00
    endloop
  endfacet
  facet normal -9.927089e-01 1.205367e-01 0.000000e+00
    outer loop
      vertex   5.770000e+01 3.800000e+01 1.455000e+01
      vertex   5.770000e+01 3.800000e+01 7.275000e+00
      vertex   5.765351e+01 3.761709e+01 1.455000e+01
    endloop
  endfacet
  facet normal -9.927089e-01 1.205367e-01 0.000000e+00
    outer loop
      vertex   5.765351e+01 3.761709e+01 1.455000e+01
      vertex   5.770000e+01 3.800000e+01 7.275000e+00
      vertex   5.765351e+01 3.761709e+01 7.275000e+00
    endloop
  endfacet
  facet normal -9.350162e-01 3.546049e-01 0.000000e+00
    outer loop
      vertex   5.765351e+01 3.761709e+01 1.455000e+01
      vertex   5.765351e+01 3.761709e+01 7.275000e+00
      vertex   5.751673e+01 3.725644e+01 1.455000e+01
    endloop
  endfacet
  facet normal -9.350162e-01 3.546049e-01 0.000000e+00
    outer loop
      vertex   5.751673e+01 3.725644e+01 1.455000e+01
      vertex   5.765351e+01 3.761709e+01 7.275000e+00
      vertex   5.751673e+01 3.725644e+01 7.275000e+00
    endloop
  endfacet
  facet normal -8.229839e-01 5.680647e-01 0.000000e+00
    outer loop
      vertex   5.751673e+01 3.725644e+01 1.455000e+01
      vertex   5.751673e+01 3.725644e+01 7.275000e+00
      vertex   5.729762e+01 3.693900e+01 1.455000e+01
    endloop
  endfacet
  facet normal -8.229839e-01 5.680647e-01 0.000000e+00
    outer loop
      vertex   5.729762e+01 3.693900e+01 1.455000e+01
      vertex   5.751673e+01 3.725644e+01 7.275000e+00
      vertex   5.729762e+01 3.693900e+01 7.275000e+00
    endloop
  endfacet
  facet normal -6.631227e-01 7.485107e-01 0.000000e+00
    outer loop
      vertex   5.729762e+01 3.693900e+01 1.455000e+01
      vertex   5.729762e+01 3.693900e+01 7.275000e+00
      vertex   5.700890e+01 3.668323e+01 1.455000e+01
    endloop
  endfacet
  facet normal -6.631227e-01 7.485107e-01 0.000000e+00
    outer loop
      vertex   5.700890e+01 3.668323e+01 1.455000e+01
      vertex   5.729762e+01 3.693900e+01 7.275000e+00
      vertex   5.700890e+01 3.668323e+01 7.275000e+00
    endloop
  endfacet
  facet normal -4.647232e-01 8.854560e-01 0.000000e+00
    outer loop
      vertex   5.700890e+01 3.668323e+01 1.455000e+01
      vertex   5.700890e+01 3.668323e+01 7.275000e+00
      vertex   5.666737e+01 3.650397e+01 1.455000e+01
    endloop
  endfacet
  facet normal -4.647232e-01 8.854560e-01 0.000000e+00
    outer loop
      vertex   5.666737e+01 3.650397e+01 1.455000e+01
      vertex   5.700890e+01 3.668323e+01 7.275000e+00
      vertex   5.666737e+01 3.650397e+01 7.275000e+00
    endloop
  endfacet
  facet normal -2.393157e-01 9.709418e-01 0.000000e+00
    outer loop
      vertex   5.666737e+01 3.650397e+01 1.455000e+01
      vertex   5.666737e+01 3.650397e+01 7.275000e+00
      vertex   5.629286e+01 3.641167e+01 1.455000e+01
    endloop
  endfacet
  facet normal -2.393157e-01 9.709418e-01 0.000000e+00
    outer loop
      vertex   5.629286e+01 3.641167e+01 1.455000e+01
      vertex   5.666737e+01 3.650397e+01 7.275000e+00
      vertex   5.629286e+01 3.641167e+01 7.275000e+00
    endloop
  endfacet
  facet normal 0.000000e+00 1.000000e+00 0.000000e+00
    outer loop
      vertex   5.629286e+01 3.641167e+01 1.455000e+01
      vertex   5.629286e+01 3.641167e+01 7.275000e+00
      vertex   5.590714e+01 3.641167e+01 1.455000e+01
    endloop
  endfacet
  facet normal 0.000000e+00 1.000000e+00 0.000000e+00
    outer loop
      vertex   5.590714e+01 3.641167e+01 1.455000e+01
      vertex   5.629286e+01 3.641167e+01 7.275000e+00
      vertex   5.590714e+01 3.641167e+01 7.275000e+00
    endloop
  endfacet
  facet normal 2.393157e-01 9.709418e-01 0.000000e+00
    outer loop
      vertex   5.590714e+01 3.641167e+01 1.455000e+01
      vertex   5.590714e+01 3.641167e+01 7.275000e+00
      vertex   5.553263e+01 3.650397e+01 1.455000e+01
    endloop
  endfacet
  facet normal 2.393157e-01 9.709418e-01 0.000000e+00
    outer loop
      vertex   5.553263e+01 3.650397e+01 1.455000e+01
      vertex   5.590714e+01 3.641167e+01 7.275000e+00
      vertex   5.553263e+01 3.650397e+01 7.275000e+00
    endloop
  endfacet
  facet normal 4.647232e-01 8.854560e-01 0.000000e+00
    outer loop
      vertex   5.553263e+01 3.650397e+01 1.455000e+01
      vertex   5.553263e+01 3.650397e+01 7.275000e+00
      vertex   5.519110e+01 3.668323e+01 1.455000e+01
    endloop
  endfacet
  facet normal 4.647232e-01 8.854560e-01 0.000000e+00
    outer loop
      vertex   5.519110e+01 3.668323e+01 1.455000e+01
      vertex   5.553263e+01 3.650397e+01 7.275000e+00
      vertex   5.519110e+01 3.668323e+01 7.275000e+00
    endloop
  endfacet
  facet normal 6.631227e-01 7.485107e-01 0.000000e+00
    outer loop
      vertex   5.519110e+01 3.668323e+01 1.455000e+01
      vertex   5.519110e+01 3.668323e+01 7.275000e+00
      vertex   5.490238e+01 3.693900e+01 1.455000e+01
    endloop
  endfacet
  facet normal 6.631227e-01 7.485107e-01 0.000000e+00
    outer loop
      vertex   5.490238e+01 3.693900e+01 1.455000e+01
      vertex   5.519110e+01 3.668323e+01 7.275000e+00
      vertex   5.490238e+01 3.693900e+01 7.275000e+00
    endloop
  endfacet
  facet normal 8.229839e-01 5.680647e-01 0.000000e+00
    outer loop
      vertex   5.490238e+01 3.693900e+01 1.455000e+01
      vertex   5.490238e+01 3.693900e+01 7.275000e+00
      vertex   5.468327e+01 3.725644e+01 1.455000e+01
    endloop
  endfacet
  facet normal 8.229839e-01 5.680647e-01 0.000000e+00
    outer loop
      vertex   5.468327e+01 3.725644e+01 1.455000e+01
      vertex   5.490238e+01 3.693900e+01 7.275000e+00
      vertex   5.468327e+01 3.725644e+01 7.275000e+00
    endloop
  endfacet
  facet normal 9.350162e-01 3.546049e-01 0.000000e+00
    outer loop
      vertex   5.468327e+01 3.725644e+01 1.455000e+01
      vertex   5.468327e+01 3.725644e+01 7.275000e+00
      vertex   5.454649e+01 3.761709e+01 1.455000e+01
    endloop
  endfacet
  facet normal 9.350162e-01 3.546049e-01 0.000000e+00
    outer loop
      vertex   5.454649e+01 3.761709e+01 1.455000e+01
      vertex   5.468327e+01 3.725644e+01 7.275000e+00
      vertex   5.454649e+01 3.761709e+01 7.275000e+00
    endloop
  endfacet
  facet normal 9.927089e-01 1.205367e-01 0.000000e+00
    outer loop
      vertex   5.454649e+01 3.761709e+01 1.455000e+01
      vertex   5.454649e+01 3.761709e+01 7.275000e+00
      vertex   5.450000e+01 3.800000e+01 1.455000e+01
    endloop
  endfacet
  facet normal 9.927089e-01 1.205367e-01 0.000000e+00
    outer loop
      vertex   5.450000e+01 3.800000e+01 1.455000e+01
      vertex   5.454649e+01 3.761709e+01 7.275000e+00
      vertex   5.450000e+01 3.800000e+01 7.275000e+00
    endloop
  endfacet
  facet normal 9.927089e-01 -1.205367e-01 0.000000e+00
    outer loop
      vertex   5.450000e+01 3.800000e+01 1.455000e+01
      vertex   5.450000e+01 3.800000e+01 7.275000e+00
      vertex   5.454649e+01 3.838291e+01 1.455000e+01
    endloop
  endfacet
  facet normal 9.927089e-01 -1.205367e-01 0.000000e+00
    outer loop
      vertex   5.454649e+01 3.838291e+01 1.455000e+01
      vertex   5.450000e+01 3.800000e+01 7.275000e+00
      vertex   5.454649e+01 3.838291e+01 7.275000e+00
    endloop
  endfacet
  facet normal 9.350162e-01 -3.546049e-01 0.000000e+00
    outer loop
      vertex   5.454649e+01 3.838291e+01 1.455000e+01
      vertex   5.454649e+01 3.838291e+01 7.275000e+00
      vertex   5.468327e+01 3.874356e+01 1.455000e+01
    endloop
  endfacet
  facet normal 9.350162e-01 -3.546049e-01 0.000000e+00
    outer loop
      vertex   5.468327e+01 3.874356e+01 1.455000e+01
      vertex   5.454649e+01 3.838291e+01 7.275000e+00
      vertex   5.468327e+01 3.874356e+01 7.275000e+00
    endloop
  endfacet
  facet normal 8.229839e-01 -5.680647e-01 0.000000e+00
    outer loop
      vertex   5.468327e+01 3.874356e+01 1.455000e+01
      vertex   5.468327e+01 3.874356e+01 7.275000e+00
      vertex   5.490238e+01 3.906100e+01 1.455000e+01
    endloop
  endfacet
  facet normal 8.229839e-01 -5.680647e-01 0.000000e+00
    outer loop
      vertex   5.490238e+01 3.906100e+01 1.455000e+01
      vertex   5.468327e+01 3.874356e+01 7.275000e+00
      vertex   5.490238e+01 3.906100e+01 7.275000e+00
    endloop
  endfacet
  facet normal 6.631227e-01 -7.485107e-01 0.000000e+00
    outer loop
      vertex   5.490238e+01 3.906100e+01 1.455000e+01
      vertex   5.490238e+01 3.906100e+01 7.275000e+00
      vertex   5.519110e+01 3.931677e+01 1.455000e+01
    endloop
  endfacet
  facet normal 6.631227e-01 -7.485107e-01 0.000000e+00
    outer loop
      vertex   5.519110e+01 3.931677e+01 1.455000e+01
      vertex   5.490238e+01 3.906100e+01 7.275000e+00
      vertex   5.519110e+01 3.931677e+01 7.275000e+00
    endloop
  endfacet
  facet normal 4.647232e-01 -8.854560e-01 0.000000e+00
    outer loop
      vertex   5.519110e+01 3.931677e+01 1.455000e+01
      vertex   5.519110e+01 3.931677e+01 7.275000e+00
      vertex   5.553263e+01 3.949603e+01 1.455000e+01
    endloop
  endfacet
  facet normal 4.647232e-01 -8.854560e-01 0.000000e+00
    outer loop
      vertex   5.553263e+01 3.949603e+01 1.455000e+01
      vertex   5.519110e+01 3.931677e+01 7.275000e+00
      vertex   5.553263e+01 3.949603e+01 7.275000e+00
    endloop
  endfacet
  facet normal 2.393157e-01 -9.709418e-01 0.000000e+00
    outer loop
      vertex   5.553263e+01 3.949603e+01 1.455000e+01
      vertex   5.553263e+01 3.949603e+01 7.275000e+00
      vertex   5.590714e+01 3.958833e+01 1.455000e+01
    endloop
  endfacet
  facet normal 2.393157e-01 -9.709418e-01 0.000000e+00
    outer loop
      vertex   5.590714e+01 3.958833e+01 1.455000e+01
      vertex   5.553263e+01 3.949603e+01 7.275000e+00
      vertex   5.590714e+01 3.958833e+01 7.275000e+00
    endloop
  endfacet
  facet normal 0.000000e+00 -1.000000e+00 0.000000e+00
    outer loop
      vertex   5.590714e+01 3.958833e+01 1.455000e+01
      vertex   5.590714e+01 3.958833e+01 7.275000e+00
      vertex   5.629286e+01 3.958833e+01 1.455000e+01
    endloop
  endfacet
  facet normal 0.000000e+00 -1.000000e+00 -0.000000e+00
    outer loop
      vertex   5.629286e+01 3.958833e+01 1.455000e+01
      vertex   5.590714e+01 3.958833e+01 7.275000e+00
      vertex   5.629286e+01 3.958833e+01 7.275000e+00
    endloop
  endfacet
  facet normal -2.393157e-01 -9.709418e-01 -0.000000e+00
    outer loop
      vertex   5.629286e+01 3.958833e+01 1.455000e+01
      vertex   5.629286e+01 3.958833e+01 7.275000e+00
      vertex   5.666737e+01 3.949603e+01 1.455000e+01
    endloop
  endfacet
  facet normal -2.393157e-01 -9.709418e-01 -0.000000e+00
    outer loop
      vertex   5.666737e+01 3.949603e+01 1.455000e+01
      vertex   5.629286e+01 3.958833e+01 7.275000e+00
      vertex   5.666737e+01 3.949603e+01 7.275000e+00
    endloop
  endfacet
  facet normal -4.647232e-01 -8.854560e-01 -0.000000e+00
    outer loop
      vertex   5.666737e+01 3.949603e+01 1.455000e+01
      vertex   5.666737e+01 3.949603e+01 7.275000e+00
      vertex   5.700890e+01 3.931677e+01 1.455000e+01
    endloop
  endfacet
  facet normal -4.647232e-01 -8.854560e-01 -0.000000e+00
    outer loop
      vertex   5.700890e+01 3.931677e+01 1.455000e+01
      vertex   5.666737e+01 3.949603e+01 7.275000e+00
      vertex   5.700890e+01 3.931677e+01 7.275000e+00
    endloop
  endfacet
  facet normal -6.631227e-01 -7.485107e-01 -0.000000e+00
    outer loop
      vertex   5.700890e+01 3.931677e+01 1.455000e+01
      vertex   5.700890e+01 3.931677e+01 7.275000e+00
      vertex   5.729762e+01 3.906100e+01 1.455000e+01
    endloop
  endfacet
  facet normal -6.631227e-01 -7.485107e-01 -0.000000e+00
    outer loop
      vertex   5.729762e+01 3.906100e+01 1.455000e+01
      vertex   5.700890e+01 3.931677e+01 7.275000e+00
      vertex   5.729762e+01 3.906100e+01 7.275000e+00
    endloop
  endfacet
  facet normal -8.229839e-01 -5.680647e-01 -0.000000e+00
    outer loop
      vertex   5.729762e+01 3.906100e+01 1.455000e+01
      vertex   5.729762e+01 3.906100e+01 7.275000e+00
      vertex   5.751673e+01 3.874356e+01 1.455000e+01
    endloop
  endfacet
  facet normal -8.229839e-01 -5.680647e-01 -0.000000e+00
    outer loop
      vertex   5.751673e+01 3.874356e+01 1.455000e+01
      vertex   5.729762e+01 3.906100e+01 7.275000e+00
      vertex   5.751673e+01 3.874356e+01 7.275000e+00
    endloop
  endfacet
  facet normal -9.350162e-01 -3.546049e-01 -0.000000e+00
    outer loop
      vertex   5.751673e+01 3.874356e+01 1.455000e+01
      vertex   5.751673e+01 3.874356e+01 7.275000e+00
      vertex   5.765351e+01 3.838291e+01 1.455000e+01
    endloop
  endfacet
  facet normal -9.350162e-01 -3.546049e-01 -0.000000e+00
    outer loop
      vertex   5.765351e+01 3.838291e+01 1.455000e+01
      vertex   5.751673e+01 3.874356e+01 7.275000e+00
      vertex   5.765351e+01 3.838291e+01 7.275000e+00
    endloop
  endfacet
  facet normal -9.927089e-01 1.205367e-01 1.177271e-16
    outer loop
      vertex   5.765351e+01 3.761709e+01 0.000000e+00
      vertex   5.765351e+01 3.761709e+01 7.275000e+00
      vertex   5.770000e+01 3.800000e+01 0.000000e+00
    endloop
  endfacet
  facet normal -9.927089e-01 1.205367e-01 0.000000e+00
    outer loop
      vertex   5.770000e+01 3.800000e+01 0.000000e+00
      vertex   5.765351e+01 3.761709e+01 7.275000e+00
      vertex   5.770000e+01 3.800000e+01 7.275000e+00
    endloop
  endfacet
  facet normal -9.927089e-01 -1.205367e-01 0.000000e+00
    outer loop
      vertex   5.770000e+01 3.800000e+01 0.000000e+00
      vertex   5.770000e+01 3.800000e+01 7.275000e+00
      vertex   5.765351e+01 3.838291e+01 0.000000e+00
    endloop
  endfacet
  facet normal -9.927089e-01 -1.205367e-01 0.000000e+00
    outer loop
      vertex   5.765351e+01 3.838291e+01 0.000000e+00
      vertex   5.770000e+01 3.800000e+01 7.275000e+00
      vertex   5.765351e+01 3.838291e+01 7.275000e+00
    endloop
  endfacet
  facet normal -9.350162e-01 -3.546049e-01 0.000000e+00
    outer loop
      vertex   5.765351e+01 3.838291e+01 0.000000e+00
      vertex   5.765351e+01 3.838291e+01 7.275000e+00
      vertex   5.751673e+01 3.874356e+01 0.000000e+00
    endloop
  endfacet
  facet normal -9.350162e-01 -3.546049e-01 0.000000e+00
    outer loop
      vertex   5.751673e+01 3.874356e+01 0.000000e+00
      vertex   5.765351e+01 3.838291e+01 7.275000e+00
      vertex   5.751673e+01 3.874356e+01 7.275000e+00
    endloop
  endfacet
  facet normal -8.229839e-01 -5.680647e-01 0.000000e+00
    outer loop
      vertex   5.751673e+01 3.874356e+01 0.000000e+00
      vertex   5.751673e+01 3.874356e+01 7.275000e+00
      vertex   5.729762e+01 3.906100e+01 0.000000e+00
    endloop
  endfacet
  facet normal -8.229839e-01 -5.680647e-01 0.000000e+00
    outer loop
      vertex   5.729762e+01 3.906100e+01 0.000000e+00
      vertex   5.751673e+01 3.874356e+01 7.275000e+00
      vertex   5.729762e+01 3.906100e+01 7.275000e+00
    endloop
  endfacet
  facet normal -6.631227e-01 -7.485107e-01 0.000000e+00
    outer loop
      vertex   5.729762e+01 3.906100e+01 0.000000e+00
      vertex   5.729762e+01 3.906100e+01 7.275000e+00
      vertex   5.700890e+01 3.931677e+01 0.000000e+00
    endloop
  endfacet
  facet normal -6.631227e-01 -7.485107e-01 0.000000e+00
    outer loop
      vertex   5.700890e+01 3.931677e+01 0.000000e+00
      vertex   5.729762e+01 3.906100e+01 7.275000e+00
      vertex   5.700890e+01 3.931677e+01 7.275000e+00
    endloop
  endfacet
  facet normal -4.647232e-01 -8.854560e-01 0.000000e+00
    outer loop
      vertex   5.700890e+01 3.931677e+01 0.000000e+00
      vertex   5.700890e+01 3.931677e+01 7.275000e+00
      vertex   5.666737e+01 3.949603e+01 0.000000e+00
    endloop
  endfacet
  facet normal -4.647232e-01 -8.854560e-01 0.000000e+00
    outer loop
      vertex   5.666737e+01 3.949603e+01 0.000000e+00
      vertex   5.700890e+01 3.931677e+01 7.275000e+00
      vertex   5.666737e+01 3.949603e+01 7.275000e+00
    endloop
  endfacet
  facet normal -2.393157e-01 -9.709418e-01 0.000000e+00
    outer loop
      vertex   5.666737e+01 3.949603e+01 0.000000e+00
      vertex   5.666737e+01 3.949603e+01 7.275000e+00
      vertex   5.629286e+01 3.958833e+01 0.000000e+00
    endloop
  endfacet
  facet normal -2.393157e-01 -9.709418e-01 0.000000e+00
    outer loop
      vertex   5.629286e+01 3.958833e+01 0.000000e+00
      vertex   5.666737e+01 3.949603e+01 7.275000e+00
      vertex   5.629286e+01 3.958833e+01 7.275000e+00
    endloop
  endfacet
  facet normal 0.000000e+00 -1.000000e+00 0.000000e+00
    outer loop
      vertex   5.629286e+01 3.958833e+01 0.000000e+00
      vertex   5.629286e+01 3.958833e+01 7.275000e+00
      vertex   5.590714e+01 3.958833e+01 0.000000e+00
    endloop
  endfacet
  facet normal 0.000000e+00 -1.000000e+00 0.000000e+00
    outer loop
      vertex   5.590714e+01 3.958833e+01 0.000000e+00
      vertex   5.629286e+01 3.958833e+01 7.275000e+00
      vertex   5.590714e+01 3.958833e+01 7.275000e+00
    endloop
  endfacet
  facet normal 2.393157e-01 -9.709418e-01 0.000000e+00
    outer loop
      vertex   5.590714e+01 3.958833e+01 0.000000e+00
      vertex   5.590714e+01 3.958833e+01 7.275000e+00
      vertex   5.553263e+01 3.949603e+01 0.000000e+00
    endloop
  endfacet
  facet normal 2.393157e-01 -9.709418e-01 0.000000e+00
    outer loop
      vertex   5.553263e+01 3.949603e+01 0.000000e+00
      vertex   5.590714e+01 3.958833e+01 7.275000e+00
      vertex   5.553263e+01 3.949603e+01 7.275000e+00
    endloop
  endfacet
  facet normal 4.647232e-01 -8.854560e-01 0.000000e+00
    outer loop
      vertex   5.553263e+01 3.949603e+01 0.000000e+00
      vertex   5.553263e+01 3.949603e+01 7.275000e+00
      vertex   5.519110e+01 3.931677e+01 0.000000e+00
    endloop
  endfacet
  facet normal 4.647232e-01 -8.854560e-01 0.000000e+00
    outer loop
      vertex   5.519110e+01 3.931677e+01 0.000000e+00
      vertex   5.553263e+01 3.949603e+01 7.275000e+00
      vertex   5.519110e+01 3.931677e+01 7.275000e+00
    endloop
  endfacet
  facet normal 6.631227e-01 -7.485107e-01 0.000000e+00
    outer loop
      vertex   5.519110e+01 3.931677e+01 0.000000e+00
      vertex   5.519110e+01 3.931677e+01 7.275000e+00
      vertex   5.490238e+01 3.906100e+01 0.000000e+00
    endloop
  endfacet
  facet normal 6.631227e-01 -7.485107e-01 0.000000e+00
    outer loop
      vertex   5.490238e+01 3.906100e+01 0.000000e+00
      vertex   5.519110e+01 3.931677e+01 7.275000e+00
      vertex   5.490238e+01 3.906100e+01 7.275000e+00
    endloop
  endfacet
  facet normal 8.229839e-01 -5.680647e-01 0.000000e+00
    outer loop
      vertex   5.490238e+01 3.906100e+01 0.000000e+00
      vertex   5.490238e+01 3.906100e+01 7.275000e+00
      vertex   5.468327e+01 3.874356e+01 0.000000e+00
    endloop
  endfacet
  facet normal 8.229839e-01 -5.680647e-01 0.000000e+00
    outer loop
      vertex   5.468327e+01 3.874356e+01 0.000000e+00
      vertex   5.490238e+01 3.906100e+01 7.275000e+00
      vertex   5.468327e+01 3.874356e+01 7.275000e+00
    endloop
  endfacet
  facet normal 9.350162e-01 -3.546049e-01 0.000000e+00
    outer loop
      vertex   5.468327e+01 3.874356e+01 0.000000e+00
      vertex   5.468327e+01 3.874356e+01 7.275000e+00
      vertex   5.454649e+01 3.838291e+01 0.000000e+00
    endloop
  endfacet
  facet normal 9.350162e-01 -3.546049e-01 0.000000e+00
    outer loop
      vertex   5.454649e+01 3.838291e+01 0.000000e+00
      vertex   5.468327e+01 3.874356e+01 7.275000e+00
      vertex   5.454649e+01 3.838291e+01 7.275000e+00
    endloop
  endfacet
  facet normal 9.927089e-01 -1.205367e-01 0.000000e+00
    outer loop
      vertex   5.454649e+01 3.838291e+01 0.000000e+00
      vertex   5.454649e+01 3.838291e+01 7.275000e+00
      vertex   5.450000e+01 3.800000e+01 0.000000e+00
    endloop
  endfacet
  facet normal 9.927089e-01 -1.205367e-01 0.000000e+00
    outer loop
      vertex   5.450000e+01 3.800000e+01 0.000000e+00
      vertex   5.454649e+01 3.838291e+01 7.275000e+00
      vertex   5.450000e+01 3.800000e+01 7.275000e+00
    endloop
  endfacet
  facet normal 9.927089e-01 1.205367e-01 -0.000000e+00
    outer loop
      vertex   5.450000e+01 3.800000e+01 0.000000e+00
      vertex   5.450000e+01 3.800000e+01 7.275000e+00
      vertex   5.454649e+01 3.761709e+01 0.000000e+00
    endloop
  endfacet
  facet normal 9.927089e-01 1.205367e-01 -1.177271e-16
    outer loop
      vertex   5.454649e+01 3.761709e+01 0.000000e+00
      vertex   5.450000e+01 3.800000e+01 7.275000e+00
      vertex   5.454649e+01 3.761709e+01 7.275000e+00
    endloop
  endfacet
  facet normal 9.350162e-01 3.546049e-01 -3.463394e-16
    outer loop
      vertex   5.454649e+01 3.761709e+01 0.000000e+00
      vertex   5.454649e+01 3.761709e+01 7.275000e+00
      vertex   5.468327e+01 3.725644e+01 0.000000e+00
    endloop
  endfacet
  facet normal 9.350162e-01 3.546049e-01 -0.000000e+00
    outer loop
      vertex   5.468327e+01 3.725644e+01 0.000000e+00
      vertex   5.454649e+01 3.761709e+01 7.275000e+00
      vertex   5.468327e+01 3.725644e+01 7.275000e+00
    endloop
  endfacet
  facet normal 8.229839e-01 5.680647e-01 -0.000000e+00
    outer loop
      vertex   5.468327e+01 3.725644e+01 0.000000e+00
      vertex   5.468327e+01 3.725644e+01 7.275000e+00
      vertex   5.490238e+01 3.693900e+01 0.000000e+00
    endloop
  endfacet
  facet normal 8.229839e-01 5.680647e-01 -0.000000e+00
    outer loop
      vertex   5.490238e+01 3.693900e+01 0.000000e+00
      vertex   5.468327e+01 3.725644e+01 7.275000e+00
      vertex   5.490238e+01 3.693900e+01 7.275000e+00
    endloop
  endfacet
  facet normal 6.631227e-01 7.485107e-01 -0.000000e+00
    outer loop
      vertex   5.490238e+01 3.693900e+01 0.000000e+00
      vertex   5.490238e+01 3.693900e+01 7.275000e+00
      vertex   5.519110e+01 3.668323e+01 0.000000e+00
    endloop
  endfacet
  facet normal 6.631227e-01 7.485107e-01 -0.000000e+00
    outer loop
      vertex   5.519110e+01 3.668323e+01 0.000000e+00
      vertex   5.490238e+01 3.693900e+01 7.275000e+00
      vertex   5.519110e+01 3.668323e+01 7.275000e+00
    endloop
  endfacet
  facet normal 4.647232e-01 8.854560e-01 -0.000000e+00
    outer loop
      vertex   5.519110e+01 3.668323e+01 0.000000e+00
      vertex   5.519110e+01 3.668323e+01 7.275000e+00
      vertex   5.553263e+01 3.650397e+01 0.000000e+00
    endloop
  endfacet
  facet normal 4.647232e-01 8.854560e-01 -0.000000e+00
    outer loop
      vertex   5.553263e+01 3.650397e+01 0.000000e+00
      vertex   5.519110e+01 3.668323e+01 7.275000e+00
      vertex   5.553263e+01 3.650397e+01 7.275000e+00
    endloop
  endfacet
  facet normal 2.393157e-01 9.709418e-01 -0.000000e+00
    outer loop
      vertex   5.553263e+01 3.650397e+01 0.000000e+00
      vertex   5.553263e+01 3.650397e+01 7.275000e+00
      vertex   5.590714e+01 3.641167e+01 0.000000e+00
    endloop
  endfacet
  facet normal 2.393157e-01 9.709418e-01 -0.000000e+00
    outer loop
      vertex   5.590714e+01 3.641167e+01 0.000000e+00
      vertex   5.553263e+01 3.650397e+01 7.275000e+00
      vertex   5.590714e+01 3.641167e+01 7.275000e+00
    endloop
  endfacet
  facet normal 0.000000e+00 1.000000e+00 0.000000e+00
    outer loop
      vertex   5.590714e+01 3.641167e+01 0.000000e+00
      vertex   5.590714e+01 3.641167e+01 7.275000e+00
      vertex   5.629286e+01 3.641167e+01 0.000000e+00
    endloop
  endfacet
  facet normal 0.000000e+00 1.000000e+00 -0.000000e+00
    outer loop
      vertex   5.629286e+01 3.641167e+01 0.000000e+00
      vertex   5.590714e+01 3.641167e+01 7.275000e+00
      vertex   5.629286e+01 3.641167e+01 7.275000e+00
    endloop
  endfacet
  facet normal -2.393157e-01 9.709418e-01 0.000000e+00
    outer loop
      vertex   5.629286e+01 3.641167e+01 0.000000e+00
      vertex   5.629286e+01 3.641167e+01 7.275000e+00
      vertex   5.666737e+01 3.650397e+01 0.000000e+00
    endloop
  endfacet
  facet normal -2.393157e-01 9.709418e-01 0.000000e+00
    outer loop
      vertex   5.666737e+01 3.650397e+01 0.000000e+00
      vertex   5.629286e+01 3.641167e+01 7.275000e+00
      vertex   5.666737e+01 3.650397e+01 7.275000e+00
    endloop
  endfacet
  facet normal -4.647232e-01 8.854560e-01 0.000000e+00
    outer loop
      vertex   5.666737e+01 3.650397e+01 0.000000e+00
      vertex   5.666737e+01 3.650397e+01 7.275000e+00
      vertex   5.700890e+01 3.668323e+01 0.000000e+00
    endloop
  endfacet
  facet normal -4.647232e-01 8.854560e-01 0.000000e+00
    outer loop
      vertex   5.700890e+01 3.668323e+01 0.000000e+00
      vertex   5.666737e+01 3.650397e+01 7.275000e+00
      vertex   5.700890e+01 3.668323e+01 7.275000e+00
    endloop
  endfacet
  facet normal -6.631227e-01 7.485107e-01 0.000000e+00
    outer loop
      vertex   5.700890e+01 3.668323e+01 0.000000e+00
      vertex   5.700890e+01 3.668323e+01 7.275000e+00
      vertex   5.729762e+01 3.693900e+01 0.000000e+00
    endloop
  endfacet
  facet normal -6.631227e-01 7.485107e-01 0.000000e+00
    outer loop
      vertex   5.729762e+01 3.693900e+01 0.000000e+00
      vertex   5.700890e+01 3.668323e+01 7.275000e+00
      vertex   5.729762e+01 3.693900e+01 7.275000e+00
    endloop
  endfacet
  facet normal -8.229839e-01 5.680647e-01 0.000000e+00
    outer loop
      vertex   5.729762e+01 3.693900e+01 0.000000e+00
      vertex   5.729762e+01 3.693900e+01 7.275000e+00
      vertex   5.751673e+01 3.725644e+01 0.000000e+00
    endloop
  endfacet
  facet normal -8.229839e-01 5.680647e-01 0.000000e+00
    outer loop
      vertex   5.751673e+01 3.725644e+01 0.000000e+00
      vertex   5.729762e+01 3.693900e+01 7.275000e+00
      vertex   5.751673e+01 3.725644e+01 7.275000e+00
    endloop
  endfacet
  facet normal -9.350162e-01 3.546049e-01 0.000000e+00
    outer loop
      vertex   5.751673e+01 3.725644e+01 0.000000e+00
      vertex   5.751673e+01 3.725644e+01 7.275000e+00
      vertex   5.765351e+01 3.761709e+01 0.000000e+00
    endloop
  endfacet
  facet normal -9.350162e-01 3.546049e-01 3.463394e-16
    outer loop
      vertex   5.765351e+01 3.761709e+01 0.000000e+00
      vertex   5.751673e+01 3.725644e+01 7.275000e+00
      vertex   5.765351e+01 3.761709e+01 7.275000e+00
    endloop
  endfacet
  facet normal -1.000000e+00 0.000000e+00 0.000000e+00
    outer loop
      vertex   5.327000e+01 4.023000e+01 1.514556e+00
      vertex   5.327000e+01 4.000000e+01 1.514556e+00
      vertex   5.327000e+01 4.023000e+01 9.985444e+00
    endloop
  endfacet
  facet normal -1.000000e+00 -0.000000e+00 0.000000e+00
    outer loop
      vertex   5.327000e+01 4.023000e+01 9.985444e+00
      vertex   5.327000e+01 4.000000e+01 1.514556e+00
      vertex   5.327000e+01 4.000000e+01 9.985444e+00
    endloop
  endfacet
  facet normal 0.000000e+00 1.000000e+00 -0.000000e+00
    outer loop
      vertex   5.327200e+01 4.023000e+01 1.514903e+00
      vertex   5.327133e+01 4.023000e+01 1.514787e+00
      vertex   5.327200e+01 4.023000e+01 9.985097e+00
    endloop
  endfacet
  facet normal 0.000000e+00 1.000000e+00 0.000000e+00
    outer loop
      vertex   5.327200e+01 4.023000e+01 9.985097e+00
      vertex   5.327133e+01 4.023000e+01 1.514787e+00
      vertex   5.327133e+01 4.023000e+01 9.985213e+00
    endloop
  endfacet
  facet normal 0.000000e+00 1.000000e+00 0.000000e+00
    outer loop
      vertex   5.327133e+01 4.023000e+01 9.985213e+00
      vertex   5.327133e+01 4.023000e+01 1.514787e+00
      vertex   5.327067e+01 4.023000e+01 1.514671e+00
    endloop
  endfacet
  facet normal 0.000000e+00 1.000000e+00 0.000000e+00
    outer loop
      vertex   5.327133e+01 4.023000e+01 9.985213e+00
      vertex   5.327067e+01 4.023000e+01 1.514671e+00
      vertex   5.327067e+01 4.023000e+01 9.985329e+00
    endloop
  endfacet
  facet normal 0.000000e+00 1.000000e+00 0.000000e+00
    outer loop
      vertex   5.327067e+01 4.023000e+01 9.985329e+00
      vertex   5.327067e+01 4.023000e+01 1.514671e+00
      vertex   5.327000e+01 4.023000e+01 1.514556e+00
    endloop
  endfacet
  facet normal 0.000000e+00 1.000000e+00 0.000000e+00
    outer loop
      vertex   5.327067e+01 4.023000e+01 9.985329e+00
      vertex   5.327000e+01 4.023000e+01 1.514556e+00
      vertex   5.327000e+01 4.023000e+01 9.985444e+00
    endloop
  endfacet
  facet normal 0.000000e+00 -1.000000e+00 0.000000e+00
    outer loop
      vertex   5.327000e+01 4.000000e+01 9.985444e+00
      vertex   5.327000e+01 4.000000e+01 1.514556e+00
      vertex   5.349324e+01 4.000000e+01 9.919434e+00
    endloop
  endfacet
  facet normal 0.000000e+00 -1.000000e+00 -0.000000e+00
    outer loop
      vertex   5.349324e+01 4.000000e+01 9.919434e+00
      vertex   5.327000e+01 4.000000e+01 1.514556e+00
      vertex   5.349324e+01 4.000000e+01 1.580566e+00
    endloop
  endfacet
  facet normal 0.000000e+00 -1.000000e+00 0.000000e+00
    outer loop
      vertex   5.349324e+01 4.000000e+01 9.919434e+00
      vertex   5.349324e+01 4.000000e+01 1.580566e+00
      vertex   5.369518e+01 4.000000e+01 1.696405e+00
    endloop
  endfacet
  facet normal 0.000000e+00 -1.000000e+00 0.000000e+00
    outer loop
      vertex   5.349324e+01 4.000000e+01 9.919434e+00
      vertex   5.369518e+01 4.000000e+01 1.696405e+00
      vertex   5.369518e+01 4.000000e+01 9.803595e+00
    endloop
  endfacet
  facet normal 0.000000e+00 -1.000000e+00 0.000000e+00
    outer loop
      vertex   5.369518e+01 4.000000e+01 9.803595e+00
      vertex   5.369518e+01 4.000000e+01 1.696405e+00
      vertex   5.386485e+01 4.000000e+01 1.855795e+00
    endloop
  endfacet
  facet normal 0.000000e+00 -1.000000e+00 0.000000e+00
    outer loop
      vertex   5.369518e+01 4.000000e+01 9.803595e+00
      vertex   5.386485e+01 4.000000e+01 1.855795e+00
      vertex   5.386485e+01 4.000000e+01 9.644205e+00
    endloop
  endfacet
  facet normal 0.000000e+00 -1.000000e+00 0.000000e+00
    outer loop
      vertex   5.386485e+01 4.000000e+01 9.644205e+00
      vertex   5.386485e+01 4.000000e+01 1.855795e+00
      vertex   5.399308e+01 4.000000e+01 2.050098e+00
    endloop
  endfacet
  facet normal 0.000000e+00 -1.000000e+00 0.000000e+00
    outer loop
      vertex   5.386485e+01 4.000000e+01 9.644205e+00
      vertex   5.399308e+01 4.000000e+01 2.050098e+00
      vertex   5.399308e+01 4.000000e+01 9.449902e+00
    endloop
  endfacet
  facet normal 0.000000e+00 -1.000000e+00 0.000000e+00
    outer loop
      vertex   5.399308e+01 4.000000e+01 9.449902e+00
      vertex   5.399308e+01 4.000000e+01 2.050098e+00
      vertex   5.410000e+01 4.000000e+01 2.500000e+00
    endloop
  endfacet
  facet normal 0.000000e+00 -1.000000e+00 0.000000e+00
    outer loop
      vertex   5.399308e+01 4.000000e+01 9.449902e+00
      vertex   5.410000e+01 4.000000e+01 2.500000e+00
      vertex   5.410000e+01 4.000000e+01 9.000000e+00
    endloop
  endfacet
  facet normal 0.000000e+00 -1.000000e+00 0.000000e+00
    outer loop
      vertex   5.399308e+01 4.000000e+01 2.050098e+00
      vertex   5.407290e+01 4.000000e+01 2.268784e+00
      vertex   5.410000e+01 4.000000e+01 2.500000e+00
    endloop
  endfacet
  facet normal 0.000000e+00 -1.000000e+00 0.000000e+00
    outer loop
      vertex   5.410000e+01 4.000000e+01 9.000000e+00
      vertex   5.407290e+01 4.000000e+01 9.231216e+00
      vertex   5.399308e+01 4.000000e+01 9.449902e+00
    endloop
  endfacet
  facet normal -1.000000e+00 0.000000e+00 0.000000e+00
    outer loop
      vertex   5.410000e+01 3.955000e+01 2.500000e+00
      vertex   5.410000e+01 3.955000e+01 9.000000e+00
      vertex   5.410000e+01 4.000000e+01 2.500000e+00
    endloop
  endfacet
  facet normal -1.000000e+00 0.000000e+00 0.000000e+00
    outer loop
      vertex   5.410000e+01 4.000000e+01 2.500000e+00
      vertex   5.410000e+01 3.955000e+01 9.000000e+00
      vertex   5.410000e+01 4.000000e+01 9.000000e+00
    endloop
  endfacet
  facet normal -5.456530e-01 -9.401457e-04 -8.380107e-01
    outer loop
      vertex   5.373466e+01 3.645000e+01 9.772790e+00
      vertex   5.360000e+01 3.150000e+01 9.866025e+00
      vertex   5.355000e+01 3.645000e+01 9.893029e+00
    endloop
  endfacet
  facet normal -3.826832e-01 1.174441e-03 -9.238789e-01
    outer loop
      vertex   5.355000e+01 3.645000e+01 9.893029e+00
      vertex   5.360000e+01 3.150000e+01 9.866025e+00
      vertex   5.335882e+01 3.150000e+01 9.965926e+00
    endloop
  endfacet
  facet normal -3.562788e-01 0.000000e+00 -9.343797e-01
    outer loop
      vertex   5.355000e+01 3.645000e+01 9.893029e+00
      vertex   5.335882e+01 3.150000e+01 9.965926e+00
      vertex   5.335882e+01 3.675000e+01 9.965926e+00
    endloop
  endfacet
  facet normal -1.305262e-01 -0.000000e+00 -9.914449e-01
    outer loop
      vertex   5.335882e+01 3.675000e+01 9.965926e+00
      vertex   5.335882e+01 3.150000e+01 9.965926e+00
      vertex   5.310000e+01 4.200000e+01 1.000000e+01
    endloop
  endfacet
  facet normal -2.205664e-02 5.401278e-03 -9.997421e-01
    outer loop
      vertex   5.335882e+01 3.675000e+01 9.965926e+00
      vertex   5.310000e+01 4.200000e+01 1.000000e+01
      vertex   5.327000e+01 4.000000e+01 9.985444e+00
    endloop
  endfacet
  facet normal -2.873338e-02 4.832542e-03 -9.995754e-01
    outer loop
      vertex   5.327000e+01 4.000000e+01 9.985444e+00
      vertex   5.310000e+01 4.200000e+01 1.000000e+01
      vertex   5.315744e+01 4.200000e+01 9.998349e+00
    endloop
  endfacet
  facet normal -8.610613e-02 1.582476e-03 -9.962847e-01
    outer loop
      vertex   5.327000e+01 4.000000e+01 9.985444e+00
      vertex   5.315744e+01 4.200000e+01 9.998349e+00
      vertex   5.321470e+01 4.200000e+01 9.993400e+00
    endloop
  endfacet
  facet normal -6.087606e-01 1.617831e-03 -7.933523e-01
    outer loop
      vertex   5.360000e+01 3.150000e+01 9.866025e+00
      vertex   5.373466e+01 3.645000e+01 9.772790e+00
      vertex   5.380711e+01 3.150000e+01 9.707107e+00
    endloop
  endfacet
  facet normal -7.159430e-01 -1.213969e-03 -6.981577e-01
    outer loop
      vertex   5.380711e+01 3.150000e+01 9.707107e+00
      vertex   5.373466e+01 3.645000e+01 9.772790e+00
      vertex   5.388851e+01 3.645000e+01 9.615026e+00
    endloop
  endfacet
  facet normal -7.933522e-01 1.721972e-03 -6.087605e-01
    outer loop
      vertex   5.380711e+01 3.150000e+01 9.707107e+00
      vertex   5.388851e+01 3.645000e+01 9.615026e+00
      vertex   5.396603e+01 3.150000e+01 9.500000e+00
    endloop
  endfacet
  facet normal -8.514688e-01 -1.148384e-03 -5.244041e-01
    outer loop
      vertex   5.396603e+01 3.150000e+01 9.500000e+00
      vertex   5.388851e+01 3.645000e+01 9.615026e+00
      vertex   5.400406e+01 3.645000e+01 9.427398e+00
    endloop
  endfacet
  facet normal -9.238785e-01 1.486689e-03 -3.826830e-01
    outer loop
      vertex   5.396603e+01 3.150000e+01 9.500000e+00
      vertex   5.400406e+01 3.645000e+01 9.427398e+00
      vertex   5.406593e+01 3.150000e+01 9.258819e+00
    endloop
  endfacet
  facet normal -9.456495e-01 -7.435015e-04 -3.251867e-01
    outer loop
      vertex   5.406593e+01 3.150000e+01 9.258819e+00
      vertex   5.400406e+01 3.645000e+01 9.427398e+00
      vertex   5.407572e+01 3.645000e+01 9.219016e+00
    endloop
  endfacet
  facet normal -9.710275e-01 -0.000000e+00 -2.389679e-01
    outer loop
      vertex   5.406593e+01 3.150000e+01 9.258819e+00
      vertex   5.407572e+01 3.645000e+01 9.219016e+00
      vertex   5.406593e+01 2.625000e+01 9.258819e+00
    endloop
  endfacet
  facet normal -9.868009e-01 3.157375e-04 -1.619376e-01
    outer loop
      vertex   5.406593e+01 2.625000e+01 9.258819e+00
      vertex   5.407572e+01 3.645000e+01 9.219016e+00
      vertex   5.410000e+01 0.000000e+00 9.000000e+00
    endloop
  endfacet
  facet normal -9.914449e-01 -0.000000e+00 -1.305262e-01
    outer loop
      vertex   5.406593e+01 2.625000e+01 9.258819e+00
      vertex   5.410000e+01 0.000000e+00 9.000000e+00
      vertex   5.406593e+01 2.100000e+01 9.258819e+00
    endloop
  endfacet
  facet normal -9.914449e-01 -0.000000e+00 -1.305262e-01
    outer loop
      vertex   5.406593e+01 2.100000e+01 9.258819e+00
      vertex   5.410000e+01 0.000000e+00 9.000000e+00
      vertex   5.406593e+01 1.575000e+01 9.258819e+00
    endloop
  endfacet
  facet normal -9.238795e-01 -0.000000e+00 -3.826834e-01
    outer loop
      vertex   5.406593e+01 2.100000e+01 9.258819e+00
      vertex   5.406593e+01 1.575000e+01 9.258819e+00
      vertex   5.396603e+01 2.100000e+01 9.500000e+00
    endloop
  endfacet
  facet normal -9.238795e-01 -0.000000e+00 -3.826834e-01
    outer loop
      vertex   5.396603e+01 2.100000e+01 9.500000e+00
      vertex   5.406593e+01 1.575000e+01 9.258819e+00
      vertex   5.396603e+01 1.575000e+01 9.500000e+00
    endloop
  endfacet
  facet normal -7.933533e-01 -0.000000e+00 -6.087614e-01
    outer loop
      vertex   5.396603e+01 2.100000e+01 9.500000e+00
      vertex   5.396603e+01 1.575000e+01 9.500000e+00
      vertex   5.380711e+01 2.100000e+01 9.707107e+00
    endloop
  endfacet
  facet normal -7.933533e-01 -0.000000e+00 -6.087614e-01
    outer loop
      vertex   5.380711e+01 2.100000e+01 9.707107e+00
      vertex   5.396603e+01 1.575000e+01 9.500000e+00
      vertex   5.380711e+01 1.575000e+01 9.707107e+00
    endloop
  endfacet
  facet normal -6.087614e-01 -0.000000e+00 -7.933533e-01
    outer loop
      vertex   5.380711e+01 2.100000e+01 9.707107e+00
      vertex   5.380711e+01 1.575000e+01 9.707107e+00
      vertex   5.360000e+01 2.100000e+01 9.866025e+00
    endloop
  endfacet
  facet normal -6.087614e-01 -0.000000e+00 -7.933533e-01
    outer loop
      vertex   5.360000e+01 2.100000e+01 9.866025e+00
      vertex   5.380711e+01 1.575000e+01 9.707107e+00
      vertex   5.360000e+01 1.575000e+01 9.866025e+00
    endloop
  endfacet
  facet normal -3.826834e-01 -0.000000e+00 -9.238795e-01
    outer loop
      vertex   5.360000e+01 2.100000e+01 9.866025e+00
      vertex   5.360000e+01 1.575000e+01 9.866025e+00
      vertex   5.335882e+01 2.100000e+01 9.965926e+00
    endloop
  endfacet
  facet normal -3.826834e-01 -0.000000e+00 -9.238795e-01
    outer loop
      vertex   5.335882e+01 2.100000e+01 9.965926e+00
      vertex   5.360000e+01 1.575000e+01 9.866025e+00
      vertex   5.335882e+01 1.575000e+01 9.965926e+00
    endloop
  endfacet
  facet normal -1.305262e-01 -0.000000e+00 -9.914449e-01
    outer loop
      vertex   5.335882e+01 2.100000e+01 9.965926e+00
      vertex   5.335882e+01 1.575000e+01 9.965926e+00
      vertex   5.310000e+01 0.000000e+00 1.000000e+01
    endloop
  endfacet
  facet normal -1.305262e-01 0.000000e+00 -9.914449e-01
    outer loop
      vertex   5.310000e+01 0.000000e+00 1.000000e+01
      vertex   5.335882e+01 1.575000e+01 9.965926e+00
      vertex   5.335882e+01 1.050000e+01 9.965926e+00
    endloop
  endfacet
  facet normal -1.305262e-01 3.354202e-16 -9.914449e-01
    outer loop
      vertex   5.310000e+01 0.000000e+00 1.000000e+01
      vertex   5.335882e+01 1.050000e+01 9.965926e+00
      vertex   5.335882e+01 5.250000e+00 9.965926e+00
    endloop
  endfacet
  facet normal -3.826834e-01 3.125980e-16 -9.238795e-01
    outer loop
      vertex   5.335882e+01 5.250000e+00 9.965926e+00
      vertex   5.335882e+01 1.050000e+01 9.965926e+00
      vertex   5.360000e+01 5.250000e+00 9.866025e+00
    endloop
  endfacet
  facet normal -3.826834e-01 3.139026e-16 -9.238795e-01
    outer loop
      vertex   5.335882e+01 5.250000e+00 9.965926e+00
      vertex   5.360000e+01 5.250000e+00 9.866025e+00
      vertex   5.360000e+01 0.000000e+00 9.866025e+00
    endloop
  endfacet
  facet normal -6.087614e-01 2.684340e-16 -7.933533e-01
    outer loop
      vertex   5.360000e+01 0.000000e+00 9.866025e+00
      vertex   5.360000e+01 5.250000e+00 9.866025e+00
      vertex   5.380711e+01 0.000000e+00 9.707107e+00
    endloop
  endfacet
  facet normal -6.087614e-01 2.684340e-16 -7.933533e-01
    outer loop
      vertex   5.380711e+01 0.000000e+00 9.707107e+00
      vertex   5.360000e+01 5.250000e+00 9.866025e+00
      vertex   5.380711e+01 5.250000e+00 9.707107e+00
    endloop
  endfacet
  facet normal -7.933533e-01 2.059767e-16 -6.087614e-01
    outer loop
      vertex   5.380711e+01 0.000000e+00 9.707107e+00
      vertex   5.380711e+01 5.250000e+00 9.707107e+00
      vertex   5.396603e+01 0.000000e+00 9.500000e+00
    endloop
  endfacet
  facet normal -7.933533e-01 -2.059767e-16 -6.087614e-01
    outer loop
      vertex   5.396603e+01 0.000000e+00 9.500000e+00
      vertex   5.380711e+01 5.250000e+00 9.707107e+00
      vertex   5.396603e+01 5.250000e+00 9.500000e+00
    endloop
  endfacet
  facet normal -9.238795e-01 -1.294823e-16 -3.826834e-01
    outer loop
      vertex   5.396603e+01 0.000000e+00 9.500000e+00
      vertex   5.396603e+01 5.250000e+00 9.500000e+00
      vertex   5.406593e+01 0.000000e+00 9.258819e+00
    endloop
  endfacet
  facet normal -9.238795e-01 0.000000e+00 -3.826834e-01
    outer loop
      vertex   5.406593e+01 0.000000e+00 9.258819e+00
      vertex   5.396603e+01 5.250000e+00 9.500000e+00
      vertex   5.406593e+01 5.250000e+00 9.258819e+00
    endloop
  endfacet
  facet normal -9.914449e-01 0.000000e+00 -1.305262e-01
    outer loop
      vertex   5.406593e+01 0.000000e+00 9.258819e+00
      vertex   5.406593e+01 5.250000e+00 9.258819e+00
      vertex   5.410000e+01 0.000000e+00 9.000000e+00
    endloop
  endfacet
  facet normal -9.914449e-01 0.000000e+00 -1.305262e-01
    outer loop
      vertex   5.410000e+01 0.000000e+00 9.000000e+00
      vertex   5.406593e+01 5.250000e+00 9.258819e+00
      vertex   5.406593e+01 1.050000e+01 9.258819e+00
    endloop
  endfacet
  facet normal -9.914449e-01 0.000000e+00 -1.305262e-01
    outer loop
      vertex   5.410000e+01 0.000000e+00 9.000000e+00
      vertex   5.406593e+01 1.050000e+01 9.258819e+00
      vertex   5.406593e+01 1.575000e+01 9.258819e+00
    endloop
  endfacet
  facet normal -9.238795e-01 -0.000000e+00 -3.826834e-01
    outer loop
      vertex   5.406593e+01 1.575000e+01 9.258819e+00
      vertex   5.406593e+01 1.050000e+01 9.258819e+00
      vertex   5.396603e+01 1.575000e+01 9.500000e+00
    endloop
  endfacet
  facet normal -9.939118e-01 0.000000e+00 -1.101790e-01
    outer loop
      vertex   5.407572e+01 3.645000e+01 9.219016e+00
      vertex   5.410000e+01 3.645000e+01 9.000000e+00
      vertex   5.410000e+01 0.000000e+00 9.000000e+00
    endloop
  endfacet
  facet normal -3.826834e-01 -3.113712e-16 -9.238795e-01
    outer loop
      vertex   5.360000e+01 0.000000e+00 9.866025e+00
      vertex   5.335882e+01 0.000000e+00 9.965926e+00
      vertex   5.335882e+01 5.250000e+00 9.965926e+00
    endloop
  endfacet
  facet normal -1.305262e-01 -3.354590e-16 -9.914449e-01
    outer loop
      vertex   5.335882e+01 5.250000e+00 9.965926e+00
      vertex   5.335882e+01 0.000000e+00 9.965926e+00
      vertex   5.310000e+01 0.000000e+00 1.000000e+01
    endloop
  endfacet
  facet normal -1.305262e-01 0.000000e+00 -9.914449e-01
    outer loop
      vertex   5.310000e+01 0.000000e+00 1.000000e+01
      vertex   5.310000e+01 4.200000e+01 1.000000e+01
      vertex   5.335882e+01 2.100000e+01 9.965926e+00
    endloop
  endfacet
  facet normal -1.305262e-01 0.000000e+00 -9.914449e-01
    outer loop
      vertex   5.335882e+01 2.100000e+01 9.965926e+00
      vertex   5.310000e+01 4.200000e+01 1.000000e+01
      vertex   5.335882e+01 2.625000e+01 9.965926e+00
    endloop
  endfacet
  facet normal -3.826834e-01 0.000000e+00 -9.238795e-01
    outer loop
      vertex   5.335882e+01 2.100000e+01 9.965926e+00
      vertex   5.335882e+01 2.625000e+01 9.965926e+00
      vertex   5.360000e+01 2.100000e+01 9.866025e+00
    endloop
  endfacet
  facet normal -3.826834e-01 -3.125980e-16 -9.238795e-01
    outer loop
      vertex   5.360000e+01 2.100000e+01 9.866025e+00
      vertex   5.335882e+01 2.625000e+01 9.965926e+00
      vertex   5.360000e+01 2.625000e+01 9.866025e+00
    endloop
  endfacet
  facet normal -6.087614e-01 -2.684340e-16 -7.933533e-01
    outer loop
      vertex   5.360000e+01 2.100000e+01 9.866025e+00
      vertex   5.360000e+01 2.625000e+01 9.866025e+00
      vertex   5.380711e+01 2.100000e+01 9.707107e+00
    endloop
  endfacet
  facet normal -6.087614e-01 0.000000e+00 -7.933533e-01
    outer loop
      vertex   5.380711e+01 2.100000e+01 9.707107e+00
      vertex   5.360000e+01 2.625000e+01 9.866025e+00
      vertex   5.380711e+01 2.625000e+01 9.707107e+00
    endloop
  endfacet
  facet normal -7.933533e-01 0.000000e+00 -6.087614e-01
    outer loop
      vertex   5.380711e+01 2.100000e+01 9.707107e+00
      vertex   5.380711e+01 2.625000e+01 9.707107e+00
      vertex   5.396603e+01 2.100000e+01 9.500000e+00
    endloop
  endfacet
  facet normal -7.933533e-01 0.000000e+00 -6.087614e-01
    outer loop
      vertex   5.396603e+01 2.100000e+01 9.500000e+00
      vertex   5.380711e+01 2.625000e+01 9.707107e+00
      vertex   5.396603e+01 2.625000e+01 9.500000e+00
    endloop
  endfacet
  facet normal -9.238795e-01 0.000000e+00 -3.826834e-01
    outer loop
      vertex   5.396603e+01 2.100000e+01 9.500000e+00
      vertex   5.396603e+01 2.625000e+01 9.500000e+00
      vertex   5.406593e+01 2.100000e+01 9.258819e+00
    endloop
  endfacet
  facet normal -9.238795e-01 0.000000e+00 -3.826834e-01
    outer loop
      vertex   5.406593e+01 2.100000e+01 9.258819e+00
      vertex   5.396603e+01 2.625000e+01 9.500000e+00
      vertex   5.406593e+01 2.625000e+01 9.258819e+00
    endloop
  endfacet
  facet normal -1.424044e-01 0.000000e+00 -9.898086e-01
    outer loop
      vertex   5.327000e+01 4.000000e+01 9.985444e+00
      vertex   5.321470e+01 4.200000e+01 9.993400e+00
      vertex   5.327000e+01 4.023000e+01 9.985444e+00
    endloop
  endfacet
  facet normal -1.431944e-01 -2.519481e-05 -9.896946e-01
    outer loop
      vertex   5.327000e+01 4.023000e+01 9.985444e+00
      vertex   5.321470e+01 4.200000e+01 9.993400e+00
      vertex   5.327157e+01 4.200000e+01 9.985171e+00
    endloop
  endfacet
  facet normal -1.717839e-01 9.130699e-07 -9.851347e-01
    outer loop
      vertex   5.327000e+01 4.023000e+01 9.985444e+00
      vertex   5.327157e+01 4.200000e+01 9.985171e+00
      vertex   5.327200e+01 4.199879e+01 9.985097e+00
    endloop
  endfacet
  facet normal -1.716667e-01 -3.477559e-15 -9.851551e-01
    outer loop
      vertex   5.327200e+01 4.023000e+01 9.985097e+00
      vertex   5.327133e+01 4.023000e+01 9.985213e+00
      vertex   5.327200e+01 4.199879e+01 9.985097e+00
    endloop
  endfacet
  facet normal -1.710001e-01 -2.588387e-07 -9.852710e-01
    outer loop
      vertex   5.327200e+01 4.199879e+01 9.985097e+00
      vertex   5.327133e+01 4.023000e+01 9.985213e+00
      vertex   5.327067e+01 4.023000e+01 9.985329e+00
    endloop
  endfacet
  facet normal -1.703334e-01 -7.765160e-07 -9.853865e-01
    outer loop
      vertex   5.327200e+01 4.199879e+01 9.985097e+00
      vertex   5.327067e+01 4.023000e+01 9.985329e+00
      vertex   5.327000e+01 4.023000e+01 9.985444e+00
    endloop
  endfacet
  facet normal -2.835490e-01 -1.989977e-03 -9.589557e-01
    outer loop
      vertex   5.327000e+01 4.000000e+01 9.985444e+00
      vertex   5.349324e+01 4.000000e+01 9.919434e+00
      vertex   5.335882e+01 3.675000e+01 9.965926e+00
    endloop
  endfacet
  facet normal -3.545144e-01 1.287244e-03 -9.350497e-01
    outer loop
      vertex   5.335882e+01 3.675000e+01 9.965926e+00
      vertex   5.349324e+01 4.000000e+01 9.919434e+00
      vertex   5.355000e+01 3.645000e+01 9.893029e+00
    endloop
  endfacet
  facet normal -4.218288e-01 0.000000e+00 -9.066755e-01
    outer loop
      vertex   5.355000e+01 3.645000e+01 9.893029e+00
      vertex   5.349324e+01 4.000000e+01 9.919434e+00
      vertex   5.355000e+01 3.955000e+01 9.893029e+00
    endloop
  endfacet
  facet normal -4.975577e-01 -1.185883e-02 -8.673498e-01
    outer loop
      vertex   5.355000e+01 3.955000e+01 9.893029e+00
      vertex   5.349324e+01 4.000000e+01 9.919434e+00
      vertex   5.369518e+01 4.000000e+01 9.803595e+00
    endloop
  endfacet
  facet normal -5.456287e-01 9.487859e-03 -8.379733e-01
    outer loop
      vertex   5.355000e+01 3.955000e+01 9.893029e+00
      vertex   5.369518e+01 4.000000e+01 9.803595e+00
      vertex   5.373466e+01 3.955000e+01 9.772790e+00
    endloop
  endfacet
  facet normal -6.846333e-01 -1.018180e-02 -7.288166e-01
    outer loop
      vertex   5.373466e+01 3.955000e+01 9.772790e+00
      vertex   5.369518e+01 4.000000e+01 9.803595e+00
      vertex   5.386485e+01 4.000000e+01 9.644205e+00
    endloop
  endfacet
  facet normal -7.159227e-01 7.636874e-03 -6.981378e-01
    outer loop
      vertex   5.373466e+01 3.955000e+01 9.772790e+00
      vertex   5.386485e+01 4.000000e+01 9.644205e+00
      vertex   5.388851e+01 3.955000e+01 9.615026e+00
    endloop
  endfacet
  facet normal -8.346111e-01 -8.157082e-03 -5.507792e-01
    outer loop
      vertex   5.388851e+01 3.955000e+01 9.615026e+00
      vertex   5.386485e+01 4.000000e+01 9.644205e+00
      vertex   5.399308e+01 4.000000e+01 9.449902e+00
    endloop
  endfacet
  facet normal -8.514567e-01 5.438333e-03 -5.243967e-01
    outer loop
      vertex   5.388851e+01 3.955000e+01 9.615026e+00
      vertex   5.399308e+01 4.000000e+01 9.449902e+00
      vertex   5.400406e+01 3.955000e+01 9.427398e+00
    endloop
  endfacet
  facet normal -9.393599e-01 -5.784953e-03 -3.428842e-01
    outer loop
      vertex   5.400406e+01 3.955000e+01 9.427398e+00
      vertex   5.399308e+01 4.000000e+01 9.449902e+00
      vertex   5.407290e+01 4.000000e+01 9.231216e+00
    endloop
  endfacet
  facet normal -9.456458e-01 2.892570e-03 -3.251855e-01
    outer loop
      vertex   5.400406e+01 3.955000e+01 9.427398e+00
      vertex   5.407290e+01 4.000000e+01 9.231216e+00
      vertex   5.407572e+01 3.955000e+01 9.219016e+00
    endloop
  endfacet
  facet normal -9.931978e-01 -3.065775e-03 -1.163989e-01
    outer loop
      vertex   5.407572e+01 3.955000e+01 9.219016e+00
      vertex   5.407290e+01 4.000000e+01 9.231216e+00
      vertex   5.410000e+01 4.000000e+01 9.000000e+00
    endloop
  endfacet
  facet normal -9.939118e-01 0.000000e+00 -1.101790e-01
    outer loop
      vertex   5.407572e+01 3.955000e+01 9.219016e+00
      vertex   5.410000e+01 4.000000e+01 9.000000e+00
      vertex   5.410000e+01 3.955000e+01 9.000000e+00
    endloop
  endfacet
  facet normal -3.826834e-01 -0.000000e+00 -9.238795e-01
    outer loop
      vertex   5.360000e+01 3.150000e+01 9.866025e+00
      vertex   5.360000e+01 2.625000e+01 9.866025e+00
      vertex   5.335882e+01 3.150000e+01 9.965926e+00
    endloop
  endfacet
  facet normal -3.826834e-01 -0.000000e+00 -9.238795e-01
    outer loop
      vertex   5.335882e+01 3.150000e+01 9.965926e+00
      vertex   5.360000e+01 2.625000e+01 9.866025e+00
      vertex   5.335882e+01 2.625000e+01 9.965926e+00
    endloop
  endfacet
  facet normal -1.305262e-01 -0.000000e+00 -9.914449e-01
    outer loop
      vertex   5.335882e+01 3.150000e+01 9.965926e+00
      vertex   5.335882e+01 2.625000e+01 9.965926e+00
      vertex   5.310000e+01 4.200000e+01 1.000000e+01
    endloop
  endfacet
  facet normal -6.087614e-01 0.000000e+00 -7.933533e-01
    outer loop
      vertex   5.360000e+01 2.625000e+01 9.866025e+00
      vertex   5.360000e+01 3.150000e+01 9.866025e+00
      vertex   5.380711e+01 2.625000e+01 9.707107e+00
    endloop
  endfacet
  facet normal -6.087614e-01 -2.684340e-16 -7.933533e-01
    outer loop
      vertex   5.380711e+01 2.625000e+01 9.707107e+00
      vertex   5.360000e+01 3.150000e+01 9.866025e+00
      vertex   5.380711e+01 3.150000e+01 9.707107e+00
    endloop
  endfacet
  facet normal -7.933533e-01 -2.059767e-16 -6.087614e-01
    outer loop
      vertex   5.380711e+01 2.625000e+01 9.707107e+00
      vertex   5.380711e+01 3.150000e+01 9.707107e+00
      vertex   5.396603e+01 2.625000e+01 9.500000e+00
    endloop
  endfacet
  facet normal -7.933533e-01 2.059767e-16 -6.087614e-01
    outer loop
      vertex   5.396603e+01 2.625000e+01 9.500000e+00
      vertex   5.380711e+01 3.150000e+01 9.707107e+00
      vertex   5.396603e+01 3.150000e+01 9.500000e+00
    endloop
  endfacet
  facet normal -9.238795e-01 1.294823e-16 -3.826834e-01
    outer loop
      vertex   5.396603e+01 2.625000e+01 9.500000e+00
      vertex   5.396603e+01 3.150000e+01 9.500000e+00
      vertex   5.406593e+01 2.625000e+01 9.258819e+00
    endloop
  endfacet
  facet normal -9.238795e-01 0.000000e+00 -3.826834e-01
    outer loop
      vertex   5.406593e+01 2.625000e+01 9.258819e+00
      vertex   5.396603e+01 3.150000e+01 9.500000e+00
      vertex   5.406593e+01 3.150000e+01 9.258819e+00
    endloop
  endfacet
  facet normal -3.826834e-01 0.000000e+00 -9.238795e-01
    outer loop
      vertex   5.335882e+01 1.050000e+01 9.965926e+00
      vertex   5.335882e+01 1.575000e+01 9.965926e+00
      vertex   5.360000e+01 1.050000e+01 9.866025e+00
    endloop
  endfacet
  facet normal -3.826834e-01 0.000000e+00 -9.238795e-01
    outer loop
      vertex   5.360000e+01 1.050000e+01 9.866025e+00
      vertex   5.335882e+01 1.575000e+01 9.965926e+00
      vertex   5.360000e+01 1.575000e+01 9.866025e+00
    endloop
  endfacet
  facet normal -6.087614e-01 0.000000e+00 -7.933533e-01
    outer loop
      vertex   5.360000e+01 1.050000e+01 9.866025e+00
      vertex   5.360000e+01 1.575000e+01 9.866025e+00
      vertex   5.380711e+01 1.050000e+01 9.707107e+00
    endloop
  endfacet
  facet normal -6.087614e-01 0.000000e+00 -7.933533e-01
    outer loop
      vertex   5.380711e+01 1.050000e+01 9.707107e+00
      vertex   5.360000e+01 1.575000e+01 9.866025e+00
      vertex   5.380711e+01 1.575000e+01 9.707107e+00
    endloop
  endfacet
  facet normal -7.933533e-01 0.000000e+00 -6.087614e-01
    outer loop
      vertex   5.380711e+01 1.050000e+01 9.707107e+00
      vertex   5.380711e+01 1.575000e+01 9.707107e+00
      vertex   5.396603e+01 1.050000e+01 9.500000e+00
    endloop
  endfacet
  facet normal -7.933533e-01 0.000000e+00 -6.087614e-01
    outer loop
      vertex   5.396603e+01 1.050000e+01 9.500000e+00
      vertex   5.380711e+01 1.575000e+01 9.707107e+00
      vertex   5.396603e+01 1.575000e+01 9.500000e+00
    endloop
  endfacet
  facet normal -9.238795e-01 0.000000e+00 -3.826834e-01
    outer loop
      vertex   5.396603e+01 1.050000e+01 9.500000e+00
      vertex   5.396603e+01 1.575000e+01 9.500000e+00
      vertex   5.406593e+01 1.050000e+01 9.258819e+00
    endloop
  endfacet
  facet normal -6.087614e-01 0.000000e+00 -7.933533e-01
    outer loop
      vertex   5.380711e+01 5.250000e+00 9.707107e+00
      vertex   5.360000e+01 5.250000e+00 9.866025e+00
      vertex   5.360000e+01 1.050000e+01 9.866025e+00
    endloop
  endfacet
  facet normal -3.826834e-01 -0.000000e+00 -9.238795e-01
    outer loop
      vertex   5.360000e+01 1.050000e+01 9.866025e+00
      vertex   5.360000e+01 5.250000e+00 9.866025e+00
      vertex   5.335882e+01 1.050000e+01 9.965926e+00
    endloop
  endfacet
  facet normal -6.087614e-01 0.000000e+00 -7.933533e-01
    outer loop
      vertex   5.380711e+01 5.250000e+00 9.707107e+00
      vertex   5.360000e+01 1.050000e+01 9.866025e+00
      vertex   5.380711e+01 1.050000e+01 9.707107e+00
    endloop
  endfacet
  facet normal -7.933533e-01 0.000000e+00 -6.087614e-01
    outer loop
      vertex   5.396603e+01 5.250000e+00 9.500000e+00
      vertex   5.380711e+01 5.250000e+00 9.707107e+00
      vertex   5.380711e+01 1.050000e+01 9.707107e+00
    endloop
  endfacet
  facet normal -7.933533e-01 0.000000e+00 -6.087614e-01
    outer loop
      vertex   5.396603e+01 5.250000e+00 9.500000e+00
      vertex   5.380711e+01 1.050000e+01 9.707107e+00
      vertex   5.396603e+01 1.050000e+01 9.500000e+00
    endloop
  endfacet
  facet normal -9.238795e-01 0.000000e+00 -3.826834e-01
    outer loop
      vertex   5.406593e+01 5.250000e+00 9.258819e+00
      vertex   5.396603e+01 5.250000e+00 9.500000e+00
      vertex   5.396603e+01 1.050000e+01 9.500000e+00
    endloop
  endfacet
  facet normal -9.238795e-01 0.000000e+00 -3.826834e-01
    outer loop
      vertex   5.406593e+01 5.250000e+00 9.258819e+00
      vertex   5.396603e+01 1.050000e+01 9.500000e+00
      vertex   5.406593e+01 1.050000e+01 9.258819e+00
    endloop
  endfacet
  facet normal 1.000000e+00 0.000000e+00 0.000000e+00
    outer loop
      vertex   5.610000e+01 4.050000e+01 0.000000e+00
      vertex   5.610000e+01 4.400000e+01 0.000000e+00
      vertex   5.610000e+01 4.050000e+01 1.455000e+01
    endloop
  endfacet
  facet normal 1.000000e+00 -0.000000e+00 0.000000e+00
    outer loop
      vertex   5.610000e+01 4.050000e+01 1.455000e+01
      vertex   5.610000e+01 4.400000e+01 0.000000e+00
      vertex   5.610000e+01 4.400000e+01 1.455000e+01
    endloop
  endfacet
  facet normal -1.000000e+00 2.008553e-14 0.000000e+00
    outer loop
      vertex   5.327200e+01 4.023000e+01 9.985097e+00
      vertex   5.327200e+01 4.199879e+01 9.985097e+00
      vertex   5.327200e+01 4.023000e+01 1.514903e+00
    endloop
  endfacet
  facet normal -1.000000e+00 2.008553e-14 -1.684923e-29
    outer loop
      vertex   5.327200e+01 4.023000e+01 1.514903e+00
      vertex   5.327200e+01 4.199879e+01 9.985097e+00
      vertex   5.327200e+01 4.199879e+01 1.514903e+00
    endloop
  endfacet
  facet normal -1.000000e+00 -2.942763e-11 2.468608e-26
    outer loop
      vertex   5.327200e+01 4.199879e+01 1.514903e+00
      vertex   5.327200e+01 4.199879e+01 9.985097e+00
      vertex   5.327200e+01 4.200000e+01 1.500000e+00
    endloop
  endfacet
  facet normal -1.000000e+00 0.000000e+00 2.383884e-12
    outer loop
      vertex   5.327200e+01 4.199879e+01 1.514903e+00
      vertex   5.327200e+01 4.200000e+01 1.500000e+00
      vertex   5.327200e+01 4.199879e+01 1.500000e+00
    endloop
  endfacet
  facet normal -1.000000e+00 0.000000e+00 -1.089574e-14
    outer loop
      vertex   5.327200e+01 4.199879e+01 1.455000e+01
      vertex   5.327200e+01 4.200000e+01 1.455000e+01
      vertex   5.327200e+01 4.199879e+01 9.985097e+00
    endloop
  endfacet
  facet normal -1.000000e+00 -3.708116e-11 -1.088954e-15
    outer loop
      vertex   5.327200e+01 4.199879e+01 9.985097e+00
      vertex   5.327200e+01 4.200000e+01 1.455000e+01
      vertex   5.327200e+01 4.200000e+01 1.500000e+00
    endloop
  endfacet
  facet normal 0.000000e+00 -0.000000e+00 1.000000e+00
    outer loop
      vertex   5.327200e+01 4.199879e+01 1.500000e+00
      vertex   5.327200e+01 4.200000e+01 1.500000e+00
      vertex   5.327186e+01 4.199920e+01 1.500000e+00
    endloop
  endfacet
  facet normal 0.000000e+00 -0.000000e+00 1.000000e+00
    outer loop
      vertex   5.327186e+01 4.199920e+01 1.500000e+00
      vertex   5.327200e+01 4.200000e+01 1.500000e+00
      vertex   5.327172e+01 4.199960e+01 1.500000e+00
    endloop
  endfacet
  facet normal 0.000000e+00 -0.000000e+00 1.000000e+00
    outer loop
      vertex   5.327172e+01 4.199960e+01 1.500000e+00
      vertex   5.327200e+01 4.200000e+01 1.500000e+00
      vertex   5.327157e+01 4.200000e+01 1.500000e+00
    endloop
  endfacet
  facet normal 9.426904e-01 3.336687e-01 -3.751592e-15
    outer loop
      vertex   5.327200e+01 4.199879e+01 1.455000e+01
      vertex   5.327200e+01 4.199879e+01 9.985097e+00
      vertex   5.327186e+01 4.199920e+01 1.455000e+01
    endloop
  endfacet
  facet normal 9.427379e-01 3.335346e-01 1.330561e-08
    outer loop
      vertex   5.327186e+01 4.199920e+01 1.455000e+01
      vertex   5.327200e+01 4.199879e+01 9.985097e+00
      vertex   5.327157e+01 4.200000e+01 9.985171e+00
    endloop
  endfacet
  facet normal 9.427379e-01 3.335346e-01 1.330576e-08
    outer loop
      vertex   5.327186e+01 4.199920e+01 1.455000e+01
      vertex   5.327157e+01 4.200000e+01 9.985171e+00
      vertex   5.327172e+01 4.199960e+01 1.455000e+01
    endloop
  endfacet
  facet normal 9.427853e-01 3.334004e-01 1.037916e-15
    outer loop
      vertex   5.327172e+01 4.199960e+01 1.455000e+01
      vertex   5.327157e+01 4.200000e+01 9.985171e+00
      vertex   5.327157e+01 4.200000e+01 1.455000e+01
    endloop
  endfacet
  facet normal 9.801714e-02 -9.951847e-01 0.000000e+00
    outer loop
      vertex   5.610000e+01 3.550000e+01 1.455000e+01
      vertex   5.610000e+01 3.550000e+01 0.000000e+00
      vertex   5.658773e+01 3.554804e+01 7.275000e+00
    endloop
  endfacet
  facet normal 9.801714e-02 -9.951847e-01 0.000000e+00
    outer loop
      vertex   5.658773e+01 3.554804e+01 7.275000e+00
      vertex   5.610000e+01 3.550000e+01 0.000000e+00
      vertex   5.658773e+01 3.554804e+01 0.000000e+00
    endloop
  endfacet
  facet normal 2.902847e-01 -9.569403e-01 0.000000e+00
    outer loop
      vertex   5.658773e+01 3.554804e+01 7.275000e+00
      vertex   5.658773e+01 3.554804e+01 0.000000e+00
      vertex   5.705671e+01 3.569030e+01 7.275000e+00
    endloop
  endfacet
  facet normal 2.902847e-01 -9.569403e-01 0.000000e+00
    outer loop
      vertex   5.705671e+01 3.569030e+01 7.275000e+00
      vertex   5.658773e+01 3.554804e+01 0.000000e+00
      vertex   5.705671e+01 3.569030e+01 0.000000e+00
    endloop
  endfacet
  facet normal 4.713967e-01 -8.819213e-01 0.000000e+00
    outer loop
      vertex   5.705671e+01 3.569030e+01 7.275000e+00
      vertex   5.705671e+01 3.569030e+01 0.000000e+00
      vertex   5.748893e+01 3.592133e+01 7.275000e+00
    endloop
  endfacet
  facet normal 4.713967e-01 -8.819213e-01 0.000000e+00
    outer loop
      vertex   5.748893e+01 3.592133e+01 7.275000e+00
      vertex   5.705671e+01 3.569030e+01 0.000000e+00
      vertex   5.748893e+01 3.592133e+01 0.000000e+00
    endloop
  endfacet
  facet normal 6.343933e-01 -7.730105e-01 0.000000e+00
    outer loop
      vertex   5.748893e+01 3.592133e+01 7.275000e+00
      vertex   5.748893e+01 3.592133e+01 0.000000e+00
      vertex   5.786777e+01 3.623223e+01 7.275000e+00
    endloop
  endfacet
  facet normal 6.343933e-01 -7.730105e-01 0.000000e+00
    outer loop
      vertex   5.786777e+01 3.623223e+01 7.275000e+00
      vertex   5.748893e+01 3.592133e+01 0.000000e+00
      vertex   5.786777e+01 3.623223e+01 0.000000e+00
    endloop
  endfacet
  facet normal 7.730105e-01 -6.343933e-01 0.000000e+00
    outer loop
      vertex   5.786777e+01 3.623223e+01 7.275000e+00
      vertex   5.786777e+01 3.623223e+01 0.000000e+00
      vertex   5.817867e+01 3.661107e+01 7.275000e+00
    endloop
  endfacet
  facet normal 7.730105e-01 -6.343933e-01 0.000000e+00
    outer loop
      vertex   5.817867e+01 3.661107e+01 7.275000e+00
      vertex   5.786777e+01 3.623223e+01 0.000000e+00
      vertex   5.817867e+01 3.661107e+01 0.000000e+00
    endloop
  endfacet
  facet normal 8.819213e-01 -4.713967e-01 0.000000e+00
    outer loop
      vertex   5.817867e+01 3.661107e+01 7.275000e+00
      vertex   5.817867e+01 3.661107e+01 0.000000e+00
      vertex   5.840970e+01 3.704329e+01 7.275000e+00
    endloop
  endfacet
  facet normal 8.819213e-01 -4.713967e-01 0.000000e+00
    outer loop
      vertex   5.840970e+01 3.704329e+01 7.275000e+00
      vertex   5.817867e+01 3.661107e+01 0.000000e+00
      vertex   5.840970e+01 3.704329e+01 0.000000e+00
    endloop
  endfacet
  facet normal 9.569403e-01 -2.902847e-01 0.000000e+00
    outer loop
      vertex   5.840970e+01 3.704329e+01 7.275000e+00
      vertex   5.840970e+01 3.704329e+01 0.000000e+00
      vertex   5.855196e+01 3.751227e+01 7.275000e+00
    endloop
  endfacet
  facet normal 9.569403e-01 -2.902847e-01 0.000000e+00
    outer loop
      vertex   5.855196e+01 3.751227e+01 7.275000e+00
      vertex   5.840970e+01 3.704329e+01 0.000000e+00
      vertex   5.855196e+01 3.751227e+01 0.000000e+00
    endloop
  endfacet
  facet normal 9.951847e-01 -9.801714e-02 0.000000e+00
    outer loop
      vertex   5.855196e+01 3.751227e+01 7.275000e+00
      vertex   5.855196e+01 3.751227e+01 0.000000e+00
      vertex   5.860000e+01 3.800000e+01 7.275000e+00
    endloop
  endfacet
  facet normal 9.951847e-01 -9.801714e-02 0.000000e+00
    outer loop
      vertex   5.860000e+01 3.800000e+01 7.275000e+00
      vertex   5.855196e+01 3.751227e+01 0.000000e+00
      vertex   5.860000e+01 3.800000e+01 0.000000e+00
    endloop
  endfacet
  facet normal 9.951847e-01 9.801714e-02 0.000000e+00
    outer loop
      vertex   5.860000e+01 3.800000e+01 7.275000e+00
      vertex   5.860000e+01 3.800000e+01 0.000000e+00
      vertex   5.855196e+01 3.848773e+01 7.275000e+00
    endloop
  endfacet
  facet normal 9.951847e-01 9.801714e-02 -9.719880e-16
    outer loop
      vertex   5.855196e+01 3.848773e+01 7.275000e+00
      vertex   5.860000e+01 3.800000e+01 0.000000e+00
      vertex   5.855196e+01 3.848773e+01 0.000000e+00
    endloop
  endfacet
  facet normal 9.569403e-01 2.902847e-01 -9.346351e-16
    outer loop
      vertex   5.855196e+01 3.848773e+01 7.275000e+00
      vertex   5.855196e+01 3.848773e+01 0.000000e+00
      vertex   5.840970e+01 3.895671e+01 7.275000e+00
    endloop
  endfacet
  facet normal 9.569403e-01 2.902847e-01 0.000000e+00
    outer loop
      vertex   5.840970e+01 3.895671e+01 7.275000e+00
      vertex   5.855196e+01 3.848773e+01 0.000000e+00
      vertex   5.840970e+01 3.895671e+01 0.000000e+00
    endloop
  endfacet
  facet normal 8.819213e-01 4.713967e-01 0.000000e+00
    outer loop
      vertex   5.840970e+01 3.895671e+01 7.275000e+00
      vertex   5.840970e+01 3.895671e+01 0.000000e+00
      vertex   5.817867e+01 3.938893e+01 7.275000e+00
    endloop
  endfacet
  facet normal 8.819213e-01 4.713967e-01 0.000000e+00
    outer loop
      vertex   5.817867e+01 3.938893e+01 7.275000e+00
      vertex   5.840970e+01 3.895671e+01 0.000000e+00
      vertex   5.817867e+01 3.938893e+01 0.000000e+00
    endloop
  endfacet
  facet normal 7.730105e-01 6.343933e-01 0.000000e+00
    outer loop
      vertex   5.817867e+01 3.938893e+01 7.275000e+00
      vertex   5.817867e+01 3.938893e+01 0.000000e+00
      vertex   5.786777e+01 3.976777e+01 7.275000e+00
    endloop
  endfacet
  facet normal 7.730105e-01 6.343933e-01 0.000000e+00
    outer loop
      vertex   5.786777e+01 3.976777e+01 7.275000e+00
      vertex   5.817867e+01 3.938893e+01 0.000000e+00
      vertex   5.786777e+01 3.976777e+01 0.000000e+00
    endloop
  endfacet
  facet normal 6.343933e-01 7.730105e-01 0.000000e+00
    outer loop
      vertex   5.786777e+01 3.976777e+01 7.275000e+00
      vertex   5.786777e+01 3.976777e+01 0.000000e+00
      vertex   5.748893e+01 4.007867e+01 7.275000e+00
    endloop
  endfacet
  facet normal 6.343933e-01 7.730105e-01 0.000000e+00
    outer loop
      vertex   5.748893e+01 4.007867e+01 7.275000e+00
      vertex   5.786777e+01 3.976777e+01 0.000000e+00
      vertex   5.748893e+01 4.007867e+01 0.000000e+00
    endloop
  endfacet
  facet normal 4.713967e-01 8.819213e-01 0.000000e+00
    outer loop
      vertex   5.748893e+01 4.007867e+01 7.275000e+00
      vertex   5.748893e+01 4.007867e+01 0.000000e+00
      vertex   5.705671e+01 4.030970e+01 7.275000e+00
    endloop
  endfacet
  facet normal 4.713967e-01 8.819213e-01 0.000000e+00
    outer loop
      vertex   5.705671e+01 4.030970e+01 7.275000e+00
      vertex   5.748893e+01 4.007867e+01 0.000000e+00
      vertex   5.705671e+01 4.030970e+01 0.000000e+00
    endloop
  endfacet
  facet normal 2.902847e-01 9.569403e-01 0.000000e+00
    outer loop
      vertex   5.705671e+01 4.030970e+01 7.275000e+00
      vertex   5.705671e+01 4.030970e+01 0.000000e+00
      vertex   5.658773e+01 4.045196e+01 7.275000e+00
    endloop
  endfacet
  facet normal 2.902847e-01 9.569403e-01 0.000000e+00
    outer loop
      vertex   5.658773e+01 4.045196e+01 7.275000e+00
      vertex   5.705671e+01 4.030970e+01 0.000000e+00
      vertex   5.658773e+01 4.045196e+01 0.000000e+00
    endloop
  endfacet
  facet normal 9.801714e-02 9.951847e-01 0.000000e+00
    outer loop
      vertex   5.658773e+01 4.045196e+01 7.275000e+00
      vertex   5.658773e+01 4.045196e+01 0.000000e+00
      vertex   5.610000e+01 4.050000e+01 0.000000e+00
    endloop
  endfacet
  facet normal 9.801714e-02 9.951847e-01 -0.000000e+00
    outer loop
      vertex   5.610000e+01 4.050000e+01 0.000000e+00
      vertex   5.610000e+01 4.050000e+01 1.455000e+01
      vertex   5.658773e+01 4.045196e+01 7.275000e+00
    endloop
  endfacet
  facet normal 9.801714e-02 9.951847e-01 -0.000000e+00
    outer loop
      vertex   5.658773e+01 4.045196e+01 7.275000e+00
      vertex   5.610000e+01 4.050000e+01 1.455000e+01
      vertex   5.658773e+01 4.045196e+01 1.455000e+01
    endloop
  endfacet
  facet normal 2.902847e-01 9.569403e-01 -0.000000e+00
    outer loop
      vertex   5.658773e+01 4.045196e+01 7.275000e+00
      vertex   5.658773e+01 4.045196e+01 1.455000e+01
      vertex   5.705671e+01 4.030970e+01 7.275000e+00
    endloop
  endfacet
  facet normal 2.902847e-01 9.569403e-01 -0.000000e+00
    outer loop
      vertex   5.705671e+01 4.030970e+01 7.275000e+00
      vertex   5.658773e+01 4.045196e+01 1.455000e+01
      vertex   5.705671e+01 4.030970e+01 1.455000e+01
    endloop
  endfacet
  facet normal 4.713967e-01 8.819213e-01 -0.000000e+00
    outer loop
      vertex   5.705671e+01 4.030970e+01 7.275000e+00
      vertex   5.705671e+01 4.030970e+01 1.455000e+01
      vertex   5.748893e+01 4.007867e+01 7.275000e+00
    endloop
  endfacet
  facet normal 4.713967e-01 8.819213e-01 -0.000000e+00
    outer loop
      vertex   5.748893e+01 4.007867e+01 7.275000e+00
      vertex   5.705671e+01 4.030970e+01 1.455000e+01
      vertex   5.748893e+01 4.007867e+01 1.455000e+01
    endloop
  endfacet
  facet normal 6.343933e-01 7.730105e-01 -0.000000e+00
    outer loop
      vertex   5.748893e+01 4.007867e+01 7.275000e+00
      vertex   5.748893e+01 4.007867e+01 1.455000e+01
      vertex   5.786777e+01 3.976777e+01 7.275000e+00
    endloop
  endfacet
  facet normal 6.343933e-01 7.730105e-01 -0.000000e+00
    outer loop
      vertex   5.786777e+01 3.976777e+01 7.275000e+00
      vertex   5.748893e+01 4.007867e+01 1.455000e+01
      vertex   5.786777e+01 3.976777e+01 1.455000e+01
    endloop
  endfacet
  facet normal 7.730105e-01 6.343933e-01 -0.000000e+00
    outer loop
      vertex   5.786777e+01 3.976777e+01 7.275000e+00
      vertex   5.786777e+01 3.976777e+01 1.455000e+01
      vertex   5.817867e+01 3.938893e+01 7.275000e+00
    endloop
  endfacet
  facet normal 7.730105e-01 6.343933e-01 -0.000000e+00
    outer loop
      vertex   5.817867e+01 3.938893e+01 7.275000e+00
      vertex   5.786777e+01 3.976777e+01 1.455000e+01
      vertex   5.817867e+01 3.938893e+01 1.455000e+01
    endloop
  endfacet
  facet normal 8.819213e-01 4.713967e-01 -0.000000e+00
    outer loop
      vertex   5.817867e+01 3.938893e+01 7.275000e+00
      vertex   5.817867e+01 3.938893e+01 1.455000e+01
      vertex   5.840970e+01 3.895671e+01 7.275000e+00
    endloop
  endfacet
  facet normal 8.819213e-01 4.713967e-01 -0.000000e+00
    outer loop
      vertex   5.840970e+01 3.895671e+01 7.275000e+00
      vertex   5.817867e+01 3.938893e+01 1.455000e+01
      vertex   5.840970e+01 3.895671e+01 1.455000e+01
    endloop
  endfacet
  facet normal 9.569403e-01 2.902847e-01 -0.000000e+00
    outer loop
      vertex   5.840970e+01 3.895671e+01 7.275000e+00
      vertex   5.840970e+01 3.895671e+01 1.455000e+01
      vertex   5.855196e+01 3.848773e+01 7.275000e+00
    endloop
  endfacet
  facet normal 9.569403e-01 2.902847e-01 9.346351e-16
    outer loop
      vertex   5.855196e+01 3.848773e+01 7.275000e+00
      vertex   5.840970e+01 3.895671e+01 1.455000e+01
      vertex   5.855196e+01 3.848773e+01 1.455000e+01
    endloop
  endfacet
  facet normal 9.951847e-01 9.801714e-02 9.719880e-16
    outer loop
      vertex   5.855196e+01 3.848773e+01 7.275000e+00
      vertex   5.855196e+01 3.848773e+01 1.455000e+01
      vertex   5.860000e+01 3.800000e+01 7.275000e+00
    endloop
  endfacet
  facet normal 9.951847e-01 9.801714e-02 -0.000000e+00
    outer loop
      vertex   5.860000e+01 3.800000e+01 7.275000e+00
      vertex   5.855196e+01 3.848773e+01 1.455000e+01
      vertex   5.860000e+01 3.800000e+01 1.455000e+01
    endloop
  endfacet
  facet normal 9.951847e-01 -9.801714e-02 0.000000e+00
    outer loop
      vertex   5.860000e+01 3.800000e+01 7.275000e+00
      vertex   5.860000e+01 3.800000e+01 1.455000e+01
      vertex   5.855196e+01 3.751227e+01 7.275000e+00
    endloop
  endfacet
  facet normal 9.951847e-01 -9.801714e-02 0.000000e+00
    outer loop
      vertex   5.855196e+01 3.751227e+01 7.275000e+00
      vertex   5.860000e+01 3.800000e+01 1.455000e+01
      vertex   5.855196e+01 3.751227e+01 1.455000e+01
    endloop
  endfacet
  facet normal 9.569403e-01 -2.902847e-01 0.000000e+00
    outer loop
      vertex   5.855196e+01 3.751227e+01 7.275000e+00
      vertex   5.855196e+01 3.751227e+01 1.455000e+01
      vertex   5.840970e+01 3.704329e+01 7.275000e+00
    endloop
  endfacet
  facet normal 9.569403e-01 -2.902847e-01 0.000000e+00
    outer loop
      vertex   5.840970e+01 3.704329e+01 7.275000e+00
      vertex   5.855196e+01 3.751227e+01 1.455000e+01
      vertex   5.840970e+01 3.704329e+01 1.455000e+01
    endloop
  endfacet
  facet normal 8.819213e-01 -4.713967e-01 0.000000e+00
    outer loop
      vertex   5.840970e+01 3.704329e+01 7.275000e+00
      vertex   5.840970e+01 3.704329e+01 1.455000e+01
      vertex   5.817867e+01 3.661107e+01 7.275000e+00
    endloop
  endfacet
  facet normal 8.819213e-01 -4.713967e-01 0.000000e+00
    outer loop
      vertex   5.817867e+01 3.661107e+01 7.275000e+00
      vertex   5.840970e+01 3.704329e+01 1.455000e+01
      vertex   5.817867e+01 3.661107e+01 1.455000e+01
    endloop
  endfacet
  facet normal 7.730105e-01 -6.343933e-01 0.000000e+00
    outer loop
      vertex   5.817867e+01 3.661107e+01 7.275000e+00
      vertex   5.817867e+01 3.661107e+01 1.455000e+01
      vertex   5.786777e+01 3.623223e+01 7.275000e+00
    endloop
  endfacet
  facet normal 7.730105e-01 -6.343933e-01 0.000000e+00
    outer loop
      vertex   5.786777e+01 3.623223e+01 7.275000e+00
      vertex   5.817867e+01 3.661107e+01 1.455000e+01
      vertex   5.786777e+01 3.623223e+01 1.455000e+01
    endloop
  endfacet
  facet normal 6.343933e-01 -7.730105e-01 0.000000e+00
    outer loop
      vertex   5.786777e+01 3.623223e+01 7.275000e+00
      vertex   5.786777e+01 3.623223e+01 1.455000e+01
      vertex   5.748893e+01 3.592133e+01 7.275000e+00
    endloop
  endfacet
  facet normal 6.343933e-01 -7.730105e-01 0.000000e+00
    outer loop
      vertex   5.748893e+01 3.592133e+01 7.275000e+00
      vertex   5.786777e+01 3.623223e+01 1.455000e+01
      vertex   5.748893e+01 3.592133e+01 1.455000e+01
    endloop
  endfacet
  facet normal 4.713967e-01 -8.819213e-01 0.000000e+00
    outer loop
      vertex   5.748893e+01 3.592133e+01 7.275000e+00
      vertex   5.748893e+01 3.592133e+01 1.455000e+01
      vertex   5.705671e+01 3.569030e+01 7.275000e+00
    endloop
  endfacet
  facet normal 4.713967e-01 -8.819213e-01 0.000000e+00
    outer loop
      vertex   5.705671e+01 3.569030e+01 7.275000e+00
      vertex   5.748893e+01 3.592133e+01 1.455000e+01
      vertex   5.705671e+01 3.569030e+01 1.455000e+01
    endloop
  endfacet
  facet normal 2.902847e-01 -9.569403e-01 0.000000e+00
    outer loop
      vertex   5.705671e+01 3.569030e+01 7.275000e+00
      vertex   5.705671e+01 3.569030e+01 1.455000e+01
      vertex   5.658773e+01 3.554804e+01 7.275000e+00
    endloop
  endfacet
  facet normal 2.902847e-01 -9.569403e-01 0.000000e+00
    outer loop
      vertex   5.658773e+01 3.554804e+01 7.275000e+00
      vertex   5.705671e+01 3.569030e+01 1.455000e+01
      vertex   5.658773e+01 3.554804e+01 1.455000e+01
    endloop
  endfacet
  facet normal 9.801714e-02 -9.951847e-01 0.000000e+00
    outer loop
      vertex   5.658773e+01 3.554804e+01 7.275000e+00
      vertex   5.658773e+01 3.554804e+01 1.455000e+01
      vertex   5.610000e+01 3.550000e+01 1.455000e+01
    endloop
  endfacet
  facet normal 9.426904e-01 3.336687e-01 2.207129e-12
    outer loop
      vertex   5.327200e+01 4.199879e+01 1.500000e+00
      vertex   5.327186e+01 4.199920e+01 1.500000e+00
      vertex   5.327200e+01 4.199879e+01 1.514903e+00
    endloop
  endfacet
  facet normal 9.427380e-01 3.335343e-01 -4.082374e-06
    outer loop
      vertex   5.327200e+01 4.199879e+01 1.514903e+00
      vertex   5.327186e+01 4.199920e+01 1.500000e+00
      vertex   5.327157e+01 4.200000e+01 1.514829e+00
    endloop
  endfacet
  facet normal 9.427379e-01 3.335346e-01 -4.096046e-06
    outer loop
      vertex   5.327157e+01 4.200000e+01 1.514829e+00
      vertex   5.327186e+01 4.199920e+01 1.500000e+00
      vertex   5.327172e+01 4.199960e+01 1.500000e+00
    endloop
  endfacet
  facet normal 9.427853e-01 3.334004e-01 -3.195119e-13
    outer loop
      vertex   5.327157e+01 4.200000e+01 1.514829e+00
      vertex   5.327172e+01 4.199960e+01 1.500000e+00
      vertex   5.327157e+01 4.200000e+01 1.500000e+00
    endloop
  endfacet
  facet normal 1.000000e+00 0.000000e+00 -0.000000e+00
    outer loop
      vertex   5.610000e+01 3.550000e+01 0.000000e+00
      vertex   5.610000e+01 3.550000e+01 1.455000e+01
      vertex   5.610000e+01 1.000000e+00 0.000000e+00
    endloop
  endfacet
  facet normal 1.000000e+00 0.000000e+00 0.000000e+00
    outer loop
      vertex   5.610000e+01 1.000000e+00 0.000000e+00
      vertex   5.610000e+01 3.550000e+01 1.455000e+01
      vertex   5.610000e+01 1.000000e+00 1.455000e+01
    endloop
  endfacet
  facet normal -0.000000e+00 -1.000000e+00 0.000000e+00
    outer loop
      vertex   5.380711e+01 1.750000e+01 1.792893e+00
      vertex   5.410000e+01 1.750000e+01 2.500000e+00
      vertex   5.360000e+01 1.750000e+01 1.633975e+00
    endloop
  endfacet
  facet normal 0.000000e+00 -1.000000e+00 0.000000e+00
    outer loop
      vertex   5.360000e+01 1.750000e+01 1.633975e+00
      vertex   5.410000e+01 1.750000e+01 2.500000e+00
      vertex   5.060000e+01 1.750000e+01 8.034000e+00
    endloop
  endfacet
  facet normal 0.000000e+00 -1.000000e+00 0.000000e+00
    outer loop
      vertex   5.360000e+01 1.750000e+01 1.633975e+00
      vertex   5.060000e+01 1.750000e+01 8.034000e+00
      vertex   5.060000e+01 1.750000e+01 1.633975e+00
    endloop
  endfacet
  facet normal 0.000000e+00 -1.000000e+00 0.000000e+00
    outer loop
      vertex   5.380711e+01 1.750000e+01 1.792893e+00
      vertex   5.396603e+01 1.750000e+01 2.000000e+00
      vertex   5.410000e+01 1.750000e+01 2.500000e+00
    endloop
  endfacet
  facet normal 0.000000e+00 -1.000000e+00 0.000000e+00
    outer loop
      vertex   5.410000e+01 1.750000e+01 2.500000e+00
      vertex   5.396603e+01 1.750000e+01 2.000000e+00
      vertex   5.406593e+01 1.750000e+01 2.241181e+00
    endloop
  endfacet
  facet normal 0.000000e+00 -1.000000e+00 0.000000e+00
    outer loop
      vertex   5.410000e+01 1.750000e+01 2.500000e+00
      vertex   5.410000e+01 1.750000e+01 8.034000e+00
      vertex   5.060000e+01 1.750000e+01 8.034000e+00
    endloop
  endfacet
  facet normal 0.000000e+00 1.000000e+00 -0.000000e+00
    outer loop
      vertex   5.406593e+01 2.200000e+01 2.241181e+00
      vertex   5.396603e+01 2.200000e+01 2.000000e+00
      vertex   5.410000e+01 2.200000e+01 2.500000e+00
    endloop
  endfacet
  facet normal 0.000000e+00 1.000000e+00 0.000000e+00
    outer loop
      vertex   5.410000e+01 2.200000e+01 2.500000e+00
      vertex   5.396603e+01 2.200000e+01 2.000000e+00
      vertex   5.380711e+01 2.200000e+01 1.792893e+00
    endloop
  endfacet
  facet normal 0.000000e+00 1.000000e+00 0.000000e+00
    outer loop
      vertex   5.410000e+01 2.200000e+01 2.500000e+00
      vertex   5.380711e+01 2.200000e+01 1.792893e+00
      vertex   5.360000e+01 2.200000e+01 1.633975e+00
    endloop
  endfacet
  facet normal 0.000000e+00 1.000000e+00 0.000000e+00
    outer loop
      vertex   5.060000e+01 2.200000e+01 1.633975e+00
      vertex   5.060000e+01 2.200000e+01 8.034000e+00
      vertex   5.360000e+01 2.200000e+01 1.633975e+00
    endloop
  endfacet
  facet normal 0.000000e+00 1.000000e+00 -0.000000e+00
    outer loop
      vertex   5.360000e+01 2.200000e+01 1.633975e+00
      vertex   5.060000e+01 2.200000e+01 8.034000e+00
      vertex   5.410000e+01 2.200000e+01 2.500000e+00
    endloop
  endfacet
  facet normal 2.030122e-15 1.000000e+00 1.283959e-15
    outer loop
      vertex   5.060000e+01 2.200000e+01 8.034000e+00
      vertex   5.410000e+01 2.200000e+01 8.034000e+00
      vertex   5.410000e+01 2.200000e+01 2.500000e+00
    endloop
  endfacet
  facet normal 0.000000e+00 0.000000e+00 1.000000e+00
    outer loop
      vertex   5.410000e+01 2.200000e+01 8.034000e+00
      vertex   5.060000e+01 2.200000e+01 8.034000e+00
      vertex   5.410000e+01 1.750000e+01 8.034000e+00
    endloop
  endfacet
  facet normal 0.000000e+00 0.000000e+00 1.000000e+00
    outer loop
      vertex   5.410000e+01 1.750000e+01 8.034000e+00
      vertex   5.060000e+01 2.200000e+01 8.034000e+00
      vertex   5.060000e+01 1.750000e+01 8.034000e+00
    endloop
  endfacet
  facet normal -1.305262e-01 -9.914449e-01 -2.038339e-16
    outer loop
      vertex   5.110000e+01 4.000000e+01 1.455000e+01
      vertex   5.110000e+01 4.000000e+01 1.000000e+01
      vertex   5.135882e+01 3.996593e+01 1.455000e+01
    endloop
  endfacet
  facet normal -1.305262e-01 -9.914449e-01 -0.000000e+00
    outer loop
      vertex   5.135882e+01 3.996593e+01 1.455000e+01
      vertex   5.110000e+01 4.000000e+01 1.000000e+01
      vertex   5.135882e+01 3.996593e+01 1.000000e+01
    endloop
  endfacet
  facet normal -3.826834e-01 -9.238795e-01 -0.000000e+00
    outer loop
      vertex   5.135882e+01 3.996593e+01 1.455000e+01
      vertex   5.135882e+01 3.996593e+01 1.000000e+01
      vertex   5.160000e+01 3.986603e+01 1.455000e+01
    endloop
  endfacet
  facet normal -3.826834e-01 -9.238795e-01 -0.000000e+00
    outer loop
      vertex   5.160000e+01 3.986603e+01 1.455000e+01
      vertex   5.135882e+01 3.996593e+01 1.000000e+01
      vertex   5.160000e+01 3.986603e+01 1.000000e+01
    endloop
  endfacet
  facet normal -6.087614e-01 -7.933533e-01 -0.000000e+00
    outer loop
      vertex   5.160000e+01 3.986603e+01 1.455000e+01
      vertex   5.160000e+01 3.986603e+01 1.000000e+01
      vertex   5.180711e+01 3.970711e+01 1.455000e+01
    endloop
  endfacet
  facet normal -6.087614e-01 -7.933533e-01 -0.000000e+00
    outer loop
      vertex   5.180711e+01 3.970711e+01 1.455000e+01
      vertex   5.160000e+01 3.986603e+01 1.000000e+01
      vertex   5.180711e+01 3.970711e+01 1.000000e+01
    endloop
  endfacet
  facet normal -7.933533e-01 -6.087614e-01 -0.000000e+00
    outer loop
      vertex   5.180711e+01 3.970711e+01 1.455000e+01
      vertex   5.180711e+01 3.970711e+01 1.000000e+01
      vertex   5.196603e+01 3.950000e+01 1.455000e+01
    endloop
  endfacet
  facet normal -7.933533e-01 -6.087614e-01 -0.000000e+00
    outer loop
      vertex   5.196603e+01 3.950000e+01 1.455000e+01
      vertex   5.180711e+01 3.970711e+01 1.000000e+01
      vertex   5.196603e+01 3.950000e+01 1.000000e+01
    endloop
  endfacet
  facet normal -9.238795e-01 -3.826834e-01 -0.000000e+00
    outer loop
      vertex   5.196603e+01 3.950000e+01 1.455000e+01
      vertex   5.196603e+01 3.950000e+01 1.000000e+01
      vertex   5.206593e+01 3.925882e+01 1.455000e+01
    endloop
  endfacet
  facet normal -9.238795e-01 -3.826834e-01 -0.000000e+00
    outer loop
      vertex   5.206593e+01 3.925882e+01 1.455000e+01
      vertex   5.196603e+01 3.950000e+01 1.000000e+01
      vertex   5.206593e+01 3.925882e+01 1.000000e+01
    endloop
  endfacet
  facet normal -9.914449e-01 -1.305262e-01 -0.000000e+00
    outer loop
      vertex   5.206593e+01 3.925882e+01 1.455000e+01
      vertex   5.206593e+01 3.925882e+01 1.000000e+01
      vertex   5.210000e+01 3.900000e+01 1.455000e+01
    endloop
  endfacet
  facet normal -9.914449e-01 -1.305262e-01 -0.000000e+00
    outer loop
      vertex   5.210000e+01 3.900000e+01 1.455000e+01
      vertex   5.206593e+01 3.925882e+01 1.000000e+01
      vertex   5.210000e+01 3.900000e+01 1.000000e+01
    endloop
  endfacet
  facet normal -9.945219e-01 1.045285e-01 -7.427194e-16
    outer loop
      vertex   4.810000e+01 1.400000e+01 1.500000e+00
      vertex   4.810000e+01 1.400000e+01 0.000000e+00
      vertex   4.805630e+01 1.358418e+01 1.500000e+00
    endloop
  endfacet
  facet normal -9.945219e-01 1.045285e-01 -7.427194e-16
    outer loop
      vertex   4.805630e+01 1.358418e+01 1.500000e+00
      vertex   4.810000e+01 1.400000e+01 0.000000e+00
      vertex   4.805630e+01 1.358418e+01 7.850754e-14
    endloop
  endfacet
  facet normal -9.510565e-01 3.090170e-01 -2.195698e-15
    outer loop
      vertex   4.805630e+01 1.358418e+01 1.500000e+00
      vertex   4.805630e+01 1.358418e+01 7.850754e-14
      vertex   4.792709e+01 1.318653e+01 1.500000e+00
    endloop
  endfacet
  facet normal -9.510565e-01 3.090170e-01 -2.195698e-15
    outer loop
      vertex   4.792709e+01 1.318653e+01 1.500000e+00
      vertex   4.805630e+01 1.358418e+01 7.850754e-14
      vertex   4.792709e+01 1.318653e+01 7.850754e-14
    endloop
  endfacet
  facet normal -8.660254e-01 5.000000e-01 -3.552714e-15
    outer loop
      vertex   4.792709e+01 1.318653e+01 1.500000e+00
      vertex   4.792709e+01 1.318653e+01 7.850754e-14
      vertex   4.771803e+01 1.282443e+01 1.500000e+00
    endloop
  endfacet
  facet normal -8.660254e-01 5.000000e-01 -3.552714e-15
    outer loop
      vertex   4.771803e+01 1.282443e+01 1.500000e+00
      vertex   4.792709e+01 1.318653e+01 7.850754e-14
      vertex   4.771803e+01 1.282443e+01 7.850754e-14
    endloop
  endfacet
  facet normal -7.431448e-01 6.691306e-01 -4.754459e-15
    outer loop
      vertex   4.771803e+01 1.282443e+01 1.500000e+00
      vertex   4.771803e+01 1.282443e+01 7.850754e-14
      vertex   4.743826e+01 1.251371e+01 1.500000e+00
    endloop
  endfacet
  facet normal -7.431448e-01 6.691306e-01 -4.754459e-15
    outer loop
      vertex   4.743826e+01 1.251371e+01 1.500000e+00
      vertex   4.771803e+01 1.282443e+01 7.850754e-14
      vertex   4.743826e+01 1.251371e+01 7.850754e-14
    endloop
  endfacet
  facet normal -5.877853e-01 8.090170e-01 -5.748411e-15
    outer loop
      vertex   4.743826e+01 1.251371e+01 1.500000e+00
      vertex   4.743826e+01 1.251371e+01 7.850754e-14
      vertex   4.710000e+01 1.226795e+01 1.500000e+00
    endloop
  endfacet
  facet normal -5.877853e-01 8.090170e-01 -5.748411e-15
    outer loop
      vertex   4.710000e+01 1.226795e+01 1.500000e+00
      vertex   4.743826e+01 1.251371e+01 7.850754e-14
      vertex   4.710000e+01 1.226795e+01 7.850754e-14
    endloop
  endfacet
  facet normal -4.067366e-01 9.135455e-01 -6.491131e-15
    outer loop
      vertex   4.710000e+01 1.226795e+01 1.500000e+00
      vertex   4.710000e+01 1.226795e+01 7.850754e-14
      vertex   4.671803e+01 1.209789e+01 1.500000e+00
    endloop
  endfacet
  facet normal -4.067366e-01 9.135455e-01 -6.491131e-15
    outer loop
      vertex   4.671803e+01 1.209789e+01 1.500000e+00
      vertex   4.710000e+01 1.226795e+01 7.850754e-14
      vertex   4.671803e+01 1.209789e+01 7.850754e-14
    endloop
  endfacet
  facet normal -2.079117e-01 9.781476e-01 -6.950157e-15
    outer loop
      vertex   4.671803e+01 1.209789e+01 1.500000e+00
      vertex   4.671803e+01 1.209789e+01 7.850754e-14
      vertex   4.630906e+01 1.201096e+01 1.500000e+00
    endloop
  endfacet
  facet normal -2.079117e-01 9.781476e-01 -6.950157e-15
    outer loop
      vertex   4.630906e+01 1.201096e+01 1.500000e+00
      vertex   4.671803e+01 1.209789e+01 7.850754e-14
      vertex   4.630906e+01 1.201096e+01 7.850754e-14
    endloop
  endfacet
  facet normal 0.000000e+00 1.000000e+00 -7.105427e-15
    outer loop
      vertex   4.630906e+01 1.201096e+01 1.500000e+00
      vertex   4.630906e+01 1.201096e+01 7.850754e-14
      vertex   4.589094e+01 1.201096e+01 1.500000e+00
    endloop
  endfacet
  facet normal 0.000000e+00 1.000000e+00 -7.105427e-15
    outer loop
      vertex   4.589094e+01 1.201096e+01 1.500000e+00
      vertex   4.630906e+01 1.201096e+01 7.850754e-14
      vertex   4.589094e+01 1.201096e+01 7.850754e-14
    endloop
  endfacet
  facet normal 2.079117e-01 9.781476e-01 -6.950157e-15
    outer loop
      vertex   4.589094e+01 1.201096e+01 1.500000e+00
      vertex   4.589094e+01 1.201096e+01 7.850754e-14
      vertex   4.548197e+01 1.209789e+01 1.500000e+00
    endloop
  endfacet
  facet normal 2.079117e-01 9.781476e-01 -6.950157e-15
    outer loop
      vertex   4.548197e+01 1.209789e+01 1.500000e+00
      vertex   4.589094e+01 1.201096e+01 7.850754e-14
      vertex   4.548197e+01 1.209789e+01 7.850754e-14
    endloop
  endfacet
  facet normal 4.067366e-01 9.135455e-01 -6.491131e-15
    outer loop
      vertex   4.548197e+01 1.209789e+01 1.500000e+00
      vertex   4.548197e+01 1.209789e+01 7.850754e-14
      vertex   4.510000e+01 1.226795e+01 1.500000e+00
    endloop
  endfacet
  facet normal 4.067366e-01 9.135455e-01 -7.572986e-15
    outer loop
      vertex   4.510000e+01 1.226795e+01 1.500000e+00
      vertex   4.548197e+01 1.209789e+01 7.850754e-14
      vertex   4.510000e+01 1.226795e+01 7.850754e-14
    endloop
  endfacet
  facet normal 5.877853e-01 8.090170e-01 -6.706480e-15
    outer loop
      vertex   4.510000e+01 1.226795e+01 1.500000e+00
      vertex   4.510000e+01 1.226795e+01 7.850754e-14
      vertex   4.476174e+01 1.251371e+01 1.500000e+00
    endloop
  endfacet
  facet normal 5.877853e-01 8.090170e-01 -5.748411e-15
    outer loop
      vertex   4.476174e+01 1.251371e+01 1.500000e+00
      vertex   4.510000e+01 1.226795e+01 7.850754e-14
      vertex   4.476174e+01 1.251371e+01 7.850754e-14
    endloop
  endfacet
  facet normal 7.431448e-01 6.691306e-01 -4.754459e-15
    outer loop
      vertex   4.476174e+01 1.251371e+01 1.500000e+00
      vertex   4.476174e+01 1.251371e+01 7.850754e-14
      vertex   4.448197e+01 1.282443e+01 1.500000e+00
    endloop
  endfacet
  facet normal 7.431448e-01 6.691306e-01 -4.754459e-15
    outer loop
      vertex   4.448197e+01 1.282443e+01 1.500000e+00
      vertex   4.476174e+01 1.251371e+01 7.850754e-14
      vertex   4.448197e+01 1.282443e+01 7.850754e-14
    endloop
  endfacet
  facet normal 8.660254e-01 5.000000e-01 -3.552714e-15
    outer loop
      vertex   4.448197e+01 1.282443e+01 1.500000e+00
      vertex   4.448197e+01 1.282443e+01 7.850754e-14
      vertex   4.427291e+01 1.318653e+01 1.500000e+00
    endloop
  endfacet
  facet normal 8.660254e-01 5.000000e-01 -3.552714e-15
    outer loop
      vertex   4.427291e+01 1.318653e+01 1.500000e+00
      vertex   4.448197e+01 1.282443e+01 7.850754e-14
      vertex   4.427291e+01 1.318653e+01 7.850754e-14
    endloop
  endfacet
  facet normal 9.510565e-01 3.090170e-01 -2.195698e-15
    outer loop
      vertex   4.427291e+01 1.318653e+01 1.500000e+00
      vertex   4.427291e+01 1.318653e+01 7.850754e-14
      vertex   4.414370e+01 1.358418e+01 1.500000e+00
    endloop
  endfacet
  facet normal 9.510565e-01 3.090170e-01 -2.561647e-15
    outer loop
      vertex   4.414370e+01 1.358418e+01 1.500000e+00
      vertex   4.427291e+01 1.318653e+01 7.850754e-14
      vertex   4.414370e+01 1.358418e+01 7.850754e-14
    endloop
  endfacet
  facet normal 9.945219e-01 1.045285e-01 -8.665060e-16
    outer loop
      vertex   4.414370e+01 1.358418e+01 1.500000e+00
      vertex   4.414370e+01 1.358418e+01 7.850754e-14
      vertex   4.410000e+01 1.400000e+01 1.500000e+00
    endloop
  endfacet
  facet normal 9.945219e-01 1.045285e-01 -7.427194e-16
    outer loop
      vertex   4.410000e+01 1.400000e+01 1.500000e+00
      vertex   4.414370e+01 1.358418e+01 7.850754e-14
      vertex   4.410000e+01 1.400000e+01 0.000000e+00
    endloop
  endfacet
  facet normal 9.945219e-01 -1.045285e-01 1.237866e-15
    outer loop
      vertex   4.410000e+01 2.900000e+01 1.500000e+00
      vertex   4.410000e+01 2.900000e+01 0.000000e+00
      vertex   4.414370e+01 2.941582e+01 1.500000e+00
    endloop
  endfacet
  facet normal 9.945219e-01 -1.045285e-01 1.237866e-15
    outer loop
      vertex   4.414370e+01 2.941582e+01 1.500000e+00
      vertex   4.410000e+01 2.900000e+01 0.000000e+00
      vertex   4.414370e+01 2.941582e+01 -3.115246e-14
    endloop
  endfacet
  facet normal 9.510565e-01 -3.090170e-01 3.659496e-15
    outer loop
      vertex   4.414370e+01 2.941582e+01 1.500000e+00
      vertex   4.414370e+01 2.941582e+01 -3.115246e-14
      vertex   4.427291e+01 2.981347e+01 1.500000e+00
    endloop
  endfacet
  facet normal 9.510565e-01 -3.090170e-01 2.927597e-15
    outer loop
      vertex   4.427291e+01 2.981347e+01 1.500000e+00
      vertex   4.414370e+01 2.941582e+01 -3.115246e-14
      vertex   4.427291e+01 2.981347e+01 -3.115246e-14
    endloop
  endfacet
  facet normal 8.660254e-01 -5.000000e-01 4.736952e-15
    outer loop
      vertex   4.427291e+01 2.981347e+01 1.500000e+00
      vertex   4.427291e+01 2.981347e+01 -3.115246e-14
      vertex   4.448197e+01 3.017557e+01 1.500000e+00
    endloop
  endfacet
  facet normal 8.660254e-01 -5.000000e-01 4.736952e-15
    outer loop
      vertex   4.448197e+01 3.017557e+01 1.500000e+00
      vertex   4.427291e+01 2.981347e+01 -3.115246e-14
      vertex   4.448197e+01 3.017557e+01 -3.115246e-14
    endloop
  endfacet
  facet normal 7.431448e-01 -6.691306e-01 6.339279e-15
    outer loop
      vertex   4.448197e+01 3.017557e+01 1.500000e+00
      vertex   4.448197e+01 3.017557e+01 -3.115246e-14
      vertex   4.476174e+01 3.048629e+01 1.500000e+00
    endloop
  endfacet
  facet normal 7.431448e-01 -6.691306e-01 7.924098e-15
    outer loop
      vertex   4.476174e+01 3.048629e+01 1.500000e+00
      vertex   4.448197e+01 3.017557e+01 -3.115246e-14
      vertex   4.476174e+01 3.048629e+01 -3.115246e-14
    endloop
  endfacet
  facet normal 5.877853e-01 -8.090170e-01 9.580686e-15
    outer loop
      vertex   4.476174e+01 3.048629e+01 1.500000e+00
      vertex   4.476174e+01 3.048629e+01 -3.115246e-14
      vertex   4.510000e+01 3.073205e+01 1.500000e+00
    endloop
  endfacet
  facet normal 5.877853e-01 -8.090170e-01 7.664549e-15
    outer loop
      vertex   4.510000e+01 3.073205e+01 1.500000e+00
      vertex   4.476174e+01 3.048629e+01 -3.115246e-14
      vertex   4.510000e+01 3.073205e+01 -3.115246e-14
    endloop
  endfacet
  facet normal 4.067366e-01 -9.135455e-01 8.654841e-15
    outer loop
      vertex   4.510000e+01 3.073205e+01 1.500000e+00
      vertex   4.510000e+01 3.073205e+01 -3.115246e-14
      vertex   4.548197e+01 3.090211e+01 1.500000e+00
    endloop
  endfacet
  facet normal 4.067366e-01 -9.135455e-01 8.654841e-15
    outer loop
      vertex   4.548197e+01 3.090211e+01 1.500000e+00
      vertex   4.510000e+01 3.073205e+01 -3.115246e-14
      vertex   4.548197e+01 3.090211e+01 -3.115246e-14
    endloop
  endfacet
  facet normal 2.079117e-01 -9.781476e-01 9.266876e-15
    outer loop
      vertex   4.548197e+01 3.090211e+01 1.500000e+00
      vertex   4.548197e+01 3.090211e+01 -3.115246e-14
      vertex   4.589094e+01 3.098904e+01 1.500000e+00
    endloop
  endfacet
  facet normal 2.079117e-01 -9.781476e-01 1.158359e-14
    outer loop
      vertex   4.589094e+01 3.098904e+01 1.500000e+00
      vertex   4.548197e+01 3.090211e+01 -3.115246e-14
      vertex   4.589094e+01 3.098904e+01 -3.115246e-14
    endloop
  endfacet
  facet normal 0.000000e+00 -1.000000e+00 1.184238e-14
    outer loop
      vertex   4.589094e+01 3.098904e+01 1.500000e+00
      vertex   4.589094e+01 3.098904e+01 -3.115246e-14
      vertex   4.630906e+01 3.098904e+01 1.500000e+00
    endloop
  endfacet
  facet normal 0.000000e+00 -1.000000e+00 1.184238e-14
    outer loop
      vertex   4.630906e+01 3.098904e+01 1.500000e+00
      vertex   4.589094e+01 3.098904e+01 -3.115246e-14
      vertex   4.630906e+01 3.098904e+01 -3.115246e-14
    endloop
  endfacet
  facet normal -2.079117e-01 -9.781476e-01 1.158359e-14
    outer loop
      vertex   4.630906e+01 3.098904e+01 1.500000e+00
      vertex   4.630906e+01 3.098904e+01 -3.115246e-14
      vertex   4.671803e+01 3.090211e+01 1.500000e+00
    endloop
  endfacet
  facet normal -2.079117e-01 -9.781476e-01 9.266876e-15
    outer loop
      vertex   4.671803e+01 3.090211e+01 1.500000e+00
      vertex   4.630906e+01 3.098904e+01 -3.115246e-14
      vertex   4.671803e+01 3.090211e+01 -3.115246e-14
    endloop
  endfacet
  facet normal -4.067366e-01 -9.135455e-01 8.654841e-15
    outer loop
      vertex   4.671803e+01 3.090211e+01 1.500000e+00
      vertex   4.671803e+01 3.090211e+01 -3.115246e-14
      vertex   4.710000e+01 3.073205e+01 1.500000e+00
    endloop
  endfacet
  facet normal -4.067366e-01 -9.135455e-01 8.654841e-15
    outer loop
      vertex   4.710000e+01 3.073205e+01 1.500000e+00
      vertex   4.671803e+01 3.090211e+01 -3.115246e-14
      vertex   4.710000e+01 3.073205e+01 -3.115246e-14
    endloop
  endfacet
  facet normal -5.877853e-01 -8.090170e-01 7.664549e-15
    outer loop
      vertex   4.710000e+01 3.073205e+01 1.500000e+00
      vertex   4.710000e+01 3.073205e+01 -3.115246e-14
      vertex   4.743826e+01 3.048629e+01 1.500000e+00
    endloop
  endfacet
  facet normal -5.877853e-01 -8.090170e-01 7.664549e-15
    outer loop
      vertex   4.743826e+01 3.048629e+01 1.500000e+00
      vertex   4.710000e+01 3.073205e+01 -3.115246e-14
      vertex   4.743826e+01 3.048629e+01 -3.115246e-14
    endloop
  endfacet
  facet normal -7.431448e-01 -6.691306e-01 6.339279e-15
    outer loop
      vertex   4.743826e+01 3.048629e+01 1.500000e+00
      vertex   4.743826e+01 3.048629e+01 -3.115246e-14
      vertex   4.771803e+01 3.017557e+01 1.500000e+00
    endloop
  endfacet
  facet normal -7.431448e-01 -6.691306e-01 6.339279e-15
    outer loop
      vertex   4.771803e+01 3.017557e+01 1.500000e+00
      vertex   4.743826e+01 3.048629e+01 -3.115246e-14
      vertex   4.771803e+01 3.017557e+01 -3.115246e-14
    endloop
  endfacet
  facet normal -8.660254e-01 -5.000000e-01 4.736952e-15
    outer loop
      vertex   4.771803e+01 3.017557e+01 1.500000e+00
      vertex   4.771803e+01 3.017557e+01 -3.115246e-14
      vertex   4.792709e+01 2.981347e+01 1.500000e+00
    endloop
  endfacet
  facet normal -8.660254e-01 -5.000000e-01 4.736952e-15
    outer loop
      vertex   4.792709e+01 2.981347e+01 1.500000e+00
      vertex   4.771803e+01 3.017557e+01 -3.115246e-14
      vertex   4.792709e+01 2.981347e+01 -3.115246e-14
    endloop
  endfacet
  facet normal -9.510565e-01 -3.090170e-01 2.927597e-15
    outer loop
      vertex   4.792709e+01 2.981347e+01 1.500000e+00
      vertex   4.792709e+01 2.981347e+01 -3.115246e-14
      vertex   4.805630e+01 2.941582e+01 1.500000e+00
    endloop
  endfacet
  facet normal -9.510565e-01 -3.090170e-01 3.659496e-15
    outer loop
      vertex   4.805630e+01 2.941582e+01 1.500000e+00
      vertex   4.792709e+01 2.981347e+01 -3.115246e-14
      vertex   4.805630e+01 2.941582e+01 -3.115246e-14
    endloop
  endfacet
  facet normal -9.945219e-01 -1.045285e-01 1.237866e-15
    outer loop
      vertex   4.805630e+01 2.941582e+01 1.500000e+00
      vertex   4.805630e+01 2.941582e+01 -3.115246e-14
      vertex   4.810000e+01 2.900000e+01 1.500000e+00
    endloop
  endfacet
  facet normal -9.945219e-01 -1.045285e-01 1.237866e-15
    outer loop
      vertex   4.810000e+01 2.900000e+01 1.500000e+00
      vertex   4.805630e+01 2.941582e+01 -3.115246e-14
      vertex   4.810000e+01 2.900000e+01 0.000000e+00
    endloop
  endfacet
  facet normal -1.000000e+00 0.000000e+00 0.000000e+00
    outer loop
      vertex   5.210000e+01 1.000000e+00 1.000000e+01
      vertex   5.210000e+01 1.000000e+00 1.455000e+01
      vertex   5.210000e+01 3.900000e+01 1.000000e+01
    endloop
  endfacet
  facet normal -1.000000e+00 0.000000e+00 0.000000e+00
    outer loop
      vertex   5.210000e+01 3.900000e+01 1.000000e+01
      vertex   5.210000e+01 1.000000e+00 1.455000e+01
      vertex   5.210000e+01 3.900000e+01 1.455000e+01
    endloop
  endfacet
  facet normal 1.000000e+00 -0.000000e+00 0.000000e+00
    outer loop
      vertex   4.410000e+01 1.400000e+01 1.500000e+00
      vertex   4.410000e+01 1.400000e+01 0.000000e+00
      vertex   4.410000e+01 2.900000e+01 1.500000e+00
    endloop
  endfacet
  facet normal 1.000000e+00 0.000000e+00 0.000000e+00
    outer loop
      vertex   4.410000e+01 2.900000e+01 1.500000e+00
      vertex   4.410000e+01 1.400000e+01 0.000000e+00
      vertex   4.410000e+01 2.900000e+01 0.000000e+00
    endloop
  endfacet
  facet normal -1.000000e+00 0.000000e+00 0.000000e+00
    outer loop
      vertex   4.810000e+01 1.400000e+01 0.000000e+00
      vertex   4.810000e+01 1.400000e+01 1.500000e+00
      vertex   4.810000e+01 2.900000e+01 0.000000e+00
    endloop
  endfacet
  facet normal -1.000000e+00 0.000000e+00 0.000000e+00
    outer loop
      vertex   4.810000e+01 2.900000e+01 0.000000e+00
      vertex   4.810000e+01 1.400000e+01 1.500000e+00
      vertex   4.810000e+01 2.900000e+01 1.500000e+00
    endloop
  endfacet
  facet normal 0.000000e+00 -1.000000e+00 0.000000e+00
    outer loop
      vertex   5.000000e+00 4.000000e+01 1.455000e+01
      vertex   5.000000e+00 4.000000e+01 1.000000e+01
      vertex   5.110000e+01 4.000000e+01 1.455000e+01
    endloop
  endfacet
  facet normal 0.000000e+00 -1.000000e+00 -0.000000e+00
    outer loop
      vertex   5.110000e+01 4.000000e+01 1.455000e+01
      vertex   5.000000e+00 4.000000e+01 1.000000e+01
      vertex   5.110000e+01 4.000000e+01 1.000000e+01
    endloop
  endfacet
  facet normal -2.954970e-13 1.136527e-13 1.000000e+00
    outer loop
      vertex   4.805630e+01 2.941582e+01 1.500000e+00
      vertex   4.810000e+01 2.900000e+01 1.500000e+00
      vertex   5.310000e+01 4.200000e+01 1.500000e+00
    endloop
  endfacet
  facet normal 0.000000e+00 0.000000e+00 1.000000e+00
    outer loop
      vertex   5.310000e+01 4.200000e+01 1.500000e+00
      vertex   4.810000e+01 2.900000e+01 1.500000e+00
      vertex   4.810000e+01 1.400000e+01 1.500000e+00
    endloop
  endfacet
  facet normal 0.000000e+00 0.000000e+00 1.000000e+00
    outer loop
      vertex   5.310000e+01 4.200000e+01 1.500000e+00
      vertex   4.810000e+01 1.400000e+01 1.500000e+00
      vertex   5.310000e+01 0.000000e+00 1.500000e+00
    endloop
  endfacet
  facet normal 2.934208e-13 1.047931e-13 1.000000e+00
    outer loop
      vertex   5.310000e+01 0.000000e+00 1.500000e+00
      vertex   4.810000e+01 1.400000e+01 1.500000e+00
      vertex   4.805630e+01 1.358418e+01 1.500000e+00
    endloop
  endfacet
  facet normal 5.963468e-15 -1.937648e-15 1.000000e+00
    outer loop
      vertex   5.310000e+01 0.000000e+00 1.500000e+00
      vertex   4.805630e+01 1.358418e+01 1.500000e+00
      vertex   4.792709e+01 1.318653e+01 1.500000e+00
    endloop
  endfacet
  facet normal 4.410969e-15 -2.546674e-15 1.000000e+00
    outer loop
      vertex   4.792709e+01 1.318653e+01 1.500000e+00
      vertex   4.771803e+01 1.282443e+01 1.500000e+00
      vertex   5.310000e+01 0.000000e+00 1.500000e+00
    endloop
  endfacet
  facet normal 3.331495e-15 -2.999692e-15 1.000000e+00
    outer loop
      vertex   5.310000e+01 0.000000e+00 1.500000e+00
      vertex   4.771803e+01 1.282443e+01 1.500000e+00
      vertex   4.743826e+01 1.251371e+01 1.500000e+00
    endloop
  endfacet
  facet normal 2.464426e-15 -3.391991e-15 1.000000e+00
    outer loop
      vertex   5.310000e+01 0.000000e+00 1.500000e+00
      vertex   4.743826e+01 1.251371e+01 1.500000e+00
      vertex   4.710000e+01 1.226795e+01 1.500000e+00
    endloop
  endfacet
  facet normal 1.680839e-15 -3.775227e-15 1.000000e+00
    outer loop
      vertex   4.710000e+01 1.226795e+01 1.500000e+00
      vertex   4.671803e+01 1.209789e+01 1.500000e+00
      vertex   5.310000e+01 0.000000e+00 1.500000e+00
    endloop
  endfacet
  facet normal 8.910121e-16 -4.191882e-15 1.000000e+00
    outer loop
      vertex   5.310000e+01 0.000000e+00 1.500000e+00
      vertex   4.671803e+01 1.209789e+01 1.500000e+00
      vertex   4.630906e+01 1.201096e+01 1.500000e+00
    endloop
  endfacet
  facet normal 0.000000e+00 -4.695657e-15 1.000000e+00
    outer loop
      vertex   5.310000e+01 0.000000e+00 1.500000e+00
      vertex   4.630906e+01 1.201096e+01 1.500000e+00
      vertex   4.589094e+01 1.201096e+01 1.500000e+00
    endloop
  endfacet
  facet normal -1.144048e-15 -5.382322e-15 1.000000e+00
    outer loop
      vertex   4.589094e+01 1.201096e+01 1.500000e+00
      vertex   4.548197e+01 1.209789e+01 1.500000e+00
      vertex   5.310000e+01 0.000000e+00 1.500000e+00
    endloop
  endfacet
  facet normal -2.884247e-15 -6.478125e-15 1.000000e+00
    outer loop
      vertex   5.310000e+01 0.000000e+00 1.500000e+00
      vertex   4.548197e+01 1.209789e+01 1.500000e+00
      vertex   4.510000e+01 1.226795e+01 1.500000e+00
    endloop
  endfacet
  facet normal -6.347428e-15 -8.736485e-15 1.000000e+00
    outer loop
      vertex   5.310000e+01 0.000000e+00 1.500000e+00
      vertex   4.510000e+01 1.226795e+01 1.500000e+00
      vertex   4.476174e+01 1.251371e+01 1.500000e+00
    endloop
  endfacet
  facet normal 0.000000e+00 0.000000e+00 1.000000e+00
    outer loop
      vertex   4.448197e+01 1.282443e+01 1.500000e+00
      vertex   1.161803e+01 1.282443e+01 1.500000e+00
      vertex   4.476174e+01 1.251371e+01 1.500000e+00
    endloop
  endfacet
  facet normal 0.000000e+00 0.000000e+00 1.000000e+00
    outer loop
      vertex   4.476174e+01 1.251371e+01 1.500000e+00
      vertex   1.161803e+01 1.282443e+01 1.500000e+00
      vertex   1.133826e+01 1.251371e+01 1.500000e+00
    endloop
  endfacet
  facet normal 0.000000e+00 -4.507003e-15 1.000000e+00
    outer loop
      vertex   4.476174e+01 1.251371e+01 1.500000e+00
      vertex   1.133826e+01 1.251371e+01 1.500000e+00
      vertex   5.310000e+01 0.000000e+00 1.500000e+00
    endloop
  endfacet
  facet normal 0.000000e+00 -4.507003e-15 1.000000e+00
    outer loop
      vertex   5.310000e+01 0.000000e+00 1.500000e+00
      vertex   1.133826e+01 1.251371e+01 1.500000e+00
      vertex   3.000000e+00 0.000000e+00 1.500000e+00
    endloop
  endfacet
  facet normal 6.347428e-15 -8.736485e-15 1.000000e+00
    outer loop
      vertex   3.000000e+00 0.000000e+00 1.500000e+00
      vertex   1.133826e+01 1.251371e+01 1.500000e+00
      vertex   1.100000e+01 1.226795e+01 1.500000e+00
    endloop
  endfacet
  facet normal 2.884247e-15 -6.478125e-15 1.000000e+00
    outer loop
      vertex   3.000000e+00 0.000000e+00 1.500000e+00
      vertex   1.100000e+01 1.226795e+01 1.500000e+00
      vertex   1.061803e+01 1.209789e+01 1.500000e+00
    endloop
  endfacet
  facet normal 0.000000e+00 0.000000e+00 1.000000e+00
    outer loop
      vertex   1.161803e+01 1.282443e+01 1.500000e+00
      vertex   4.448197e+01 1.282443e+01 1.500000e+00
      vertex   1.182709e+01 1.318653e+01 1.500000e+00
    endloop
  endfacet
  facet normal -0.000000e+00 0.000000e+00 1.000000e+00
    outer loop
      vertex   1.182709e+01 1.318653e+01 1.500000e+00
      vertex   4.448197e+01 1.282443e+01 1.500000e+00
      vertex   4.427291e+01 1.318653e+01 1.500000e+00
    endloop
  endfacet
  facet normal 0.000000e+00 0.000000e+00 1.000000e+00
    outer loop
      vertex   1.182709e+01 1.318653e+01 1.500000e+00
      vertex   4.427291e+01 1.318653e+01 1.500000e+00
      vertex   1.195630e+01 1.358418e+01 1.500000e+00
    endloop
  endfacet
  facet normal -0.000000e+00 0.000000e+00 1.000000e+00
    outer loop
      vertex   1.195630e+01 1.358418e+01 1.500000e+00
      vertex   4.427291e+01 1.318653e+01 1.500000e+00
      vertex   4.414370e+01 1.358418e+01 1.500000e+00
    endloop
  endfacet
  facet normal -0.000000e+00 1.356329e-13 1.000000e+00
    outer loop
      vertex   1.195630e+01 1.358418e+01 1.500000e+00
      vertex   4.414370e+01 1.358418e+01 1.500000e+00
      vertex   1.200000e+01 1.400000e+01 1.500000e+00
    endloop
  endfacet
  facet normal -0.000000e+00 1.356329e-13 1.000000e+00
    outer loop
      vertex   1.200000e+01 1.400000e+01 1.500000e+00
      vertex   4.414370e+01 1.358418e+01 1.500000e+00
      vertex   4.410000e+01 1.400000e+01 1.500000e+00
    endloop
  endfacet
  facet normal 0.000000e+00 0.000000e+00 1.000000e+00
    outer loop
      vertex   1.200000e+01 1.400000e+01 1.500000e+00
      vertex   4.410000e+01 1.400000e+01 1.500000e+00
      vertex   1.200000e+01 2.900000e+01 1.500000e+00
    endloop
  endfacet
  facet normal -0.000000e+00 0.000000e+00 1.000000e+00
    outer loop
      vertex   1.200000e+01 2.900000e+01 1.500000e+00
      vertex   4.410000e+01 1.400000e+01 1.500000e+00
      vertex   2.100000e+01 3.600000e+01 1.500000e+00
    endloop
  endfacet
  facet normal -1.040471e-13 1.337749e-13 1.000000e+00
    outer loop
      vertex   1.200000e+01 2.900000e+01 1.500000e+00
      vertex   2.100000e+01 3.600000e+01 1.500000e+00
      vertex   1.195630e+01 2.941582e+01 1.500000e+00
    endloop
  endfacet
  facet normal 0.000000e+00 -9.139197e-15 1.000000e+00
    outer loop
      vertex   1.195630e+01 2.941582e+01 1.500000e+00
      vertex   2.100000e+01 3.600000e+01 1.500000e+00
      vertex   1.600000e+01 3.600000e+01 1.500000e+00
    endloop
  endfacet
  facet normal -9.732130e-15 -3.162161e-15 1.000000e+00
    outer loop
      vertex   1.195630e+01 2.941582e+01 1.500000e+00
      vertex   1.600000e+01 3.600000e+01 1.500000e+00
      vertex   1.182709e+01 2.981347e+01 1.500000e+00
    endloop
  endfacet
  facet normal -7.769710e-15 -4.485844e-15 1.000000e+00
    outer loop
      vertex   1.182709e+01 2.981347e+01 1.500000e+00
      vertex   1.600000e+01 3.600000e+01 1.500000e+00
      vertex   1.161803e+01 3.017557e+01 1.500000e+00
    endloop
  endfacet
  facet normal -6.251005e-15 -5.628430e-15 1.000000e+00
    outer loop
      vertex   1.161803e+01 3.017557e+01 1.500000e+00
      vertex   1.600000e+01 3.600000e+01 1.500000e+00
      vertex   1.133826e+01 3.048629e+01 1.500000e+00
    endloop
  endfacet
  facet normal -4.911886e-15 -6.760631e-15 1.000000e+00
    outer loop
      vertex   1.133826e+01 3.048629e+01 1.500000e+00
      vertex   1.600000e+01 3.600000e+01 1.500000e+00
      vertex   1.100000e+01 3.073205e+01 1.500000e+00
    endloop
  endfacet
  facet normal -3.574980e-15 -8.029536e-15 1.000000e+00
    outer loop
      vertex   1.100000e+01 3.073205e+01 1.500000e+00
      vertex   1.600000e+01 3.600000e+01 1.500000e+00
      vertex   1.061803e+01 3.090211e+01 1.500000e+00
    endloop
  endfacet
  facet normal -2.049133e-15 -9.640411e-15 1.000000e+00
    outer loop
      vertex   1.061803e+01 3.090211e+01 1.500000e+00
      vertex   1.600000e+01 3.600000e+01 1.500000e+00
      vertex   1.020906e+01 3.098904e+01 1.500000e+00
    endloop
  endfacet
  facet normal 0.000000e+00 -1.200850e-14 1.000000e+00
    outer loop
      vertex   1.020906e+01 3.098904e+01 1.500000e+00
      vertex   1.600000e+01 3.600000e+01 1.500000e+00
      vertex   9.790943e+00 3.098904e+01 1.500000e+00
    endloop
  endfacet
  facet normal -3.525937e-15 -7.639529e-15 1.000000e+00
    outer loop
      vertex   9.790943e+00 3.098904e+01 1.500000e+00
      vertex   1.600000e+01 3.600000e+01 1.500000e+00
      vertex   3.000000e+00 4.200000e+01 1.500000e+00
    endloop
  endfacet
  facet normal 1.026977e-15 -4.831546e-15 1.000000e+00
    outer loop
      vertex   9.790943e+00 3.098904e+01 1.500000e+00
      vertex   3.000000e+00 4.200000e+01 1.500000e+00
      vertex   9.381966e+00 3.090211e+01 1.500000e+00
    endloop
  endfacet
  facet normal 1.921990e-15 -4.316859e-15 1.000000e+00
    outer loop
      vertex   9.381966e+00 3.090211e+01 1.500000e+00
      vertex   3.000000e+00 4.200000e+01 1.500000e+00
      vertex   9.000000e+00 3.073205e+01 1.500000e+00
    endloop
  endfacet
  facet normal 2.797623e-15 -3.850598e-15 1.000000e+00
    outer loop
      vertex   9.000000e+00 3.073205e+01 1.500000e+00
      vertex   3.000000e+00 4.200000e+01 1.500000e+00
      vertex   8.661739e+00 3.048629e+01 1.500000e+00
    endloop
  endfacet
  facet normal 3.754139e-15 -3.380242e-15 1.000000e+00
    outer loop
      vertex   8.661739e+00 3.048629e+01 1.500000e+00
      vertex   3.000000e+00 4.200000e+01 1.500000e+00
      vertex   8.381966e+00 3.017557e+01 1.500000e+00
    endloop
  endfacet
  facet normal 4.928746e-15 -2.845613e-15 1.000000e+00
    outer loop
      vertex   8.381966e+00 3.017557e+01 1.500000e+00
      vertex   3.000000e+00 4.200000e+01 1.500000e+00
      vertex   8.172909e+00 2.981347e+01 1.500000e+00
    endloop
  endfacet
  facet normal 6.588968e-15 -2.140885e-15 1.000000e+00
    outer loop
      vertex   8.172909e+00 2.981347e+01 1.500000e+00
      vertex   3.000000e+00 4.200000e+01 1.500000e+00
      vertex   8.043705e+00 2.941582e+01 1.500000e+00
    endloop
  endfacet
  facet normal 2.954970e-13 1.136527e-13 1.000000e+00
    outer loop
      vertex   8.043705e+00 2.941582e+01 1.500000e+00
      vertex   3.000000e+00 4.200000e+01 1.500000e+00
      vertex   8.000000e+00 2.900000e+01 1.500000e+00
    endloop
  endfacet
  facet normal 0.000000e+00 0.000000e+00 1.000000e+00
    outer loop
      vertex   8.000000e+00 2.900000e+01 1.500000e+00
      vertex   3.000000e+00 4.200000e+01 1.500000e+00
      vertex   8.000000e+00 1.400000e+01 1.500000e+00
    endloop
  endfacet
  facet normal 0.000000e+00 0.000000e+00 1.000000e+00
    outer loop
      vertex   8.000000e+00 1.400000e+01 1.500000e+00
      vertex   3.000000e+00 4.200000e+01 1.500000e+00
      vertex   3.000000e+00 0.000000e+00 1.500000e+00
    endloop
  endfacet
  facet normal -2.934208e-13 1.047931e-13 1.000000e+00
    outer loop
      vertex   8.000000e+00 1.400000e+01 1.500000e+00
      vertex   3.000000e+00 0.000000e+00 1.500000e+00
      vertex   8.043705e+00 1.358418e+01 1.500000e+00
    endloop
  endfacet
  facet normal -5.963468e-15 -1.937648e-15 1.000000e+00
    outer loop
      vertex   8.043705e+00 1.358418e+01 1.500000e+00
      vertex   3.000000e+00 0.000000e+00 1.500000e+00
      vertex   8.172909e+00 1.318653e+01 1.500000e+00
    endloop
  endfacet
  facet normal -4.410969e-15 -2.546674e-15 1.000000e+00
    outer loop
      vertex   8.172909e+00 1.318653e+01 1.500000e+00
      vertex   3.000000e+00 0.000000e+00 1.500000e+00
      vertex   8.381966e+00 1.282443e+01 1.500000e+00
    endloop
  endfacet
  facet normal -3.331495e-15 -2.999692e-15 1.000000e+00
    outer loop
      vertex   8.381966e+00 1.282443e+01 1.500000e+00
      vertex   3.000000e+00 0.000000e+00 1.500000e+00
      vertex   8.661739e+00 1.251371e+01 1.500000e+00
    endloop
  endfacet
  facet normal -2.464426e-15 -3.391991e-15 1.000000e+00
    outer loop
      vertex   8.661739e+00 1.251371e+01 1.500000e+00
      vertex   3.000000e+00 0.000000e+00 1.500000e+00
      vertex   9.000000e+00 1.226795e+01 1.500000e+00
    endloop
  endfacet
  facet normal -1.680839e-15 -3.775227e-15 1.000000e+00
    outer loop
      vertex   9.000000e+00 1.226795e+01 1.500000e+00
      vertex   3.000000e+00 0.000000e+00 1.500000e+00
      vertex   9.381966e+00 1.209789e+01 1.500000e+00
    endloop
  endfacet
  facet normal -8.910121e-16 -4.191882e-15 1.000000e+00
    outer loop
      vertex   9.381966e+00 1.209789e+01 1.500000e+00
      vertex   3.000000e+00 0.000000e+00 1.500000e+00
      vertex   9.790943e+00 1.201096e+01 1.500000e+00
    endloop
  endfacet
  facet normal 0.000000e+00 -4.695657e-15 1.000000e+00
    outer loop
      vertex   9.790943e+00 1.201096e+01 1.500000e+00
      vertex   3.000000e+00 0.000000e+00 1.500000e+00
      vertex   1.020906e+01 1.201096e+01 1.500000e+00
    endloop
  endfacet
  facet normal 1.144048e-15 -5.382322e-15 1.000000e+00
    outer loop
      vertex   1.020906e+01 1.201096e+01 1.500000e+00
      vertex   3.000000e+00 0.000000e+00 1.500000e+00
      vertex   1.061803e+01 1.209789e+01 1.500000e+00
    endloop
  endfacet
  facet normal 0.000000e+00 -0.000000e+00 1.000000e+00
    outer loop
      vertex   4.410000e+01 1.400000e+01 1.500000e+00
      vertex   4.410000e+01 2.900000e+01 1.500000e+00
      vertex   2.100000e+01 3.600000e+01 1.500000e+00
    endloop
  endfacet
  facet normal 4.249817e-14 1.402440e-13 1.000000e+00
    outer loop
      vertex   2.100000e+01 3.600000e+01 1.500000e+00
      vertex   4.410000e+01 2.900000e+01 1.500000e+00
      vertex   4.414370e+01 2.941582e+01 1.500000e+00
    endloop
  endfacet
  facet normal 2.380019e-15 -7.733149e-16 1.000000e+00
    outer loop
      vertex   2.100000e+01 3.600000e+01 1.500000e+00
      vertex   4.414370e+01 2.941582e+01 1.500000e+00
      vertex   4.427291e+01 2.981347e+01 1.500000e+00
    endloop
  endfacet
  facet normal 2.241563e-15 -1.294167e-15 1.000000e+00
    outer loop
      vertex   4.427291e+01 2.981347e+01 1.500000e+00
      vertex   4.448197e+01 3.017557e+01 1.500000e+00
      vertex   2.100000e+01 3.600000e+01 1.500000e+00
    endloop
  endfacet
  facet normal 2.094738e-15 -1.886111e-15 1.000000e+00
    outer loop
      vertex   2.100000e+01 3.600000e+01 1.500000e+00
      vertex   4.448197e+01 3.017557e+01 1.500000e+00
      vertex   4.476174e+01 3.048629e+01 1.500000e+00
    endloop
  endfacet
  facet normal 2.532394e-15 -0.000000e+00 1.000000e+00
    outer loop
      vertex   2.100000e+01 3.600000e+01 1.500000e+00
      vertex   4.476174e+01 3.048629e+01 1.500000e+00
      vertex   2.100000e+01 4.100000e+01 1.500000e+00
    endloop
  endfacet
  facet normal 1.573894e-15 -2.166279e-15 1.000000e+00
    outer loop
      vertex   2.100000e+01 4.100000e+01 1.500000e+00
      vertex   4.476174e+01 3.048629e+01 1.500000e+00
      vertex   4.510000e+01 3.073205e+01 1.500000e+00
    endloop
  endfacet
  facet normal 1.701269e-16 -5.461074e-15 1.000000e+00
    outer loop
      vertex   2.100000e+01 4.100000e+01 1.500000e+00
      vertex   4.510000e+01 3.073205e+01 1.500000e+00
      vertex   5.310000e+01 4.200000e+01 1.500000e+00
    endloop
  endfacet
  facet normal 3.476617e-15 -7.808611e-15 1.000000e+00
    outer loop
      vertex   5.310000e+01 4.200000e+01 1.500000e+00
      vertex   4.510000e+01 3.073205e+01 1.500000e+00
      vertex   4.548197e+01 3.090211e+01 1.500000e+00
    endloop
  endfacet
  facet normal 1.349394e-15 -6.348399e-15 1.000000e+00
    outer loop
      vertex   5.310000e+01 4.200000e+01 1.500000e+00
      vertex   4.548197e+01 3.090211e+01 1.500000e+00
      vertex   4.589094e+01 3.098904e+01 1.500000e+00
    endloop
  endfacet
  facet normal 0.000000e+00 -5.464928e-15 1.000000e+00
    outer loop
      vertex   4.589094e+01 3.098904e+01 1.500000e+00
      vertex   4.630906e+01 3.098904e+01 1.500000e+00
      vertex   5.310000e+01 4.200000e+01 1.500000e+00
    endloop
  endfacet
  facet normal -1.026977e-15 -4.831546e-15 1.000000e+00
    outer loop
      vertex   5.310000e+01 4.200000e+01 1.500000e+00
      vertex   4.630906e+01 3.098904e+01 1.500000e+00
      vertex   4.671803e+01 3.090211e+01 1.500000e+00
    endloop
  endfacet
  facet normal -1.921990e-15 -4.316859e-15 1.000000e+00
    outer loop
      vertex   5.310000e+01 4.200000e+01 1.500000e+00
      vertex   4.671803e+01 3.090211e+01 1.500000e+00
      vertex   4.710000e+01 3.073205e+01 1.500000e+00
    endloop
  endfacet
  facet normal -2.797623e-15 -3.850598e-15 1.000000e+00
    outer loop
      vertex   4.710000e+01 3.073205e+01 1.500000e+00
      vertex   4.743826e+01 3.048629e+01 1.500000e+00
      vertex   5.310000e+01 4.200000e+01 1.500000e+00
    endloop
  endfacet
  facet normal -3.754139e-15 -3.380242e-15 1.000000e+00
    outer loop
      vertex   5.310000e+01 4.200000e+01 1.500000e+00
      vertex   4.743826e+01 3.048629e+01 1.500000e+00
      vertex   4.771803e+01 3.017557e+01 1.500000e+00
    endloop
  endfacet
  facet normal -4.928746e-15 -2.845613e-15 1.000000e+00
    outer loop
      vertex   5.310000e+01 4.200000e+01 1.500000e+00
      vertex   4.771803e+01 3.017557e+01 1.500000e+00
      vertex   4.792709e+01 2.981347e+01 1.500000e+00
    endloop
  endfacet
  facet normal -6.588968e-15 -2.140885e-15 1.000000e+00
    outer loop
      vertex   4.792709e+01 2.981347e+01 1.500000e+00
      vertex   4.805630e+01 2.941582e+01 1.500000e+00
      vertex   5.310000e+01 4.200000e+01 1.500000e+00
    endloop
  endfacet
  facet normal 0.000000e+00 0.000000e+00 1.000000e+00
    outer loop
      vertex   5.310000e+01 4.200000e+01 1.500000e+00
      vertex   3.000000e+00 4.200000e+01 1.500000e+00
      vertex   2.100000e+01 4.100000e+01 1.500000e+00
    endloop
  endfacet
  facet normal 0.000000e+00 0.000000e+00 1.000000e+00
    outer loop
      vertex   2.100000e+01 4.100000e+01 1.500000e+00
      vertex   3.000000e+00 4.200000e+01 1.500000e+00
      vertex   1.600000e+01 4.100000e+01 1.500000e+00
    endloop
  endfacet
  facet normal 0.000000e+00 0.000000e+00 1.000000e+00
    outer loop
      vertex   1.600000e+01 4.100000e+01 1.500000e+00
      vertex   3.000000e+00 4.200000e+01 1.500000e+00
      vertex   1.600000e+01 3.600000e+01 1.500000e+00
    endloop
  endfacet
  facet normal -0.000000e+00 -0.000000e+00 -1.000000e+00
    outer loop
      vertex   5.420000e+01 3.645000e+01 0.000000e+00
      vertex   5.610000e+01 3.550000e+01 0.000000e+00
      vertex   5.355000e+01 3.645000e+01 0.000000e+00
    endloop
  endfacet
  facet normal 1.408365e-15 3.780348e-15 -1.000000e+00
    outer loop
      vertex   5.355000e+01 3.645000e+01 0.000000e+00
      vertex   5.610000e+01 3.550000e+01 0.000000e+00
      vertex   4.743826e+01 3.048629e+01 -3.115246e-14
    endloop
  endfacet
  facet normal 2.175439e-15 2.994235e-15 -1.000000e+00
    outer loop
      vertex   5.355000e+01 3.645000e+01 0.000000e+00
      vertex   4.743826e+01 3.048629e+01 -3.115246e-14
      vertex   4.710000e+01 3.073205e+01 -3.115246e-14
    endloop
  endfacet
  facet normal 0.000000e+00 0.000000e+00 -1.000000e+00
    outer loop
      vertex   5.420000e+01 3.955000e+01 0.000000e+00
      vertex   5.450000e+01 3.800000e+01 0.000000e+00
      vertex   5.420000e+01 3.645000e+01 0.000000e+00
    endloop
  endfacet
  facet normal 0.000000e+00 0.000000e+00 -1.000000e+00
    outer loop
      vertex   5.420000e+01 3.645000e+01 0.000000e+00
      vertex   5.450000e+01 3.800000e+01 0.000000e+00
      vertex   5.454649e+01 3.761709e+01 0.000000e+00
    endloop
  endfacet
  facet normal 0.000000e+00 0.000000e+00 -1.000000e+00
    outer loop
      vertex   5.420000e+01 3.645000e+01 0.000000e+00
      vertex   5.454649e+01 3.761709e+01 0.000000e+00
      vertex   5.468327e+01 3.725644e+01 0.000000e+00
    endloop
  endfacet
  facet normal 0.000000e+00 0.000000e+00 -1.000000e+00
    outer loop
      vertex   5.355000e+01 3.955000e+01 0.000000e+00
      vertex   5.610000e+01 4.050000e+01 0.000000e+00
      vertex   5.420000e+01 3.955000e+01 0.000000e+00
    endloop
  endfacet
  facet normal 0.000000e+00 0.000000e+00 -1.000000e+00
    outer loop
      vertex   5.420000e+01 3.955000e+01 0.000000e+00
      vertex   5.610000e+01 4.050000e+01 0.000000e+00
      vertex   5.553263e+01 3.949603e+01 0.000000e+00
    endloop
  endfacet
  facet normal 0.000000e+00 0.000000e+00 -1.000000e+00
    outer loop
      vertex   5.420000e+01 3.955000e+01 0.000000e+00
      vertex   5.553263e+01 3.949603e+01 0.000000e+00
      vertex   5.519110e+01 3.931677e+01 0.000000e+00
    endloop
  endfacet
  facet normal 4.067402e-15 0.000000e+00 -1.000000e+00
    outer loop
      vertex   5.355000e+01 3.645000e+01 0.000000e+00
      vertex   4.589094e+01 3.098904e+01 -3.115246e-14
      vertex   5.355000e+01 3.955000e+01 0.000000e+00
    endloop
  endfacet
  facet normal -9.550967e-16 4.493377e-15 -1.000000e+00
    outer loop
      vertex   5.355000e+01 3.955000e+01 0.000000e+00
      vertex   4.589094e+01 3.098904e+01 -3.115246e-14
      vertex   4.548197e+01 3.090211e+01 -3.115246e-14
    endloop
  endfacet
  facet normal 1.540689e-16 3.458582e-15 -1.000000e+00
    outer loop
      vertex   5.355000e+01 3.955000e+01 0.000000e+00
      vertex   4.548197e+01 3.090211e+01 -3.115246e-14
      vertex   2.100000e+01 4.100000e+01 0.000000e+00
    endloop
  endfacet
  facet normal -6.605389e-16 1.483595e-15 -1.000000e+00
    outer loop
      vertex   2.100000e+01 4.100000e+01 0.000000e+00
      vertex   4.548197e+01 3.090211e+01 -3.115246e-14
      vertex   4.510000e+01 3.073205e+01 -3.115246e-14
    endloop
  endfacet
  facet normal -1.292633e-15 -0.000000e+00 -1.000000e+00
    outer loop
      vertex   2.100000e+01 4.100000e+01 0.000000e+00
      vertex   4.510000e+01 3.073205e+01 -3.115246e-14
      vertex   2.100000e+01 3.600000e+01 0.000000e+00
    endloop
  endfacet
  facet normal -9.936764e-16 1.367678e-15 -1.000000e+00
    outer loop
      vertex   2.100000e+01 3.600000e+01 0.000000e+00
      vertex   4.510000e+01 3.073205e+01 -3.115246e-14
      vertex   4.476174e+01 3.048629e+01 -3.115246e-14
    endloop
  endfacet
  facet normal -1.084458e-15 9.764500e-16 -1.000000e+00
    outer loop
      vertex   2.100000e+01 3.600000e+01 0.000000e+00
      vertex   4.476174e+01 3.048629e+01 -3.115246e-14
      vertex   4.448197e+01 3.017557e+01 -3.115246e-14
    endloop
  endfacet
  facet normal 0.000000e+00 0.000000e+00 -1.000000e+00
    outer loop
      vertex   5.765351e+01 3.761709e+01 0.000000e+00
      vertex   5.770000e+01 3.800000e+01 0.000000e+00
      vertex   5.860000e+01 3.800000e+01 0.000000e+00
    endloop
  endfacet
  facet normal 0.000000e+00 0.000000e+00 -1.000000e+00
    outer loop
      vertex   5.860000e+01 3.800000e+01 0.000000e+00
      vertex   5.770000e+01 3.800000e+01 0.000000e+00
      vertex   5.765351e+01 3.838291e+01 0.000000e+00
    endloop
  endfacet
  facet normal 0.000000e+00 0.000000e+00 -1.000000e+00
    outer loop
      vertex   5.860000e+01 3.800000e+01 0.000000e+00
      vertex   5.765351e+01 3.838291e+01 0.000000e+00
      vertex   5.855196e+01 3.848773e+01 0.000000e+00
    endloop
  endfacet
  facet normal -0.000000e+00 0.000000e+00 -1.000000e+00
    outer loop
      vertex   5.855196e+01 3.848773e+01 0.000000e+00
      vertex   5.765351e+01 3.838291e+01 0.000000e+00
      vertex   5.751673e+01 3.874356e+01 0.000000e+00
    endloop
  endfacet
  facet normal 0.000000e+00 0.000000e+00 -1.000000e+00
    outer loop
      vertex   5.855196e+01 3.848773e+01 0.000000e+00
      vertex   5.751673e+01 3.874356e+01 0.000000e+00
      vertex   5.840970e+01 3.895671e+01 0.000000e+00
    endloop
  endfacet
  facet normal -0.000000e+00 0.000000e+00 -1.000000e+00
    outer loop
      vertex   5.840970e+01 3.895671e+01 0.000000e+00
      vertex   5.751673e+01 3.874356e+01 0.000000e+00
      vertex   5.817867e+01 3.938893e+01 0.000000e+00
    endloop
  endfacet
  facet normal 0.000000e+00 0.000000e+00 -1.000000e+00
    outer loop
      vertex   5.817867e+01 3.938893e+01 0.000000e+00
      vertex   5.751673e+01 3.874356e+01 0.000000e+00
      vertex   5.729762e+01 3.906100e+01 0.000000e+00
    endloop
  endfacet
  facet normal -0.000000e+00 0.000000e+00 -1.000000e+00
    outer loop
      vertex   5.817867e+01 3.938893e+01 0.000000e+00
      vertex   5.729762e+01 3.906100e+01 0.000000e+00
      vertex   5.786777e+01 3.976777e+01 0.000000e+00
    endloop
  endfacet
  facet normal 0.000000e+00 0.000000e+00 -1.000000e+00
    outer loop
      vertex   5.786777e+01 3.976777e+01 0.000000e+00
      vertex   5.729762e+01 3.906100e+01 0.000000e+00
      vertex   5.700890e+01 3.931677e+01 0.000000e+00
    endloop
  endfacet
  facet normal -0.000000e+00 0.000000e+00 -1.000000e+00
    outer loop
      vertex   5.786777e+01 3.976777e+01 0.000000e+00
      vertex   5.700890e+01 3.931677e+01 0.000000e+00
      vertex   5.748893e+01 4.007867e+01 0.000000e+00
    endloop
  endfacet
  facet normal 0.000000e+00 0.000000e+00 -1.000000e+00
    outer loop
      vertex   5.748893e+01 4.007867e+01 0.000000e+00
      vertex   5.700890e+01 3.931677e+01 0.000000e+00
      vertex   5.666737e+01 3.949603e+01 0.000000e+00
    endloop
  endfacet
  facet normal -0.000000e+00 0.000000e+00 -1.000000e+00
    outer loop
      vertex   5.748893e+01 4.007867e+01 0.000000e+00
      vertex   5.666737e+01 3.949603e+01 0.000000e+00
      vertex   5.705671e+01 4.030970e+01 0.000000e+00
    endloop
  endfacet
  facet normal 0.000000e+00 0.000000e+00 -1.000000e+00
    outer loop
      vertex   5.705671e+01 4.030970e+01 0.000000e+00
      vertex   5.666737e+01 3.949603e+01 0.000000e+00
      vertex   5.629286e+01 3.958833e+01 0.000000e+00
    endloop
  endfacet
  facet normal -0.000000e+00 0.000000e+00 -1.000000e+00
    outer loop
      vertex   5.705671e+01 4.030970e+01 0.000000e+00
      vertex   5.629286e+01 3.958833e+01 0.000000e+00
      vertex   5.658773e+01 4.045196e+01 0.000000e+00
    endloop
  endfacet
  facet normal -0.000000e+00 0.000000e+00 -1.000000e+00
    outer loop
      vertex   5.658773e+01 4.045196e+01 0.000000e+00
      vertex   5.629286e+01 3.958833e+01 0.000000e+00
      vertex   5.610000e+01 4.050000e+01 0.000000e+00
    endloop
  endfacet
  facet normal 0.000000e+00 -0.000000e+00 -1.000000e+00
    outer loop
      vertex   5.610000e+01 4.050000e+01 0.000000e+00
      vertex   5.629286e+01 3.958833e+01 0.000000e+00
      vertex   5.590714e+01 3.958833e+01 0.000000e+00
    endloop
  endfacet
  facet normal 0.000000e+00 0.000000e+00 -1.000000e+00
    outer loop
      vertex   5.610000e+01 4.050000e+01 0.000000e+00
      vertex   5.590714e+01 3.958833e+01 0.000000e+00
      vertex   5.553263e+01 3.949603e+01 0.000000e+00
    endloop
  endfacet
  facet normal -0.000000e+00 0.000000e+00 -1.000000e+00
    outer loop
      vertex   5.519110e+01 3.931677e+01 0.000000e+00
      vertex   5.490238e+01 3.906100e+01 0.000000e+00
      vertex   5.420000e+01 3.955000e+01 0.000000e+00
    endloop
  endfacet
  facet normal 0.000000e+00 0.000000e+00 -1.000000e+00
    outer loop
      vertex   5.420000e+01 3.955000e+01 0.000000e+00
      vertex   5.490238e+01 3.906100e+01 0.000000e+00
      vertex   5.468327e+01 3.874356e+01 0.000000e+00
    endloop
  endfacet
  facet normal 0.000000e+00 0.000000e+00 -1.000000e+00
    outer loop
      vertex   5.420000e+01 3.955000e+01 0.000000e+00
      vertex   5.468327e+01 3.874356e+01 0.000000e+00
      vertex   5.454649e+01 3.838291e+01 0.000000e+00
    endloop
  endfacet
  facet normal -0.000000e+00 0.000000e+00 -1.000000e+00
    outer loop
      vertex   5.454649e+01 3.838291e+01 0.000000e+00
      vertex   5.450000e+01 3.800000e+01 0.000000e+00
      vertex   5.420000e+01 3.955000e+01 0.000000e+00
    endloop
  endfacet
  facet normal 0.000000e+00 -0.000000e+00 -1.000000e+00
    outer loop
      vertex   5.468327e+01 3.725644e+01 0.000000e+00
      vertex   5.490238e+01 3.693900e+01 0.000000e+00
      vertex   5.420000e+01 3.645000e+01 0.000000e+00
    endloop
  endfacet
  facet normal 0.000000e+00 0.000000e+00 -1.000000e+00
    outer loop
      vertex   5.420000e+01 3.645000e+01 0.000000e+00
      vertex   5.490238e+01 3.693900e+01 0.000000e+00
      vertex   5.519110e+01 3.668323e+01 0.000000e+00
    endloop
  endfacet
  facet normal 0.000000e+00 0.000000e+00 -1.000000e+00
    outer loop
      vertex   5.420000e+01 3.645000e+01 0.000000e+00
      vertex   5.519110e+01 3.668323e+01 0.000000e+00
      vertex   5.553263e+01 3.650397e+01 0.000000e+00
    endloop
  endfacet
  facet normal 0.000000e+00 0.000000e+00 -1.000000e+00
    outer loop
      vertex   5.420000e+01 3.645000e+01 0.000000e+00
      vertex   5.553263e+01 3.650397e+01 0.000000e+00
      vertex   5.610000e+01 3.550000e+01 0.000000e+00
    endloop
  endfacet
  facet normal 0.000000e+00 0.000000e+00 -1.000000e+00
    outer loop
      vertex   5.610000e+01 3.550000e+01 0.000000e+00
      vertex   5.553263e+01 3.650397e+01 0.000000e+00
      vertex   5.590714e+01 3.641167e+01 0.000000e+00
    endloop
  endfacet
  facet normal 0.000000e+00 0.000000e+00 -1.000000e+00
    outer loop
      vertex   5.610000e+01 3.550000e+01 0.000000e+00
      vertex   5.590714e+01 3.641167e+01 0.000000e+00
      vertex   5.629286e+01 3.641167e+01 0.000000e+00
    endloop
  endfacet
  facet normal 0.000000e+00 -0.000000e+00 -1.000000e+00
    outer loop
      vertex   5.666737e+01 3.650397e+01 0.000000e+00
      vertex   5.705671e+01 3.569030e+01 0.000000e+00
      vertex   5.629286e+01 3.641167e+01 0.000000e+00
    endloop
  endfacet
  facet normal 0.000000e+00 0.000000e+00 -1.000000e+00
    outer loop
      vertex   5.629286e+01 3.641167e+01 0.000000e+00
      vertex   5.705671e+01 3.569030e+01 0.000000e+00
      vertex   5.658773e+01 3.554804e+01 0.000000e+00
    endloop
  endfacet
  facet normal 0.000000e+00 -0.000000e+00 -1.000000e+00
    outer loop
      vertex   5.629286e+01 3.641167e+01 0.000000e+00
      vertex   5.658773e+01 3.554804e+01 0.000000e+00
      vertex   5.610000e+01 3.550000e+01 0.000000e+00
    endloop
  endfacet
  facet normal 0.000000e+00 0.000000e+00 -1.000000e+00
    outer loop
      vertex   5.705671e+01 3.569030e+01 0.000000e+00
      vertex   5.666737e+01 3.650397e+01 0.000000e+00
      vertex   5.748893e+01 3.592133e+01 0.000000e+00
    endloop
  endfacet
  facet normal 0.000000e+00 0.000000e+00 -1.000000e+00
    outer loop
      vertex   5.748893e+01 3.592133e+01 0.000000e+00
      vertex   5.666737e+01 3.650397e+01 0.000000e+00
      vertex   5.700890e+01 3.668323e+01 0.000000e+00
    endloop
  endfacet
  facet normal 0.000000e+00 0.000000e+00 -1.000000e+00
    outer loop
      vertex   5.748893e+01 3.592133e+01 0.000000e+00
      vertex   5.700890e+01 3.668323e+01 0.000000e+00
      vertex   5.786777e+01 3.623223e+01 0.000000e+00
    endloop
  endfacet
  facet normal 0.000000e+00 0.000000e+00 -1.000000e+00
    outer loop
      vertex   5.786777e+01 3.623223e+01 0.000000e+00
      vertex   5.700890e+01 3.668323e+01 0.000000e+00
      vertex   5.729762e+01 3.693900e+01 0.000000e+00
    endloop
  endfacet
  facet normal 0.000000e+00 0.000000e+00 -1.000000e+00
    outer loop
      vertex   5.786777e+01 3.623223e+01 0.000000e+00
      vertex   5.729762e+01 3.693900e+01 0.000000e+00
      vertex   5.817867e+01 3.661107e+01 0.000000e+00
    endloop
  endfacet
  facet normal 0.000000e+00 0.000000e+00 -1.000000e+00
    outer loop
      vertex   5.817867e+01 3.661107e+01 0.000000e+00
      vertex   5.729762e+01 3.693900e+01 0.000000e+00
      vertex   5.751673e+01 3.725644e+01 0.000000e+00
    endloop
  endfacet
  facet normal 0.000000e+00 0.000000e+00 -1.000000e+00
    outer loop
      vertex   5.817867e+01 3.661107e+01 0.000000e+00
      vertex   5.751673e+01 3.725644e+01 0.000000e+00
      vertex   5.840970e+01 3.704329e+01 0.000000e+00
    endloop
  endfacet
  facet normal 0.000000e+00 0.000000e+00 -1.000000e+00
    outer loop
      vertex   5.840970e+01 3.704329e+01 0.000000e+00
      vertex   5.751673e+01 3.725644e+01 0.000000e+00
      vertex   5.855196e+01 3.751227e+01 0.000000e+00
    endloop
  endfacet
  facet normal -0.000000e+00 0.000000e+00 -1.000000e+00
    outer loop
      vertex   5.855196e+01 3.751227e+01 0.000000e+00
      vertex   5.751673e+01 3.725644e+01 0.000000e+00
      vertex   5.765351e+01 3.761709e+01 0.000000e+00
    endloop
  endfacet
  facet normal 0.000000e+00 0.000000e+00 -1.000000e+00
    outer loop
      vertex   5.855196e+01 3.751227e+01 0.000000e+00
      vertex   5.765351e+01 3.761709e+01 0.000000e+00
      vertex   5.860000e+01 3.800000e+01 0.000000e+00
    endloop
  endfacet
  facet normal -0.000000e+00 -1.888002e-13 -1.000000e+00
    outer loop
      vertex   4.414370e+01 1.358418e+01 7.850754e-14
      vertex   1.195630e+01 1.358418e+01 7.850754e-14
      vertex   4.410000e+01 1.400000e+01 0.000000e+00
    endloop
  endfacet
  facet normal -0.000000e+00 -1.888002e-13 -1.000000e+00
    outer loop
      vertex   4.410000e+01 1.400000e+01 0.000000e+00
      vertex   1.195630e+01 1.358418e+01 7.850754e-14
      vertex   1.200000e+01 1.400000e+01 0.000000e+00
    endloop
  endfacet
  facet normal 0.000000e+00 0.000000e+00 -1.000000e+00
    outer loop
      vertex   4.410000e+01 1.400000e+01 0.000000e+00
      vertex   1.200000e+01 1.400000e+01 0.000000e+00
      vertex   4.410000e+01 2.900000e+01 0.000000e+00
    endloop
  endfacet
  facet normal -0.000000e+00 0.000000e+00 -1.000000e+00
    outer loop
      vertex   4.410000e+01 2.900000e+01 0.000000e+00
      vertex   1.200000e+01 1.400000e+01 0.000000e+00
      vertex   1.200000e+01 2.900000e+01 0.000000e+00
    endloop
  endfacet
  facet normal 0.000000e+00 0.000000e+00 -1.000000e+00
    outer loop
      vertex   4.410000e+01 2.900000e+01 0.000000e+00
      vertex   1.200000e+01 2.900000e+01 0.000000e+00
      vertex   2.100000e+01 3.600000e+01 0.000000e+00
    endloop
  endfacet
  facet normal 5.386578e-14 -6.925601e-14 -1.000000e+00
    outer loop
      vertex   2.100000e+01 3.600000e+01 0.000000e+00
      vertex   1.200000e+01 2.900000e+01 0.000000e+00
      vertex   1.195630e+01 2.941582e+01 -3.115246e-14
    endloop
  endfacet
  facet normal 2.785690e-15 9.051254e-16 -1.000000e+00
    outer loop
      vertex   2.100000e+01 3.600000e+01 0.000000e+00
      vertex   1.195630e+01 2.941582e+01 -3.115246e-14
      vertex   1.182709e+01 2.981347e+01 -3.115246e-14
    endloop
  endfacet
  facet normal 0.000000e+00 -0.000000e+00 -1.000000e+00
    outer loop
      vertex   1.195630e+01 1.358418e+01 7.850754e-14
      vertex   4.414370e+01 1.358418e+01 7.850754e-14
      vertex   1.182709e+01 1.318653e+01 7.850754e-14
    endloop
  endfacet
  facet normal 0.000000e+00 0.000000e+00 -1.000000e+00
    outer loop
      vertex   1.182709e+01 1.318653e+01 7.850754e-14
      vertex   4.414370e+01 1.358418e+01 7.850754e-14
      vertex   4.427291e+01 1.318653e+01 7.850754e-14
    endloop
  endfacet
  facet normal 0.000000e+00 -0.000000e+00 -1.000000e+00
    outer loop
      vertex   1.182709e+01 1.318653e+01 7.850754e-14
      vertex   4.427291e+01 1.318653e+01 7.850754e-14
      vertex   1.161803e+01 1.282443e+01 7.850754e-14
    endloop
  endfacet
  facet normal 0.000000e+00 0.000000e+00 -1.000000e+00
    outer loop
      vertex   1.161803e+01 1.282443e+01 7.850754e-14
      vertex   4.427291e+01 1.318653e+01 7.850754e-14
      vertex   4.448197e+01 1.282443e+01 7.850754e-14
    endloop
  endfacet
  facet normal 0.000000e+00 -0.000000e+00 -1.000000e+00
    outer loop
      vertex   1.161803e+01 1.282443e+01 7.850754e-14
      vertex   4.448197e+01 1.282443e+01 7.850754e-14
      vertex   1.133826e+01 1.251371e+01 7.850754e-14
    endloop
  endfacet
  facet normal 0.000000e+00 0.000000e+00 -1.000000e+00
    outer loop
      vertex   1.133826e+01 1.251371e+01 7.850754e-14
      vertex   4.448197e+01 1.282443e+01 7.850754e-14
      vertex   4.476174e+01 1.251371e+01 7.850754e-14
    endloop
  endfacet
  facet normal 0.000000e+00 -0.000000e+00 -1.000000e+00
    outer loop
      vertex   1.133826e+01 1.251371e+01 7.850754e-14
      vertex   4.476174e+01 1.251371e+01 7.850754e-14
      vertex   1.100000e+01 1.226795e+01 7.850754e-14
    endloop
  endfacet
  facet normal 0.000000e+00 0.000000e+00 -1.000000e+00
    outer loop
      vertex   1.100000e+01 1.226795e+01 7.850754e-14
      vertex   4.476174e+01 1.251371e+01 7.850754e-14
      vertex   4.510000e+01 1.226795e+01 7.850754e-14
    endloop
  endfacet
  facet normal 0.000000e+00 6.967332e-15 -1.000000e+00
    outer loop
      vertex   1.100000e+01 1.226795e+01 7.850754e-14
      vertex   4.510000e+01 1.226795e+01 7.850754e-14
      vertex   0.000000e+00 1.000000e+00 0.000000e+00
    endloop
  endfacet
  facet normal 0.000000e+00 6.967332e-15 -1.000000e+00
    outer loop
      vertex   0.000000e+00 1.000000e+00 0.000000e+00
      vertex   4.510000e+01 1.226795e+01 7.850754e-14
      vertex   5.610000e+01 1.000000e+00 0.000000e+00
    endloop
  endfacet
  facet normal 5.486881e-15 1.232374e-14 -1.000000e+00
    outer loop
      vertex   5.610000e+01 1.000000e+00 0.000000e+00
      vertex   4.510000e+01 1.226795e+01 7.850754e-14
      vertex   4.548197e+01 1.209789e+01 7.850754e-14
    endloop
  endfacet
  facet normal 1.887499e-15 8.879985e-15 -1.000000e+00
    outer loop
      vertex   5.610000e+01 1.000000e+00 0.000000e+00
      vertex   4.548197e+01 1.209789e+01 7.850754e-14
      vertex   4.589094e+01 1.201096e+01 7.850754e-14
    endloop
  endfacet
  facet normal 0.000000e+00 7.129948e-15 -1.000000e+00
    outer loop
      vertex   4.589094e+01 1.201096e+01 7.850754e-14
      vertex   4.630906e+01 1.201096e+01 7.850754e-14
      vertex   5.610000e+01 1.000000e+00 0.000000e+00
    endloop
  endfacet
  facet normal -1.274609e-15 5.996565e-15 -1.000000e+00
    outer loop
      vertex   5.610000e+01 1.000000e+00 0.000000e+00
      vertex   4.630906e+01 1.201096e+01 7.850754e-14
      vertex   4.671803e+01 1.209789e+01 7.850754e-14
    endloop
  endfacet
  facet normal -2.288301e-15 5.139608e-15 -1.000000e+00
    outer loop
      vertex   5.610000e+01 1.000000e+00 0.000000e+00
      vertex   4.671803e+01 1.209789e+01 7.850754e-14
      vertex   4.710000e+01 1.226795e+01 7.850754e-14
    endloop
  endfacet
  facet normal -3.203213e-15 4.408844e-15 -1.000000e+00
    outer loop
      vertex   4.710000e+01 1.226795e+01 7.850754e-14
      vertex   4.743826e+01 1.251371e+01 7.850754e-14
      vertex   5.610000e+01 1.000000e+00 0.000000e+00
    endloop
  endfacet
  facet normal -4.125737e-15 3.714831e-15 -1.000000e+00
    outer loop
      vertex   5.610000e+01 1.000000e+00 0.000000e+00
      vertex   4.743826e+01 1.251371e+01 7.850754e-14
      vertex   4.771803e+01 1.282443e+01 7.850754e-14
    endloop
  endfacet
  facet normal -5.161980e-15 2.980271e-15 -1.000000e+00
    outer loop
      vertex   5.610000e+01 1.000000e+00 0.000000e+00
      vertex   4.771803e+01 1.282443e+01 7.850754e-14
      vertex   4.792709e+01 1.318653e+01 7.850754e-14
    endloop
  endfacet
  facet normal -6.470819e-15 2.102496e-15 -1.000000e+00
    outer loop
      vertex   4.792709e+01 1.318653e+01 7.850754e-14
      vertex   4.805630e+01 1.358418e+01 7.850754e-14
      vertex   5.610000e+01 1.000000e+00 0.000000e+00
    endloop
  endfacet
  facet normal -2.620446e-13 -1.612582e-13 -1.000000e+00
    outer loop
      vertex   5.610000e+01 1.000000e+00 0.000000e+00
      vertex   4.805630e+01 1.358418e+01 7.850754e-14
      vertex   4.810000e+01 1.400000e+01 0.000000e+00
    endloop
  endfacet
  facet normal 0.000000e+00 0.000000e+00 -1.000000e+00
    outer loop
      vertex   5.610000e+01 1.000000e+00 0.000000e+00
      vertex   4.810000e+01 1.400000e+01 0.000000e+00
      vertex   5.610000e+01 3.550000e+01 0.000000e+00
    endloop
  endfacet
  facet normal 0.000000e+00 0.000000e+00 -1.000000e+00
    outer loop
      vertex   5.610000e+01 3.550000e+01 0.000000e+00
      vertex   4.810000e+01 1.400000e+01 0.000000e+00
      vertex   4.810000e+01 2.900000e+01 0.000000e+00
    endloop
  endfacet
  facet normal 5.608131e-14 -6.902315e-14 -1.000000e+00
    outer loop
      vertex   5.610000e+01 3.550000e+01 0.000000e+00
      vertex   4.810000e+01 2.900000e+01 0.000000e+00
      vertex   4.805630e+01 2.941582e+01 -3.115246e-14
    endloop
  endfacet
  facet normal 3.108850e-15 1.010127e-15 -1.000000e+00
    outer loop
      vertex   4.805630e+01 2.941582e+01 -3.115246e-14
      vertex   4.792709e+01 2.981347e+01 -3.115246e-14
      vertex   5.610000e+01 3.550000e+01 0.000000e+00
    endloop
  endfacet
  facet normal 2.719308e-15 1.569993e-15 -1.000000e+00
    outer loop
      vertex   5.610000e+01 3.550000e+01 0.000000e+00
      vertex   4.792709e+01 2.981347e+01 -3.115246e-14
      vertex   4.771803e+01 3.017557e+01 -3.115246e-14
    endloop
  endfacet
  facet normal 2.364315e-15 2.128839e-15 -1.000000e+00
    outer loop
      vertex   5.610000e+01 3.550000e+01 0.000000e+00
      vertex   4.771803e+01 3.017557e+01 -3.115246e-14
      vertex   4.743826e+01 3.048629e+01 -3.115246e-14
    endloop
  endfacet
  facet normal 1.614726e-15 3.626734e-15 -1.000000e+00
    outer loop
      vertex   4.710000e+01 3.073205e+01 -3.115246e-14
      vertex   4.671803e+01 3.090211e+01 -3.115246e-14
      vertex   5.355000e+01 3.645000e+01 0.000000e+00
    endloop
  endfacet
  facet normal 9.459425e-16 4.450309e-15 -1.000000e+00
    outer loop
      vertex   5.355000e+01 3.645000e+01 0.000000e+00
      vertex   4.671803e+01 3.090211e+01 -3.115246e-14
      vertex   4.630906e+01 3.098904e+01 -3.115246e-14
    endloop
  endfacet
  facet normal 0.000000e+00 5.704580e-15 -1.000000e+00
    outer loop
      vertex   5.355000e+01 3.645000e+01 0.000000e+00
      vertex   4.630906e+01 3.098904e+01 -3.115246e-14
      vertex   4.589094e+01 3.098904e+01 -3.115246e-14
    endloop
  endfacet
  facet normal -1.160470e-15 6.699974e-16 -1.000000e+00
    outer loop
      vertex   4.448197e+01 3.017557e+01 -3.115246e-14
      vertex   4.427291e+01 2.981347e+01 -3.115246e-14
      vertex   2.100000e+01 3.600000e+01 0.000000e+00
    endloop
  endfacet
  facet normal -1.232149e-15 4.003494e-16 -1.000000e+00
    outer loop
      vertex   2.100000e+01 3.600000e+01 0.000000e+00
      vertex   4.427291e+01 2.981347e+01 -3.115246e-14
      vertex   4.414370e+01 2.941582e+01 -3.115246e-14
    endloop
  endfacet
  facet normal -2.200154e-14 -7.260508e-14 -1.000000e+00
    outer loop
      vertex   2.100000e+01 3.600000e+01 0.000000e+00
      vertex   4.414370e+01 2.941582e+01 -3.115246e-14
      vertex   4.410000e+01 2.900000e+01 0.000000e+00
    endloop
  endfacet
  facet normal 0.000000e+00 0.000000e+00 -1.000000e+00
    outer loop
      vertex   0.000000e+00 3.550000e+01 0.000000e+00
      vertex   8.000000e+00 1.400000e+01 0.000000e+00
      vertex   0.000000e+00 1.000000e+00 0.000000e+00
    endloop
  endfacet
  facet normal 2.620446e-13 -1.612582e-13 -1.000000e+00
    outer loop
      vertex   0.000000e+00 1.000000e+00 0.000000e+00
      vertex   8.000000e+00 1.400000e+01 0.000000e+00
      vertex   8.043705e+00 1.358418e+01 7.850754e-14
    endloop
  endfacet
  facet normal 6.470819e-15 2.102496e-15 -1.000000e+00
    outer loop
      vertex   0.000000e+00 1.000000e+00 0.000000e+00
      vertex   8.043705e+00 1.358418e+01 7.850754e-14
      vertex   8.172909e+00 1.318653e+01 7.850754e-14
    endloop
  endfacet
  facet normal 0.000000e+00 0.000000e+00 -1.000000e+00
    outer loop
      vertex   -4.877258e-01 3.554804e+01 0.000000e+00
      vertex   -1.928587e-01 3.641167e+01 0.000000e+00
      vertex   0.000000e+00 3.550000e+01 0.000000e+00
    endloop
  endfacet
  facet normal 0.000000e+00 0.000000e+00 -1.000000e+00
    outer loop
      vertex   0.000000e+00 3.550000e+01 0.000000e+00
      vertex   -1.928587e-01 3.641167e+01 0.000000e+00
      vertex   1.928587e-01 3.641167e+01 0.000000e+00
    endloop
  endfacet
  facet normal 0.000000e+00 0.000000e+00 -1.000000e+00
    outer loop
      vertex   0.000000e+00 3.550000e+01 0.000000e+00
      vertex   1.928587e-01 3.641167e+01 0.000000e+00
      vertex   5.673678e-01 3.650397e+01 0.000000e+00
    endloop
  endfacet
  facet normal 0.000000e+00 0.000000e+00 -1.000000e+00
    outer loop
      vertex   -4.877258e-01 3.554804e+01 0.000000e+00
      vertex   -9.567086e-01 3.569030e+01 0.000000e+00
      vertex   -1.928587e-01 3.641167e+01 0.000000e+00
    endloop
  endfacet
  facet normal -0.000000e+00 0.000000e+00 -1.000000e+00
    outer loop
      vertex   -1.928587e-01 3.641167e+01 0.000000e+00
      vertex   -9.567086e-01 3.569030e+01 0.000000e+00
      vertex   -5.673678e-01 3.650397e+01 0.000000e+00
    endloop
  endfacet
  facet normal 0.000000e+00 0.000000e+00 -1.000000e+00
    outer loop
      vertex   -5.673678e-01 3.650397e+01 0.000000e+00
      vertex   -9.567086e-01 3.569030e+01 0.000000e+00
      vertex   -1.388926e+00 3.592133e+01 0.000000e+00
    endloop
  endfacet
  facet normal -0.000000e+00 0.000000e+00 -1.000000e+00
    outer loop
      vertex   -5.673678e-01 3.650397e+01 0.000000e+00
      vertex   -1.388926e+00 3.592133e+01 0.000000e+00
      vertex   -9.089036e-01 3.668323e+01 0.000000e+00
    endloop
  endfacet
  facet normal 0.000000e+00 0.000000e+00 -1.000000e+00
    outer loop
      vertex   -9.089036e-01 3.668323e+01 0.000000e+00
      vertex   -1.388926e+00 3.592133e+01 0.000000e+00
      vertex   -1.767767e+00 3.623223e+01 0.000000e+00
    endloop
  endfacet
  facet normal -0.000000e+00 0.000000e+00 -1.000000e+00
    outer loop
      vertex   -9.089036e-01 3.668323e+01 0.000000e+00
      vertex   -1.767767e+00 3.623223e+01 0.000000e+00
      vertex   -1.197617e+00 3.693900e+01 0.000000e+00
    endloop
  endfacet
  facet normal 0.000000e+00 0.000000e+00 -1.000000e+00
    outer loop
      vertex   -1.197617e+00 3.693900e+01 0.000000e+00
      vertex   -1.767767e+00 3.623223e+01 0.000000e+00
      vertex   -2.078674e+00 3.661107e+01 0.000000e+00
    endloop
  endfacet
  facet normal -0.000000e+00 0.000000e+00 -1.000000e+00
    outer loop
      vertex   -1.197617e+00 3.693900e+01 0.000000e+00
      vertex   -2.078674e+00 3.661107e+01 0.000000e+00
      vertex   -1.416730e+00 3.725644e+01 0.000000e+00
    endloop
  endfacet
  facet normal 0.000000e+00 0.000000e+00 -1.000000e+00
    outer loop
      vertex   -1.416730e+00 3.725644e+01 0.000000e+00
      vertex   -2.078674e+00 3.661107e+01 0.000000e+00
      vertex   -2.309699e+00 3.704329e+01 0.000000e+00
    endloop
  endfacet
  facet normal -0.000000e+00 0.000000e+00 -1.000000e+00
    outer loop
      vertex   -1.416730e+00 3.725644e+01 0.000000e+00
      vertex   -2.309699e+00 3.704329e+01 0.000000e+00
      vertex   -2.451963e+00 3.751227e+01 0.000000e+00
    endloop
  endfacet
  facet normal 0.000000e+00 0.000000e+00 -1.000000e+00
    outer loop
      vertex   -1.416730e+00 3.725644e+01 0.000000e+00
      vertex   -2.451963e+00 3.751227e+01 0.000000e+00
      vertex   -1.553507e+00 3.761709e+01 0.000000e+00
    endloop
  endfacet
  facet normal -0.000000e+00 0.000000e+00 -1.000000e+00
    outer loop
      vertex   -1.553507e+00 3.761709e+01 0.000000e+00
      vertex   -2.451963e+00 3.751227e+01 0.000000e+00
      vertex   -2.500000e+00 3.800000e+01 0.000000e+00
    endloop
  endfacet
  facet normal 0.000000e+00 0.000000e+00 -1.000000e+00
    outer loop
      vertex   -1.553507e+00 3.761709e+01 0.000000e+00
      vertex   -2.500000e+00 3.800000e+01 0.000000e+00
      vertex   -1.600000e+00 3.800000e+01 0.000000e+00
    endloop
  endfacet
  facet normal 0.000000e+00 0.000000e+00 -1.000000e+00
    outer loop
      vertex   -1.600000e+00 3.800000e+01 0.000000e+00
      vertex   -2.500000e+00 3.800000e+01 0.000000e+00
      vertex   -1.553507e+00 3.838291e+01 0.000000e+00
    endloop
  endfacet
  facet normal -0.000000e+00 0.000000e+00 -1.000000e+00
    outer loop
      vertex   -1.553507e+00 3.838291e+01 0.000000e+00
      vertex   -2.500000e+00 3.800000e+01 0.000000e+00
      vertex   -2.451963e+00 3.848773e+01 0.000000e+00
    endloop
  endfacet
  facet normal 0.000000e+00 0.000000e+00 -1.000000e+00
    outer loop
      vertex   -1.553507e+00 3.838291e+01 0.000000e+00
      vertex   -2.451963e+00 3.848773e+01 0.000000e+00
      vertex   -1.416730e+00 3.874356e+01 0.000000e+00
    endloop
  endfacet
  facet normal -0.000000e+00 0.000000e+00 -1.000000e+00
    outer loop
      vertex   -1.416730e+00 3.874356e+01 0.000000e+00
      vertex   -2.451963e+00 3.848773e+01 0.000000e+00
      vertex   -2.309699e+00 3.895671e+01 0.000000e+00
    endloop
  endfacet
  facet normal 0.000000e+00 0.000000e+00 -1.000000e+00
    outer loop
      vertex   -1.416730e+00 3.874356e+01 0.000000e+00
      vertex   -2.309699e+00 3.895671e+01 0.000000e+00
      vertex   -2.078674e+00 3.938893e+01 0.000000e+00
    endloop
  endfacet
  facet normal 0.000000e+00 0.000000e+00 -1.000000e+00
    outer loop
      vertex   -1.416730e+00 3.874356e+01 0.000000e+00
      vertex   -2.078674e+00 3.938893e+01 0.000000e+00
      vertex   -1.197617e+00 3.906100e+01 0.000000e+00
    endloop
  endfacet
  facet normal 0.000000e+00 0.000000e+00 -1.000000e+00
    outer loop
      vertex   -1.197617e+00 3.906100e+01 0.000000e+00
      vertex   -2.078674e+00 3.938893e+01 0.000000e+00
      vertex   -1.767767e+00 3.976777e+01 0.000000e+00
    endloop
  endfacet
  facet normal 0.000000e+00 0.000000e+00 -1.000000e+00
    outer loop
      vertex   -1.197617e+00 3.906100e+01 0.000000e+00
      vertex   -1.767767e+00 3.976777e+01 0.000000e+00
      vertex   -9.089036e-01 3.931677e+01 0.000000e+00
    endloop
  endfacet
  facet normal 0.000000e+00 0.000000e+00 -1.000000e+00
    outer loop
      vertex   -9.089036e-01 3.931677e+01 0.000000e+00
      vertex   -1.767767e+00 3.976777e+01 0.000000e+00
      vertex   -1.388926e+00 4.007867e+01 0.000000e+00
    endloop
  endfacet
  facet normal 0.000000e+00 0.000000e+00 -1.000000e+00
    outer loop
      vertex   -9.089036e-01 3.931677e+01 0.000000e+00
      vertex   -1.388926e+00 4.007867e+01 0.000000e+00
      vertex   -5.673678e-01 3.949603e+01 0.000000e+00
    endloop
  endfacet
  facet normal 0.000000e+00 0.000000e+00 -1.000000e+00
    outer loop
      vertex   -5.673678e-01 3.949603e+01 0.000000e+00
      vertex   -1.388926e+00 4.007867e+01 0.000000e+00
      vertex   -9.567086e-01 4.030970e+01 0.000000e+00
    endloop
  endfacet
  facet normal 0.000000e+00 0.000000e+00 -1.000000e+00
    outer loop
      vertex   -5.673678e-01 3.949603e+01 0.000000e+00
      vertex   -9.567086e-01 4.030970e+01 0.000000e+00
      vertex   -1.928587e-01 3.958833e+01 0.000000e+00
    endloop
  endfacet
  facet normal 0.000000e+00 0.000000e+00 -1.000000e+00
    outer loop
      vertex   -1.928587e-01 3.958833e+01 0.000000e+00
      vertex   -9.567086e-01 4.030970e+01 0.000000e+00
      vertex   -4.877258e-01 4.045196e+01 0.000000e+00
    endloop
  endfacet
  facet normal 0.000000e+00 0.000000e+00 -1.000000e+00
    outer loop
      vertex   -1.928587e-01 3.958833e+01 0.000000e+00
      vertex   -4.877258e-01 4.045196e+01 0.000000e+00
      vertex   0.000000e+00 4.050000e+01 0.000000e+00
    endloop
  endfacet
  facet normal 0.000000e+00 0.000000e+00 -1.000000e+00
    outer loop
      vertex   0.000000e+00 4.400000e+01 0.000000e+00
      vertex   9.089036e-01 3.931677e+01 0.000000e+00
      vertex   0.000000e+00 4.050000e+01 0.000000e+00
    endloop
  endfacet
  facet normal 0.000000e+00 0.000000e+00 -1.000000e+00
    outer loop
      vertex   0.000000e+00 4.050000e+01 0.000000e+00
      vertex   9.089036e-01 3.931677e+01 0.000000e+00
      vertex   5.673678e-01 3.949603e+01 0.000000e+00
    endloop
  endfacet
  facet normal 0.000000e+00 0.000000e+00 -1.000000e+00
    outer loop
      vertex   0.000000e+00 4.050000e+01 0.000000e+00
      vertex   5.673678e-01 3.949603e+01 0.000000e+00
      vertex   1.928587e-01 3.958833e+01 0.000000e+00
    endloop
  endfacet
  facet normal -0.000000e+00 0.000000e+00 -1.000000e+00
    outer loop
      vertex   5.610000e+01 4.400000e+01 0.000000e+00
      vertex   2.100000e+01 4.100000e+01 0.000000e+00
      vertex   0.000000e+00 4.400000e+01 0.000000e+00
    endloop
  endfacet
  facet normal 0.000000e+00 0.000000e+00 -1.000000e+00
    outer loop
      vertex   0.000000e+00 4.400000e+01 0.000000e+00
      vertex   2.100000e+01 4.100000e+01 0.000000e+00
      vertex   1.600000e+01 4.100000e+01 0.000000e+00
    endloop
  endfacet
  facet normal 0.000000e+00 0.000000e+00 -1.000000e+00
    outer loop
      vertex   0.000000e+00 4.400000e+01 0.000000e+00
      vertex   1.600000e+01 4.100000e+01 0.000000e+00
      vertex   1.197617e+00 3.906100e+01 0.000000e+00
    endloop
  endfacet
  facet normal 0.000000e+00 0.000000e+00 -1.000000e+00
    outer loop
      vertex   1.197617e+00 3.906100e+01 0.000000e+00
      vertex   1.600000e+01 4.100000e+01 0.000000e+00
      vertex   1.416730e+00 3.874356e+01 0.000000e+00
    endloop
  endfacet
  facet normal 0.000000e+00 0.000000e+00 -1.000000e+00
    outer loop
      vertex   1.416730e+00 3.874356e+01 0.000000e+00
      vertex   1.600000e+01 4.100000e+01 0.000000e+00
      vertex   1.553507e+00 3.838291e+01 0.000000e+00
    endloop
  endfacet
  facet normal 0.000000e+00 0.000000e+00 -1.000000e+00
    outer loop
      vertex   1.553507e+00 3.838291e+01 0.000000e+00
      vertex   1.600000e+01 4.100000e+01 0.000000e+00
      vertex   1.600000e+00 3.800000e+01 0.000000e+00
    endloop
  endfacet
  facet normal 0.000000e+00 0.000000e+00 -1.000000e+00
    outer loop
      vertex   1.600000e+00 3.800000e+01 0.000000e+00
      vertex   1.600000e+01 4.100000e+01 0.000000e+00
      vertex   1.600000e+01 3.600000e+01 0.000000e+00
    endloop
  endfacet
  facet normal 0.000000e+00 -0.000000e+00 -1.000000e+00
    outer loop
      vertex   1.600000e+00 3.800000e+01 0.000000e+00
      vertex   1.600000e+01 3.600000e+01 0.000000e+00
      vertex   1.553507e+00 3.761709e+01 0.000000e+00
    endloop
  endfacet
  facet normal 6.111324e-16 5.459618e-15 -1.000000e+00
    outer loop
      vertex   1.553507e+00 3.761709e+01 0.000000e+00
      vertex   1.600000e+01 3.600000e+01 0.000000e+00
      vertex   9.790943e+00 3.098904e+01 -3.115246e-14
    endloop
  endfacet
  facet normal -2.897600e-15 1.098915e-15 -1.000000e+00
    outer loop
      vertex   1.553507e+00 3.761709e+01 0.000000e+00
      vertex   9.790943e+00 3.098904e+01 -3.115246e-14
      vertex   1.416730e+00 3.725644e+01 0.000000e+00
    endloop
  endfacet
  facet normal -8.228329e-16 3.871124e-15 -1.000000e+00
    outer loop
      vertex   1.416730e+00 3.725644e+01 0.000000e+00
      vertex   9.790943e+00 3.098904e+01 -3.115246e-14
      vertex   9.381966e+00 3.090211e+01 -3.115246e-14
    endloop
  endfacet
  facet normal -2.522198e-15 1.740948e-15 -1.000000e+00
    outer loop
      vertex   1.416730e+00 3.725644e+01 0.000000e+00
      vertex   9.381966e+00 3.090211e+01 -3.115246e-14
      vertex   1.197617e+00 3.693900e+01 0.000000e+00
    endloop
  endfacet
  facet normal -1.432730e-15 3.217964e-15 -1.000000e+00
    outer loop
      vertex   1.197617e+00 3.693900e+01 0.000000e+00
      vertex   9.381966e+00 3.090211e+01 -3.115246e-14
      vertex   9.000000e+00 3.073205e+01 -3.115246e-14
    endloop
  endfacet
  facet normal -2.103676e-15 2.374559e-15 -1.000000e+00
    outer loop
      vertex   1.197617e+00 3.693900e+01 0.000000e+00
      vertex   9.000000e+00 3.073205e+01 -3.115246e-14
      vertex   9.089036e-01 3.668323e+01 0.000000e+00
    endloop
  endfacet
  facet normal -2.460207e-15 1.889826e-15 -1.000000e+00
    outer loop
      vertex   9.089036e-01 3.668323e+01 0.000000e+00
      vertex   9.000000e+00 3.073205e+01 -3.115246e-14
      vertex   0.000000e+00 3.550000e+01 0.000000e+00
    endloop
  endfacet
  facet normal 0.000000e+00 0.000000e+00 -1.000000e+00
    outer loop
      vertex   9.089036e-01 3.668323e+01 0.000000e+00
      vertex   0.000000e+00 3.550000e+01 0.000000e+00
      vertex   5.673678e-01 3.650397e+01 0.000000e+00
    endloop
  endfacet
  facet normal 0.000000e+00 0.000000e+00 -1.000000e+00
    outer loop
      vertex   2.100000e+01 4.100000e+01 0.000000e+00
      vertex   5.610000e+01 4.400000e+01 0.000000e+00
      vertex   5.355000e+01 3.955000e+01 0.000000e+00
    endloop
  endfacet
  facet normal 0.000000e+00 0.000000e+00 -1.000000e+00
    outer loop
      vertex   5.355000e+01 3.955000e+01 0.000000e+00
      vertex   5.610000e+01 4.400000e+01 0.000000e+00
      vertex   5.610000e+01 4.050000e+01 0.000000e+00
    endloop
  endfacet
  facet normal 5.161980e-15 2.980271e-15 -1.000000e+00
    outer loop
      vertex   8.172909e+00 1.318653e+01 7.850754e-14
      vertex   8.381966e+00 1.282443e+01 7.850754e-14
      vertex   0.000000e+00 1.000000e+00 0.000000e+00
    endloop
  endfacet
  facet normal 4.125737e-15 3.714831e-15 -1.000000e+00
    outer loop
      vertex   0.000000e+00 1.000000e+00 0.000000e+00
      vertex   8.381966e+00 1.282443e+01 7.850754e-14
      vertex   8.661739e+00 1.251371e+01 7.850754e-14
    endloop
  endfacet
  facet normal 3.203213e-15 4.408844e-15 -1.000000e+00
    outer loop
      vertex   0.000000e+00 1.000000e+00 0.000000e+00
      vertex   8.661739e+00 1.251371e+01 7.850754e-14
      vertex   9.000000e+00 1.226795e+01 7.850754e-14
    endloop
  endfacet
  facet normal 2.288301e-15 5.139608e-15 -1.000000e+00
    outer loop
      vertex   9.000000e+00 1.226795e+01 7.850754e-14
      vertex   9.381966e+00 1.209789e+01 7.850754e-14
      vertex   0.000000e+00 1.000000e+00 0.000000e+00
    endloop
  endfacet
  facet normal 1.274609e-15 5.996565e-15 -1.000000e+00
    outer loop
      vertex   0.000000e+00 1.000000e+00 0.000000e+00
      vertex   9.381966e+00 1.209789e+01 7.850754e-14
      vertex   9.790943e+00 1.201096e+01 7.850754e-14
    endloop
  endfacet
  facet normal 0.000000e+00 7.129948e-15 -1.000000e+00
    outer loop
      vertex   0.000000e+00 1.000000e+00 0.000000e+00
      vertex   9.790943e+00 1.201096e+01 7.850754e-14
      vertex   1.020906e+01 1.201096e+01 7.850754e-14
    endloop
  endfacet
  facet normal -1.887499e-15 8.879985e-15 -1.000000e+00
    outer loop
      vertex   1.020906e+01 1.201096e+01 7.850754e-14
      vertex   1.061803e+01 1.209789e+01 7.850754e-14
      vertex   0.000000e+00 1.000000e+00 0.000000e+00
    endloop
  endfacet
  facet normal -5.486881e-15 1.232374e-14 -1.000000e+00
    outer loop
      vertex   0.000000e+00 1.000000e+00 0.000000e+00
      vertex   1.061803e+01 1.209789e+01 7.850754e-14
      vertex   1.100000e+01 1.226795e+01 7.850754e-14
    endloop
  endfacet
  facet normal 0.000000e+00 5.035533e-15 -1.000000e+00
    outer loop
      vertex   2.100000e+01 3.600000e+01 0.000000e+00
      vertex   1.182709e+01 2.981347e+01 -3.115246e-14
      vertex   1.600000e+01 3.600000e+01 0.000000e+00
    endloop
  endfacet
  facet normal 4.022422e-15 2.322347e-15 -1.000000e+00
    outer loop
      vertex   1.600000e+01 3.600000e+01 0.000000e+00
      vertex   1.182709e+01 2.981347e+01 -3.115246e-14
      vertex   1.161803e+01 3.017557e+01 -3.115246e-14
    endloop
  endfacet
  facet normal 3.236180e-15 2.913870e-15 -1.000000e+00
    outer loop
      vertex   1.600000e+01 3.600000e+01 0.000000e+00
      vertex   1.161803e+01 3.017557e+01 -3.115246e-14
      vertex   1.133826e+01 3.048629e+01 -3.115246e-14
    endloop
  endfacet
  facet normal 2.542911e-15 3.500016e-15 -1.000000e+00
    outer loop
      vertex   1.133826e+01 3.048629e+01 -3.115246e-14
      vertex   1.100000e+01 3.073205e+01 -3.115246e-14
      vertex   1.600000e+01 3.600000e+01 0.000000e+00
    endloop
  endfacet
  facet normal 1.850787e-15 4.156936e-15 -1.000000e+00
    outer loop
      vertex   1.600000e+01 3.600000e+01 0.000000e+00
      vertex   1.100000e+01 3.073205e+01 -3.115246e-14
      vertex   1.061803e+01 3.090211e+01 -3.115246e-14
    endloop
  endfacet
  facet normal 1.060847e-15 4.990895e-15 -1.000000e+00
    outer loop
      vertex   1.600000e+01 3.600000e+01 0.000000e+00
      vertex   1.061803e+01 3.090211e+01 -3.115246e-14
      vertex   1.020906e+01 3.098904e+01 -3.115246e-14
    endloop
  endfacet
  facet normal 0.000000e+00 6.216869e-15 -1.000000e+00
    outer loop
      vertex   1.020906e+01 3.098904e+01 -3.115246e-14
      vertex   9.790943e+00 3.098904e+01 -3.115246e-14
      vertex   1.600000e+01 3.600000e+01 0.000000e+00
    endloop
  endfacet
  facet normal -2.001762e-15 2.755189e-15 -1.000000e+00
    outer loop
      vertex   9.000000e+00 3.073205e+01 -3.115246e-14
      vertex   8.661739e+00 3.048629e+01 -3.115246e-14
      vertex   0.000000e+00 3.550000e+01 0.000000e+00
    endloop
  endfacet
  facet normal -2.364315e-15 2.128839e-15 -1.000000e+00
    outer loop
      vertex   0.000000e+00 3.550000e+01 0.000000e+00
      vertex   8.661739e+00 3.048629e+01 -3.115246e-14
      vertex   8.381966e+00 3.017557e+01 -3.115246e-14
    endloop
  endfacet
  facet normal -2.719308e-15 1.569993e-15 -1.000000e+00
    outer loop
      vertex   0.000000e+00 3.550000e+01 0.000000e+00
      vertex   8.381966e+00 3.017557e+01 -3.115246e-14
      vertex   8.172909e+00 2.981347e+01 -3.115246e-14
    endloop
  endfacet
  facet normal -3.108850e-15 1.010127e-15 -1.000000e+00
    outer loop
      vertex   8.172909e+00 2.981347e+01 -3.115246e-14
      vertex   8.043705e+00 2.941582e+01 -3.115246e-14
      vertex   0.000000e+00 3.550000e+01 0.000000e+00
    endloop
  endfacet
  facet normal -5.608131e-14 -6.902315e-14 -1.000000e+00
    outer loop
      vertex   0.000000e+00 3.550000e+01 0.000000e+00
      vertex   8.043705e+00 2.941582e+01 -3.115246e-14
      vertex   8.000000e+00 2.900000e+01 0.000000e+00
    endloop
  endfacet
  facet normal 0.000000e+00 0.000000e+00 -1.000000e+00
    outer loop
      vertex   0.000000e+00 3.550000e+01 0.000000e+00
      vertex   8.000000e+00 2.900000e+01 0.000000e+00
      vertex   8.000000e+00 1.400000e+01 0.000000e+00
    endloop
  endfacet
  facet normal 0.000000e+00 0.000000e+00 -1.000000e+00
    outer loop
      vertex   1.197617e+00 3.906100e+01 0.000000e+00
      vertex   9.089036e-01 3.931677e+01 0.000000e+00
      vertex   0.000000e+00 4.400000e+01 0.000000e+00
    endloop
  endfacet
  facet normal 0.000000e+00 0.000000e+00 -1.000000e+00
    outer loop
      vertex   1.928587e-01 3.958833e+01 0.000000e+00
      vertex   -1.928587e-01 3.958833e+01 0.000000e+00
      vertex   0.000000e+00 4.050000e+01 0.000000e+00
    endloop
  endfacet
  facet normal -0.000000e+00 -9.951847e-01 -9.801714e-02
    outer loop
      vertex   5.510000e+01 0.000000e+00 1.000000e+00
      vertex   1.000000e+00 0.000000e+00 1.000000e+00
      vertex   5.529509e+01 1.921472e-02 8.049097e-01
    endloop
  endfacet
  facet normal -2.506536e-04 -9.859790e-01 -1.668692e-01
    outer loop
      vertex   5.529509e+01 1.921472e-02 8.049097e-01
      vertex   1.000000e+00 0.000000e+00 1.000000e+00
      vertex   3.927000e+01 3.407417e-02 7.411810e-01
    endloop
  endfacet
  facet normal 0.000000e+00 -9.738770e-01 -2.270763e-01
    outer loop
      vertex   5.529509e+01 1.921472e-02 8.049097e-01
      vertex   3.927000e+01 3.407417e-02 7.411810e-01
      vertex   4.488000e+01 3.407417e-02 7.411810e-01
    endloop
  endfacet
  facet normal -0.000000e+00 -9.238795e-01 -3.826834e-01
    outer loop
      vertex   4.488000e+01 3.407417e-02 7.411810e-01
      vertex   3.927000e+01 3.407417e-02 7.411810e-01
      vertex   4.488000e+01 1.339746e-01 5.000000e-01
    endloop
  endfacet
  facet normal 0.000000e+00 -9.238795e-01 -3.826834e-01
    outer loop
      vertex   4.488000e+01 3.407417e-02 7.411810e-01
      vertex   4.488000e+01 1.339746e-01 5.000000e-01
      vertex   5.049000e+01 1.339746e-01 5.000000e-01
    endloop
  endfacet
  facet normal -0.000000e+00 -7.933533e-01 -6.087614e-01
    outer loop
      vertex   5.049000e+01 1.339746e-01 5.000000e-01
      vertex   4.488000e+01 1.339746e-01 5.000000e-01
      vertex   5.049000e+01 2.928932e-01 2.928932e-01
    endloop
  endfacet
  facet normal -1.241694e-03 -7.933527e-01 -6.087610e-01
    outer loop
      vertex   5.049000e+01 1.339746e-01 5.000000e-01
      vertex   5.049000e+01 2.928932e-01 2.928932e-01
      vertex   5.565557e+01 1.685304e-01 4.444298e-01
    endloop
  endfacet
  facet normal -1.664266e-17 -7.730105e-01 -6.343933e-01
    outer loop
      vertex   5.565557e+01 1.685304e-01 4.444298e-01
      vertex   5.049000e+01 2.928932e-01 2.928932e-01
      vertex   5.580711e+01 2.928932e-01 2.928932e-01
    endloop
  endfacet
  facet normal -1.324626e-17 -6.343933e-01 -7.730105e-01
    outer loop
      vertex   5.580711e+01 2.928932e-01 2.928932e-01
      vertex   5.049000e+01 2.928932e-01 2.928932e-01
      vertex   5.593147e+01 4.444298e-01 1.685304e-01
    endloop
  endfacet
  facet normal -1.178736e-03 -6.087610e-01 -7.933528e-01
    outer loop
      vertex   5.593147e+01 4.444298e-01 1.685304e-01
      vertex   5.049000e+01 2.928932e-01 2.928932e-01
      vertex   5.049000e+01 5.000000e-01 1.339746e-01
    endloop
  endfacet
  facet normal 7.821022e-04 -4.717217e-01 -8.817471e-01
    outer loop
      vertex   5.593147e+01 4.444298e-01 1.685304e-01
      vertex   5.049000e+01 5.000000e-01 1.339746e-01
      vertex   5.602388e+01 6.173166e-01 7.612047e-02
    endloop
  endfacet
  facet normal -1.545955e-03 -3.826830e-01 -9.238784e-01
    outer loop
      vertex   5.602388e+01 6.173166e-01 7.612047e-02
      vertex   5.049000e+01 5.000000e-01 1.339746e-01
      vertex   5.049000e+01 7.411810e-01 3.407417e-02
    endloop
  endfacet
  facet normal 7.681245e-04 -2.904980e-01 -9.568753e-01
    outer loop
      vertex   5.602388e+01 6.173166e-01 7.612047e-02
      vertex   5.049000e+01 7.411810e-01 3.407417e-02
      vertex   5.608079e+01 8.049097e-01 1.921472e-02
    endloop
  endfacet
  facet normal -9.581559e-04 -1.465913e-01 -9.891967e-01
    outer loop
      vertex   5.608079e+01 8.049097e-01 1.921472e-02
      vertex   5.049000e+01 7.411810e-01 3.407417e-02
      vertex   5.609518e+01 9.019829e-01 4.815273e-03
    endloop
  endfacet
  facet normal -3.811405e-03 -4.888053e-02 -9.987974e-01
    outer loop
      vertex   5.609518e+01 9.019829e-01 4.815273e-03
      vertex   5.049000e+01 7.411810e-01 3.407417e-02
      vertex   5.610000e+01 1.000000e+00 0.000000e+00
    endloop
  endfacet
  facet normal 0.000000e+00 -1.305262e-01 -9.914449e-01
    outer loop
      vertex   5.610000e+01 1.000000e+00 0.000000e+00
      vertex   5.049000e+01 7.411810e-01 3.407417e-02
      vertex   4.488000e+01 7.411810e-01 3.407417e-02
    endloop
  endfacet
  facet normal 0.000000e+00 -1.305262e-01 -9.914449e-01
    outer loop
      vertex   5.610000e+01 1.000000e+00 0.000000e+00
      vertex   4.488000e+01 7.411810e-01 3.407417e-02
      vertex   3.927000e+01 7.411810e-01 3.407417e-02
    endloop
  endfacet
  facet normal 0.000000e+00 -3.826834e-01 -9.238795e-01
    outer loop
      vertex   3.927000e+01 7.411810e-01 3.407417e-02
      vertex   4.488000e+01 7.411810e-01 3.407417e-02
      vertex   3.927000e+01 5.000000e-01 1.339746e-01
    endloop
  endfacet
  facet normal 0.000000e+00 -3.826834e-01 -9.238795e-01
    outer loop
      vertex   3.927000e+01 7.411810e-01 3.407417e-02
      vertex   3.927000e+01 5.000000e-01 1.339746e-01
      vertex   3.366000e+01 5.000000e-01 1.339746e-01
    endloop
  endfacet
  facet normal 0.000000e+00 -6.087614e-01 -7.933533e-01
    outer loop
      vertex   3.366000e+01 5.000000e-01 1.339746e-01
      vertex   3.927000e+01 5.000000e-01 1.339746e-01
      vertex   3.366000e+01 2.928932e-01 2.928932e-01
    endloop
  endfacet
  facet normal 0.000000e+00 -6.087614e-01 -7.933533e-01
    outer loop
      vertex   3.366000e+01 5.000000e-01 1.339746e-01
      vertex   3.366000e+01 2.928932e-01 2.928932e-01
      vertex   2.805000e+01 2.928932e-01 2.928932e-01
    endloop
  endfacet
  facet normal 0.000000e+00 -7.933533e-01 -6.087614e-01
    outer loop
      vertex   2.805000e+01 2.928932e-01 2.928932e-01
      vertex   3.366000e+01 2.928932e-01 2.928932e-01
      vertex   2.805000e+01 1.339746e-01 5.000000e-01
    endloop
  endfacet
  facet normal 0.000000e+00 -7.933533e-01 -6.087614e-01
    outer loop
      vertex   2.805000e+01 2.928932e-01 2.928932e-01
      vertex   2.805000e+01 1.339746e-01 5.000000e-01
      vertex   2.244000e+01 1.339746e-01 5.000000e-01
    endloop
  endfacet
  facet normal 0.000000e+00 -9.238795e-01 -3.826834e-01
    outer loop
      vertex   2.244000e+01 1.339746e-01 5.000000e-01
      vertex   2.805000e+01 1.339746e-01 5.000000e-01
      vertex   2.244000e+01 3.407417e-02 7.411810e-01
    endloop
  endfacet
  facet normal 0.000000e+00 -9.238795e-01 -3.826834e-01
    outer loop
      vertex   2.244000e+01 1.339746e-01 5.000000e-01
      vertex   2.244000e+01 3.407417e-02 7.411810e-01
      vertex   1.683000e+01 3.407417e-02 7.411810e-01
    endloop
  endfacet
  facet normal 0.000000e+00 -9.914449e-01 -1.305262e-01
    outer loop
      vertex   1.683000e+01 3.407417e-02 7.411810e-01
      vertex   2.244000e+01 3.407417e-02 7.411810e-01
      vertex   1.000000e+00 0.000000e+00 1.000000e+00
    endloop
  endfacet
  facet normal -0.000000e+00 -9.914449e-01 -1.305262e-01
    outer loop
      vertex   1.683000e+01 3.407417e-02 7.411810e-01
      vertex   1.000000e+00 0.000000e+00 1.000000e+00
      vertex   1.122000e+01 3.407417e-02 7.411810e-01
    endloop
  endfacet
  facet normal -0.000000e+00 -9.914449e-01 -1.305262e-01
    outer loop
      vertex   1.122000e+01 3.407417e-02 7.411810e-01
      vertex   1.000000e+00 0.000000e+00 1.000000e+00
      vertex   5.610000e+00 3.407417e-02 7.411810e-01
    endloop
  endfacet
  facet normal -0.000000e+00 -9.238795e-01 -3.826834e-01
    outer loop
      vertex   1.122000e+01 3.407417e-02 7.411810e-01
      vertex   5.610000e+00 3.407417e-02 7.411810e-01
      vertex   1.122000e+01 1.339746e-01 5.000000e-01
    endloop
  endfacet
  facet normal -0.000000e+00 -9.238795e-01 -3.826834e-01
    outer loop
      vertex   1.122000e+01 1.339746e-01 5.000000e-01
      vertex   5.610000e+00 3.407417e-02 7.411810e-01
      vertex   5.610000e+00 1.339746e-01 5.000000e-01
    endloop
  endfacet
  facet normal -0.000000e+00 -7.933533e-01 -6.087614e-01
    outer loop
      vertex   1.122000e+01 1.339746e-01 5.000000e-01
      vertex   5.610000e+00 1.339746e-01 5.000000e-01
      vertex   1.122000e+01 2.928932e-01 2.928932e-01
    endloop
  endfacet
  facet normal -0.000000e+00 -7.933533e-01 -6.087614e-01
    outer loop
      vertex   1.122000e+01 2.928932e-01 2.928932e-01
      vertex   5.610000e+00 1.339746e-01 5.000000e-01
      vertex   5.610000e+00 2.928932e-01 2.928932e-01
    endloop
  endfacet
  facet normal -0.000000e+00 -6.087614e-01 -7.933533e-01
    outer loop
      vertex   1.122000e+01 2.928932e-01 2.928932e-01
      vertex   5.610000e+00 2.928932e-01 2.928932e-01
      vertex   1.122000e+01 5.000000e-01 1.339746e-01
    endloop
  endfacet
  facet normal -0.000000e+00 -6.087614e-01 -7.933533e-01
    outer loop
      vertex   1.122000e+01 5.000000e-01 1.339746e-01
      vertex   5.610000e+00 2.928932e-01 2.928932e-01
      vertex   5.610000e+00 5.000000e-01 1.339746e-01
    endloop
  endfacet
  facet normal -0.000000e+00 -3.826834e-01 -9.238795e-01
    outer loop
      vertex   1.122000e+01 5.000000e-01 1.339746e-01
      vertex   5.610000e+00 5.000000e-01 1.339746e-01
      vertex   1.122000e+01 7.411810e-01 3.407417e-02
    endloop
  endfacet
  facet normal -0.000000e+00 -3.826834e-01 -9.238795e-01
    outer loop
      vertex   1.122000e+01 7.411810e-01 3.407417e-02
      vertex   5.610000e+00 5.000000e-01 1.339746e-01
      vertex   5.610000e+00 7.411810e-01 3.407417e-02
    endloop
  endfacet
  facet normal -0.000000e+00 -1.790169e-01 -9.838460e-01
    outer loop
      vertex   1.122000e+01 7.411810e-01 3.407417e-02
      vertex   5.610000e+00 7.411810e-01 3.407417e-02
      vertex   4.815273e-03 9.019829e-01 4.815273e-03
    endloop
  endfacet
  facet normal 9.581559e-04 -1.465913e-01 -9.891967e-01
    outer loop
      vertex   4.815273e-03 9.019829e-01 4.815273e-03
      vertex   5.610000e+00 7.411810e-01 3.407417e-02
      vertex   1.921472e-02 8.049097e-01 1.921472e-02
    endloop
  endfacet
  facet normal -7.681245e-04 -2.904980e-01 -9.568753e-01
    outer loop
      vertex   1.921472e-02 8.049097e-01 1.921472e-02
      vertex   5.610000e+00 7.411810e-01 3.407417e-02
      vertex   7.612047e-02 6.173166e-01 7.612047e-02
    endloop
  endfacet
  facet normal 1.545955e-03 -3.826830e-01 -9.238784e-01
    outer loop
      vertex   7.612047e-02 6.173166e-01 7.612047e-02
      vertex   5.610000e+00 7.411810e-01 3.407417e-02
      vertex   5.610000e+00 5.000000e-01 1.339746e-01
    endloop
  endfacet
  facet normal -7.821022e-04 -4.717217e-01 -8.817471e-01
    outer loop
      vertex   7.612047e-02 6.173166e-01 7.612047e-02
      vertex   5.610000e+00 5.000000e-01 1.339746e-01
      vertex   1.685304e-01 4.444298e-01 1.685304e-01
    endloop
  endfacet
  facet normal 1.178736e-03 -6.087610e-01 -7.933528e-01
    outer loop
      vertex   1.685304e-01 4.444298e-01 1.685304e-01
      vertex   5.610000e+00 5.000000e-01 1.339746e-01
      vertex   5.610000e+00 2.928932e-01 2.928932e-01
    endloop
  endfacet
  facet normal 1.331413e-17 -6.343933e-01 -7.730105e-01
    outer loop
      vertex   1.685304e-01 4.444298e-01 1.685304e-01
      vertex   5.610000e+00 2.928932e-01 2.928932e-01
      vertex   2.928932e-01 2.928932e-01 2.928932e-01
    endloop
  endfacet
  facet normal 1.614062e-17 -7.730105e-01 -6.343933e-01
    outer loop
      vertex   2.928932e-01 2.928932e-01 2.928932e-01
      vertex   5.610000e+00 2.928932e-01 2.928932e-01
      vertex   4.444298e-01 1.685304e-01 4.444298e-01
    endloop
  endfacet
  facet normal 1.241694e-03 -7.933527e-01 -6.087610e-01
    outer loop
      vertex   4.444298e-01 1.685304e-01 4.444298e-01
      vertex   5.610000e+00 2.928932e-01 2.928932e-01
      vertex   5.610000e+00 1.339746e-01 5.000000e-01
    endloop
  endfacet
  facet normal -8.378764e-04 -8.822690e-01 -4.707448e-01
    outer loop
      vertex   4.444298e-01 1.685304e-01 4.444298e-01
      vertex   5.610000e+00 1.339746e-01 5.000000e-01
      vertex   6.173166e-01 7.612047e-02 6.173166e-01
    endloop
  endfacet
  facet normal 1.713533e-03 -9.238782e-01 -3.826829e-01
    outer loop
      vertex   6.173166e-01 7.612047e-02 6.173166e-01
      vertex   5.610000e+00 1.339746e-01 5.000000e-01
      vertex   5.610000e+00 3.407417e-02 7.411810e-01
    endloop
  endfacet
  facet normal -8.792584e-04 -9.571839e-01 -2.894793e-01
    outer loop
      vertex   6.173166e-01 7.612047e-02 6.173166e-01
      vertex   5.610000e+00 3.407417e-02 7.411810e-01
      vertex   8.049097e-01 1.921472e-02 8.049097e-01
    endloop
  endfacet
  facet normal 1.753998e-03 -9.950106e-01 -9.975399e-02
    outer loop
      vertex   8.049097e-01 1.921472e-02 8.049097e-01
      vertex   5.610000e+00 3.407417e-02 7.411810e-01
      vertex   1.000000e+00 0.000000e+00 1.000000e+00
    endloop
  endfacet
  facet normal 0.000000e+00 -4.906767e-02 -9.987955e-01
    outer loop
      vertex   0.000000e+00 1.000000e+00 0.000000e+00
      vertex   5.610000e+01 1.000000e+00 0.000000e+00
      vertex   4.815273e-03 9.019829e-01 4.815273e-03
    endloop
  endfacet
  facet normal 1.843773e-04 -1.540595e-01 -9.880616e-01
    outer loop
      vertex   4.815273e-03 9.019829e-01 4.815273e-03
      vertex   5.610000e+01 1.000000e+00 0.000000e+00
      vertex   2.244000e+01 7.411810e-01 3.407417e-02
    endloop
  endfacet
  facet normal 0.000000e+00 -1.790169e-01 -9.838460e-01
    outer loop
      vertex   4.815273e-03 9.019829e-01 4.815273e-03
      vertex   2.244000e+01 7.411810e-01 3.407417e-02
      vertex   1.683000e+01 7.411810e-01 3.407417e-02
    endloop
  endfacet
  facet normal 0.000000e+00 -3.826834e-01 -9.238795e-01
    outer loop
      vertex   1.683000e+01 7.411810e-01 3.407417e-02
      vertex   2.244000e+01 7.411810e-01 3.407417e-02
      vertex   1.683000e+01 5.000000e-01 1.339746e-01
    endloop
  endfacet
  facet normal 0.000000e+00 -3.826834e-01 -9.238795e-01
    outer loop
      vertex   1.683000e+01 7.411810e-01 3.407417e-02
      vertex   1.683000e+01 5.000000e-01 1.339746e-01
      vertex   1.122000e+01 5.000000e-01 1.339746e-01
    endloop
  endfacet
  facet normal 0.000000e+00 -6.087614e-01 -7.933533e-01
    outer loop
      vertex   1.122000e+01 5.000000e-01 1.339746e-01
      vertex   1.683000e+01 5.000000e-01 1.339746e-01
      vertex   1.122000e+01 2.928932e-01 2.928932e-01
    endloop
  endfacet
  facet normal 8.378764e-04 -8.822690e-01 -4.707448e-01
    outer loop
      vertex   5.565557e+01 1.685304e-01 4.444298e-01
      vertex   5.548268e+01 7.612047e-02 6.173166e-01
      vertex   5.049000e+01 1.339746e-01 5.000000e-01
    endloop
  endfacet
  facet normal -1.713533e-03 -9.238782e-01 -3.826829e-01
    outer loop
      vertex   5.049000e+01 1.339746e-01 5.000000e-01
      vertex   5.548268e+01 7.612047e-02 6.173166e-01
      vertex   5.049000e+01 3.407417e-02 7.411810e-01
    endloop
  endfacet
  facet normal 0.000000e+00 -9.238795e-01 -3.826834e-01
    outer loop
      vertex   5.049000e+01 1.339746e-01 5.000000e-01
      vertex   5.049000e+01 3.407417e-02 7.411810e-01
      vertex   4.488000e+01 3.407417e-02 7.411810e-01
    endloop
  endfacet
  facet normal 0.000000e+00 -9.738770e-01 -2.270763e-01
    outer loop
      vertex   4.488000e+01 3.407417e-02 7.411810e-01
      vertex   5.049000e+01 3.407417e-02 7.411810e-01
      vertex   5.529509e+01 1.921472e-02 8.049097e-01
    endloop
  endfacet
  facet normal 8.792584e-04 -9.571839e-01 -2.894793e-01
    outer loop
      vertex   5.548268e+01 7.612047e-02 6.173166e-01
      vertex   5.529509e+01 1.921472e-02 8.049097e-01
      vertex   5.049000e+01 3.407417e-02 7.411810e-01
    endloop
  endfacet
  facet normal -0.000000e+00 -9.238795e-01 -3.826834e-01
    outer loop
      vertex   1.683000e+01 3.407417e-02 7.411810e-01
      vertex   1.122000e+01 3.407417e-02 7.411810e-01
      vertex   1.683000e+01 1.339746e-01 5.000000e-01
    endloop
  endfacet
  facet normal -0.000000e+00 -9.238795e-01 -3.826834e-01
    outer loop
      vertex   1.683000e+01 1.339746e-01 5.000000e-01
      vertex   1.122000e+01 3.407417e-02 7.411810e-01
      vertex   1.122000e+01 1.339746e-01 5.000000e-01
    endloop
  endfacet
  facet normal -0.000000e+00 -7.933533e-01 -6.087614e-01
    outer loop
      vertex   1.683000e+01 1.339746e-01 5.000000e-01
      vertex   1.122000e+01 1.339746e-01 5.000000e-01
      vertex   1.683000e+01 2.928932e-01 2.928932e-01
    endloop
  endfacet
  facet normal -0.000000e+00 -7.933533e-01 -6.087614e-01
    outer loop
      vertex   1.683000e+01 2.928932e-01 2.928932e-01
      vertex   1.122000e+01 1.339746e-01 5.000000e-01
      vertex   1.122000e+01 2.928932e-01 2.928932e-01
    endloop
  endfacet
  facet normal -0.000000e+00 -6.087614e-01 -7.933533e-01
    outer loop
      vertex   1.683000e+01 2.928932e-01 2.928932e-01
      vertex   1.122000e+01 2.928932e-01 2.928932e-01
      vertex   1.683000e+01 5.000000e-01 1.339746e-01
    endloop
  endfacet
  facet normal 0.000000e+00 -9.914449e-01 -1.305262e-01
    outer loop
      vertex   2.244000e+01 3.407417e-02 7.411810e-01
      vertex   2.805000e+01 3.407417e-02 7.411810e-01
      vertex   1.000000e+00 0.000000e+00 1.000000e+00
    endloop
  endfacet
  facet normal 0.000000e+00 -9.914449e-01 -1.305262e-01
    outer loop
      vertex   1.000000e+00 0.000000e+00 1.000000e+00
      vertex   2.805000e+01 3.407417e-02 7.411810e-01
      vertex   3.366000e+01 3.407417e-02 7.411810e-01
    endloop
  endfacet
  facet normal 0.000000e+00 -9.914449e-01 -1.305262e-01
    outer loop
      vertex   1.000000e+00 0.000000e+00 1.000000e+00
      vertex   3.366000e+01 3.407417e-02 7.411810e-01
      vertex   3.927000e+01 3.407417e-02 7.411810e-01
    endloop
  endfacet
  facet normal -0.000000e+00 -9.238795e-01 -3.826834e-01
    outer loop
      vertex   3.927000e+01 3.407417e-02 7.411810e-01
      vertex   3.366000e+01 3.407417e-02 7.411810e-01
      vertex   3.927000e+01 1.339746e-01 5.000000e-01
    endloop
  endfacet
  facet normal 0.000000e+00 -9.238795e-01 -3.826834e-01
    outer loop
      vertex   3.927000e+01 3.407417e-02 7.411810e-01
      vertex   3.927000e+01 1.339746e-01 5.000000e-01
      vertex   4.488000e+01 1.339746e-01 5.000000e-01
    endloop
  endfacet
  facet normal -0.000000e+00 -7.933533e-01 -6.087614e-01
    outer loop
      vertex   4.488000e+01 1.339746e-01 5.000000e-01
      vertex   3.927000e+01 1.339746e-01 5.000000e-01
      vertex   4.488000e+01 2.928932e-01 2.928932e-01
    endloop
  endfacet
  facet normal 0.000000e+00 -7.933533e-01 -6.087614e-01
    outer loop
      vertex   4.488000e+01 1.339746e-01 5.000000e-01
      vertex   4.488000e+01 2.928932e-01 2.928932e-01
      vertex   5.049000e+01 2.928932e-01 2.928932e-01
    endloop
  endfacet
  facet normal -0.000000e+00 -6.087614e-01 -7.933533e-01
    outer loop
      vertex   5.049000e+01 2.928932e-01 2.928932e-01
      vertex   4.488000e+01 2.928932e-01 2.928932e-01
      vertex   5.049000e+01 5.000000e-01 1.339746e-01
    endloop
  endfacet
  facet normal 0.000000e+00 -9.238795e-01 -3.826834e-01
    outer loop
      vertex   2.244000e+01 3.407417e-02 7.411810e-01
      vertex   2.805000e+01 1.339746e-01 5.000000e-01
      vertex   2.805000e+01 3.407417e-02 7.411810e-01
    endloop
  endfacet
  facet normal 0.000000e+00 -9.238795e-01 -3.826834e-01
    outer loop
      vertex   2.805000e+01 3.407417e-02 7.411810e-01
      vertex   2.805000e+01 1.339746e-01 5.000000e-01
      vertex   3.366000e+01 1.339746e-01 5.000000e-01
    endloop
  endfacet
  facet normal 0.000000e+00 -9.238795e-01 -3.826834e-01
    outer loop
      vertex   2.805000e+01 3.407417e-02 7.411810e-01
      vertex   3.366000e+01 1.339746e-01 5.000000e-01
      vertex   3.366000e+01 3.407417e-02 7.411810e-01
    endloop
  endfacet
  facet normal 0.000000e+00 -9.238795e-01 -3.826834e-01
    outer loop
      vertex   3.366000e+01 3.407417e-02 7.411810e-01
      vertex   3.366000e+01 1.339746e-01 5.000000e-01
      vertex   3.927000e+01 1.339746e-01 5.000000e-01
    endloop
  endfacet
  facet normal 0.000000e+00 -9.238795e-01 -3.826834e-01
    outer loop
      vertex   1.683000e+01 3.407417e-02 7.411810e-01
      vertex   1.683000e+01 1.339746e-01 5.000000e-01
      vertex   2.244000e+01 1.339746e-01 5.000000e-01
    endloop
  endfacet
  facet normal -0.000000e+00 -7.933533e-01 -6.087614e-01
    outer loop
      vertex   2.244000e+01 1.339746e-01 5.000000e-01
      vertex   1.683000e+01 1.339746e-01 5.000000e-01
      vertex   2.244000e+01 2.928932e-01 2.928932e-01
    endloop
  endfacet
  facet normal 0.000000e+00 -7.933533e-01 -6.087614e-01
    outer loop
      vertex   2.244000e+01 1.339746e-01 5.000000e-01
      vertex   2.244000e+01 2.928932e-01 2.928932e-01
      vertex   2.805000e+01 2.928932e-01 2.928932e-01
    endloop
  endfacet
  facet normal -0.000000e+00 -6.087614e-01 -7.933533e-01
    outer loop
      vertex   2.805000e+01 2.928932e-01 2.928932e-01
      vertex   2.244000e+01 2.928932e-01 2.928932e-01
      vertex   2.805000e+01 5.000000e-01 1.339746e-01
    endloop
  endfacet
  facet normal 0.000000e+00 -6.087614e-01 -7.933533e-01
    outer loop
      vertex   2.805000e+01 2.928932e-01 2.928932e-01
      vertex   2.805000e+01 5.000000e-01 1.339746e-01
      vertex   3.366000e+01 5.000000e-01 1.339746e-01
    endloop
  endfacet
  facet normal -0.000000e+00 -3.826834e-01 -9.238795e-01
    outer loop
      vertex   3.366000e+01 5.000000e-01 1.339746e-01
      vertex   2.805000e+01 5.000000e-01 1.339746e-01
      vertex   3.366000e+01 7.411810e-01 3.407417e-02
    endloop
  endfacet
  facet normal 0.000000e+00 -3.826834e-01 -9.238795e-01
    outer loop
      vertex   3.366000e+01 5.000000e-01 1.339746e-01
      vertex   3.366000e+01 7.411810e-01 3.407417e-02
      vertex   3.927000e+01 7.411810e-01 3.407417e-02
    endloop
  endfacet
  facet normal -0.000000e+00 -1.305262e-01 -9.914449e-01
    outer loop
      vertex   3.927000e+01 7.411810e-01 3.407417e-02
      vertex   3.366000e+01 7.411810e-01 3.407417e-02
      vertex   5.610000e+01 1.000000e+00 0.000000e+00
    endloop
  endfacet
  facet normal -0.000000e+00 -7.933533e-01 -6.087614e-01
    outer loop
      vertex   2.244000e+01 2.928932e-01 2.928932e-01
      vertex   1.683000e+01 1.339746e-01 5.000000e-01
      vertex   1.683000e+01 2.928932e-01 2.928932e-01
    endloop
  endfacet
  facet normal 0.000000e+00 -7.933533e-01 -6.087614e-01
    outer loop
      vertex   2.805000e+01 1.339746e-01 5.000000e-01
      vertex   3.366000e+01 2.928932e-01 2.928932e-01
      vertex   3.366000e+01 1.339746e-01 5.000000e-01
    endloop
  endfacet
  facet normal 0.000000e+00 -7.933533e-01 -6.087614e-01
    outer loop
      vertex   3.366000e+01 1.339746e-01 5.000000e-01
      vertex   3.366000e+01 2.928932e-01 2.928932e-01
      vertex   3.927000e+01 2.928932e-01 2.928932e-01
    endloop
  endfacet
  facet normal 0.000000e+00 -7.933533e-01 -6.087614e-01
    outer loop
      vertex   3.366000e+01 1.339746e-01 5.000000e-01
      vertex   3.927000e+01 2.928932e-01 2.928932e-01
      vertex   3.927000e+01 1.339746e-01 5.000000e-01
    endloop
  endfacet
  facet normal 0.000000e+00 -7.933533e-01 -6.087614e-01
    outer loop
      vertex   3.927000e+01 1.339746e-01 5.000000e-01
      vertex   3.927000e+01 2.928932e-01 2.928932e-01
      vertex   4.488000e+01 2.928932e-01 2.928932e-01
    endloop
  endfacet
  facet normal -0.000000e+00 -6.087614e-01 -7.933533e-01
    outer loop
      vertex   2.244000e+01 2.928932e-01 2.928932e-01
      vertex   1.683000e+01 2.928932e-01 2.928932e-01
      vertex   2.244000e+01 5.000000e-01 1.339746e-01
    endloop
  endfacet
  facet normal -0.000000e+00 -6.087614e-01 -7.933533e-01
    outer loop
      vertex   2.244000e+01 5.000000e-01 1.339746e-01
      vertex   1.683000e+01 2.928932e-01 2.928932e-01
      vertex   1.683000e+01 5.000000e-01 1.339746e-01
    endloop
  endfacet
  facet normal -0.000000e+00 -3.826834e-01 -9.238795e-01
    outer loop
      vertex   2.244000e+01 5.000000e-01 1.339746e-01
      vertex   1.683000e+01 5.000000e-01 1.339746e-01
      vertex   2.244000e+01 7.411810e-01 3.407417e-02
    endloop
  endfacet
  facet normal 0.000000e+00 -6.087614e-01 -7.933533e-01
    outer loop
      vertex   3.366000e+01 2.928932e-01 2.928932e-01
      vertex   3.927000e+01 5.000000e-01 1.339746e-01
      vertex   3.927000e+01 2.928932e-01 2.928932e-01
    endloop
  endfacet
  facet normal 0.000000e+00 -6.087614e-01 -7.933533e-01
    outer loop
      vertex   3.927000e+01 2.928932e-01 2.928932e-01
      vertex   3.927000e+01 5.000000e-01 1.339746e-01
      vertex   4.488000e+01 5.000000e-01 1.339746e-01
    endloop
  endfacet
  facet normal 0.000000e+00 -6.087614e-01 -7.933533e-01
    outer loop
      vertex   3.927000e+01 2.928932e-01 2.928932e-01
      vertex   4.488000e+01 5.000000e-01 1.339746e-01
      vertex   4.488000e+01 2.928932e-01 2.928932e-01
    endloop
  endfacet
  facet normal 0.000000e+00 -6.087614e-01 -7.933533e-01
    outer loop
      vertex   4.488000e+01 2.928932e-01 2.928932e-01
      vertex   4.488000e+01 5.000000e-01 1.339746e-01
      vertex   5.049000e+01 5.000000e-01 1.339746e-01
    endloop
  endfacet
  facet normal -0.000000e+00 -3.826834e-01 -9.238795e-01
    outer loop
      vertex   1.683000e+01 7.411810e-01 3.407417e-02
      vertex   1.122000e+01 5.000000e-01 1.339746e-01
      vertex   1.122000e+01 7.411810e-01 3.407417e-02
    endloop
  endfacet
  facet normal 0.000000e+00 -6.087614e-01 -7.933533e-01
    outer loop
      vertex   2.244000e+01 2.928932e-01 2.928932e-01
      vertex   2.244000e+01 5.000000e-01 1.339746e-01
      vertex   2.805000e+01 5.000000e-01 1.339746e-01
    endloop
  endfacet
  facet normal -0.000000e+00 -3.826834e-01 -9.238795e-01
    outer loop
      vertex   2.805000e+01 5.000000e-01 1.339746e-01
      vertex   2.244000e+01 5.000000e-01 1.339746e-01
      vertex   2.805000e+01 7.411810e-01 3.407417e-02
    endloop
  endfacet
  facet normal 0.000000e+00 -3.826834e-01 -9.238795e-01
    outer loop
      vertex   2.805000e+01 5.000000e-01 1.339746e-01
      vertex   2.805000e+01 7.411810e-01 3.407417e-02
      vertex   3.366000e+01 7.411810e-01 3.407417e-02
    endloop
  endfacet
  facet normal -0.000000e+00 -1.305262e-01 -9.914449e-01
    outer loop
      vertex   3.366000e+01 7.411810e-01 3.407417e-02
      vertex   2.805000e+01 7.411810e-01 3.407417e-02
      vertex   5.610000e+01 1.000000e+00 0.000000e+00
    endloop
  endfacet
  facet normal -0.000000e+00 -3.826834e-01 -9.238795e-01
    outer loop
      vertex   2.805000e+01 7.411810e-01 3.407417e-02
      vertex   2.244000e+01 5.000000e-01 1.339746e-01
      vertex   2.244000e+01 7.411810e-01 3.407417e-02
    endloop
  endfacet
  facet normal 0.000000e+00 -3.826834e-01 -9.238795e-01
    outer loop
      vertex   5.049000e+01 7.411810e-01 3.407417e-02
      vertex   5.049000e+01 5.000000e-01 1.339746e-01
      vertex   4.488000e+01 5.000000e-01 1.339746e-01
    endloop
  endfacet
  facet normal -0.000000e+00 -3.826834e-01 -9.238795e-01
    outer loop
      vertex   5.049000e+01 7.411810e-01 3.407417e-02
      vertex   4.488000e+01 5.000000e-01 1.339746e-01
      vertex   4.488000e+01 7.411810e-01 3.407417e-02
    endloop
  endfacet
  facet normal 0.000000e+00 -3.826834e-01 -9.238795e-01
    outer loop
      vertex   4.488000e+01 7.411810e-01 3.407417e-02
      vertex   4.488000e+01 5.000000e-01 1.339746e-01
      vertex   3.927000e+01 5.000000e-01 1.339746e-01
    endloop
  endfacet
  facet normal 0.000000e+00 -1.790169e-01 -9.838460e-01
    outer loop
      vertex   4.815273e-03 9.019829e-01 4.815273e-03
      vertex   1.683000e+01 7.411810e-01 3.407417e-02
      vertex   1.122000e+01 7.411810e-01 3.407417e-02
    endloop
  endfacet
  facet normal 0.000000e+00 -1.305262e-01 -9.914449e-01
    outer loop
      vertex   5.610000e+01 1.000000e+00 0.000000e+00
      vertex   2.805000e+01 7.411810e-01 3.407417e-02
      vertex   2.244000e+01 7.411810e-01 3.407417e-02
    endloop
  endfacet
  facet normal 9.927089e-01 1.205367e-01 0.000000e+00
    outer loop
      vertex   -1.553507e+00 3.761709e+01 1.455000e+01
      vertex   -1.553507e+00 3.761709e+01 7.275000e+00
      vertex   -1.600000e+00 3.800000e+01 1.455000e+01
    endloop
  endfacet
  facet normal 9.927089e-01 1.205367e-01 0.000000e+00
    outer loop
      vertex   -1.600000e+00 3.800000e+01 1.455000e+01
      vertex   -1.553507e+00 3.761709e+01 7.275000e+00
      vertex   -1.600000e+00 3.800000e+01 7.275000e+00
    endloop
  endfacet
  facet normal 9.927089e-01 -1.205367e-01 0.000000e+00
    outer loop
      vertex   -1.600000e+00 3.800000e+01 1.455000e+01
      vertex   -1.600000e+00 3.800000e+01 7.275000e+00
      vertex   -1.553507e+00 3.838291e+01 1.455000e+01
    endloop
  endfacet
  facet normal 9.927089e-01 -1.205367e-01 3.029906e-17
    outer loop
      vertex   -1.553507e+00 3.838291e+01 1.455000e+01
      vertex   -1.600000e+00 3.800000e+01 7.275000e+00
      vertex   -1.553507e+00 3.838291e+01 7.275000e+00
    endloop
  endfacet
  facet normal 9.350162e-01 -3.546049e-01 2.853819e-17
    outer loop
      vertex   -1.553507e+00 3.838291e+01 1.455000e+01
      vertex   -1.553507e+00 3.838291e+01 7.275000e+00
      vertex   -1.416730e+00 3.874356e+01 1.455000e+01
    endloop
  endfacet
  facet normal 9.350162e-01 -3.546049e-01 -2.853819e-17
    outer loop
      vertex   -1.416730e+00 3.874356e+01 1.455000e+01
      vertex   -1.553507e+00 3.838291e+01 7.275000e+00
      vertex   -1.416730e+00 3.874356e+01 7.275000e+00
    endloop
  endfacet
  facet normal 8.229839e-01 -5.680647e-01 -2.511878e-17
    outer loop
      vertex   -1.416730e+00 3.874356e+01 1.455000e+01
      vertex   -1.416730e+00 3.874356e+01 7.275000e+00
      vertex   -1.197617e+00 3.906100e+01 1.455000e+01
    endloop
  endfacet
  facet normal 8.229839e-01 -5.680647e-01 -5.023756e-17
    outer loop
      vertex   -1.197617e+00 3.906100e+01 1.455000e+01
      vertex   -1.416730e+00 3.874356e+01 7.275000e+00
      vertex   -1.197617e+00 3.906100e+01 7.275000e+00
    endloop
  endfacet
  facet normal 6.631227e-01 -7.485107e-01 -4.047912e-17
    outer loop
      vertex   -1.197617e+00 3.906100e+01 1.455000e+01
      vertex   -1.197617e+00 3.906100e+01 7.275000e+00
      vertex   -9.089036e-01 3.931677e+01 1.455000e+01
    endloop
  endfacet
  facet normal 6.631227e-01 -7.485107e-01 -5.059890e-17
    outer loop
      vertex   -9.089036e-01 3.931677e+01 1.455000e+01
      vertex   -1.197617e+00 3.906100e+01 7.275000e+00
      vertex   -9.089036e-01 3.931677e+01 7.275000e+00
    endloop
  endfacet
  facet normal 4.647232e-01 -8.854560e-01 -3.546023e-17
    outer loop
      vertex   -9.089036e-01 3.931677e+01 1.455000e+01
      vertex   -9.089036e-01 3.931677e+01 7.275000e+00
      vertex   -5.673678e-01 3.949603e+01 1.455000e+01
    endloop
  endfacet
  facet normal 4.647232e-01 -8.854560e-01 4.255228e-17
    outer loop
      vertex   -5.673678e-01 3.949603e+01 1.455000e+01
      vertex   -9.089036e-01 3.931677e+01 7.275000e+00
      vertex   -5.673678e-01 3.949603e+01 7.275000e+00
    endloop
  endfacet
  facet normal 2.393157e-01 -9.709418e-01 2.191289e-17
    outer loop
      vertex   -5.673678e-01 3.949603e+01 1.455000e+01
      vertex   -5.673678e-01 3.949603e+01 7.275000e+00
      vertex   -1.928587e-01 3.958833e+01 1.455000e+01
    endloop
  endfacet
  facet normal 2.393157e-01 -9.709418e-01 1.278252e-17
    outer loop
      vertex   -1.928587e-01 3.958833e+01 1.455000e+01
      vertex   -5.673678e-01 3.949603e+01 7.275000e+00
      vertex   -1.928587e-01 3.958833e+01 7.275000e+00
    endloop
  endfacet
  facet normal 0.000000e+00 -1.000000e+00 0.000000e+00
    outer loop
      vertex   -1.928587e-01 3.958833e+01 1.455000e+01
      vertex   -1.928587e-01 3.958833e+01 7.275000e+00
      vertex   1.928587e-01 3.958833e+01 1.455000e+01
    endloop
  endfacet
  facet normal 0.000000e+00 -1.000000e+00 -0.000000e+00
    outer loop
      vertex   1.928587e-01 3.958833e+01 1.455000e+01
      vertex   -1.928587e-01 3.958833e+01 7.275000e+00
      vertex   1.928587e-01 3.958833e+01 7.275000e+00
    endloop
  endfacet
  facet normal -2.393157e-01 -9.709418e-01 -2.465200e-17
    outer loop
      vertex   1.928587e-01 3.958833e+01 1.455000e+01
      vertex   1.928587e-01 3.958833e+01 7.275000e+00
      vertex   5.673678e-01 3.949603e+01 1.455000e+01
    endloop
  endfacet
  facet normal -2.393157e-01 -9.709418e-01 7.304296e-18
    outer loop
      vertex   5.673678e-01 3.949603e+01 1.455000e+01
      vertex   1.928587e-01 3.958833e+01 7.275000e+00
      vertex   5.673678e-01 3.949603e+01 7.275000e+00
    endloop
  endfacet
  facet normal -4.647232e-01 -8.854560e-01 1.418409e-17
    outer loop
      vertex   5.673678e-01 3.949603e+01 1.455000e+01
      vertex   5.673678e-01 3.949603e+01 7.275000e+00
      vertex   9.089036e-01 3.931677e+01 1.455000e+01
    endloop
  endfacet
  facet normal -4.647232e-01 -8.854560e-01 -2.127614e-17
    outer loop
      vertex   9.089036e-01 3.931677e+01 1.455000e+01
      vertex   5.673678e-01 3.949603e+01 7.275000e+00
      vertex   9.089036e-01 3.931677e+01 7.275000e+00
    endloop
  endfacet
  facet normal -6.631227e-01 -7.485107e-01 -3.035934e-17
    outer loop
      vertex   9.089036e-01 3.931677e+01 1.455000e+01
      vertex   9.089036e-01 3.931677e+01 7.275000e+00
      vertex   1.197617e+00 3.906100e+01 1.455000e+01
    endloop
  endfacet
  facet normal -6.631227e-01 -7.485107e-01 -6.071868e-17
    outer loop
      vertex   1.197617e+00 3.906100e+01 1.455000e+01
      vertex   9.089036e-01 3.931677e+01 7.275000e+00
      vertex   1.197617e+00 3.906100e+01 7.275000e+00
    endloop
  endfacet
  facet normal -8.229839e-01 -5.680647e-01 -7.535634e-17
    outer loop
      vertex   1.197617e+00 3.906100e+01 1.455000e+01
      vertex   1.197617e+00 3.906100e+01 7.275000e+00
      vertex   1.416730e+00 3.874356e+01 1.455000e+01
    endloop
  endfacet
  facet normal -8.229839e-01 -5.680647e-01 -0.000000e+00
    outer loop
      vertex   1.416730e+00 3.874356e+01 1.455000e+01
      vertex   1.197617e+00 3.906100e+01 7.275000e+00
      vertex   1.416730e+00 3.874356e+01 7.275000e+00
    endloop
  endfacet
  facet normal -9.350162e-01 -3.546049e-01 -0.000000e+00
    outer loop
      vertex   1.416730e+00 3.874356e+01 1.455000e+01
      vertex   1.416730e+00 3.874356e+01 7.275000e+00
      vertex   1.553507e+00 3.838291e+01 1.455000e+01
    endloop
  endfacet
  facet normal -9.350162e-01 -3.546049e-01 -0.000000e+00
    outer loop
      vertex   1.553507e+00 3.838291e+01 1.455000e+01
      vertex   1.416730e+00 3.874356e+01 7.275000e+00
      vertex   1.553507e+00 3.838291e+01 7.275000e+00
    endloop
  endfacet
  facet normal -9.927089e-01 -1.205367e-01 -0.000000e+00
    outer loop
      vertex   1.553507e+00 3.838291e+01 1.455000e+01
      vertex   1.553507e+00 3.838291e+01 7.275000e+00
      vertex   1.600000e+00 3.800000e+01 1.455000e+01
    endloop
  endfacet
  facet normal -9.927089e-01 -1.205367e-01 -0.000000e+00
    outer loop
      vertex   1.600000e+00 3.800000e+01 1.455000e+01
      vertex   1.553507e+00 3.838291e+01 7.275000e+00
      vertex   1.600000e+00 3.800000e+01 7.275000e+00
    endloop
  endfacet
  facet normal -9.927089e-01 1.205367e-01 0.000000e+00
    outer loop
      vertex   1.600000e+00 3.800000e+01 1.455000e+01
      vertex   1.600000e+00 3.800000e+01 7.275000e+00
      vertex   1.553507e+00 3.761709e+01 1.455000e+01
    endloop
  endfacet
  facet normal -9.927089e-01 1.205367e-01 3.029906e-17
    outer loop
      vertex   1.553507e+00 3.761709e+01 1.455000e+01
      vertex   1.600000e+00 3.800000e+01 7.275000e+00
      vertex   1.553507e+00 3.761709e+01 7.275000e+00
    endloop
  endfacet
  facet normal -9.350162e-01 3.546049e-01 2.853819e-17
    outer loop
      vertex   1.553507e+00 3.761709e+01 1.455000e+01
      vertex   1.553507e+00 3.761709e+01 7.275000e+00
      vertex   1.416730e+00 3.725644e+01 1.455000e+01
    endloop
  endfacet
  facet normal -9.350162e-01 3.546049e-01 0.000000e+00
    outer loop
      vertex   1.416730e+00 3.725644e+01 1.455000e+01
      vertex   1.553507e+00 3.761709e+01 7.275000e+00
      vertex   1.416730e+00 3.725644e+01 7.275000e+00
    endloop
  endfacet
  facet normal -8.229839e-01 5.680647e-01 0.000000e+00
    outer loop
      vertex   1.416730e+00 3.725644e+01 1.455000e+01
      vertex   1.416730e+00 3.725644e+01 7.275000e+00
      vertex   1.197617e+00 3.693900e+01 1.455000e+01
    endloop
  endfacet
  facet normal -8.229839e-01 5.680647e-01 -5.023756e-17
    outer loop
      vertex   1.197617e+00 3.693900e+01 1.455000e+01
      vertex   1.416730e+00 3.725644e+01 7.275000e+00
      vertex   1.197617e+00 3.693900e+01 7.275000e+00
    endloop
  endfacet
  facet normal -6.631227e-01 7.485107e-01 -4.047912e-17
    outer loop
      vertex   1.197617e+00 3.693900e+01 1.455000e+01
      vertex   1.197617e+00 3.693900e+01 7.275000e+00
      vertex   9.089036e-01 3.668323e+01 1.455000e+01
    endloop
  endfacet
  facet normal -6.631227e-01 7.485107e-01 -3.035934e-17
    outer loop
      vertex   9.089036e-01 3.668323e+01 1.455000e+01
      vertex   1.197617e+00 3.693900e+01 7.275000e+00
      vertex   9.089036e-01 3.668323e+01 7.275000e+00
    endloop
  endfacet
  facet normal -4.647232e-01 8.854560e-01 -2.127614e-17
    outer loop
      vertex   9.089036e-01 3.668323e+01 1.455000e+01
      vertex   9.089036e-01 3.668323e+01 7.275000e+00
      vertex   5.673678e-01 3.650397e+01 1.455000e+01
    endloop
  endfacet
  facet normal -4.647232e-01 8.854560e-01 4.255228e-17
    outer loop
      vertex   5.673678e-01 3.650397e+01 1.455000e+01
      vertex   9.089036e-01 3.668323e+01 7.275000e+00
      vertex   5.673678e-01 3.650397e+01 7.275000e+00
    endloop
  endfacet
  facet normal -2.393157e-01 9.709418e-01 2.191289e-17
    outer loop
      vertex   5.673678e-01 3.650397e+01 1.455000e+01
      vertex   5.673678e-01 3.650397e+01 7.275000e+00
      vertex   1.928587e-01 3.641167e+01 1.455000e+01
    endloop
  endfacet
  facet normal -2.393157e-01 9.709418e-01 0.000000e+00
    outer loop
      vertex   1.928587e-01 3.641167e+01 1.455000e+01
      vertex   5.673678e-01 3.650397e+01 7.275000e+00
      vertex   1.928587e-01 3.641167e+01 7.275000e+00
    endloop
  endfacet
  facet normal 0.000000e+00 1.000000e+00 0.000000e+00
    outer loop
      vertex   1.928587e-01 3.641167e+01 1.455000e+01
      vertex   1.928587e-01 3.641167e+01 7.275000e+00
      vertex   -1.928587e-01 3.641167e+01 1.455000e+01
    endloop
  endfacet
  facet normal 0.000000e+00 1.000000e+00 0.000000e+00
    outer loop
      vertex   -1.928587e-01 3.641167e+01 1.455000e+01
      vertex   1.928587e-01 3.641167e+01 7.275000e+00
      vertex   -1.928587e-01 3.641167e+01 7.275000e+00
    endloop
  endfacet
  facet normal 2.393157e-01 9.709418e-01 -2.282592e-17
    outer loop
      vertex   -1.928587e-01 3.641167e+01 1.455000e+01
      vertex   -1.928587e-01 3.641167e+01 7.275000e+00
      vertex   -5.673678e-01 3.650397e+01 1.455000e+01
    endloop
  endfacet
  facet normal 2.393157e-01 9.709418e-01 2.191289e-17
    outer loop
      vertex   -5.673678e-01 3.650397e+01 1.455000e+01
      vertex   -1.928587e-01 3.641167e+01 7.275000e+00
      vertex   -5.673678e-01 3.650397e+01 7.275000e+00
    endloop
  endfacet
  facet normal 4.647232e-01 8.854560e-01 4.255228e-17
    outer loop
      vertex   -5.673678e-01 3.650397e+01 1.455000e+01
      vertex   -5.673678e-01 3.650397e+01 7.275000e+00
      vertex   -9.089036e-01 3.668323e+01 1.455000e+01
    endloop
  endfacet
  facet normal 4.647232e-01 8.854560e-01 -3.546023e-17
    outer loop
      vertex   -9.089036e-01 3.668323e+01 1.455000e+01
      vertex   -5.673678e-01 3.650397e+01 7.275000e+00
      vertex   -9.089036e-01 3.668323e+01 7.275000e+00
    endloop
  endfacet
  facet normal 6.631227e-01 7.485107e-01 -5.059890e-17
    outer loop
      vertex   -9.089036e-01 3.668323e+01 1.455000e+01
      vertex   -9.089036e-01 3.668323e+01 7.275000e+00
      vertex   -1.197617e+00 3.693900e+01 1.455000e+01
    endloop
  endfacet
  facet normal 6.631227e-01 7.485107e-01 -8.095825e-17
    outer loop
      vertex   -1.197617e+00 3.693900e+01 1.455000e+01
      vertex   -9.089036e-01 3.668323e+01 7.275000e+00
      vertex   -1.197617e+00 3.693900e+01 7.275000e+00
    endloop
  endfacet
  facet normal 8.229839e-01 5.680647e-01 -1.004751e-16
    outer loop
      vertex   -1.197617e+00 3.693900e+01 1.455000e+01
      vertex   -1.197617e+00 3.693900e+01 7.275000e+00
      vertex   -1.416730e+00 3.725644e+01 1.455000e+01
    endloop
  endfacet
  facet normal 8.229839e-01 5.680647e-01 -5.023756e-17
    outer loop
      vertex   -1.416730e+00 3.725644e+01 1.455000e+01
      vertex   -1.197617e+00 3.693900e+01 7.275000e+00
      vertex   -1.416730e+00 3.725644e+01 7.275000e+00
    endloop
  endfacet
  facet normal 9.350162e-01 3.546049e-01 -5.707637e-17
    outer loop
      vertex   -1.416730e+00 3.725644e+01 1.455000e+01
      vertex   -1.416730e+00 3.725644e+01 7.275000e+00
      vertex   -1.553507e+00 3.761709e+01 1.455000e+01
    endloop
  endfacet
  facet normal 9.350162e-01 3.546049e-01 0.000000e+00
    outer loop
      vertex   -1.553507e+00 3.761709e+01 1.455000e+01
      vertex   -1.416730e+00 3.725644e+01 7.275000e+00
      vertex   -1.553507e+00 3.761709e+01 7.275000e+00
    endloop
  endfacet
  facet normal 9.927089e-01 -1.205367e-01 0.000000e+00
    outer loop
      vertex   -1.553507e+00 3.838291e+01 0.000000e+00
      vertex   -1.553507e+00 3.838291e+01 7.275000e+00
      vertex   -1.600000e+00 3.800000e+01 0.000000e+00
    endloop
  endfacet
  facet normal 9.927089e-01 -1.205367e-01 0.000000e+00
    outer loop
      vertex   -1.600000e+00 3.800000e+01 0.000000e+00
      vertex   -1.553507e+00 3.838291e+01 7.275000e+00
      vertex   -1.600000e+00 3.800000e+01 7.275000e+00
    endloop
  endfacet
  facet normal 9.927089e-01 1.205367e-01 -0.000000e+00
    outer loop
      vertex   -1.600000e+00 3.800000e+01 0.000000e+00
      vertex   -1.600000e+00 3.800000e+01 7.275000e+00
      vertex   -1.553507e+00 3.761709e+01 0.000000e+00
    endloop
  endfacet
  facet normal 9.927089e-01 1.205367e-01 8.742804e-17
    outer loop
      vertex   -1.553507e+00 3.761709e+01 0.000000e+00
      vertex   -1.600000e+00 3.800000e+01 7.275000e+00
      vertex   -1.553507e+00 3.761709e+01 7.275000e+00
    endloop
  endfacet
  facet normal 9.350162e-01 3.546049e-01 3.178012e-16
    outer loop
      vertex   -1.553507e+00 3.761709e+01 0.000000e+00
      vertex   -1.553507e+00 3.761709e+01 7.275000e+00
      vertex   -1.416730e+00 3.725644e+01 0.000000e+00
    endloop
  endfacet
  facet normal 9.350162e-01 3.546049e-01 2.853819e-17
    outer loop
      vertex   -1.416730e+00 3.725644e+01 0.000000e+00
      vertex   -1.553507e+00 3.761709e+01 7.275000e+00
      vertex   -1.416730e+00 3.725644e+01 7.275000e+00
    endloop
  endfacet
  facet normal 8.229839e-01 5.680647e-01 2.511878e-17
    outer loop
      vertex   -1.416730e+00 3.725644e+01 0.000000e+00
      vertex   -1.416730e+00 3.725644e+01 7.275000e+00
      vertex   -1.197617e+00 3.693900e+01 0.000000e+00
    endloop
  endfacet
  facet normal 8.229839e-01 5.680647e-01 5.023756e-17
    outer loop
      vertex   -1.197617e+00 3.693900e+01 0.000000e+00
      vertex   -1.416730e+00 3.725644e+01 7.275000e+00
      vertex   -1.197617e+00 3.693900e+01 7.275000e+00
    endloop
  endfacet
  facet normal 6.631227e-01 7.485107e-01 4.047912e-17
    outer loop
      vertex   -1.197617e+00 3.693900e+01 0.000000e+00
      vertex   -1.197617e+00 3.693900e+01 7.275000e+00
      vertex   -9.089036e-01 3.668323e+01 0.000000e+00
    endloop
  endfacet
  facet normal 6.631227e-01 7.485107e-01 5.059890e-17
    outer loop
      vertex   -9.089036e-01 3.668323e+01 0.000000e+00
      vertex   -1.197617e+00 3.693900e+01 7.275000e+00
      vertex   -9.089036e-01 3.668323e+01 7.275000e+00
    endloop
  endfacet
  facet normal 4.647232e-01 8.854560e-01 3.546023e-17
    outer loop
      vertex   -9.089036e-01 3.668323e+01 0.000000e+00
      vertex   -9.089036e-01 3.668323e+01 7.275000e+00
      vertex   -5.673678e-01 3.650397e+01 0.000000e+00
    endloop
  endfacet
  facet normal 4.647232e-01 8.854560e-01 -4.255228e-17
    outer loop
      vertex   -5.673678e-01 3.650397e+01 0.000000e+00
      vertex   -9.089036e-01 3.668323e+01 7.275000e+00
      vertex   -5.673678e-01 3.650397e+01 7.275000e+00
    endloop
  endfacet
  facet normal 2.393157e-01 9.709418e-01 -2.191289e-17
    outer loop
      vertex   -5.673678e-01 3.650397e+01 0.000000e+00
      vertex   -5.673678e-01 3.650397e+01 7.275000e+00
      vertex   -1.928587e-01 3.641167e+01 0.000000e+00
    endloop
  endfacet
  facet normal 2.393157e-01 9.709418e-01 -1.278252e-17
    outer loop
      vertex   -1.928587e-01 3.641167e+01 0.000000e+00
      vertex   -5.673678e-01 3.650397e+01 7.275000e+00
      vertex   -1.928587e-01 3.641167e+01 7.275000e+00
    endloop
  endfacet
  facet normal 0.000000e+00 1.000000e+00 0.000000e+00
    outer loop
      vertex   -1.928587e-01 3.641167e+01 0.000000e+00
      vertex   -1.928587e-01 3.641167e+01 7.275000e+00
      vertex   1.928587e-01 3.641167e+01 0.000000e+00
    endloop
  endfacet
  facet normal 0.000000e+00 1.000000e+00 -0.000000e+00
    outer loop
      vertex   1.928587e-01 3.641167e+01 0.000000e+00
      vertex   -1.928587e-01 3.641167e+01 7.275000e+00
      vertex   1.928587e-01 3.641167e+01 7.275000e+00
    endloop
  endfacet
  facet normal -2.393157e-01 9.709418e-01 2.465200e-17
    outer loop
      vertex   1.928587e-01 3.641167e+01 0.000000e+00
      vertex   1.928587e-01 3.641167e+01 7.275000e+00
      vertex   5.673678e-01 3.650397e+01 0.000000e+00
    endloop
  endfacet
  facet normal -2.393157e-01 9.709418e-01 -7.304296e-18
    outer loop
      vertex   5.673678e-01 3.650397e+01 0.000000e+00
      vertex   1.928587e-01 3.641167e+01 7.275000e+00
      vertex   5.673678e-01 3.650397e+01 7.275000e+00
    endloop
  endfacet
  facet normal -4.647232e-01 8.854560e-01 -1.418409e-17
    outer loop
      vertex   5.673678e-01 3.650397e+01 0.000000e+00
      vertex   5.673678e-01 3.650397e+01 7.275000e+00
      vertex   9.089036e-01 3.668323e+01 0.000000e+00
    endloop
  endfacet
  facet normal -4.647232e-01 8.854560e-01 2.127614e-17
    outer loop
      vertex   9.089036e-01 3.668323e+01 0.000000e+00
      vertex   5.673678e-01 3.650397e+01 7.275000e+00
      vertex   9.089036e-01 3.668323e+01 7.275000e+00
    endloop
  endfacet
  facet normal -6.631227e-01 7.485107e-01 3.035934e-17
    outer loop
      vertex   9.089036e-01 3.668323e+01 0.000000e+00
      vertex   9.089036e-01 3.668323e+01 7.275000e+00
      vertex   1.197617e+00 3.693900e+01 0.000000e+00
    endloop
  endfacet
  facet normal -6.631227e-01 7.485107e-01 6.071868e-17
    outer loop
      vertex   1.197617e+00 3.693900e+01 0.000000e+00
      vertex   9.089036e-01 3.668323e+01 7.275000e+00
      vertex   1.197617e+00 3.693900e+01 7.275000e+00
    endloop
  endfacet
  facet normal -8.229839e-01 5.680647e-01 7.535634e-17
    outer loop
      vertex   1.197617e+00 3.693900e+01 0.000000e+00
      vertex   1.197617e+00 3.693900e+01 7.275000e+00
      vertex   1.416730e+00 3.725644e+01 0.000000e+00
    endloop
  endfacet
  facet normal -8.229839e-01 5.680647e-01 0.000000e+00
    outer loop
      vertex   1.416730e+00 3.725644e+01 0.000000e+00
      vertex   1.197617e+00 3.693900e+01 7.275000e+00
      vertex   1.416730e+00 3.725644e+01 7.275000e+00
    endloop
  endfacet
  facet normal -9.350162e-01 3.546049e-01 0.000000e+00
    outer loop
      vertex   1.416730e+00 3.725644e+01 0.000000e+00
      vertex   1.416730e+00 3.725644e+01 7.275000e+00
      vertex   1.553507e+00 3.761709e+01 0.000000e+00
    endloop
  endfacet
  facet normal -9.350162e-01 3.546049e-01 -3.463394e-16
    outer loop
      vertex   1.553507e+00 3.761709e+01 0.000000e+00
      vertex   1.416730e+00 3.725644e+01 7.275000e+00
      vertex   1.553507e+00 3.761709e+01 7.275000e+00
    endloop
  endfacet
  facet normal -9.927089e-01 1.205367e-01 -1.177271e-16
    outer loop
      vertex   1.553507e+00 3.761709e+01 0.000000e+00
      vertex   1.553507e+00 3.761709e+01 7.275000e+00
      vertex   1.600000e+00 3.800000e+01 0.000000e+00
    endloop
  endfacet
  facet normal -9.927089e-01 1.205367e-01 0.000000e+00
    outer loop
      vertex   1.600000e+00 3.800000e+01 0.000000e+00
      vertex   1.553507e+00 3.761709e+01 7.275000e+00
      vertex   1.600000e+00 3.800000e+01 7.275000e+00
    endloop
  endfacet
  facet normal -9.927089e-01 -1.205367e-01 0.000000e+00
    outer loop
      vertex   1.600000e+00 3.800000e+01 0.000000e+00
      vertex   1.600000e+00 3.800000e+01 7.275000e+00
      vertex   1.553507e+00 3.838291e+01 0.000000e+00
    endloop
  endfacet
  facet normal -9.927089e-01 -1.205367e-01 -3.029906e-17
    outer loop
      vertex   1.553507e+00 3.838291e+01 0.000000e+00
      vertex   1.600000e+00 3.800000e+01 7.275000e+00
      vertex   1.553507e+00 3.838291e+01 7.275000e+00
    endloop
  endfacet
  facet normal -9.350162e-01 -3.546049e-01 -2.853819e-17
    outer loop
      vertex   1.553507e+00 3.838291e+01 0.000000e+00
      vertex   1.553507e+00 3.838291e+01 7.275000e+00
      vertex   1.416730e+00 3.874356e+01 0.000000e+00
    endloop
  endfacet
  facet normal -9.350162e-01 -3.546049e-01 0.000000e+00
    outer loop
      vertex   1.416730e+00 3.874356e+01 0.000000e+00
      vertex   1.553507e+00 3.838291e+01 7.275000e+00
      vertex   1.416730e+00 3.874356e+01 7.275000e+00
    endloop
  endfacet
  facet normal -8.229839e-01 -5.680647e-01 0.000000e+00
    outer loop
      vertex   1.416730e+00 3.874356e+01 0.000000e+00
      vertex   1.416730e+00 3.874356e+01 7.275000e+00
      vertex   1.197617e+00 3.906100e+01 0.000000e+00
    endloop
  endfacet
  facet normal -8.229839e-01 -5.680647e-01 5.023756e-17
    outer loop
      vertex   1.197617e+00 3.906100e+01 0.000000e+00
      vertex   1.416730e+00 3.874356e+01 7.275000e+00
      vertex   1.197617e+00 3.906100e+01 7.275000e+00
    endloop
  endfacet
  facet normal -6.631227e-01 -7.485107e-01 4.047912e-17
    outer loop
      vertex   1.197617e+00 3.906100e+01 0.000000e+00
      vertex   1.197617e+00 3.906100e+01 7.275000e+00
      vertex   9.089036e-01 3.931677e+01 0.000000e+00
    endloop
  endfacet
  facet normal -6.631227e-01 -7.485107e-01 3.035934e-17
    outer loop
      vertex   9.089036e-01 3.931677e+01 0.000000e+00
      vertex   1.197617e+00 3.906100e+01 7.275000e+00
      vertex   9.089036e-01 3.931677e+01 7.275000e+00
    endloop
  endfacet
  facet normal -4.647232e-01 -8.854560e-01 2.127614e-17
    outer loop
      vertex   9.089036e-01 3.931677e+01 0.000000e+00
      vertex   9.089036e-01 3.931677e+01 7.275000e+00
      vertex   5.673678e-01 3.949603e+01 0.000000e+00
    endloop
  endfacet
  facet normal -4.647232e-01 -8.854560e-01 -4.255228e-17
    outer loop
      vertex   5.673678e-01 3.949603e+01 0.000000e+00
      vertex   9.089036e-01 3.931677e+01 7.275000e+00
      vertex   5.673678e-01 3.949603e+01 7.275000e+00
    endloop
  endfacet
  facet normal -2.393157e-01 -9.709418e-01 -2.191289e-17
    outer loop
      vertex   5.673678e-01 3.949603e+01 0.000000e+00
      vertex   5.673678e-01 3.949603e+01 7.275000e+00
      vertex   1.928587e-01 3.958833e+01 0.000000e+00
    endloop
  endfacet
  facet normal -2.393157e-01 -9.709418e-01 0.000000e+00
    outer loop
      vertex   1.928587e-01 3.958833e+01 0.000000e+00
      vertex   5.673678e-01 3.949603e+01 7.275000e+00
      vertex   1.928587e-01 3.958833e+01 7.275000e+00
    endloop
  endfacet
  facet normal 0.000000e+00 -1.000000e+00 0.000000e+00
    outer loop
      vertex   1.928587e-01 3.958833e+01 0.000000e+00
      vertex   1.928587e-01 3.958833e+01 7.275000e+00
      vertex   -1.928587e-01 3.958833e+01 0.000000e+00
    endloop
  endfacet
  facet normal 0.000000e+00 -1.000000e+00 0.000000e+00
    outer loop
      vertex   -1.928587e-01 3.958833e+01 0.000000e+00
      vertex   1.928587e-01 3.958833e+01 7.275000e+00
      vertex   -1.928587e-01 3.958833e+01 7.275000e+00
    endloop
  endfacet
  facet normal 2.393157e-01 -9.709418e-01 2.282592e-17
    outer loop
      vertex   -1.928587e-01 3.958833e+01 0.000000e+00
      vertex   -1.928587e-01 3.958833e+01 7.275000e+00
      vertex   -5.673678e-01 3.949603e+01 0.000000e+00
    endloop
  endfacet
  facet normal 2.393157e-01 -9.709418e-01 -2.191289e-17
    outer loop
      vertex   -5.673678e-01 3.949603e+01 0.000000e+00
      vertex   -1.928587e-01 3.958833e+01 7.275000e+00
      vertex   -5.673678e-01 3.949603e+01 7.275000e+00
    endloop
  endfacet
  facet normal 4.647232e-01 -8.854560e-01 -4.255228e-17
    outer loop
      vertex   -5.673678e-01 3.949603e+01 0.000000e+00
      vertex   -5.673678e-01 3.949603e+01 7.275000e+00
      vertex   -9.089036e-01 3.931677e+01 0.000000e+00
    endloop
  endfacet
  facet normal 4.647232e-01 -8.854560e-01 3.546023e-17
    outer loop
      vertex   -9.089036e-01 3.931677e+01 0.000000e+00
      vertex   -5.673678e-01 3.949603e+01 7.275000e+00
      vertex   -9.089036e-01 3.931677e+01 7.275000e+00
    endloop
  endfacet
  facet normal 6.631227e-01 -7.485107e-01 5.059890e-17
    outer loop
      vertex   -9.089036e-01 3.931677e+01 0.000000e+00
      vertex   -9.089036e-01 3.931677e+01 7.275000e+00
      vertex   -1.197617e+00 3.906100e+01 0.000000e+00
    endloop
  endfacet
  facet normal 6.631227e-01 -7.485107e-01 8.095825e-17
    outer loop
      vertex   -1.197617e+00 3.906100e+01 0.000000e+00
      vertex   -9.089036e-01 3.931677e+01 7.275000e+00
      vertex   -1.197617e+00 3.906100e+01 7.275000e+00
    endloop
  endfacet
  facet normal 8.229839e-01 -5.680647e-01 1.004751e-16
    outer loop
      vertex   -1.197617e+00 3.906100e+01 0.000000e+00
      vertex   -1.197617e+00 3.906100e+01 7.275000e+00
      vertex   -1.416730e+00 3.874356e+01 0.000000e+00
    endloop
  endfacet
  facet normal 8.229839e-01 -5.680647e-01 5.023756e-17
    outer loop
      vertex   -1.416730e+00 3.874356e+01 0.000000e+00
      vertex   -1.197617e+00 3.906100e+01 7.275000e+00
      vertex   -1.416730e+00 3.874356e+01 7.275000e+00
    endloop
  endfacet
  facet normal 9.350162e-01 -3.546049e-01 5.707637e-17
    outer loop
      vertex   -1.416730e+00 3.874356e+01 0.000000e+00
      vertex   -1.416730e+00 3.874356e+01 7.275000e+00
      vertex   -1.553507e+00 3.838291e+01 0.000000e+00
    endloop
  endfacet
  facet normal 9.350162e-01 -3.546049e-01 0.000000e+00
    outer loop
      vertex   -1.553507e+00 3.838291e+01 0.000000e+00
      vertex   -1.416730e+00 3.874356e+01 7.275000e+00
      vertex   -1.553507e+00 3.838291e+01 7.275000e+00
    endloop
  endfacet
  facet normal 1.696076e-01 7.941233e-04 -9.855114e-01
    outer loop
      vertex   2.828000e+00 4.199879e+01 9.985097e+00
      vertex   2.828427e+00 4.200000e+01 9.985171e+00
      vertex   2.741181e+00 3.675000e+01 9.965926e+00
    endloop
  endfacet
  facet normal 1.431943e-01 1.248400e-03 -9.896938e-01
    outer loop
      vertex   2.741181e+00 3.675000e+01 9.965926e+00
      vertex   2.828427e+00 4.200000e+01 9.985171e+00
      vertex   2.885302e+00 4.200000e+01 9.993400e+00
    endloop
  endfacet
  facet normal 8.610589e-02 2.850051e-03 -9.962819e-01
    outer loop
      vertex   2.741181e+00 3.675000e+01 9.965926e+00
      vertex   2.885302e+00 4.200000e+01 9.993400e+00
      vertex   2.942556e+00 4.200000e+01 9.998349e+00
    endloop
  endfacet
  facet normal 2.873371e-02 0.000000e+00 -9.995871e-01
    outer loop
      vertex   3.000000e+00 4.200000e+01 1.000000e+01
      vertex   3.000000e+00 0.000000e+00 1.000000e+01
      vertex   2.942556e+00 4.200000e+01 9.998349e+00
    endloop
  endfacet
  facet normal 1.430125e-01 1.566878e-04 -9.897209e-01
    outer loop
      vertex   2.942556e+00 4.200000e+01 9.998349e+00
      vertex   3.000000e+00 0.000000e+00 1.000000e+01
      vertex   2.741181e+00 2.100000e+01 9.965926e+00
    endloop
  endfacet
  facet normal 1.589602e-01 0.000000e+00 -9.872850e-01
    outer loop
      vertex   2.942556e+00 4.200000e+01 9.998349e+00
      vertex   2.741181e+00 2.100000e+01 9.965926e+00
      vertex   2.741181e+00 2.625000e+01 9.965926e+00
    endloop
  endfacet
  facet normal 3.826834e-01 0.000000e+00 -9.238795e-01
    outer loop
      vertex   2.741181e+00 2.625000e+01 9.965926e+00
      vertex   2.741181e+00 2.100000e+01 9.965926e+00
      vertex   2.500000e+00 2.625000e+01 9.866025e+00
    endloop
  endfacet
  facet normal 3.826834e-01 0.000000e+00 -9.238795e-01
    outer loop
      vertex   2.741181e+00 2.625000e+01 9.965926e+00
      vertex   2.500000e+00 2.625000e+01 9.866025e+00
      vertex   2.500000e+00 3.150000e+01 9.866025e+00
    endloop
  endfacet
  facet normal 6.087614e-01 0.000000e+00 -7.933533e-01
    outer loop
      vertex   2.500000e+00 3.150000e+01 9.866025e+00
      vertex   2.500000e+00 2.625000e+01 9.866025e+00
      vertex   2.292893e+00 3.150000e+01 9.707107e+00
    endloop
  endfacet
  facet normal 6.087614e-01 0.000000e+00 -7.933533e-01
    outer loop
      vertex   2.500000e+00 3.150000e+01 9.866025e+00
      vertex   2.292893e+00 3.150000e+01 9.707107e+00
      vertex   2.292893e+00 3.675000e+01 9.707107e+00
    endloop
  endfacet
  facet normal 7.933533e-01 0.000000e+00 -6.087614e-01
    outer loop
      vertex   2.292893e+00 3.675000e+01 9.707107e+00
      vertex   2.292893e+00 3.150000e+01 9.707107e+00
      vertex   2.133975e+00 3.675000e+01 9.500000e+00
    endloop
  endfacet
  facet normal 7.933525e-01 1.441239e-03 -6.087608e-01
    outer loop
      vertex   2.292893e+00 3.675000e+01 9.707107e+00
      vertex   2.133975e+00 3.675000e+01 9.500000e+00
      vertex   2.234494e+00 4.200000e+01 9.643428e+00
    endloop
  endfacet
  facet normal 8.351041e-01 -9.609930e-04 -5.500911e-01
    outer loop
      vertex   2.234494e+00 4.200000e+01 9.643428e+00
      vertex   2.133975e+00 3.675000e+01 9.500000e+00
      vertex   2.106618e+00 4.200000e+01 9.449298e+00
    endloop
  endfacet
  facet normal 9.238790e-01 1.118356e-03 -3.826832e-01
    outer loop
      vertex   2.106618e+00 4.200000e+01 9.449298e+00
      vertex   2.133975e+00 3.675000e+01 9.500000e+00
      vertex   2.034074e+00 3.675000e+01 9.258819e+00
    endloop
  endfacet
  facet normal 9.395493e-01 -5.592363e-04 -3.424132e-01
    outer loop
      vertex   2.106618e+00 4.200000e+01 9.449298e+00
      vertex   2.034074e+00 3.675000e+01 9.258819e+00
      vertex   2.027019e+00 4.200000e+01 9.230887e+00
    endloop
  endfacet
  facet normal 9.932219e-01 7.162513e-04 -1.162314e-01
    outer loop
      vertex   2.027019e+00 4.200000e+01 9.230887e+00
      vertex   2.034074e+00 3.675000e+01 9.258819e+00
      vertex   2.000000e+00 4.200000e+01 9.000000e+00
    endloop
  endfacet
  facet normal 9.914449e-01 0.000000e+00 -1.305262e-01
    outer loop
      vertex   2.000000e+00 4.200000e+01 9.000000e+00
      vertex   2.034074e+00 3.675000e+01 9.258819e+00
      vertex   2.034074e+00 3.150000e+01 9.258819e+00
    endloop
  endfacet
  facet normal 9.914449e-01 0.000000e+00 -1.305262e-01
    outer loop
      vertex   2.000000e+00 4.200000e+01 9.000000e+00
      vertex   2.034074e+00 3.150000e+01 9.258819e+00
      vertex   2.034074e+00 2.625000e+01 9.258819e+00
    endloop
  endfacet
  facet normal 9.238795e-01 0.000000e+00 -3.826834e-01
    outer loop
      vertex   2.034074e+00 2.625000e+01 9.258819e+00
      vertex   2.034074e+00 3.150000e+01 9.258819e+00
      vertex   2.133975e+00 2.625000e+01 9.500000e+00
    endloop
  endfacet
  facet normal 9.238795e-01 0.000000e+00 -3.826834e-01
    outer loop
      vertex   2.034074e+00 2.625000e+01 9.258819e+00
      vertex   2.133975e+00 2.625000e+01 9.500000e+00
      vertex   2.133975e+00 2.100000e+01 9.500000e+00
    endloop
  endfacet
  facet normal 7.933533e-01 0.000000e+00 -6.087614e-01
    outer loop
      vertex   2.133975e+00 2.100000e+01 9.500000e+00
      vertex   2.133975e+00 2.625000e+01 9.500000e+00
      vertex   2.292893e+00 2.100000e+01 9.707107e+00
    endloop
  endfacet
  facet normal 7.933533e-01 0.000000e+00 -6.087614e-01
    outer loop
      vertex   2.133975e+00 2.100000e+01 9.500000e+00
      vertex   2.292893e+00 2.100000e+01 9.707107e+00
      vertex   2.292893e+00 1.575000e+01 9.707107e+00
    endloop
  endfacet
  facet normal 6.087614e-01 0.000000e+00 -7.933533e-01
    outer loop
      vertex   2.292893e+00 1.575000e+01 9.707107e+00
      vertex   2.292893e+00 2.100000e+01 9.707107e+00
      vertex   2.500000e+00 1.575000e+01 9.866025e+00
    endloop
  endfacet
  facet normal 6.087614e-01 0.000000e+00 -7.933533e-01
    outer loop
      vertex   2.292893e+00 1.575000e+01 9.707107e+00
      vertex   2.500000e+00 1.575000e+01 9.866025e+00
      vertex   2.500000e+00 1.050000e+01 9.866025e+00
    endloop
  endfacet
  facet normal 3.826834e-01 0.000000e+00 -9.238795e-01
    outer loop
      vertex   2.500000e+00 1.050000e+01 9.866025e+00
      vertex   2.500000e+00 1.575000e+01 9.866025e+00
      vertex   2.741181e+00 1.050000e+01 9.965926e+00
    endloop
  endfacet
  facet normal 3.826834e-01 0.000000e+00 -9.238795e-01
    outer loop
      vertex   2.500000e+00 1.050000e+01 9.866025e+00
      vertex   2.741181e+00 1.050000e+01 9.965926e+00
      vertex   2.741181e+00 5.250000e+00 9.965926e+00
    endloop
  endfacet
  facet normal 1.305262e-01 0.000000e+00 -9.914449e-01
    outer loop
      vertex   2.741181e+00 5.250000e+00 9.965926e+00
      vertex   2.741181e+00 1.050000e+01 9.965926e+00
      vertex   3.000000e+00 0.000000e+00 1.000000e+01
    endloop
  endfacet
  facet normal 1.305262e-01 0.000000e+00 -9.914449e-01
    outer loop
      vertex   2.741181e+00 5.250000e+00 9.965926e+00
      vertex   3.000000e+00 0.000000e+00 1.000000e+01
      vertex   2.741181e+00 0.000000e+00 9.965926e+00
    endloop
  endfacet
  facet normal 3.826834e-01 0.000000e+00 -9.238795e-01
    outer loop
      vertex   2.741181e+00 5.250000e+00 9.965926e+00
      vertex   2.741181e+00 0.000000e+00 9.965926e+00
      vertex   2.500000e+00 5.250000e+00 9.866025e+00
    endloop
  endfacet
  facet normal 3.826834e-01 0.000000e+00 -9.238795e-01
    outer loop
      vertex   2.500000e+00 5.250000e+00 9.866025e+00
      vertex   2.741181e+00 0.000000e+00 9.965926e+00
      vertex   2.500000e+00 0.000000e+00 9.866025e+00
    endloop
  endfacet
  facet normal 6.087614e-01 0.000000e+00 -7.933533e-01
    outer loop
      vertex   2.500000e+00 5.250000e+00 9.866025e+00
      vertex   2.500000e+00 0.000000e+00 9.866025e+00
      vertex   2.292893e+00 5.250000e+00 9.707107e+00
    endloop
  endfacet
  facet normal 6.087614e-01 0.000000e+00 -7.933533e-01
    outer loop
      vertex   2.292893e+00 5.250000e+00 9.707107e+00
      vertex   2.500000e+00 0.000000e+00 9.866025e+00
      vertex   2.292893e+00 0.000000e+00 9.707107e+00
    endloop
  endfacet
  facet normal 7.933533e-01 0.000000e+00 -6.087614e-01
    outer loop
      vertex   2.292893e+00 5.250000e+00 9.707107e+00
      vertex   2.292893e+00 0.000000e+00 9.707107e+00
      vertex   2.133975e+00 5.250000e+00 9.500000e+00
    endloop
  endfacet
  facet normal 7.933533e-01 0.000000e+00 -6.087614e-01
    outer loop
      vertex   2.133975e+00 5.250000e+00 9.500000e+00
      vertex   2.292893e+00 0.000000e+00 9.707107e+00
      vertex   2.133975e+00 0.000000e+00 9.500000e+00
    endloop
  endfacet
  facet normal 9.238795e-01 0.000000e+00 -3.826834e-01
    outer loop
      vertex   2.133975e+00 5.250000e+00 9.500000e+00
      vertex   2.133975e+00 0.000000e+00 9.500000e+00
      vertex   2.034074e+00 5.250000e+00 9.258819e+00
    endloop
  endfacet
  facet normal 9.238795e-01 0.000000e+00 -3.826834e-01
    outer loop
      vertex   2.034074e+00 5.250000e+00 9.258819e+00
      vertex   2.133975e+00 0.000000e+00 9.500000e+00
      vertex   2.034074e+00 0.000000e+00 9.258819e+00
    endloop
  endfacet
  facet normal 9.914449e-01 0.000000e+00 -1.305262e-01
    outer loop
      vertex   2.034074e+00 5.250000e+00 9.258819e+00
      vertex   2.034074e+00 0.000000e+00 9.258819e+00
      vertex   2.000000e+00 0.000000e+00 9.000000e+00
    endloop
  endfacet
  facet normal 9.914449e-01 0.000000e+00 -1.305262e-01
    outer loop
      vertex   2.000000e+00 4.200000e+01 9.000000e+00
      vertex   2.034074e+00 2.100000e+01 9.258819e+00
      vertex   2.000000e+00 0.000000e+00 9.000000e+00
    endloop
  endfacet
  facet normal 9.914449e-01 0.000000e+00 -1.305262e-01
    outer loop
      vertex   2.000000e+00 0.000000e+00 9.000000e+00
      vertex   2.034074e+00 2.100000e+01 9.258819e+00
      vertex   2.034074e+00 1.575000e+01 9.258819e+00
    endloop
  endfacet
  facet normal 9.914449e-01 0.000000e+00 -1.305262e-01
    outer loop
      vertex   2.000000e+00 0.000000e+00 9.000000e+00
      vertex   2.034074e+00 1.575000e+01 9.258819e+00
      vertex   2.034074e+00 1.050000e+01 9.258819e+00
    endloop
  endfacet
  facet normal 9.238795e-01 0.000000e+00 -3.826834e-01
    outer loop
      vertex   2.034074e+00 1.050000e+01 9.258819e+00
      vertex   2.034074e+00 1.575000e+01 9.258819e+00
      vertex   2.133975e+00 1.050000e+01 9.500000e+00
    endloop
  endfacet
  facet normal 9.238795e-01 0.000000e+00 -3.826834e-01
    outer loop
      vertex   2.034074e+00 1.050000e+01 9.258819e+00
      vertex   2.133975e+00 1.050000e+01 9.500000e+00
      vertex   2.133975e+00 5.250000e+00 9.500000e+00
    endloop
  endfacet
  facet normal 7.933533e-01 0.000000e+00 -6.087614e-01
    outer loop
      vertex   2.133975e+00 5.250000e+00 9.500000e+00
      vertex   2.133975e+00 1.050000e+01 9.500000e+00
      vertex   2.292893e+00 5.250000e+00 9.707107e+00
    endloop
  endfacet
  facet normal 6.855308e-01 -1.204937e-03 -7.280426e-01
    outer loop
      vertex   2.234494e+00 4.200000e+01 9.643428e+00
      vertex   2.403737e+00 4.200000e+01 9.802789e+00
      vertex   2.292893e+00 3.675000e+01 9.707107e+00
    endloop
  endfacet
  facet normal 6.087606e-01 1.606193e-03 -7.933523e-01
    outer loop
      vertex   2.292893e+00 3.675000e+01 9.707107e+00
      vertex   2.403737e+00 4.200000e+01 9.802789e+00
      vertex   2.500000e+00 3.675000e+01 9.866025e+00
    endloop
  endfacet
  facet normal 6.087614e-01 0.000000e+00 -7.933533e-01
    outer loop
      vertex   2.292893e+00 3.675000e+01 9.707107e+00
      vertex   2.500000e+00 3.675000e+01 9.866025e+00
      vertex   2.500000e+00 3.150000e+01 9.866025e+00
    endloop
  endfacet
  facet normal 3.826834e-01 0.000000e+00 -9.238795e-01
    outer loop
      vertex   2.500000e+00 3.150000e+01 9.866025e+00
      vertex   2.500000e+00 3.675000e+01 9.866025e+00
      vertex   2.741181e+00 3.150000e+01 9.965926e+00
    endloop
  endfacet
  facet normal 3.826834e-01 0.000000e+00 -9.238795e-01
    outer loop
      vertex   2.500000e+00 3.150000e+01 9.866025e+00
      vertex   2.741181e+00 3.150000e+01 9.965926e+00
      vertex   2.741181e+00 2.625000e+01 9.965926e+00
    endloop
  endfacet
  facet normal 1.589602e-01 0.000000e+00 -9.872850e-01
    outer loop
      vertex   2.741181e+00 2.625000e+01 9.965926e+00
      vertex   2.741181e+00 3.150000e+01 9.965926e+00
      vertex   2.942556e+00 4.200000e+01 9.998349e+00
    endloop
  endfacet
  facet normal 4.989123e-01 -1.290866e-03 -8.666515e-01
    outer loop
      vertex   2.403737e+00 4.200000e+01 9.802789e+00
      vertex   2.605201e+00 4.200000e+01 9.918768e+00
      vertex   2.500000e+00 3.675000e+01 9.866025e+00
    endloop
  endfacet
  facet normal 3.826829e-01 1.613080e-03 -9.238783e-01
    outer loop
      vertex   2.500000e+00 3.675000e+01 9.866025e+00
      vertex   2.605201e+00 4.200000e+01 9.918768e+00
      vertex   2.741181e+00 3.675000e+01 9.965926e+00
    endloop
  endfacet
  facet normal 3.826834e-01 0.000000e+00 -9.238795e-01
    outer loop
      vertex   2.500000e+00 3.675000e+01 9.866025e+00
      vertex   2.741181e+00 3.675000e+01 9.965926e+00
      vertex   2.741181e+00 3.150000e+01 9.965926e+00
    endloop
  endfacet
  facet normal 1.589602e-01 0.000000e+00 -9.872850e-01
    outer loop
      vertex   2.741181e+00 3.150000e+01 9.965926e+00
      vertex   2.741181e+00 3.675000e+01 9.965926e+00
      vertex   2.942556e+00 4.200000e+01 9.998349e+00
    endloop
  endfacet
  facet normal 2.853332e-01 -1.218709e-03 -9.584276e-01
    outer loop
      vertex   2.605201e+00 4.200000e+01 9.918768e+00
      vertex   2.828000e+00 4.200000e+01 9.985097e+00
      vertex   2.741181e+00 3.675000e+01 9.965926e+00
    endloop
  endfacet
  facet normal 2.156227e-01 2.434273e-12 -9.764768e-01
    outer loop
      vertex   2.741181e+00 3.675000e+01 9.965926e+00
      vertex   2.828000e+00 4.200000e+01 9.985097e+00
      vertex   2.828000e+00 4.199879e+01 9.985097e+00
    endloop
  endfacet
  facet normal 3.826834e-01 0.000000e+00 -9.238795e-01
    outer loop
      vertex   2.500000e+00 1.050000e+01 9.866025e+00
      vertex   2.741181e+00 5.250000e+00 9.965926e+00
      vertex   2.500000e+00 5.250000e+00 9.866025e+00
    endloop
  endfacet
  facet normal 1.305262e-01 0.000000e+00 -9.914449e-01
    outer loop
      vertex   2.741181e+00 2.100000e+01 9.965926e+00
      vertex   3.000000e+00 0.000000e+00 1.000000e+01
      vertex   2.741181e+00 1.575000e+01 9.965926e+00
    endloop
  endfacet
  facet normal 1.305262e-01 0.000000e+00 -9.914449e-01
    outer loop
      vertex   2.741181e+00 1.575000e+01 9.965926e+00
      vertex   3.000000e+00 0.000000e+00 1.000000e+01
      vertex   2.741181e+00 1.050000e+01 9.965926e+00
    endloop
  endfacet
  facet normal 3.826834e-01 0.000000e+00 -9.238795e-01
    outer loop
      vertex   2.741181e+00 1.575000e+01 9.965926e+00
      vertex   2.741181e+00 1.050000e+01 9.965926e+00
      vertex   2.500000e+00 1.575000e+01 9.866025e+00
    endloop
  endfacet
  facet normal 3.826834e-01 0.000000e+00 -9.238795e-01
    outer loop
      vertex   2.741181e+00 2.100000e+01 9.965926e+00
      vertex   2.741181e+00 1.575000e+01 9.965926e+00
      vertex   2.500000e+00 2.100000e+01 9.866025e+00
    endloop
  endfacet
  facet normal 3.826834e-01 0.000000e+00 -9.238795e-01
    outer loop
      vertex   2.500000e+00 2.100000e+01 9.866025e+00
      vertex   2.741181e+00 1.575000e+01 9.965926e+00
      vertex   2.500000e+00 1.575000e+01 9.866025e+00
    endloop
  endfacet
  facet normal 6.087614e-01 0.000000e+00 -7.933533e-01
    outer loop
      vertex   2.500000e+00 2.100000e+01 9.866025e+00
      vertex   2.500000e+00 1.575000e+01 9.866025e+00
      vertex   2.292893e+00 2.100000e+01 9.707107e+00
    endloop
  endfacet
  facet normal 6.087614e-01 0.000000e+00 -7.933533e-01
    outer loop
      vertex   2.500000e+00 1.050000e+01 9.866025e+00
      vertex   2.500000e+00 5.250000e+00 9.866025e+00
      vertex   2.292893e+00 1.050000e+01 9.707107e+00
    endloop
  endfacet
  facet normal 6.087614e-01 0.000000e+00 -7.933533e-01
    outer loop
      vertex   2.292893e+00 1.050000e+01 9.707107e+00
      vertex   2.500000e+00 5.250000e+00 9.866025e+00
      vertex   2.292893e+00 5.250000e+00 9.707107e+00
    endloop
  endfacet
  facet normal 7.933533e-01 0.000000e+00 -6.087614e-01
    outer loop
      vertex   2.292893e+00 1.050000e+01 9.707107e+00
      vertex   2.292893e+00 5.250000e+00 9.707107e+00
      vertex   2.133975e+00 1.050000e+01 9.500000e+00
    endloop
  endfacet
  facet normal 3.826834e-01 0.000000e+00 -9.238795e-01
    outer loop
      vertex   2.741181e+00 2.100000e+01 9.965926e+00
      vertex   2.500000e+00 2.100000e+01 9.866025e+00
      vertex   2.500000e+00 2.625000e+01 9.866025e+00
    endloop
  endfacet
  facet normal 6.087614e-01 0.000000e+00 -7.933533e-01
    outer loop
      vertex   2.500000e+00 2.625000e+01 9.866025e+00
      vertex   2.500000e+00 2.100000e+01 9.866025e+00
      vertex   2.292893e+00 2.625000e+01 9.707107e+00
    endloop
  endfacet
  facet normal 6.087614e-01 0.000000e+00 -7.933533e-01
    outer loop
      vertex   2.500000e+00 2.625000e+01 9.866025e+00
      vertex   2.292893e+00 2.625000e+01 9.707107e+00
      vertex   2.292893e+00 3.150000e+01 9.707107e+00
    endloop
  endfacet
  facet normal 7.933533e-01 0.000000e+00 -6.087614e-01
    outer loop
      vertex   2.292893e+00 3.150000e+01 9.707107e+00
      vertex   2.292893e+00 2.625000e+01 9.707107e+00
      vertex   2.133975e+00 3.150000e+01 9.500000e+00
    endloop
  endfacet
  facet normal 7.933533e-01 0.000000e+00 -6.087614e-01
    outer loop
      vertex   2.292893e+00 3.150000e+01 9.707107e+00
      vertex   2.133975e+00 3.150000e+01 9.500000e+00
      vertex   2.133975e+00 3.675000e+01 9.500000e+00
    endloop
  endfacet
  facet normal 9.238795e-01 0.000000e+00 -3.826834e-01
    outer loop
      vertex   2.133975e+00 3.675000e+01 9.500000e+00
      vertex   2.133975e+00 3.150000e+01 9.500000e+00
      vertex   2.034074e+00 3.675000e+01 9.258819e+00
    endloop
  endfacet
  facet normal 6.087614e-01 0.000000e+00 -7.933533e-01
    outer loop
      vertex   2.292893e+00 2.625000e+01 9.707107e+00
      vertex   2.500000e+00 2.100000e+01 9.866025e+00
      vertex   2.292893e+00 2.100000e+01 9.707107e+00
    endloop
  endfacet
  facet normal 6.087614e-01 0.000000e+00 -7.933533e-01
    outer loop
      vertex   2.500000e+00 1.050000e+01 9.866025e+00
      vertex   2.292893e+00 1.050000e+01 9.707107e+00
      vertex   2.292893e+00 1.575000e+01 9.707107e+00
    endloop
  endfacet
  facet normal 7.933533e-01 0.000000e+00 -6.087614e-01
    outer loop
      vertex   2.292893e+00 1.575000e+01 9.707107e+00
      vertex   2.292893e+00 1.050000e+01 9.707107e+00
      vertex   2.133975e+00 1.575000e+01 9.500000e+00
    endloop
  endfacet
  facet normal 7.933533e-01 0.000000e+00 -6.087614e-01
    outer loop
      vertex   2.292893e+00 1.575000e+01 9.707107e+00
      vertex   2.133975e+00 1.575000e+01 9.500000e+00
      vertex   2.133975e+00 2.100000e+01 9.500000e+00
    endloop
  endfacet
  facet normal 9.238795e-01 0.000000e+00 -3.826834e-01
    outer loop
      vertex   2.133975e+00 2.100000e+01 9.500000e+00
      vertex   2.133975e+00 1.575000e+01 9.500000e+00
      vertex   2.034074e+00 2.100000e+01 9.258819e+00
    endloop
  endfacet
  facet normal 9.238795e-01 0.000000e+00 -3.826834e-01
    outer loop
      vertex   2.133975e+00 2.100000e+01 9.500000e+00
      vertex   2.034074e+00 2.100000e+01 9.258819e+00
      vertex   2.034074e+00 2.625000e+01 9.258819e+00
    endloop
  endfacet
  facet normal 9.914449e-01 0.000000e+00 -1.305262e-01
    outer loop
      vertex   2.034074e+00 2.625000e+01 9.258819e+00
      vertex   2.034074e+00 2.100000e+01 9.258819e+00
      vertex   2.000000e+00 4.200000e+01 9.000000e+00
    endloop
  endfacet
  facet normal 7.933533e-01 0.000000e+00 -6.087614e-01
    outer loop
      vertex   2.133975e+00 1.575000e+01 9.500000e+00
      vertex   2.292893e+00 1.050000e+01 9.707107e+00
      vertex   2.133975e+00 1.050000e+01 9.500000e+00
    endloop
  endfacet
  facet normal 7.933533e-01 0.000000e+00 -6.087614e-01
    outer loop
      vertex   2.133975e+00 3.150000e+01 9.500000e+00
      vertex   2.292893e+00 2.625000e+01 9.707107e+00
      vertex   2.133975e+00 2.625000e+01 9.500000e+00
    endloop
  endfacet
  facet normal 7.933533e-01 0.000000e+00 -6.087614e-01
    outer loop
      vertex   2.133975e+00 2.625000e+01 9.500000e+00
      vertex   2.292893e+00 2.625000e+01 9.707107e+00
      vertex   2.292893e+00 2.100000e+01 9.707107e+00
    endloop
  endfacet
  facet normal 9.238795e-01 0.000000e+00 -3.826834e-01
    outer loop
      vertex   2.034074e+00 1.050000e+01 9.258819e+00
      vertex   2.133975e+00 5.250000e+00 9.500000e+00
      vertex   2.034074e+00 5.250000e+00 9.258819e+00
    endloop
  endfacet
  facet normal 9.238795e-01 0.000000e+00 -3.826834e-01
    outer loop
      vertex   2.034074e+00 2.100000e+01 9.258819e+00
      vertex   2.133975e+00 1.575000e+01 9.500000e+00
      vertex   2.034074e+00 1.575000e+01 9.258819e+00
    endloop
  endfacet
  facet normal 9.238795e-01 0.000000e+00 -3.826834e-01
    outer loop
      vertex   2.034074e+00 1.575000e+01 9.258819e+00
      vertex   2.133975e+00 1.575000e+01 9.500000e+00
      vertex   2.133975e+00 1.050000e+01 9.500000e+00
    endloop
  endfacet
  facet normal 9.238795e-01 0.000000e+00 -3.826834e-01
    outer loop
      vertex   2.034074e+00 3.675000e+01 9.258819e+00
      vertex   2.133975e+00 3.150000e+01 9.500000e+00
      vertex   2.034074e+00 3.150000e+01 9.258819e+00
    endloop
  endfacet
  facet normal 9.238795e-01 0.000000e+00 -3.826834e-01
    outer loop
      vertex   2.034074e+00 3.150000e+01 9.258819e+00
      vertex   2.133975e+00 3.150000e+01 9.500000e+00
      vertex   2.133975e+00 2.625000e+01 9.500000e+00
    endloop
  endfacet
  facet normal 9.914449e-01 0.000000e+00 -1.305262e-01
    outer loop
      vertex   2.000000e+00 0.000000e+00 9.000000e+00
      vertex   2.034074e+00 1.050000e+01 9.258819e+00
      vertex   2.034074e+00 5.250000e+00 9.258819e+00
    endloop
  endfacet
  facet normal -1.000000e+00 0.000000e+00 0.000000e+00
    outer loop
      vertex   0.000000e+00 4.050000e+01 1.455000e+01
      vertex   0.000000e+00 4.400000e+01 1.455000e+01
      vertex   0.000000e+00 4.050000e+01 0.000000e+00
    endloop
  endfacet
  facet normal -1.000000e+00 0.000000e+00 0.000000e+00
    outer loop
      vertex   0.000000e+00 4.050000e+01 0.000000e+00
      vertex   0.000000e+00 4.400000e+01 1.455000e+01
      vertex   0.000000e+00 4.400000e+01 0.000000e+00
    endloop
  endfacet
  facet normal 0.000000e+00 1.000000e+00 -0.000000e+00
    outer loop
      vertex   6.000000e+00 4.400000e+01 1.000000e+01
      vertex   0.000000e+00 4.400000e+01 1.455000e+01
      vertex   3.305000e+01 4.400000e+01 1.000000e+01
    endloop
  endfacet
  facet normal 0.000000e+00 1.000000e+00 -0.000000e+00
    outer loop
      vertex   3.305000e+01 4.400000e+01 1.000000e+01
      vertex   0.000000e+00 4.400000e+01 1.455000e+01
      vertex   5.610000e+01 4.400000e+01 1.455000e+01
    endloop
  endfacet
  facet normal -0.000000e+00 1.000000e+00 0.000000e+00
    outer loop
      vertex   3.305000e+01 4.400000e+01 1.000000e+01
      vertex   5.610000e+01 4.400000e+01 1.455000e+01
      vertex   3.330882e+01 4.400000e+01 9.965926e+00
    endloop
  endfacet
  facet normal -0.000000e+00 1.000000e+00 0.000000e+00
    outer loop
      vertex   3.330882e+01 4.400000e+01 9.965926e+00
      vertex   5.610000e+01 4.400000e+01 1.455000e+01
      vertex   3.355000e+01 4.400000e+01 9.866025e+00
    endloop
  endfacet
  facet normal -0.000000e+00 1.000000e+00 0.000000e+00
    outer loop
      vertex   3.355000e+01 4.400000e+01 9.866025e+00
      vertex   5.610000e+01 4.400000e+01 1.455000e+01
      vertex   3.375711e+01 4.400000e+01 9.707107e+00
    endloop
  endfacet
  facet normal -0.000000e+00 1.000000e+00 0.000000e+00
    outer loop
      vertex   3.375711e+01 4.400000e+01 9.707107e+00
      vertex   5.610000e+01 4.400000e+01 1.455000e+01
      vertex   3.391603e+01 4.400000e+01 9.500000e+00
    endloop
  endfacet
  facet normal -0.000000e+00 1.000000e+00 0.000000e+00
    outer loop
      vertex   3.391603e+01 4.400000e+01 9.500000e+00
      vertex   5.610000e+01 4.400000e+01 1.455000e+01
      vertex   3.401593e+01 4.400000e+01 9.258819e+00
    endloop
  endfacet
  facet normal -0.000000e+00 1.000000e+00 0.000000e+00
    outer loop
      vertex   3.401593e+01 4.400000e+01 9.258819e+00
      vertex   5.610000e+01 4.400000e+01 1.455000e+01
      vertex   3.405000e+01 4.400000e+01 9.000000e+00
    endloop
  endfacet
  facet normal 2.458338e-16 1.000000e+00 -9.766910e-16
    outer loop
      vertex   3.405000e+01 4.400000e+01 9.000000e+00
      vertex   5.610000e+01 4.400000e+01 1.455000e+01
      vertex   5.610000e+01 4.400000e+01 0.000000e+00
    endloop
  endfacet
  facet normal 6.444832e-16 1.000000e+00 0.000000e+00
    outer loop
      vertex   3.405000e+01 4.400000e+01 9.000000e+00
      vertex   5.610000e+01 4.400000e+01 0.000000e+00
      vertex   3.405000e+01 4.400000e+01 4.000000e+00
    endloop
  endfacet
  facet normal 6.294503e-16 1.000000e+00 -8.286871e-17
    outer loop
      vertex   3.405000e+01 4.400000e+01 4.000000e+00
      vertex   5.610000e+01 4.400000e+01 0.000000e+00
      vertex   3.401593e+01 4.400000e+01 3.741181e+00
    endloop
  endfacet
  facet normal 6.012957e-16 1.000000e+00 -2.490648e-16
    outer loop
      vertex   3.401593e+01 4.400000e+01 3.741181e+00
      vertex   5.610000e+01 4.400000e+01 0.000000e+00
      vertex   3.391603e+01 4.400000e+01 3.500000e+00
    endloop
  endfacet
  facet normal 5.714142e-16 1.000000e+00 -4.384616e-16
    outer loop
      vertex   3.391603e+01 4.400000e+01 3.500000e+00
      vertex   5.610000e+01 4.400000e+01 0.000000e+00
      vertex   3.375711e+01 4.400000e+01 3.292893e+00
    endloop
  endfacet
  facet normal 5.335551e-16 1.000000e+00 -6.953426e-16
    outer loop
      vertex   3.375711e+01 4.400000e+01 3.292893e+00
      vertex   5.610000e+01 4.400000e+01 0.000000e+00
      vertex   3.355000e+01 4.400000e+01 3.133975e+00
    endloop
  endfacet
  facet normal 4.718693e-16 1.000000e+00 -1.139193e-15
    outer loop
      vertex   3.355000e+01 4.400000e+01 3.133975e+00
      vertex   5.610000e+01 4.400000e+01 0.000000e+00
      vertex   3.330882e+01 4.400000e+01 3.034074e+00
    endloop
  endfacet
  facet normal 3.100284e-16 1.000000e+00 -2.354900e-15
    outer loop
      vertex   3.330882e+01 4.400000e+01 3.034074e+00
      vertex   5.610000e+01 4.400000e+01 0.000000e+00
      vertex   3.305000e+01 4.400000e+01 3.000000e+00
    endloop
  endfacet
  facet normal 0.000000e+00 1.000000e+00 -4.736951e-15
    outer loop
      vertex   3.305000e+01 4.400000e+01 3.000000e+00
      vertex   5.610000e+01 4.400000e+01 0.000000e+00
      vertex   0.000000e+00 4.400000e+01 0.000000e+00
    endloop
  endfacet
  facet normal 0.000000e+00 1.000000e+00 -4.736951e-15
    outer loop
      vertex   3.305000e+01 4.400000e+01 3.000000e+00
      vertex   0.000000e+00 4.400000e+01 0.000000e+00
      vertex   6.000000e+00 4.400000e+01 3.000000e+00
    endloop
  endfacet
  facet normal -4.936508e-16 1.000000e+00 -3.749650e-15
    outer loop
      vertex   6.000000e+00 4.400000e+01 3.000000e+00
      vertex   0.000000e+00 4.400000e+01 0.000000e+00
      vertex   5.741181e+00 4.400000e+01 3.034074e+00
    endloop
  endfacet
  facet normal -1.087614e-15 1.000000e+00 -2.625732e-15
    outer loop
      vertex   5.741181e+00 4.400000e+01 3.034074e+00
      vertex   0.000000e+00 4.400000e+01 0.000000e+00
      vertex   5.500000e+00 4.400000e+01 3.133975e+00
    endloop
  endfacet
  facet normal -1.482726e-15 1.000000e+00 -1.932326e-15
    outer loop
      vertex   5.500000e+00 4.400000e+01 3.133975e+00
      vertex   0.000000e+00 4.400000e+01 0.000000e+00
      vertex   5.292893e+00 4.400000e+01 3.292893e+00
    endloop
  endfacet
  facet normal -1.817333e-15 1.000000e+00 -1.394489e-15
    outer loop
      vertex   5.292893e+00 4.400000e+01 3.292893e+00
      vertex   0.000000e+00 4.400000e+01 0.000000e+00
      vertex   5.133975e+00 4.400000e+01 3.500000e+00
    endloop
  endfacet
  facet normal -2.158483e-15 1.000000e+00 -8.940731e-16
    outer loop
      vertex   5.133975e+00 4.400000e+01 3.500000e+00
      vertex   0.000000e+00 4.400000e+01 0.000000e+00
      vertex   5.034074e+00 4.400000e+01 3.741181e+00
    endloop
  endfacet
  facet normal -2.571351e-15 1.000000e+00 -3.385248e-16
    outer loop
      vertex   5.034074e+00 4.400000e+01 3.741181e+00
      vertex   0.000000e+00 4.400000e+01 0.000000e+00
      vertex   5.000000e+00 4.400000e+01 4.000000e+00
    endloop
  endfacet
  facet normal -2.842171e-15 1.000000e+00 0.000000e+00
    outer loop
      vertex   5.000000e+00 4.400000e+01 4.000000e+00
      vertex   0.000000e+00 4.400000e+01 0.000000e+00
      vertex   5.000000e+00 4.400000e+01 9.000000e+00
    endloop
  endfacet
  facet normal -1.084127e-15 1.000000e+00 -9.766910e-16
    outer loop
      vertex   5.000000e+00 4.400000e+01 9.000000e+00
      vertex   0.000000e+00 4.400000e+01 0.000000e+00
      vertex   0.000000e+00 4.400000e+01 1.455000e+01
    endloop
  endfacet
  facet normal 0.000000e+00 1.000000e+00 -0.000000e+00
    outer loop
      vertex   5.000000e+00 4.400000e+01 9.000000e+00
      vertex   0.000000e+00 4.400000e+01 1.455000e+01
      vertex   5.034074e+00 4.400000e+01 9.258819e+00
    endloop
  endfacet
  facet normal 0.000000e+00 1.000000e+00 -0.000000e+00
    outer loop
      vertex   5.034074e+00 4.400000e+01 9.258819e+00
      vertex   0.000000e+00 4.400000e+01 1.455000e+01
      vertex   5.133975e+00 4.400000e+01 9.500000e+00
    endloop
  endfacet
  facet normal 0.000000e+00 1.000000e+00 -0.000000e+00
    outer loop
      vertex   5.133975e+00 4.400000e+01 9.500000e+00
      vertex   0.000000e+00 4.400000e+01 1.455000e+01
      vertex   5.292893e+00 4.400000e+01 9.707107e+00
    endloop
  endfacet
  facet normal 0.000000e+00 1.000000e+00 -0.000000e+00
    outer loop
      vertex   5.292893e+00 4.400000e+01 9.707107e+00
      vertex   0.000000e+00 4.400000e+01 1.455000e+01
      vertex   5.500000e+00 4.400000e+01 9.866025e+00
    endloop
  endfacet
  facet normal 0.000000e+00 1.000000e+00 -0.000000e+00
    outer loop
      vertex   5.500000e+00 4.400000e+01 9.866025e+00
      vertex   0.000000e+00 4.400000e+01 1.455000e+01
      vertex   5.741181e+00 4.400000e+01 9.965926e+00
    endloop
  endfacet
  facet normal 0.000000e+00 1.000000e+00 -0.000000e+00
    outer loop
      vertex   5.741181e+00 4.400000e+01 9.965926e+00
      vertex   0.000000e+00 4.400000e+01 1.455000e+01
      vertex   6.000000e+00 4.400000e+01 1.000000e+01
    endloop
  endfacet
  facet normal 0.000000e+00 0.000000e+00 1.000000e+00
    outer loop
      vertex   2.828000e+00 4.199879e+01 1.500000e+00
      vertex   2.828142e+00 4.199920e+01 1.500000e+00
      vertex   2.828000e+00 4.200000e+01 1.500000e+00
    endloop
  endfacet
  facet normal 0.000000e+00 0.000000e+00 1.000000e+00
    outer loop
      vertex   2.828000e+00 4.200000e+01 1.500000e+00
      vertex   2.828142e+00 4.199920e+01 1.500000e+00
      vertex   2.828285e+00 4.199960e+01 1.500000e+00
    endloop
  endfacet
  facet normal -0.000000e+00 0.000000e+00 1.000000e+00
    outer loop
      vertex   2.828000e+00 4.200000e+01 1.500000e+00
      vertex   2.828285e+00 4.199960e+01 1.500000e+00
      vertex   2.828427e+00 4.200000e+01 1.500000e+00
    endloop
  endfacet
  facet normal -9.426904e-01 3.336687e-01 -6.869668e-15
    outer loop
      vertex   2.828000e+00 4.199879e+01 1.455000e+01
      vertex   2.828142e+00 4.199920e+01 1.455000e+01
      vertex   2.828000e+00 4.199879e+01 9.985097e+00
    endloop
  endfacet
  facet normal -9.427379e-01 3.335346e-01 1.330561e-08
    outer loop
      vertex   2.828000e+00 4.199879e+01 9.985097e+00
      vertex   2.828142e+00 4.199920e+01 1.455000e+01
      vertex   2.828427e+00 4.200000e+01 9.985171e+00
    endloop
  endfacet
  facet normal -9.427379e-01 3.335346e-01 1.330576e-08
    outer loop
      vertex   2.828427e+00 4.200000e+01 9.985171e+00
      vertex   2.828142e+00 4.199920e+01 1.455000e+01
      vertex   2.828285e+00 4.199960e+01 1.455000e+01
    endloop
  endfacet
  facet normal -9.427853e-01 3.334004e-01 2.124456e-16
    outer loop
      vertex   2.828427e+00 4.200000e+01 9.985171e+00
      vertex   2.828285e+00 4.199960e+01 1.455000e+01
      vertex   2.828427e+00 4.200000e+01 1.455000e+01
    endloop
  endfacet
  facet normal -9.801714e-02 9.951847e-01 0.000000e+00
    outer loop
      vertex   0.000000e+00 4.050000e+01 1.455000e+01
      vertex   0.000000e+00 4.050000e+01 0.000000e+00
      vertex   -4.877258e-01 4.045196e+01 7.275000e+00
    endloop
  endfacet
  facet normal -9.801714e-02 9.951847e-01 -1.495820e-17
    outer loop
      vertex   -4.877258e-01 4.045196e+01 7.275000e+00
      vertex   0.000000e+00 4.050000e+01 0.000000e+00
      vertex   -4.877258e-01 4.045196e+01 0.000000e+00
    endloop
  endfacet
  facet normal -2.902847e-01 9.569403e-01 -4.429976e-17
    outer loop
      vertex   -4.877258e-01 4.045196e+01 7.275000e+00
      vertex   -4.877258e-01 4.045196e+01 0.000000e+00
      vertex   -9.567086e-01 4.030970e+01 7.275000e+00
    endloop
  endfacet
  facet normal -2.902847e-01 9.569403e-01 -1.771990e-17
    outer loop
      vertex   -9.567086e-01 4.030970e+01 7.275000e+00
      vertex   -4.877258e-01 4.045196e+01 0.000000e+00
      vertex   -9.567086e-01 4.030970e+01 0.000000e+00
    endloop
  endfacet
  facet normal -4.713967e-01 8.819213e-01 -2.877556e-17
    outer loop
      vertex   -9.567086e-01 4.030970e+01 7.275000e+00
      vertex   -9.567086e-01 4.030970e+01 0.000000e+00
      vertex   -1.388926e+00 4.007867e+01 7.275000e+00
    endloop
  endfacet
  facet normal -4.713967e-01 8.819213e-01 -4.316334e-17
    outer loop
      vertex   -1.388926e+00 4.007867e+01 7.275000e+00
      vertex   -9.567086e-01 4.030970e+01 0.000000e+00
      vertex   -1.388926e+00 4.007867e+01 0.000000e+00
    endloop
  endfacet
  facet normal -6.343933e-01 7.730105e-01 -5.808809e-17
    outer loop
      vertex   -1.388926e+00 4.007867e+01 7.275000e+00
      vertex   -1.388926e+00 4.007867e+01 0.000000e+00
      vertex   -1.767767e+00 3.976777e+01 7.275000e+00
    endloop
  endfacet
  facet normal -6.343933e-01 7.730105e-01 7.745078e-17
    outer loop
      vertex   -1.767767e+00 3.976777e+01 7.275000e+00
      vertex   -1.388926e+00 4.007867e+01 0.000000e+00
      vertex   -1.767767e+00 3.976777e+01 0.000000e+00
    endloop
  endfacet
  facet normal -7.730105e-01 6.343933e-01 9.437405e-17
    outer loop
      vertex   -1.767767e+00 3.976777e+01 7.275000e+00
      vertex   -1.767767e+00 3.976777e+01 0.000000e+00
      vertex   -2.078674e+00 3.938893e+01 7.275000e+00
    endloop
  endfacet
  facet normal -7.730105e-01 6.343933e-01 -1.415611e-16
    outer loop
      vertex   -2.078674e+00 3.938893e+01 7.275000e+00
      vertex   -1.767767e+00 3.976777e+01 0.000000e+00
      vertex   -2.078674e+00 3.938893e+01 0.000000e+00
    endloop
  endfacet
  facet normal -8.819213e-01 4.713967e-01 -1.615059e-16
    outer loop
      vertex   -2.078674e+00 3.938893e+01 7.275000e+00
      vertex   -2.078674e+00 3.938893e+01 0.000000e+00
      vertex   -2.309699e+00 3.895671e+01 7.275000e+00
    endloop
  endfacet
  facet normal -8.819213e-01 4.713967e-01 0.000000e+00
    outer loop
      vertex   -2.309699e+00 3.895671e+01 7.275000e+00
      vertex   -2.078674e+00 3.938893e+01 0.000000e+00
      vertex   -2.309699e+00 3.895671e+01 0.000000e+00
    endloop
  endfacet
  facet normal -9.569403e-01 2.902847e-01 0.000000e+00
    outer loop
      vertex   -2.309699e+00 3.895671e+01 7.275000e+00
      vertex   -2.309699e+00 3.895671e+01 0.000000e+00
      vertex   -2.451963e+00 3.848773e+01 7.275000e+00
    endloop
  endfacet
  facet normal -9.569403e-01 2.902847e-01 0.000000e+00
    outer loop
      vertex   -2.451963e+00 3.848773e+01 7.275000e+00
      vertex   -2.309699e+00 3.895671e+01 0.000000e+00
      vertex   -2.451963e+00 3.848773e+01 0.000000e+00
    endloop
  endfacet
  facet normal -9.951847e-01 9.801714e-02 0.000000e+00
    outer loop
      vertex   -2.451963e+00 3.848773e+01 7.275000e+00
      vertex   -2.451963e+00 3.848773e+01 0.000000e+00
      vertex   -2.500000e+00 3.800000e+01 7.275000e+00
    endloop
  endfacet
  facet normal -9.951847e-01 9.801714e-02 0.000000e+00
    outer loop
      vertex   -2.500000e+00 3.800000e+01 7.275000e+00
      vertex   -2.451963e+00 3.848773e+01 0.000000e+00
      vertex   -2.500000e+00 3.800000e+01 0.000000e+00
    endloop
  endfacet
  facet normal -9.951847e-01 -9.801714e-02 -0.000000e+00
    outer loop
      vertex   -2.500000e+00 3.800000e+01 7.275000e+00
      vertex   -2.500000e+00 3.800000e+01 0.000000e+00
      vertex   -2.451963e+00 3.751227e+01 7.275000e+00
    endloop
  endfacet
  facet normal -9.951847e-01 -9.801714e-02 -6.074925e-17
    outer loop
      vertex   -2.451963e+00 3.751227e+01 7.275000e+00
      vertex   -2.500000e+00 3.800000e+01 0.000000e+00
      vertex   -2.451963e+00 3.751227e+01 0.000000e+00
    endloop
  endfacet
  facet normal -9.569403e-01 -2.902847e-01 -5.841469e-17
    outer loop
      vertex   -2.451963e+00 3.751227e+01 7.275000e+00
      vertex   -2.451963e+00 3.751227e+01 0.000000e+00
      vertex   -2.309699e+00 3.704329e+01 7.275000e+00
    endloop
  endfacet
  facet normal -9.569403e-01 -2.902847e-01 -5.841469e-17
    outer loop
      vertex   -2.309699e+00 3.704329e+01 7.275000e+00
      vertex   -2.451963e+00 3.751227e+01 0.000000e+00
      vertex   -2.309699e+00 3.704329e+01 0.000000e+00
    endloop
  endfacet
  facet normal -8.819213e-01 -4.713967e-01 -5.383529e-17
    outer loop
      vertex   -2.309699e+00 3.704329e+01 7.275000e+00
      vertex   -2.309699e+00 3.704329e+01 0.000000e+00
      vertex   -2.078674e+00 3.661107e+01 7.275000e+00
    endloop
  endfacet
  facet normal -8.819213e-01 -4.713967e-01 -1.615059e-16
    outer loop
      vertex   -2.078674e+00 3.661107e+01 7.275000e+00
      vertex   -2.309699e+00 3.704329e+01 0.000000e+00
      vertex   -2.078674e+00 3.661107e+01 0.000000e+00
    endloop
  endfacet
  facet normal -7.730105e-01 -6.343933e-01 -1.415611e-16
    outer loop
      vertex   -2.078674e+00 3.661107e+01 7.275000e+00
      vertex   -2.078674e+00 3.661107e+01 0.000000e+00
      vertex   -1.767767e+00 3.623223e+01 7.275000e+00
    endloop
  endfacet
  facet normal -7.730105e-01 -6.343933e-01 -0.000000e+00
    outer loop
      vertex   -1.767767e+00 3.623223e+01 7.275000e+00
      vertex   -2.078674e+00 3.661107e+01 0.000000e+00
      vertex   -1.767767e+00 3.623223e+01 0.000000e+00
    endloop
  endfacet
  facet normal -6.343933e-01 -7.730105e-01 -0.000000e+00
    outer loop
      vertex   -1.767767e+00 3.623223e+01 7.275000e+00
      vertex   -1.767767e+00 3.623223e+01 0.000000e+00
      vertex   -1.388926e+00 3.592133e+01 7.275000e+00
    endloop
  endfacet
  facet normal -6.343933e-01 -7.730105e-01 -0.000000e+00
    outer loop
      vertex   -1.388926e+00 3.592133e+01 7.275000e+00
      vertex   -1.767767e+00 3.623223e+01 0.000000e+00
      vertex   -1.388926e+00 3.592133e+01 0.000000e+00
    endloop
  endfacet
  facet normal -4.713967e-01 -8.819213e-01 -0.000000e+00
    outer loop
      vertex   -1.388926e+00 3.592133e+01 7.275000e+00
      vertex   -1.388926e+00 3.592133e+01 0.000000e+00
      vertex   -9.567086e-01 3.569030e+01 7.275000e+00
    endloop
  endfacet
  facet normal -4.713967e-01 -8.819213e-01 -0.000000e+00
    outer loop
      vertex   -9.567086e-01 3.569030e+01 7.275000e+00
      vertex   -1.388926e+00 3.592133e+01 0.000000e+00
      vertex   -9.567086e-01 3.569030e+01 0.000000e+00
    endloop
  endfacet
  facet normal -2.902847e-01 -9.569403e-01 -0.000000e+00
    outer loop
      vertex   -9.567086e-01 3.569030e+01 7.275000e+00
      vertex   -9.567086e-01 3.569030e+01 0.000000e+00
      vertex   -4.877258e-01 3.554804e+01 7.275000e+00
    endloop
  endfacet
  facet normal -2.902847e-01 -9.569403e-01 -0.000000e+00
    outer loop
      vertex   -4.877258e-01 3.554804e+01 7.275000e+00
      vertex   -9.567086e-01 3.569030e+01 0.000000e+00
      vertex   -4.877258e-01 3.554804e+01 0.000000e+00
    endloop
  endfacet
  facet normal -9.801714e-02 -9.951847e-01 -0.000000e+00
    outer loop
      vertex   -4.877258e-01 3.554804e+01 7.275000e+00
      vertex   -4.877258e-01 3.554804e+01 0.000000e+00
      vertex   0.000000e+00 3.550000e+01 0.000000e+00
    endloop
  endfacet
  facet normal -9.801714e-02 -9.951847e-01 0.000000e+00
    outer loop
      vertex   0.000000e+00 3.550000e+01 0.000000e+00
      vertex   0.000000e+00 3.550000e+01 1.455000e+01
      vertex   -4.877258e-01 3.554804e+01 7.275000e+00
    endloop
  endfacet
  facet normal -9.801714e-02 -9.951847e-01 0.000000e+00
    outer loop
      vertex   -4.877258e-01 3.554804e+01 7.275000e+00
      vertex   0.000000e+00 3.550000e+01 1.455000e+01
      vertex   -4.877258e-01 3.554804e+01 1.455000e+01
    endloop
  endfacet
  facet normal -2.902847e-01 -9.569403e-01 0.000000e+00
    outer loop
      vertex   -4.877258e-01 3.554804e+01 7.275000e+00
      vertex   -4.877258e-01 3.554804e+01 1.455000e+01
      vertex   -9.567086e-01 3.569030e+01 7.275000e+00
    endloop
  endfacet
  facet normal -2.902847e-01 -9.569403e-01 0.000000e+00
    outer loop
      vertex   -9.567086e-01 3.569030e+01 7.275000e+00
      vertex   -4.877258e-01 3.554804e+01 1.455000e+01
      vertex   -9.567086e-01 3.569030e+01 1.455000e+01
    endloop
  endfacet
  facet normal -4.713967e-01 -8.819213e-01 0.000000e+00
    outer loop
      vertex   -9.567086e-01 3.569030e+01 7.275000e+00
      vertex   -9.567086e-01 3.569030e+01 1.455000e+01
      vertex   -1.388926e+00 3.592133e+01 7.275000e+00
    endloop
  endfacet
  facet normal -4.713967e-01 -8.819213e-01 0.000000e+00
    outer loop
      vertex   -1.388926e+00 3.592133e+01 7.275000e+00
      vertex   -9.567086e-01 3.569030e+01 1.455000e+01
      vertex   -1.388926e+00 3.592133e+01 1.455000e+01
    endloop
  endfacet
  facet normal -6.343933e-01 -7.730105e-01 0.000000e+00
    outer loop
      vertex   -1.388926e+00 3.592133e+01 7.275000e+00
      vertex   -1.388926e+00 3.592133e+01 1.455000e+01
      vertex   -1.767767e+00 3.623223e+01 7.275000e+00
    endloop
  endfacet
  facet normal -6.343933e-01 -7.730105e-01 0.000000e+00
    outer loop
      vertex   -1.767767e+00 3.623223e+01 7.275000e+00
      vertex   -1.388926e+00 3.592133e+01 1.455000e+01
      vertex   -1.767767e+00 3.623223e+01 1.455000e+01
    endloop
  endfacet
  facet normal -7.730105e-01 -6.343933e-01 0.000000e+00
    outer loop
      vertex   -1.767767e+00 3.623223e+01 7.275000e+00
      vertex   -1.767767e+00 3.623223e+01 1.455000e+01
      vertex   -2.078674e+00 3.661107e+01 7.275000e+00
    endloop
  endfacet
  facet normal -7.730105e-01 -6.343933e-01 1.415611e-16
    outer loop
      vertex   -2.078674e+00 3.661107e+01 7.275000e+00
      vertex   -1.767767e+00 3.623223e+01 1.455000e+01
      vertex   -2.078674e+00 3.661107e+01 1.455000e+01
    endloop
  endfacet
  facet normal -8.819213e-01 -4.713967e-01 1.615059e-16
    outer loop
      vertex   -2.078674e+00 3.661107e+01 7.275000e+00
      vertex   -2.078674e+00 3.661107e+01 1.455000e+01
      vertex   -2.309699e+00 3.704329e+01 7.275000e+00
    endloop
  endfacet
  facet normal -8.819213e-01 -4.713967e-01 5.383529e-17
    outer loop
      vertex   -2.309699e+00 3.704329e+01 7.275000e+00
      vertex   -2.078674e+00 3.661107e+01 1.455000e+01
      vertex   -2.309699e+00 3.704329e+01 1.455000e+01
    endloop
  endfacet
  facet normal -9.569403e-01 -2.902847e-01 5.841469e-17
    outer loop
      vertex   -2.309699e+00 3.704329e+01 7.275000e+00
      vertex   -2.309699e+00 3.704329e+01 1.455000e+01
      vertex   -2.451963e+00 3.751227e+01 7.275000e+00
    endloop
  endfacet
  facet normal -9.569403e-01 -2.902847e-01 5.841469e-17
    outer loop
      vertex   -2.451963e+00 3.751227e+01 7.275000e+00
      vertex   -2.309699e+00 3.704329e+01 1.455000e+01
      vertex   -2.451963e+00 3.751227e+01 1.455000e+01
    endloop
  endfacet
  facet normal -9.951847e-01 -9.801714e-02 6.074925e-17
    outer loop
      vertex   -2.451963e+00 3.751227e+01 7.275000e+00
      vertex   -2.451963e+00 3.751227e+01 1.455000e+01
      vertex   -2.500000e+00 3.800000e+01 7.275000e+00
    endloop
  endfacet
  facet normal -9.951847e-01 -9.801714e-02 0.000000e+00
    outer loop
      vertex   -2.500000e+00 3.800000e+01 7.275000e+00
      vertex   -2.451963e+00 3.751227e+01 1.455000e+01
      vertex   -2.500000e+00 3.800000e+01 1.455000e+01
    endloop
  endfacet
  facet normal -9.951847e-01 9.801714e-02 0.000000e+00
    outer loop
      vertex   -2.500000e+00 3.800000e+01 7.275000e+00
      vertex   -2.500000e+00 3.800000e+01 1.455000e+01
      vertex   -2.451963e+00 3.848773e+01 7.275000e+00
    endloop
  endfacet
  facet normal -9.951847e-01 9.801714e-02 0.000000e+00
    outer loop
      vertex   -2.451963e+00 3.848773e+01 7.275000e+00
      vertex   -2.500000e+00 3.800000e+01 1.455000e+01
      vertex   -2.451963e+00 3.848773e+01 1.455000e+01
    endloop
  endfacet
  facet normal -9.569403e-01 2.902847e-01 0.000000e+00
    outer loop
      vertex   -2.451963e+00 3.848773e+01 7.275000e+00
      vertex   -2.451963e+00 3.848773e+01 1.455000e+01
      vertex   -2.309699e+00 3.895671e+01 7.275000e+00
    endloop
  endfacet
  facet normal -9.569403e-01 2.902847e-01 0.000000e+00
    outer loop
      vertex   -2.309699e+00 3.895671e+01 7.275000e+00
      vertex   -2.451963e+00 3.848773e+01 1.455000e+01
      vertex   -2.309699e+00 3.895671e+01 1.455000e+01
    endloop
  endfacet
  facet normal -8.819213e-01 4.713967e-01 0.000000e+00
    outer loop
      vertex   -2.309699e+00 3.895671e+01 7.275000e+00
      vertex   -2.309699e+00 3.895671e+01 1.455000e+01
      vertex   -2.078674e+00 3.938893e+01 7.275000e+00
    endloop
  endfacet
  facet normal -8.819213e-01 4.713967e-01 1.615059e-16
    outer loop
      vertex   -2.078674e+00 3.938893e+01 7.275000e+00
      vertex   -2.309699e+00 3.895671e+01 1.455000e+01
      vertex   -2.078674e+00 3.938893e+01 1.455000e+01
    endloop
  endfacet
  facet normal -7.730105e-01 6.343933e-01 1.415611e-16
    outer loop
      vertex   -2.078674e+00 3.938893e+01 7.275000e+00
      vertex   -2.078674e+00 3.938893e+01 1.455000e+01
      vertex   -1.767767e+00 3.976777e+01 7.275000e+00
    endloop
  endfacet
  facet normal -7.730105e-01 6.343933e-01 -9.437405e-17
    outer loop
      vertex   -1.767767e+00 3.976777e+01 7.275000e+00
      vertex   -2.078674e+00 3.938893e+01 1.455000e+01
      vertex   -1.767767e+00 3.976777e+01 1.455000e+01
    endloop
  endfacet
  facet normal -6.343933e-01 7.730105e-01 -7.745078e-17
    outer loop
      vertex   -1.767767e+00 3.976777e+01 7.275000e+00
      vertex   -1.767767e+00 3.976777e+01 1.455000e+01
      vertex   -1.388926e+00 4.007867e+01 7.275000e+00
    endloop
  endfacet
  facet normal -6.343933e-01 7.730105e-01 5.808809e-17
    outer loop
      vertex   -1.388926e+00 4.007867e+01 7.275000e+00
      vertex   -1.767767e+00 3.976777e+01 1.455000e+01
      vertex   -1.388926e+00 4.007867e+01 1.455000e+01
    endloop
  endfacet
  facet normal -4.713967e-01 8.819213e-01 4.316334e-17
    outer loop
      vertex   -1.388926e+00 4.007867e+01 7.275000e+00
      vertex   -1.388926e+00 4.007867e+01 1.455000e+01
      vertex   -9.567086e-01 4.030970e+01 7.275000e+00
    endloop
  endfacet
  facet normal -4.713967e-01 8.819213e-01 2.877556e-17
    outer loop
      vertex   -9.567086e-01 4.030970e+01 7.275000e+00
      vertex   -1.388926e+00 4.007867e+01 1.455000e+01
      vertex   -9.567086e-01 4.030970e+01 1.455000e+01
    endloop
  endfacet
  facet normal -2.902847e-01 9.569403e-01 1.771990e-17
    outer loop
      vertex   -9.567086e-01 4.030970e+01 7.275000e+00
      vertex   -9.567086e-01 4.030970e+01 1.455000e+01
      vertex   -4.877258e-01 4.045196e+01 7.275000e+00
    endloop
  endfacet
  facet normal -2.902847e-01 9.569403e-01 4.429976e-17
    outer loop
      vertex   -4.877258e-01 4.045196e+01 7.275000e+00
      vertex   -9.567086e-01 4.030970e+01 1.455000e+01
      vertex   -4.877258e-01 4.045196e+01 1.455000e+01
    endloop
  endfacet
  facet normal -9.801714e-02 9.951847e-01 1.495820e-17
    outer loop
      vertex   -4.877258e-01 4.045196e+01 7.275000e+00
      vertex   -4.877258e-01 4.045196e+01 1.455000e+01
      vertex   0.000000e+00 4.050000e+01 1.455000e+01
    endloop
  endfacet
  facet normal -9.426904e-01 3.336687e-01 2.235220e-12
    outer loop
      vertex   2.828000e+00 4.199879e+01 1.500000e+00
      vertex   2.828000e+00 4.199879e+01 1.514903e+00
      vertex   2.828142e+00 4.199920e+01 1.500000e+00
    endloop
  endfacet
  facet normal -9.427380e-01 3.335343e-01 -4.082374e-06
    outer loop
      vertex   2.828142e+00 4.199920e+01 1.500000e+00
      vertex   2.828000e+00 4.199879e+01 1.514903e+00
      vertex   2.828427e+00 4.200000e+01 1.514829e+00
    endloop
  endfacet
  facet normal -9.427379e-01 3.335346e-01 -4.096046e-06
    outer loop
      vertex   2.828142e+00 4.199920e+01 1.500000e+00
      vertex   2.828427e+00 4.200000e+01 1.514829e+00
      vertex   2.828285e+00 4.199960e+01 1.500000e+00
    endloop
  endfacet
  facet normal -9.427853e-01 3.334004e-01 -1.218688e-13
    outer loop
      vertex   2.828285e+00 4.199960e+01 1.500000e+00
      vertex   2.828427e+00 4.200000e+01 1.514829e+00
      vertex   2.828427e+00 4.200000e+01 1.500000e+00
    endloop
  endfacet
  facet normal -1.000000e+00 -0.000000e+00 -0.000000e+00
    outer loop
      vertex   0.000000e+00 3.550000e+01 1.455000e+01
      vertex   0.000000e+00 3.550000e+01 0.000000e+00
      vertex   0.000000e+00 1.000000e+00 1.455000e+01
    endloop
  endfacet
  facet normal -1.000000e+00 0.000000e+00 -0.000000e+00
    outer loop
      vertex   0.000000e+00 1.000000e+00 1.455000e+01
      vertex   0.000000e+00 3.550000e+01 0.000000e+00
      vertex   0.000000e+00 1.000000e+00 0.000000e+00
    endloop
  endfacet
  facet normal 0.000000e+00 -1.000000e+00 0.000000e+00
    outer loop
      vertex   2.034074e+00 1.750000e+01 2.241181e+00
      vertex   2.133975e+00 1.750000e+01 2.000000e+00
      vertex   2.000000e+00 1.750000e+01 2.500000e+00
    endloop
  endfacet
  facet normal 0.000000e+00 -1.000000e+00 0.000000e+00
    outer loop
      vertex   2.000000e+00 1.750000e+01 2.500000e+00
      vertex   2.133975e+00 1.750000e+01 2.000000e+00
      vertex   2.292893e+00 1.750000e+01 1.792893e+00
    endloop
  endfacet
  facet normal 0.000000e+00 -1.000000e+00 0.000000e+00
    outer loop
      vertex   2.000000e+00 1.750000e+01 2.500000e+00
      vertex   2.292893e+00 1.750000e+01 1.792893e+00
      vertex   2.500000e+00 1.750000e+01 1.633975e+00
    endloop
  endfacet
  facet normal 0.000000e+00 -1.000000e+00 0.000000e+00
    outer loop
      vertex   4.500000e+00 1.750000e+01 1.633975e+00
      vertex   4.500000e+00 1.750000e+01 8.034000e+00
      vertex   2.500000e+00 1.750000e+01 1.633975e+00
    endloop
  endfacet
  facet normal 0.000000e+00 -1.000000e+00 0.000000e+00
    outer loop
      vertex   2.500000e+00 1.750000e+01 1.633975e+00
      vertex   4.500000e+00 1.750000e+01 8.034000e+00
      vertex   2.000000e+00 1.750000e+01 8.034000e+00
    endloop
  endfacet
  facet normal 0.000000e+00 -1.000000e+00 0.000000e+00
    outer loop
      vertex   2.500000e+00 1.750000e+01 1.633975e+00
      vertex   2.000000e+00 1.750000e+01 8.034000e+00
      vertex   2.000000e+00 1.750000e+01 2.500000e+00
    endloop
  endfacet
  facet normal -0.000000e+00 1.000000e+00 -0.000000e+00
    outer loop
      vertex   2.292893e+00 2.200000e+01 1.792893e+00
      vertex   2.000000e+00 2.200000e+01 2.500000e+00
      vertex   2.500000e+00 2.200000e+01 1.633975e+00
    endloop
  endfacet
  facet normal 2.223882e-15 1.000000e+00 1.283959e-15
    outer loop
      vertex   2.500000e+00 2.200000e+01 1.633975e+00
      vertex   2.000000e+00 2.200000e+01 2.500000e+00
      vertex   2.000000e+00 2.200000e+01 8.034000e+00
    endloop
  endfacet
  facet normal -2.842171e-15 1.000000e+00 8.881749e-16
    outer loop
      vertex   2.500000e+00 2.200000e+01 1.633975e+00
      vertex   2.000000e+00 2.200000e+01 8.034000e+00
      vertex   4.500000e+00 2.200000e+01 8.034000e+00
    endloop
  endfacet
  facet normal 0.000000e+00 1.000000e+00 0.000000e+00
    outer loop
      vertex   2.292893e+00 2.200000e+01 1.792893e+00
      vertex   2.133975e+00 2.200000e+01 2.000000e+00
      vertex   2.000000e+00 2.200000e+01 2.500000e+00
    endloop
  endfacet
  facet normal 0.000000e+00 1.000000e+00 0.000000e+00
    outer loop
      vertex   2.000000e+00 2.200000e+01 2.500000e+00
      vertex   2.133975e+00 2.200000e+01 2.000000e+00
      vertex   2.034074e+00 2.200000e+01 2.241181e+00
    endloop
  endfacet
  facet normal 0.000000e+00 1.000000e+00 0.000000e+00
    outer loop
      vertex   4.500000e+00 2.200000e+01 8.034000e+00
      vertex   4.500000e+00 2.200000e+01 1.633975e+00
      vertex   2.500000e+00 2.200000e+01 1.633975e+00
    endloop
  endfacet
  facet normal 0.000000e+00 0.000000e+00 1.000000e+00
    outer loop
      vertex   2.000000e+00 1.750000e+01 8.034000e+00
      vertex   4.500000e+00 1.750000e+01 8.034000e+00
      vertex   2.000000e+00 2.200000e+01 8.034000e+00
    endloop
  endfacet
  facet normal -0.000000e+00 0.000000e+00 1.000000e+00
    outer loop
      vertex   2.000000e+00 2.200000e+01 8.034000e+00
      vertex   4.500000e+00 1.750000e+01 8.034000e+00
      vertex   4.500000e+00 2.200000e+01 8.034000e+00
    endloop
  endfacet
  facet normal 1.000000e+00 0.000000e+00 -0.000000e+00
    outer loop
      vertex   2.000000e+00 4.200000e+01 2.500000e+00
      vertex   2.000000e+00 4.200000e+01 9.000000e+00
      vertex   2.000000e+00 2.200000e+01 8.034000e+00
    endloop
  endfacet
  facet normal 1.000000e+00 0.000000e+00 -0.000000e+00
    outer loop
      vertex   2.000000e+00 2.200000e+01 8.034000e+00
      vertex   2.000000e+00 4.200000e+01 9.000000e+00
      vertex   2.000000e+00 0.000000e+00 9.000000e+00
    endloop
  endfacet
  facet normal 1.000000e+00 0.000000e+00 0.000000e+00
    outer loop
      vertex   2.000000e+00 2.200000e+01 8.034000e+00
      vertex   2.000000e+00 0.000000e+00 9.000000e+00
      vertex   2.000000e+00 1.750000e+01 8.034000e+00
    endloop
  endfacet
  facet normal 1.000000e+00 0.000000e+00 0.000000e+00
    outer loop
      vertex   2.000000e+00 1.750000e+01 8.034000e+00
      vertex   2.000000e+00 0.000000e+00 9.000000e+00
      vertex   2.000000e+00 0.000000e+00 2.500000e+00
    endloop
  endfacet
  facet normal 1.000000e+00 0.000000e+00 0.000000e+00
    outer loop
      vertex   2.000000e+00 1.750000e+01 8.034000e+00
      vertex   2.000000e+00 0.000000e+00 2.500000e+00
      vertex   2.000000e+00 1.750000e+01 2.500000e+00
    endloop
  endfacet
  facet normal 1.000000e+00 0.000000e+00 0.000000e+00
    outer loop
      vertex   2.000000e+00 2.200000e+01 8.034000e+00
      vertex   2.000000e+00 2.200000e+01 2.500000e+00
      vertex   2.000000e+00 4.200000e+01 2.500000e+00
    endloop
  endfacet
  facet normal 0.000000e+00 -1.000000e+00 0.000000e+00
    outer loop
      vertex   2.100000e+01 4.100000e+01 0.000000e+00
      vertex   2.100000e+01 4.100000e+01 1.500000e+00
      vertex   1.600000e+01 4.100000e+01 0.000000e+00
    endloop
  endfacet
  facet normal 0.000000e+00 -1.000000e+00 0.000000e+00
    outer loop
      vertex   1.600000e+01 4.100000e+01 0.000000e+00
      vertex   2.100000e+01 4.100000e+01 1.500000e+00
      vertex   1.600000e+01 4.100000e+01 1.500000e+00
    endloop
  endfacet
  facet normal 1.000000e+00 0.000000e+00 -0.000000e+00
    outer loop
      vertex   1.600000e+01 4.100000e+01 0.000000e+00
      vertex   1.600000e+01 4.100000e+01 1.500000e+00
      vertex   1.600000e+01 3.600000e+01 0.000000e+00
    endloop
  endfacet
  facet normal 1.000000e+00 0.000000e+00 0.000000e+00
    outer loop
      vertex   1.600000e+01 3.600000e+01 0.000000e+00
      vertex   1.600000e+01 4.100000e+01 1.500000e+00
      vertex   1.600000e+01 3.600000e+01 1.500000e+00
    endloop
  endfacet
  facet normal 0.000000e+00 1.000000e+00 0.000000e+00
    outer loop
      vertex   1.600000e+01 3.600000e+01 0.000000e+00
      vertex   1.600000e+01 3.600000e+01 1.500000e+00
      vertex   2.100000e+01 3.600000e+01 0.000000e+00
    endloop
  endfacet
  facet normal 0.000000e+00 1.000000e+00 -0.000000e+00
    outer loop
      vertex   2.100000e+01 3.600000e+01 0.000000e+00
      vertex   1.600000e+01 3.600000e+01 1.500000e+00
      vertex   2.100000e+01 3.600000e+01 1.500000e+00
    endloop
  endfacet
  facet normal -1.000000e+00 0.000000e+00 0.000000e+00
    outer loop
      vertex   2.100000e+01 3.600000e+01 0.000000e+00
      vertex   2.100000e+01 3.600000e+01 1.500000e+00
      vertex   2.100000e+01 4.100000e+01 0.000000e+00
    endloop
  endfacet
  facet normal -1.000000e+00 0.000000e+00 0.000000e+00
    outer loop
      vertex   2.100000e+01 4.100000e+01 0.000000e+00
      vertex   2.100000e+01 3.600000e+01 1.500000e+00
      vertex   2.100000e+01 4.100000e+01 1.500000e+00
    endloop
  endfacet
  facet normal 9.987955e-01 -4.906767e-02 1.997580e-16
    outer loop
      vertex   4.000000e+00 1.000000e+00 1.455000e+01
      vertex   3.995185e+00 9.019829e-01 1.454518e+01
      vertex   4.000000e+00 1.000000e+00 1.000000e+01
    endloop
  endfacet
  facet normal 9.914433e-01 -1.305260e-01 -1.764442e-03
    outer loop
      vertex   4.000000e+00 1.000000e+00 1.000000e+01
      vertex   3.995185e+00 9.019829e-01 1.454518e+01
      vertex   3.965926e+00 7.411810e-01 1.000000e+01
    endloop
  endfacet
  facet normal 9.892013e-01 -1.465587e-01 -1.182795e-03
    outer loop
      vertex   3.965926e+00 7.411810e-01 1.000000e+01
      vertex   3.995185e+00 9.019829e-01 1.454518e+01
      vertex   3.980785e+00 8.049097e-01 1.453079e+01
    endloop
  endfacet
  facet normal 9.568599e-01 -2.905480e-01 9.485859e-04
    outer loop
      vertex   3.965926e+00 7.411810e-01 1.000000e+01
      vertex   3.980785e+00 8.049097e-01 1.453079e+01
      vertex   3.923880e+00 6.173166e-01 1.447388e+01
    endloop
  endfacet
  facet normal 9.238778e-01 -3.826827e-01 -1.912238e-03
    outer loop
      vertex   3.965926e+00 7.411810e-01 1.000000e+01
      vertex   3.923880e+00 6.173166e-01 1.447388e+01
      vertex   3.866025e+00 5.000000e-01 1.000000e+01
    endloop
  endfacet
  facet normal 8.817052e-01 -4.717997e-01 9.699943e-04
    outer loop
      vertex   3.866025e+00 5.000000e-01 1.000000e+01
      vertex   3.923880e+00 6.173166e-01 1.447388e+01
      vertex   3.831470e+00 4.444298e-01 1.438147e+01
    endloop
  endfacet
  facet normal 7.933525e-01 -6.087608e-01 -1.463905e-03
    outer loop
      vertex   3.866025e+00 5.000000e-01 1.000000e+01
      vertex   3.831470e+00 4.444298e-01 1.438147e+01
      vertex   3.707107e+00 2.928932e-01 1.000000e+01
    endloop
  endfacet
  facet normal 7.730105e-01 -6.343933e-01 8.911894e-16
    outer loop
      vertex   3.707107e+00 2.928932e-01 1.000000e+01
      vertex   3.831470e+00 4.444298e-01 1.438147e+01
      vertex   3.707107e+00 2.928932e-01 1.425711e+01
    endloop
  endfacet
  facet normal 6.343933e-01 -7.730105e-01 7.971984e-16
    outer loop
      vertex   3.707107e+00 2.928932e-01 1.000000e+01
      vertex   3.707107e+00 2.928932e-01 1.425711e+01
      vertex   3.555570e+00 1.685304e-01 1.410557e+01
    endloop
  endfacet
  facet normal 6.087607e-01 -7.933524e-01 -1.562281e-03
    outer loop
      vertex   3.707107e+00 2.928932e-01 1.000000e+01
      vertex   3.555570e+00 1.685304e-01 1.410557e+01
      vertex   3.500000e+00 1.339746e-01 1.000000e+01
    endloop
  endfacet
  facet normal 4.705739e-01 -8.823599e-01 1.057281e-03
    outer loop
      vertex   3.500000e+00 1.339746e-01 1.000000e+01
      vertex   3.555570e+00 1.685304e-01 1.410557e+01
      vertex   3.382683e+00 7.612047e-02 1.393268e+01
    endloop
  endfacet
  facet normal 3.826825e-01 -9.238773e-01 -2.175390e-03
    outer loop
      vertex   3.500000e+00 1.339746e-01 1.000000e+01
      vertex   3.382683e+00 7.612047e-02 1.393268e+01
      vertex   3.258819e+00 3.407417e-02 1.000000e+01
    endloop
  endfacet
  facet normal 2.892550e-01 -9.572514e-01 1.124037e-03
    outer loop
      vertex   3.258819e+00 3.407417e-02 1.000000e+01
      vertex   3.382683e+00 7.612047e-02 1.393268e+01
      vertex   3.195090e+00 1.921472e-02 1.374509e+01
    endloop
  endfacet
  facet normal 1.305260e-01 -9.914434e-01 -1.712656e-03
    outer loop
      vertex   3.258819e+00 3.407417e-02 1.000000e+01
      vertex   3.195090e+00 1.921472e-02 1.374509e+01
      vertex   3.000000e+00 0.000000e+00 1.000000e+01
    endloop
  endfacet
  facet normal 9.801714e-02 -9.951847e-01 0.000000e+00
    outer loop
      vertex   3.000000e+00 0.000000e+00 1.000000e+01
      vertex   3.195090e+00 1.921472e-02 1.374509e+01
      vertex   3.000000e+00 0.000000e+00 1.355000e+01
    endloop
  endfacet
  facet normal 9.914449e-01 0.000000e+00 1.305262e-01
    outer loop
      vertex   5.000000e+00 4.400000e+01 4.000000e+00
      vertex   5.000000e+00 4.200000e+01 4.000000e+00
      vertex   5.034074e+00 4.400000e+01 3.741181e+00
    endloop
  endfacet
  facet normal 9.914449e-01 4.113073e-16 1.305262e-01
    outer loop
      vertex   5.034074e+00 4.400000e+01 3.741181e+00
      vertex   5.000000e+00 4.200000e+01 4.000000e+00
      vertex   5.034074e+00 4.200000e+01 3.741181e+00
    endloop
  endfacet
  facet normal 9.238795e-01 3.253121e-16 3.826834e-01
    outer loop
      vertex   5.034074e+00 4.400000e+01 3.741181e+00
      vertex   5.034074e+00 4.200000e+01 3.741181e+00
      vertex   5.133975e+00 4.400000e+01 3.500000e+00
    endloop
  endfacet
  facet normal 9.238795e-01 -8.497279e-17 3.826834e-01
    outer loop
      vertex   5.133975e+00 4.400000e+01 3.500000e+00
      vertex   5.034074e+00 4.200000e+01 3.741181e+00
      vertex   5.133975e+00 4.200000e+01 3.500000e+00
    endloop
  endfacet
  facet normal 7.933533e-01 -1.351722e-16 6.087614e-01
    outer loop
      vertex   5.133975e+00 4.400000e+01 3.500000e+00
      vertex   5.133975e+00 4.200000e+01 3.500000e+00
      vertex   5.292893e+00 4.400000e+01 3.292893e+00
    endloop
  endfacet
  facet normal 7.933533e-01 0.000000e+00 6.087614e-01
    outer loop
      vertex   5.292893e+00 4.400000e+01 3.292893e+00
      vertex   5.133975e+00 4.200000e+01 3.500000e+00
      vertex   5.292893e+00 4.200000e+01 3.292893e+00
    endloop
  endfacet
  facet normal 6.087614e-01 0.000000e+00 7.933533e-01
    outer loop
      vertex   5.292893e+00 4.400000e+01 3.292893e+00
      vertex   5.292893e+00 4.200000e+01 3.292893e+00
      vertex   5.500000e+00 4.400000e+01 3.133975e+00
    endloop
  endfacet
  facet normal 6.087614e-01 0.000000e+00 7.933533e-01
    outer loop
      vertex   5.500000e+00 4.400000e+01 3.133975e+00
      vertex   5.292893e+00 4.200000e+01 3.292893e+00
      vertex   5.500000e+00 4.200000e+01 3.133975e+00
    endloop
  endfacet
  facet normal 3.826834e-01 0.000000e+00 9.238795e-01
    outer loop
      vertex   5.500000e+00 4.400000e+01 3.133975e+00
      vertex   5.500000e+00 4.200000e+01 3.133975e+00
      vertex   5.741181e+00 4.400000e+01 3.034074e+00
    endloop
  endfacet
  facet normal 3.826834e-01 0.000000e+00 9.238795e-01
    outer loop
      vertex   5.741181e+00 4.400000e+01 3.034074e+00
      vertex   5.500000e+00 4.200000e+01 3.133975e+00
      vertex   5.741181e+00 4.200000e+01 3.034074e+00
    endloop
  endfacet
  facet normal 1.305262e-01 0.000000e+00 9.914449e-01
    outer loop
      vertex   5.741181e+00 4.400000e+01 3.034074e+00
      vertex   5.741181e+00 4.200000e+01 3.034074e+00
      vertex   6.000000e+00 4.400000e+01 3.000000e+00
    endloop
  endfacet
  facet normal 1.305262e-01 0.000000e+00 9.914449e-01
    outer loop
      vertex   6.000000e+00 4.400000e+01 3.000000e+00
      vertex   5.741181e+00 4.200000e+01 3.034074e+00
      vertex   6.000000e+00 4.200000e+01 3.000000e+00
    endloop
  endfacet
  facet normal 9.914449e-01 0.000000e+00 -1.305262e-01
    outer loop
      vertex   5.000000e+00 4.200000e+01 9.000000e+00
      vertex   5.000000e+00 4.400000e+01 9.000000e+00
      vertex   5.034074e+00 4.200000e+01 9.258819e+00
    endloop
  endfacet
  facet normal 9.914449e-01 -4.402900e-16 -1.305262e-01
    outer loop
      vertex   5.034074e+00 4.200000e+01 9.258819e+00
      vertex   5.000000e+00 4.400000e+01 9.000000e+00
      vertex   5.034074e+00 4.400000e+01 9.258819e+00
    endloop
  endfacet
  facet normal 9.238795e-01 -4.102849e-16 -3.826834e-01
    outer loop
      vertex   5.034074e+00 4.200000e+01 9.258819e+00
      vertex   5.034074e+00 4.400000e+01 9.258819e+00
      vertex   5.133975e+00 4.200000e+01 9.500000e+00
    endloop
  endfacet
  facet normal 9.238795e-01 0.000000e+00 -3.826834e-01
    outer loop
      vertex   5.133975e+00 4.200000e+01 9.500000e+00
      vertex   5.034074e+00 4.400000e+01 9.258819e+00
      vertex   5.133975e+00 4.400000e+01 9.500000e+00
    endloop
  endfacet
  facet normal 7.933533e-01 0.000000e+00 -6.087614e-01
    outer loop
      vertex   5.133975e+00 4.200000e+01 9.500000e+00
      vertex   5.133975e+00 4.400000e+01 9.500000e+00
      vertex   5.292893e+00 4.200000e+01 9.707107e+00
    endloop
  endfacet
  facet normal 7.933533e-01 0.000000e+00 -6.087614e-01
    outer loop
      vertex   5.292893e+00 4.200000e+01 9.707107e+00
      vertex   5.133975e+00 4.400000e+01 9.500000e+00
      vertex   5.292893e+00 4.400000e+01 9.707107e+00
    endloop
  endfacet
  facet normal 6.087614e-01 0.000000e+00 -7.933533e-01
    outer loop
      vertex   5.292893e+00 4.200000e+01 9.707107e+00
      vertex   5.292893e+00 4.400000e+01 9.707107e+00
      vertex   5.500000e+00 4.200000e+01 9.866025e+00
    endloop
  endfacet
  facet normal 6.087614e-01 0.000000e+00 -7.933533e-01
    outer loop
      vertex   5.500000e+00 4.200000e+01 9.866025e+00
      vertex   5.292893e+00 4.400000e+01 9.707107e+00
      vertex   5.500000e+00 4.400000e+01 9.866025e+00
    endloop
  endfacet
  facet normal 3.826834e-01 0.000000e+00 -9.238795e-01
    outer loop
      vertex   5.500000e+00 4.200000e+01 9.866025e+00
      vertex   5.500000e+00 4.400000e+01 9.866025e+00
      vertex   5.741181e+00 4.200000e+01 9.965926e+00
    endloop
  endfacet
  facet normal 3.826834e-01 0.000000e+00 -9.238795e-01
    outer loop
      vertex   5.741181e+00 4.200000e+01 9.965926e+00
      vertex   5.500000e+00 4.400000e+01 9.866025e+00
      vertex   5.741181e+00 4.400000e+01 9.965926e+00
    endloop
  endfacet
  facet normal 1.305262e-01 0.000000e+00 -9.914449e-01
    outer loop
      vertex   5.741181e+00 4.200000e+01 9.965926e+00
      vertex   5.741181e+00 4.400000e+01 9.965926e+00
      vertex   6.000000e+00 4.200000e+01 1.000000e+01
    endloop
  endfacet
  facet normal 1.305262e-01 0.000000e+00 -9.914449e-01
    outer loop
      vertex   6.000000e+00 4.200000e+01 1.000000e+01
      vertex   5.741181e+00 4.400000e+01 9.965926e+00
      vertex   6.000000e+00 4.400000e+01 1.000000e+01
    endloop
  endfacet
  facet normal 9.914449e-01 -1.305262e-01 1.935341e-16
    outer loop
      vertex   4.000000e+00 3.900000e+01 1.455000e+01
      vertex   4.000000e+00 3.900000e+01 1.000000e+01
      vertex   4.034074e+00 3.925882e+01 1.455000e+01
    endloop
  endfacet
  facet normal 9.914449e-01 -1.305262e-01 0.000000e+00
    outer loop
      vertex   4.034074e+00 3.925882e+01 1.455000e+01
      vertex   4.000000e+00 3.900000e+01 1.000000e+01
      vertex   4.034074e+00 3.925882e+01 1.000000e+01
    endloop
  endfacet
  facet normal 9.238795e-01 -3.826834e-01 0.000000e+00
    outer loop
      vertex   4.034074e+00 3.925882e+01 1.455000e+01
      vertex   4.034074e+00 3.925882e+01 1.000000e+01
      vertex   4.133975e+00 3.950000e+01 1.455000e+01
    endloop
  endfacet
  facet normal 9.238795e-01 -3.826834e-01 0.000000e+00
    outer loop
      vertex   4.133975e+00 3.950000e+01 1.455000e+01
      vertex   4.034074e+00 3.925882e+01 1.000000e+01
      vertex   4.133975e+00 3.950000e+01 1.000000e+01
    endloop
  endfacet
  facet normal 7.933533e-01 -6.087614e-01 0.000000e+00
    outer loop
      vertex   4.133975e+00 3.950000e+01 1.455000e+01
      vertex   4.133975e+00 3.950000e+01 1.000000e+01
      vertex   4.292893e+00 3.970711e+01 1.455000e+01
    endloop
  endfacet
  facet normal 7.933533e-01 -6.087614e-01 0.000000e+00
    outer loop
      vertex   4.292893e+00 3.970711e+01 1.455000e+01
      vertex   4.133975e+00 3.950000e+01 1.000000e+01
      vertex   4.292893e+00 3.970711e+01 1.000000e+01
    endloop
  endfacet
  facet normal 6.087614e-01 -7.933533e-01 0.000000e+00
    outer loop
      vertex   4.292893e+00 3.970711e+01 1.455000e+01
      vertex   4.292893e+00 3.970711e+01 1.000000e+01
      vertex   4.500000e+00 3.986603e+01 1.455000e+01
    endloop
  endfacet
  facet normal 6.087614e-01 -7.933533e-01 1.188327e-16
    outer loop
      vertex   4.500000e+00 3.986603e+01 1.455000e+01
      vertex   4.292893e+00 3.970711e+01 1.000000e+01
      vertex   4.500000e+00 3.986603e+01 1.000000e+01
    endloop
  endfacet
  facet normal 3.826834e-01 -9.238795e-01 7.470136e-17
    outer loop
      vertex   4.500000e+00 3.986603e+01 1.455000e+01
      vertex   4.500000e+00 3.986603e+01 1.000000e+01
      vertex   4.741181e+00 3.996593e+01 1.455000e+01
    endloop
  endfacet
  facet normal 3.826834e-01 -9.238795e-01 7.470136e-17
    outer loop
      vertex   4.741181e+00 3.996593e+01 1.455000e+01
      vertex   4.500000e+00 3.986603e+01 1.000000e+01
      vertex   4.741181e+00 3.996593e+01 1.000000e+01
    endloop
  endfacet
  facet normal 1.305262e-01 -9.914449e-01 2.547924e-17
    outer loop
      vertex   4.741181e+00 3.996593e+01 1.455000e+01
      vertex   4.741181e+00 3.996593e+01 1.000000e+01
      vertex   5.000000e+00 4.000000e+01 1.455000e+01
    endloop
  endfacet
  facet normal 1.305262e-01 -9.914449e-01 2.547924e-17
    outer loop
      vertex   5.000000e+00 4.000000e+01 1.455000e+01
      vertex   4.741181e+00 3.996593e+01 1.000000e+01
      vertex   5.000000e+00 4.000000e+01 1.000000e+01
    endloop
  endfacet
  facet normal 9.945219e-01 1.045285e-01 -7.427194e-16
    outer loop
      vertex   8.000000e+00 1.400000e+01 0.000000e+00
      vertex   8.000000e+00 1.400000e+01 1.500000e+00
      vertex   8.043705e+00 1.358418e+01 7.850754e-14
    endloop
  endfacet
  facet normal 9.945219e-01 1.045285e-01 -7.427194e-16
    outer loop
      vertex   8.043705e+00 1.358418e+01 7.850754e-14
      vertex   8.000000e+00 1.400000e+01 1.500000e+00
      vertex   8.043705e+00 1.358418e+01 1.500000e+00
    endloop
  endfacet
  facet normal 9.510565e-01 3.090170e-01 -2.195698e-15
    outer loop
      vertex   8.043705e+00 1.358418e+01 7.850754e-14
      vertex   8.043705e+00 1.358418e+01 1.500000e+00
      vertex   8.172909e+00 1.318653e+01 7.850754e-14
    endloop
  endfacet
  facet normal 9.510565e-01 3.090170e-01 -2.195698e-15
    outer loop
      vertex   8.172909e+00 1.318653e+01 7.850754e-14
      vertex   8.043705e+00 1.358418e+01 1.500000e+00
      vertex   8.172909e+00 1.318653e+01 1.500000e+00
    endloop
  endfacet
  facet normal 8.660254e-01 5.000000e-01 -3.552714e-15
    outer loop
      vertex   8.172909e+00 1.318653e+01 7.850754e-14
      vertex   8.172909e+00 1.318653e+01 1.500000e+00
      vertex   8.381966e+00 1.282443e+01 7.850754e-14
    endloop
  endfacet
  facet normal 8.660254e-01 5.000000e-01 -3.552714e-15
    outer loop
      vertex   8.381966e+00 1.282443e+01 7.850754e-14
      vertex   8.172909e+00 1.318653e+01 1.500000e+00
      vertex   8.381966e+00 1.282443e+01 1.500000e+00
    endloop
  endfacet
  facet normal 7.431448e-01 6.691306e-01 -4.754459e-15
    outer loop
      vertex   8.381966e+00 1.282443e+01 7.850754e-14
      vertex   8.381966e+00 1.282443e+01 1.500000e+00
      vertex   8.661739e+00 1.251371e+01 7.850754e-14
    endloop
  endfacet
  facet normal 7.431448e-01 6.691306e-01 -4.754459e-15
    outer loop
      vertex   8.661739e+00 1.251371e+01 7.850754e-14
      vertex   8.381966e+00 1.282443e+01 1.500000e+00
      vertex   8.661739e+00 1.251371e+01 1.500000e+00
    endloop
  endfacet
  facet normal 5.877853e-01 8.090170e-01 -5.748411e-15
    outer loop
      vertex   8.661739e+00 1.251371e+01 7.850754e-14
      vertex   8.661739e+00 1.251371e+01 1.500000e+00
      vertex   9.000000e+00 1.226795e+01 7.850754e-14
    endloop
  endfacet
  facet normal 5.877853e-01 8.090170e-01 -5.748411e-15
    outer loop
      vertex   9.000000e+00 1.226795e+01 7.850754e-14
      vertex   8.661739e+00 1.251371e+01 1.500000e+00
      vertex   9.000000e+00 1.226795e+01 1.500000e+00
    endloop
  endfacet
  facet normal 4.067366e-01 9.135455e-01 -6.491131e-15
    outer loop
      vertex   9.000000e+00 1.226795e+01 7.850754e-14
      vertex   9.000000e+00 1.226795e+01 1.500000e+00
      vertex   9.381966e+00 1.209789e+01 7.850754e-14
    endloop
  endfacet
  facet normal 4.067366e-01 9.135455e-01 -6.491131e-15
    outer loop
      vertex   9.381966e+00 1.209789e+01 7.850754e-14
      vertex   9.000000e+00 1.226795e+01 1.500000e+00
      vertex   9.381966e+00 1.209789e+01 1.500000e+00
    endloop
  endfacet
  facet normal 2.079117e-01 9.781476e-01 -6.950157e-15
    outer loop
      vertex   9.381966e+00 1.209789e+01 7.850754e-14
      vertex   9.381966e+00 1.209789e+01 1.500000e+00
      vertex   9.790943e+00 1.201096e+01 7.850754e-14
    endloop
  endfacet
  facet normal 2.079117e-01 9.781476e-01 -6.950157e-15
    outer loop
      vertex   9.790943e+00 1.201096e+01 7.850754e-14
      vertex   9.381966e+00 1.209789e+01 1.500000e+00
      vertex   9.790943e+00 1.201096e+01 1.500000e+00
    endloop
  endfacet
  facet normal 0.000000e+00 1.000000e+00 -7.105427e-15
    outer loop
      vertex   9.790943e+00 1.201096e+01 7.850754e-14
      vertex   9.790943e+00 1.201096e+01 1.500000e+00
      vertex   1.020906e+01 1.201096e+01 7.850754e-14
    endloop
  endfacet
  facet normal 0.000000e+00 1.000000e+00 -7.105427e-15
    outer loop
      vertex   1.020906e+01 1.201096e+01 7.850754e-14
      vertex   9.790943e+00 1.201096e+01 1.500000e+00
      vertex   1.020906e+01 1.201096e+01 1.500000e+00
    endloop
  endfacet
  facet normal -2.079117e-01 9.781476e-01 -6.950157e-15
    outer loop
      vertex   1.020906e+01 1.201096e+01 7.850754e-14
      vertex   1.020906e+01 1.201096e+01 1.500000e+00
      vertex   1.061803e+01 1.209789e+01 7.850754e-14
    endloop
  endfacet
  facet normal -2.079117e-01 9.781476e-01 -6.950157e-15
    outer loop
      vertex   1.061803e+01 1.209789e+01 7.850754e-14
      vertex   1.020906e+01 1.201096e+01 1.500000e+00
      vertex   1.061803e+01 1.209789e+01 1.500000e+00
    endloop
  endfacet
  facet normal -4.067366e-01 9.135455e-01 -6.491131e-15
    outer loop
      vertex   1.061803e+01 1.209789e+01 7.850754e-14
      vertex   1.061803e+01 1.209789e+01 1.500000e+00
      vertex   1.100000e+01 1.226795e+01 7.850754e-14
    endloop
  endfacet
  facet normal -4.067366e-01 9.135455e-01 -6.609640e-15
    outer loop
      vertex   1.100000e+01 1.226795e+01 7.850754e-14
      vertex   1.061803e+01 1.209789e+01 1.500000e+00
      vertex   1.100000e+01 1.226795e+01 1.500000e+00
    endloop
  endfacet
  facet normal -5.877853e-01 8.090170e-01 -5.314325e-15
    outer loop
      vertex   1.100000e+01 1.226795e+01 7.850754e-14
      vertex   1.100000e+01 1.226795e+01 1.500000e+00
      vertex   1.133826e+01 1.251371e+01 7.850754e-14
    endloop
  endfacet
  facet normal -5.877853e-01 8.090170e-01 -5.052334e-15
    outer loop
      vertex   1.133826e+01 1.251371e+01 7.850754e-14
      vertex   1.100000e+01 1.226795e+01 1.500000e+00
      vertex   1.133826e+01 1.251371e+01 1.500000e+00
    endloop
  endfacet
  facet normal -7.431448e-01 6.691306e-01 -3.874399e-15
    outer loop
      vertex   1.133826e+01 1.251371e+01 7.850754e-14
      vertex   1.133826e+01 1.251371e+01 1.500000e+00
      vertex   1.161803e+01 1.282443e+01 7.850754e-14
    endloop
  endfacet
  facet normal -7.431448e-01 6.691306e-01 -4.754459e-15
    outer loop
      vertex   1.161803e+01 1.282443e+01 7.850754e-14
      vertex   1.133826e+01 1.251371e+01 1.500000e+00
      vertex   1.161803e+01 1.282443e+01 1.500000e+00
    endloop
  endfacet
  facet normal -8.660254e-01 5.000000e-01 -3.552714e-15
    outer loop
      vertex   1.161803e+01 1.282443e+01 7.850754e-14
      vertex   1.161803e+01 1.282443e+01 1.500000e+00
      vertex   1.182709e+01 1.318653e+01 7.850754e-14
    endloop
  endfacet
  facet normal -8.660254e-01 5.000000e-01 -3.552714e-15
    outer loop
      vertex   1.182709e+01 1.318653e+01 7.850754e-14
      vertex   1.161803e+01 1.282443e+01 1.500000e+00
      vertex   1.182709e+01 1.318653e+01 1.500000e+00
    endloop
  endfacet
  facet normal -9.510565e-01 3.090170e-01 -2.195698e-15
    outer loop
      vertex   1.182709e+01 1.318653e+01 7.850754e-14
      vertex   1.182709e+01 1.318653e+01 1.500000e+00
      vertex   1.195630e+01 1.358418e+01 7.850754e-14
    endloop
  endfacet
  facet normal -9.510565e-01 3.090170e-01 -2.561647e-15
    outer loop
      vertex   1.195630e+01 1.358418e+01 7.850754e-14
      vertex   1.182709e+01 1.318653e+01 1.500000e+00
      vertex   1.195630e+01 1.358418e+01 1.500000e+00
    endloop
  endfacet
  facet normal -9.945219e-01 1.045285e-01 -8.665060e-16
    outer loop
      vertex   1.195630e+01 1.358418e+01 7.850754e-14
      vertex   1.195630e+01 1.358418e+01 1.500000e+00
      vertex   1.200000e+01 1.400000e+01 0.000000e+00
    endloop
  endfacet
  facet normal -9.945219e-01 1.045285e-01 -7.427194e-16
    outer loop
      vertex   1.200000e+01 1.400000e+01 0.000000e+00
      vertex   1.195630e+01 1.358418e+01 1.500000e+00
      vertex   1.200000e+01 1.400000e+01 1.500000e+00
    endloop
  endfacet
  facet normal 9.945219e-01 -1.045285e-01 1.237866e-15
    outer loop
      vertex   8.000000e+00 2.900000e+01 1.500000e+00
      vertex   8.000000e+00 2.900000e+01 0.000000e+00
      vertex   8.043705e+00 2.941582e+01 1.500000e+00
    endloop
  endfacet
  facet normal 9.945219e-01 -1.045285e-01 1.237866e-15
    outer loop
      vertex   8.043705e+00 2.941582e+01 1.500000e+00
      vertex   8.000000e+00 2.900000e+01 0.000000e+00
      vertex   8.043705e+00 2.941582e+01 -3.115246e-14
    endloop
  endfacet
  facet normal 9.510565e-01 -3.090170e-01 3.659496e-15
    outer loop
      vertex   8.043705e+00 2.941582e+01 1.500000e+00
      vertex   8.043705e+00 2.941582e+01 -3.115246e-14
      vertex   8.172909e+00 2.981347e+01 1.500000e+00
    endloop
  endfacet
  facet normal 9.510565e-01 -3.090170e-01 2.927597e-15
    outer loop
      vertex   8.172909e+00 2.981347e+01 1.500000e+00
      vertex   8.043705e+00 2.941582e+01 -3.115246e-14
      vertex   8.172909e+00 2.981347e+01 -3.115246e-14
    endloop
  endfacet
  facet normal 8.660254e-01 -5.000000e-01 4.736952e-15
    outer loop
      vertex   8.172909e+00 2.981347e+01 1.500000e+00
      vertex   8.172909e+00 2.981347e+01 -3.115246e-14
      vertex   8.381966e+00 3.017557e+01 1.500000e+00
    endloop
  endfacet
  facet normal 8.660254e-01 -5.000000e-01 4.736952e-15
    outer loop
      vertex   8.381966e+00 3.017557e+01 1.500000e+00
      vertex   8.172909e+00 2.981347e+01 -3.115246e-14
      vertex   8.381966e+00 3.017557e+01 -3.115246e-14
    endloop
  endfacet
  facet normal 7.431448e-01 -6.691306e-01 6.339279e-15
    outer loop
      vertex   8.381966e+00 3.017557e+01 1.500000e+00
      vertex   8.381966e+00 3.017557e+01 -3.115246e-14
      vertex   8.661739e+00 3.048629e+01 1.500000e+00
    endloop
  endfacet
  facet normal 7.431448e-01 -6.691306e-01 6.339279e-15
    outer loop
      vertex   8.661739e+00 3.048629e+01 1.500000e+00
      vertex   8.381966e+00 3.017557e+01 -3.115246e-14
      vertex   8.661739e+00 3.048629e+01 -3.115246e-14
    endloop
  endfacet
  facet normal 5.877853e-01 -8.090170e-01 7.664549e-15
    outer loop
      vertex   8.661739e+00 3.048629e+01 1.500000e+00
      vertex   8.661739e+00 3.048629e+01 -3.115246e-14
      vertex   9.000000e+00 3.073205e+01 1.500000e+00
    endloop
  endfacet
  facet normal 5.877853e-01 -8.090170e-01 7.664549e-15
    outer loop
      vertex   9.000000e+00 3.073205e+01 1.500000e+00
      vertex   8.661739e+00 3.048629e+01 -3.115246e-14
      vertex   9.000000e+00 3.073205e+01 -3.115246e-14
    endloop
  endfacet
  facet normal 4.067366e-01 -9.135455e-01 8.654841e-15
    outer loop
      vertex   9.000000e+00 3.073205e+01 1.500000e+00
      vertex   9.000000e+00 3.073205e+01 -3.115246e-14
      vertex   9.381966e+00 3.090211e+01 1.500000e+00
    endloop
  endfacet
  facet normal 4.067366e-01 -9.135455e-01 8.654841e-15
    outer loop
      vertex   9.381966e+00 3.090211e+01 1.500000e+00
      vertex   9.000000e+00 3.073205e+01 -3.115246e-14
      vertex   9.381966e+00 3.090211e+01 -3.115246e-14
    endloop
  endfacet
  facet normal 2.079117e-01 -9.781476e-01 9.266876e-15
    outer loop
      vertex   9.381966e+00 3.090211e+01 1.500000e+00
      vertex   9.381966e+00 3.090211e+01 -3.115246e-14
      vertex   9.790943e+00 3.098904e+01 1.500000e+00
    endloop
  endfacet
  facet normal 2.079117e-01 -9.781476e-01 1.158359e-14
    outer loop
      vertex   9.790943e+00 3.098904e+01 1.500000e+00
      vertex   9.381966e+00 3.090211e+01 -3.115246e-14
      vertex   9.790943e+00 3.098904e+01 -3.115246e-14
    endloop
  endfacet
  facet normal 0.000000e+00 -1.000000e+00 1.184238e-14
    outer loop
      vertex   9.790943e+00 3.098904e+01 1.500000e+00
      vertex   9.790943e+00 3.098904e+01 -3.115246e-14
      vertex   1.020906e+01 3.098904e+01 1.500000e+00
    endloop
  endfacet
  facet normal 0.000000e+00 -1.000000e+00 1.184238e-14
    outer loop
      vertex   1.020906e+01 3.098904e+01 1.500000e+00
      vertex   9.790943e+00 3.098904e+01 -3.115246e-14
      vertex   1.020906e+01 3.098904e+01 -3.115246e-14
    endloop
  endfacet
  facet normal -2.079117e-01 -9.781476e-01 1.158359e-14
    outer loop
      vertex   1.020906e+01 3.098904e+01 1.500000e+00
      vertex   1.020906e+01 3.098904e+01 -3.115246e-14
      vertex   1.061803e+01 3.090211e+01 1.500000e+00
    endloop
  endfacet
  facet normal -2.079117e-01 -9.781476e-01 9.266876e-15
    outer loop
      vertex   1.061803e+01 3.090211e+01 1.500000e+00
      vertex   1.020906e+01 3.098904e+01 -3.115246e-14
      vertex   1.061803e+01 3.090211e+01 -3.115246e-14
    endloop
  endfacet
  facet normal -4.067366e-01 -9.135455e-01 8.654841e-15
    outer loop
      vertex   1.061803e+01 3.090211e+01 1.500000e+00
      vertex   1.061803e+01 3.090211e+01 -3.115246e-14
      vertex   1.100000e+01 3.073205e+01 1.500000e+00
    endloop
  endfacet
  facet normal -4.067366e-01 -9.135455e-01 7.691495e-15
    outer loop
      vertex   1.100000e+01 3.073205e+01 1.500000e+00
      vertex   1.061803e+01 3.090211e+01 -3.115246e-14
      vertex   1.100000e+01 3.073205e+01 -3.115246e-14
    endloop
  endfacet
  facet normal -5.877853e-01 -8.090170e-01 6.272394e-15
    outer loop
      vertex   1.100000e+01 3.073205e+01 1.500000e+00
      vertex   1.100000e+01 3.073205e+01 -3.115246e-14
      vertex   1.133826e+01 3.048629e+01 1.500000e+00
    endloop
  endfacet
  facet normal -5.877853e-01 -8.090170e-01 8.884608e-15
    outer loop
      vertex   1.133826e+01 3.048629e+01 1.500000e+00
      vertex   1.100000e+01 3.073205e+01 -3.115246e-14
      vertex   1.133826e+01 3.048629e+01 -3.115246e-14
    endloop
  endfacet
  facet normal -7.431448e-01 -6.691306e-01 7.044038e-15
    outer loop
      vertex   1.133826e+01 3.048629e+01 1.500000e+00
      vertex   1.133826e+01 3.048629e+01 -3.115246e-14
      vertex   1.161803e+01 3.017557e+01 1.500000e+00
    endloop
  endfacet
  facet normal -7.431448e-01 -6.691306e-01 6.339279e-15
    outer loop
      vertex   1.161803e+01 3.017557e+01 1.500000e+00
      vertex   1.133826e+01 3.048629e+01 -3.115246e-14
      vertex   1.161803e+01 3.017557e+01 -3.115246e-14
    endloop
  endfacet
  facet normal -8.660254e-01 -5.000000e-01 4.736952e-15
    outer loop
      vertex   1.161803e+01 3.017557e+01 1.500000e+00
      vertex   1.161803e+01 3.017557e+01 -3.115246e-14
      vertex   1.182709e+01 2.981347e+01 1.500000e+00
    endloop
  endfacet
  facet normal -8.660254e-01 -5.000000e-01 4.736952e-15
    outer loop
      vertex   1.182709e+01 2.981347e+01 1.500000e+00
      vertex   1.161803e+01 3.017557e+01 -3.115246e-14
      vertex   1.182709e+01 2.981347e+01 -3.115246e-14
    endloop
  endfacet
  facet normal -9.510565e-01 -3.090170e-01 2.927597e-15
    outer loop
      vertex   1.182709e+01 2.981347e+01 1.500000e+00
      vertex   1.182709e+01 2.981347e+01 -3.115246e-14
      vertex   1.195630e+01 2.941582e+01 1.500000e+00
    endloop
  endfacet
  facet normal -9.510565e-01 -3.090170e-01 3.659496e-15
    outer loop
      vertex   1.195630e+01 2.941582e+01 1.500000e+00
      vertex   1.182709e+01 2.981347e+01 -3.115246e-14
      vertex   1.195630e+01 2.941582e+01 -3.115246e-14
    endloop
  endfacet
  facet normal -9.945219e-01 -1.045285e-01 1.237866e-15
    outer loop
      vertex   1.195630e+01 2.941582e+01 1.500000e+00
      vertex   1.195630e+01 2.941582e+01 -3.115246e-14
      vertex   1.200000e+01 2.900000e+01 1.500000e+00
    endloop
  endfacet
  facet normal -9.945219e-01 -1.045285e-01 1.237866e-15
    outer loop
      vertex   1.200000e+01 2.900000e+01 1.500000e+00
      vertex   1.195630e+01 2.941582e+01 -3.115246e-14
      vertex   1.200000e+01 2.900000e+01 0.000000e+00
    endloop
  endfacet
  facet normal 1.000000e+00 0.000000e+00 -0.000000e+00
    outer loop
      vertex   5.000000e+00 4.400000e+01 4.000000e+00
      vertex   5.000000e+00 4.400000e+01 9.000000e+00
      vertex   5.000000e+00 4.200000e+01 4.000000e+00
    endloop
  endfacet
  facet normal 1.000000e+00 0.000000e+00 0.000000e+00
    outer loop
      vertex   5.000000e+00 4.200000e+01 4.000000e+00
      vertex   5.000000e+00 4.400000e+01 9.000000e+00
      vertex   5.000000e+00 4.200000e+01 9.000000e+00
    endloop
  endfacet
  facet normal 1.000000e+00 0.000000e+00 1.952040e-16
    outer loop
      vertex   4.000000e+00 3.900000e+01 1.000000e+01
      vertex   4.000000e+00 3.900000e+01 1.455000e+01
      vertex   4.000000e+00 1.000000e+00 1.000000e+01
    endloop
  endfacet
  facet normal 1.000000e+00 0.000000e+00 1.952040e-16
    outer loop
      vertex   4.000000e+00 1.000000e+00 1.000000e+01
      vertex   4.000000e+00 3.900000e+01 1.455000e+01
      vertex   4.000000e+00 1.000000e+00 1.455000e+01
    endloop
  endfacet
  facet normal -1.000000e+00 0.000000e+00 0.000000e+00
    outer loop
      vertex   1.200000e+01 1.400000e+01 0.000000e+00
      vertex   1.200000e+01 1.400000e+01 1.500000e+00
      vertex   1.200000e+01 2.900000e+01 0.000000e+00
    endloop
  endfacet
  facet normal -1.000000e+00 0.000000e+00 0.000000e+00
    outer loop
      vertex   1.200000e+01 2.900000e+01 0.000000e+00
      vertex   1.200000e+01 1.400000e+01 1.500000e+00
      vertex   1.200000e+01 2.900000e+01 1.500000e+00
    endloop
  endfacet
  facet normal 1.000000e+00 0.000000e+00 -0.000000e+00
    outer loop
      vertex   8.000000e+00 2.900000e+01 0.000000e+00
      vertex   8.000000e+00 2.900000e+01 1.500000e+00
      vertex   8.000000e+00 1.400000e+01 0.000000e+00
    endloop
  endfacet
  facet normal 1.000000e+00 0.000000e+00 0.000000e+00
    outer loop
      vertex   8.000000e+00 1.400000e+01 0.000000e+00
      vertex   8.000000e+00 2.900000e+01 1.500000e+00
      vertex   8.000000e+00 1.400000e+01 1.500000e+00
    endloop
  endfacet
endsolid
